::group::Bent initialize run directory
Copied asset foo to current directory
Copied asset memprofile to current directory
Copied asset cpuprofile to current directory
Copied asset testjson to current directory
Copied asset tmpclr to current directory
Copied asset benchtime to current directory
Copied asset benchsize to current directory
Copied asset benchdwarf to current directory
Copied asset cronjob.sh to current directory
Copied asset cmpjob.sh to current directory
Copied asset cmpcl.sh to current directory
Copied asset cmpcl-phase.sh to current directory
Copied asset tweet-results to current directory
Copied asset benchmarks-all.toml to current directory
Copied asset benchmarks-100.toml to current directory
Copied asset benchmarks-gc.toml to current directory
Copied asset benchmarks-gcplus.toml to current directory
Copied asset benchmarks-trial.toml to current directory
Copied asset configurations-sample.toml to current directory
Copied asset configurations-gollvm.toml to current directory
Copied asset configurations-cronjob.toml to current directory
Copied asset configurations-cmpjob.toml to current directory
Copied asset configurations-pgo.toml to current directory
Copied asset configurations-random.toml to current directory
Copied asset suites.toml to current directory
Copied asset configurations-llgo-size.toml to current directory
Copied asset benchmarks-llgo-size.toml to current directory
Copied asset configurations-llgo-performance.toml to current directory
Copied asset benchmarks-llgo-performance.toml to current directory
Copied asset configurations-llgo-compatibility.toml to current directory
Copied asset benchmarks-llgo-compatibility.toml to current directory
Created Dockerfile
[timing] Bent initialize run directory | real=0:00.00 user=0.00 sys=0.00 maxrss=6948KB
::endgroup::
::group::Bent dependency acquisition and six-configuration build
(cd /home/runner/work/benchmarks/benchmarks/.ci/bent-run/build/toml; cat <<EOF > go.mod
module build

go 1.25

EOF)
(cd /home/runner/work/benchmarks/benchmarks/.ci/bent-run/build/toml; LLGO_BUILD_TIMEOUT_SECONDS=1200 LLGO_COMMITTED_AT=2026-09-22T18:14:35+08:00 LLGO_BUILD_GO_VERSION=1.27.0 LLGO_BIN=/home/runner/work/benchmarks/benchmarks/ci/llgo-size/bin/llgo-build-timeout BENT_TIMING_LOG=/home/runner/work/benchmarks/benchmarks/.ci/bent-run/download-timings.log GOROOT_1_25_X64=/opt/hostedtoolcache/go/1.25.14/x64 LLGO_MAIN_INDEX=1686 LLGO_BUILD_KILL_GRACE_SECONDS=30 LLGO_COMMIT=71cd3baf1d4859c36f88a2ae68d271bb711d7c6a GOROOT=/opt/hostedtoolcache/go/1.26.2/x64 GO_VERSION=1.26.2 LLGO_REPOSITORY=xgo-dev/llgo GOROOT_1_24_X64=/opt/hostedtoolcache/go/1.24.13/x64 GOROOT_1_26_X64=/opt/hostedtoolcache/go/1.26.8/x64 BENT_REAL_GO=/opt/hostedtoolcache/go/1.26.2/x64/bin/go LLGO_ROOT=/home/runner/work/benchmarks/benchmarks/.ci/llgo LLGO_REAL_BIN=/home/runner/work/benchmarks/benchmarks/.ci/llgo/llgo LLGO_LTO_PLUGIN=/home/runner/work/benchmarks/benchmarks/.ci/llgo/ltoplugin/build/LLGOLTOPlugin.so GOPATH=/home/runner/work/benchmarks/benchmarks/.ci/bent-run/gopath GOOS=linux GOARCH=amd64 GO111MODULE=auto ROOT=/home/runner/work/benchmarks/benchmarks/.ci/bent-run go get -t -v github.com/BurntSushi/toml@v1.6.0 )
(cd /home/runner/work/benchmarks/benchmarks/.ci/bent-run/build/aws_restjson_v1; cat <<EOF > go.mod
module build

go 1.25

EOF)
(cd /home/runner/work/benchmarks/benchmarks/.ci/bent-run/build/aws_restjson_v1; LLGO_BUILD_TIMEOUT_SECONDS=1200 LLGO_COMMITTED_AT=2026-09-22T18:14:35+08:00 LLGO_BUILD_GO_VERSION=1.27.0 LLGO_BIN=/home/runner/work/benchmarks/benchmarks/ci/llgo-size/bin/llgo-build-timeout BENT_TIMING_LOG=/home/runner/work/benchmarks/benchmarks/.ci/bent-run/download-timings.log GOROOT_1_25_X64=/opt/hostedtoolcache/go/1.25.14/x64 LLGO_MAIN_INDEX=1686 LLGO_BUILD_KILL_GRACE_SECONDS=30 LLGO_COMMIT=71cd3baf1d4859c36f88a2ae68d271bb711d7c6a GOROOT=/opt/hostedtoolcache/go/1.26.2/x64 GO_VERSION=1.26.2 LLGO_REPOSITORY=xgo-dev/llgo GOROOT_1_24_X64=/opt/hostedtoolcache/go/1.24.13/x64 GOROOT_1_26_X64=/opt/hostedtoolcache/go/1.26.8/x64 BENT_REAL_GO=/opt/hostedtoolcache/go/1.26.2/x64/bin/go LLGO_ROOT=/home/runner/work/benchmarks/benchmarks/.ci/llgo LLGO_REAL_BIN=/home/runner/work/benchmarks/benchmarks/.ci/llgo/llgo LLGO_LTO_PLUGIN=/home/runner/work/benchmarks/benchmarks/.ci/llgo/ltoplugin/build/LLGOLTOPlugin.so GOPATH=/home/runner/work/benchmarks/benchmarks/.ci/bent-run/gopath GOOS=linux GOARCH=amd64 GO111MODULE=auto ROOT=/home/runner/work/benchmarks/benchmarks/.ci/bent-run go get -t -v github.com/aws/aws-sdk-go/private/protocol/restjson@v1.41.1 )
(cd /home/runner/work/benchmarks/benchmarks/.ci/bent-run/build/dustin_humanize; cat <<EOF > go.mod
module build

go 1.25

EOF)
(cd /home/runner/work/benchmarks/benchmarks/.ci/bent-run/build/dustin_humanize; LLGO_BUILD_TIMEOUT_SECONDS=1200 LLGO_COMMITTED_AT=2026-09-22T18:14:35+08:00 LLGO_BUILD_GO_VERSION=1.27.0 LLGO_BIN=/home/runner/work/benchmarks/benchmarks/ci/llgo-size/bin/llgo-build-timeout BENT_TIMING_LOG=/home/runner/work/benchmarks/benchmarks/.ci/bent-run/download-timings.log GOROOT_1_25_X64=/opt/hostedtoolcache/go/1.25.14/x64 LLGO_MAIN_INDEX=1686 LLGO_BUILD_KILL_GRACE_SECONDS=30 LLGO_COMMIT=71cd3baf1d4859c36f88a2ae68d271bb711d7c6a GOROOT=/opt/hostedtoolcache/go/1.26.2/x64 GO_VERSION=1.26.2 LLGO_REPOSITORY=xgo-dev/llgo GOROOT_1_24_X64=/opt/hostedtoolcache/go/1.24.13/x64 GOROOT_1_26_X64=/opt/hostedtoolcache/go/1.26.8/x64 BENT_REAL_GO=/opt/hostedtoolcache/go/1.26.2/x64/bin/go LLGO_ROOT=/home/runner/work/benchmarks/benchmarks/.ci/llgo LLGO_REAL_BIN=/home/runner/work/benchmarks/benchmarks/.ci/llgo/llgo LLGO_LTO_PLUGIN=/home/runner/work/benchmarks/benchmarks/.ci/llgo/ltoplugin/build/LLGOLTOPlugin.so GOPATH=/home/runner/work/benchmarks/benchmarks/.ci/bent-run/gopath GOOS=linux GOARCH=amd64 GO111MODULE=auto ROOT=/home/runner/work/benchmarks/benchmarks/.ci/bent-run go get -t -v github.com/dustin/go-humanize@v1.0.1 )
(cd /home/runner/work/benchmarks/benchmarks/.ci/bent-run/build/k8s_workqueue; cat <<EOF > go.mod
module build

go 1.25

EOF)
(cd /home/runner/work/benchmarks/benchmarks/.ci/bent-run/build/k8s_workqueue; LLGO_BUILD_TIMEOUT_SECONDS=1200 LLGO_COMMITTED_AT=2026-09-22T18:14:35+08:00 LLGO_BUILD_GO_VERSION=1.27.0 LLGO_BIN=/home/runner/work/benchmarks/benchmarks/ci/llgo-size/bin/llgo-build-timeout BENT_TIMING_LOG=/home/runner/work/benchmarks/benchmarks/.ci/bent-run/download-timings.log GOROOT_1_25_X64=/opt/hostedtoolcache/go/1.25.14/x64 LLGO_MAIN_INDEX=1686 LLGO_BUILD_KILL_GRACE_SECONDS=30 LLGO_COMMIT=71cd3baf1d4859c36f88a2ae68d271bb711d7c6a GOROOT=/opt/hostedtoolcache/go/1.26.2/x64 GO_VERSION=1.26.2 LLGO_REPOSITORY=xgo-dev/llgo GOROOT_1_24_X64=/opt/hostedtoolcache/go/1.24.13/x64 GOROOT_1_26_X64=/opt/hostedtoolcache/go/1.26.8/x64 BENT_REAL_GO=/opt/hostedtoolcache/go/1.26.2/x64/bin/go LLGO_ROOT=/home/runner/work/benchmarks/benchmarks/.ci/llgo LLGO_REAL_BIN=/home/runner/work/benchmarks/benchmarks/.ci/llgo/llgo LLGO_LTO_PLUGIN=/home/runner/work/benchmarks/benchmarks/.ci/llgo/ltoplugin/build/LLGOLTOPlugin.so GOPATH=/home/runner/work/benchmarks/benchmarks/.ci/bent-run/gopath GOOS=linux GOARCH=amd64 GO111MODULE=auto ROOT=/home/runner/work/benchmarks/benchmarks/.ci/bent-run go get -t -v k8s.io/client-go/util/workqueue@v0.36.2 )
(cd /home/runner/work/benchmarks/benchmarks/.ci/bent-run/build/uber_zap; cat <<EOF > go.mod
module build

go 1.25

EOF)
(cd /home/runner/work/benchmarks/benchmarks/.ci/bent-run/build/uber_zap; LLGO_BUILD_TIMEOUT_SECONDS=1200 LLGO_COMMITTED_AT=2026-09-22T18:14:35+08:00 LLGO_BUILD_GO_VERSION=1.27.0 LLGO_BIN=/home/runner/work/benchmarks/benchmarks/ci/llgo-size/bin/llgo-build-timeout BENT_TIMING_LOG=/home/runner/work/benchmarks/benchmarks/.ci/bent-run/download-timings.log GOROOT_1_25_X64=/opt/hostedtoolcache/go/1.25.14/x64 LLGO_MAIN_INDEX=1686 LLGO_BUILD_KILL_GRACE_SECONDS=30 LLGO_COMMIT=71cd3baf1d4859c36f88a2ae68d271bb711d7c6a GOROOT=/opt/hostedtoolcache/go/1.26.2/x64 GO_VERSION=1.26.2 LLGO_REPOSITORY=xgo-dev/llgo GOROOT_1_24_X64=/opt/hostedtoolcache/go/1.24.13/x64 GOROOT_1_26_X64=/opt/hostedtoolcache/go/1.26.8/x64 BENT_REAL_GO=/opt/hostedtoolcache/go/1.26.2/x64/bin/go LLGO_ROOT=/home/runner/work/benchmarks/benchmarks/.ci/llgo LLGO_REAL_BIN=/home/runner/work/benchmarks/benchmarks/.ci/llgo/llgo LLGO_LTO_PLUGIN=/home/runner/work/benchmarks/benchmarks/.ci/llgo/ltoplugin/build/LLGOLTOPlugin.so GOPATH=/home/runner/work/benchmarks/benchmarks/.ci/bent-run/gopath GOOS=linux GOARCH=amd64 GO111MODULE=auto ROOT=/home/runner/work/benchmarks/benchmarks/.ci/bent-run go get -t -v go.uber.org/zap/zapcore@v1.27.0 )
(cd /home/runner/work/benchmarks/benchmarks/.ci/bent-run/build/gorm_schema; cat <<EOF > go.mod
module build

go 1.25

EOF)
(cd /home/runner/work/benchmarks/benchmarks/.ci/bent-run/build/gorm_schema; LLGO_BUILD_TIMEOUT_SECONDS=1200 LLGO_COMMITTED_AT=2026-09-22T18:14:35+08:00 LLGO_BUILD_GO_VERSION=1.27.0 LLGO_BIN=/home/runner/work/benchmarks/benchmarks/ci/llgo-size/bin/llgo-build-timeout BENT_TIMING_LOG=/home/runner/work/benchmarks/benchmarks/.ci/bent-run/download-timings.log GOROOT_1_25_X64=/opt/hostedtoolcache/go/1.25.14/x64 LLGO_MAIN_INDEX=1686 LLGO_BUILD_KILL_GRACE_SECONDS=30 LLGO_COMMIT=71cd3baf1d4859c36f88a2ae68d271bb711d7c6a GOROOT=/opt/hostedtoolcache/go/1.26.2/x64 GO_VERSION=1.26.2 LLGO_REPOSITORY=xgo-dev/llgo GOROOT_1_24_X64=/opt/hostedtoolcache/go/1.24.13/x64 GOROOT_1_26_X64=/opt/hostedtoolcache/go/1.26.8/x64 BENT_REAL_GO=/opt/hostedtoolcache/go/1.26.2/x64/bin/go LLGO_ROOT=/home/runner/work/benchmarks/benchmarks/.ci/llgo LLGO_REAL_BIN=/home/runner/work/benchmarks/benchmarks/.ci/llgo/llgo LLGO_LTO_PLUGIN=/home/runner/work/benchmarks/benchmarks/.ci/llgo/ltoplugin/build/LLGOLTOPlugin.so GOPATH=/home/runner/work/benchmarks/benchmarks/.ci/bent-run/gopath GOOS=linux GOARCH=amd64 GO111MODULE=auto ROOT=/home/runner/work/benchmarks/benchmarks/.ci/bent-run go get -t -v gorm.io/gorm/schema@v1.31.2 )
(cd /home/runner/work/benchmarks/benchmarks/.ci/bent-run/build/etcdctl; cat <<EOF > go.mod
module build

go 1.25

EOF)
(cd /home/runner/work/benchmarks/benchmarks/.ci/bent-run/build/etcdctl; LLGO_BUILD_TIMEOUT_SECONDS=1200 LLGO_COMMITTED_AT=2026-09-22T18:14:35+08:00 LLGO_BUILD_GO_VERSION=1.27.0 LLGO_BIN=/home/runner/work/benchmarks/benchmarks/ci/llgo-size/bin/llgo-build-timeout BENT_TIMING_LOG=/home/runner/work/benchmarks/benchmarks/.ci/bent-run/download-timings.log GOROOT_1_25_X64=/opt/hostedtoolcache/go/1.25.14/x64 LLGO_MAIN_INDEX=1686 LLGO_BUILD_KILL_GRACE_SECONDS=30 LLGO_COMMIT=71cd3baf1d4859c36f88a2ae68d271bb711d7c6a GOROOT=/opt/hostedtoolcache/go/1.26.2/x64 GO_VERSION=1.26.2 LLGO_REPOSITORY=xgo-dev/llgo GOROOT_1_24_X64=/opt/hostedtoolcache/go/1.24.13/x64 GOROOT_1_26_X64=/opt/hostedtoolcache/go/1.26.8/x64 BENT_REAL_GO=/opt/hostedtoolcache/go/1.26.2/x64/bin/go LLGO_ROOT=/home/runner/work/benchmarks/benchmarks/.ci/llgo LLGO_REAL_BIN=/home/runner/work/benchmarks/benchmarks/.ci/llgo/llgo LLGO_LTO_PLUGIN=/home/runner/work/benchmarks/benchmarks/.ci/llgo/ltoplugin/build/LLGOLTOPlugin.so GOPATH=/home/runner/work/benchmarks/benchmarks/.ci/bent-run/gopath GOOS=linux GOARCH=amd64 GO111MODULE=auto ROOT=/home/runner/work/benchmarks/benchmarks/.ci/bent-run go get -t -v go.etcd.io/etcd/etcdctl/v3@v3.6.14 )
(cd /home/runner/work/benchmarks/benchmarks/.ci/bent-run/build/XGo; cat <<EOF > go.mod
module build

go 1.25

EOF)
(cd /home/runner/work/benchmarks/benchmarks/.ci/bent-run/build/XGo; LLGO_BUILD_TIMEOUT_SECONDS=1200 LLGO_COMMITTED_AT=2026-09-22T18:14:35+08:00 LLGO_BUILD_GO_VERSION=1.27.0 LLGO_BIN=/home/runner/work/benchmarks/benchmarks/ci/llgo-size/bin/llgo-build-timeout BENT_TIMING_LOG=/home/runner/work/benchmarks/benchmarks/.ci/bent-run/download-timings.log GOROOT_1_25_X64=/opt/hostedtoolcache/go/1.25.14/x64 LLGO_MAIN_INDEX=1686 LLGO_BUILD_KILL_GRACE_SECONDS=30 LLGO_COMMIT=71cd3baf1d4859c36f88a2ae68d271bb711d7c6a GOROOT=/opt/hostedtoolcache/go/1.26.2/x64 GO_VERSION=1.26.2 LLGO_REPOSITORY=xgo-dev/llgo GOROOT_1_24_X64=/opt/hostedtoolcache/go/1.24.13/x64 GOROOT_1_26_X64=/opt/hostedtoolcache/go/1.26.8/x64 BENT_REAL_GO=/opt/hostedtoolcache/go/1.26.2/x64/bin/go LLGO_ROOT=/home/runner/work/benchmarks/benchmarks/.ci/llgo LLGO_REAL_BIN=/home/runner/work/benchmarks/benchmarks/.ci/llgo/llgo LLGO_LTO_PLUGIN=/home/runner/work/benchmarks/benchmarks/.ci/llgo/ltoplugin/build/LLGOLTOPlugin.so GOPATH=/home/runner/work/benchmarks/benchmarks/.ci/bent-run/gopath GOOS=linux GOARCH=amd64 GO111MODULE=auto ROOT=/home/runner/work/benchmarks/benchmarks/.ci/bent-run go get -t -v github.com/goplus/xgo/cmd/xgo@v1.7.5 )
(cd /home/runner/work/benchmarks/benchmarks/.ci/bent-run/build/iXGo; cat <<EOF > go.mod
module build

go 1.25

EOF)
(cd /home/runner/work/benchmarks/benchmarks/.ci/bent-run/build/iXGo; LLGO_BUILD_TIMEOUT_SECONDS=1200 LLGO_COMMITTED_AT=2026-09-22T18:14:35+08:00 LLGO_BUILD_GO_VERSION=1.27.0 LLGO_BIN=/home/runner/work/benchmarks/benchmarks/ci/llgo-size/bin/llgo-build-timeout BENT_TIMING_LOG=/home/runner/work/benchmarks/benchmarks/.ci/bent-run/download-timings.log GOROOT_1_25_X64=/opt/hostedtoolcache/go/1.25.14/x64 LLGO_MAIN_INDEX=1686 LLGO_BUILD_KILL_GRACE_SECONDS=30 LLGO_COMMIT=71cd3baf1d4859c36f88a2ae68d271bb711d7c6a GOROOT=/opt/hostedtoolcache/go/1.26.2/x64 GO_VERSION=1.26.2 LLGO_REPOSITORY=xgo-dev/llgo GOROOT_1_24_X64=/opt/hostedtoolcache/go/1.24.13/x64 GOROOT_1_26_X64=/opt/hostedtoolcache/go/1.26.8/x64 BENT_REAL_GO=/opt/hostedtoolcache/go/1.26.2/x64/bin/go LLGO_ROOT=/home/runner/work/benchmarks/benchmarks/.ci/llgo LLGO_REAL_BIN=/home/runner/work/benchmarks/benchmarks/.ci/llgo/llgo LLGO_LTO_PLUGIN=/home/runner/work/benchmarks/benchmarks/.ci/llgo/ltoplugin/build/LLGOLTOPlugin.so GOPATH=/home/runner/work/benchmarks/benchmarks/.ci/bent-run/gopath GOOS=linux GOARCH=amd64 GO111MODULE=auto ROOT=/home/runner/work/benchmarks/benchmarks/.ci/bent-run go get -t -v github.com/goplus/ixgo/cmd/ixgo@v1.1.8 )
rm -rf /home/runner/work/benchmarks/benchmarks/.ci/bent-run/goroots/Go
Copying directory /opt/hostedtoolcache/go/1.26.2/x64/bin to /home/runner/work/benchmarks/benchmarks/.ci/bent-run/goroots/Go/bin, error=<nil>
Copying directory /opt/hostedtoolcache/go/1.26.2/x64/src to /home/runner/work/benchmarks/benchmarks/.ci/bent-run/goroots/Go/src, error=<nil>
Copying directory /opt/hostedtoolcache/go/1.26.2/x64/pkg to /home/runner/work/benchmarks/benchmarks/.ci/bent-run/goroots/Go/pkg, error=<nil>
Prewarming 316 standard-library packages for Go
Prewarming 316 standard-library packages for LLGoNoLTO
Prewarming 316 standard-library packages for LLGoDeadcodeDrop
Prewarming 316 standard-library packages for LLGoFullLTONoGlobalDCE
Prewarming 316 standard-library packages for LLGoFullLTOGlobalDCE
Prewarming 316 standard-library packages for LLGoFullLTOGlobalDCEPlugin
(cd /home/runner/work/benchmarks/benchmarks/.ci/bent-run/build/toml; LLGO_BUILD_TIMEOUT_SECONDS=1200 LLGO_COMMITTED_AT=2026-09-22T18:14:35+08:00 LLGO_BUILD_GO_VERSION=1.27.0 LLGO_BIN=/home/runner/work/benchmarks/benchmarks/ci/llgo-size/bin/llgo-build-timeout BENT_TIMING_LOG=/home/runner/work/benchmarks/benchmarks/.ci/bent-run/download-timings.log GOROOT_1_25_X64=/opt/hostedtoolcache/go/1.25.14/x64 LLGO_MAIN_INDEX=1686 LLGO_BUILD_KILL_GRACE_SECONDS=30 LLGO_COMMIT=71cd3baf1d4859c36f88a2ae68d271bb711d7c6a GO_VERSION=1.26.2 LLGO_REPOSITORY=xgo-dev/llgo GOROOT_1_24_X64=/opt/hostedtoolcache/go/1.24.13/x64 GOROOT_1_26_X64=/opt/hostedtoolcache/go/1.26.8/x64 BENT_REAL_GO=/opt/hostedtoolcache/go/1.26.2/x64/bin/go LLGO_ROOT=/home/runner/work/benchmarks/benchmarks/.ci/llgo LLGO_REAL_BIN=/home/runner/work/benchmarks/benchmarks/.ci/llgo/llgo LLGO_LTO_PLUGIN=/home/runner/work/benchmarks/benchmarks/.ci/llgo/ltoplugin/build/LLGOLTOPlugin.so GOPATH=/home/runner/work/benchmarks/benchmarks/.ci/bent-run/gopath GOOS=linux GOARCH=amd64 GO111MODULE=auto ROOT=/home/runner/work/benchmarks/benchmarks/.ci/bent-run GOROOT=/opt/hostedtoolcache/go/1.26.2/x64/ BENT_BENCH=toml BENT_CONFIG=LLGoFullLTONoGlobalDCE BENT_I=0 GOCACHE=/home/runner/work/benchmarks/benchmarks/.ci/bent-run/build-cache/runs/cache-3190403710/go-build XDG_CACHE_HOME=/home/runner/work/benchmarks/benchmarks/.ci/bent-run/build-cache/runs/cache-3190403710/xdg LocalAppData=/home/runner/work/benchmarks/benchmarks/.ci/bent-run/build-cache/runs/cache-3190403710/local-app-data /home/runner/work/benchmarks/benchmarks/ci/llgo-size/bin/llgo-build-timeout test -c -o /home/runner/work/benchmarks/benchmarks/.ci/bent-run/testbin/toml_LLGoFullLTONoGlobalDCE -lto=full -globaldce=false github.com/BurntSushi/toml )
goarch: amd64
toolchain: LLGoFullLTONoGlobalDCE
BenchmarkToml 1 36499059917 build-real-ns/op 47586783000 build-user-ns/op 1023151000 build-sys-ns/op
toolchain: LLGoFullLTONoGlobalDCE
( LLGO_BUILD_TIMEOUT_SECONDS=1200 LLGO_COMMITTED_AT=2026-09-22T18:14:35+08:00 LLGO_BUILD_GO_VERSION=1.27.0 LLGO_BIN=/home/runner/work/benchmarks/benchmarks/ci/llgo-size/bin/llgo-build-timeout BENT_TIMING_LOG=/home/runner/work/benchmarks/benchmarks/.ci/bent-run/download-timings.log GOROOT_1_25_X64=/opt/hostedtoolcache/go/1.25.14/x64 LLGO_MAIN_INDEX=1686 LLGO_BUILD_KILL_GRACE_SECONDS=30 LLGO_COMMIT=71cd3baf1d4859c36f88a2ae68d271bb711d7c6a GO_VERSION=1.26.2 LLGO_REPOSITORY=xgo-dev/llgo GOROOT_1_24_X64=/opt/hostedtoolcache/go/1.24.13/x64 GOROOT_1_26_X64=/opt/hostedtoolcache/go/1.26.8/x64 BENT_REAL_GO=/opt/hostedtoolcache/go/1.26.2/x64/bin/go LLGO_ROOT=/home/runner/work/benchmarks/benchmarks/.ci/llgo LLGO_REAL_BIN=/home/runner/work/benchmarks/benchmarks/.ci/llgo/llgo LLGO_LTO_PLUGIN=/home/runner/work/benchmarks/benchmarks/.ci/llgo/ltoplugin/build/LLGOLTOPlugin.so GOPATH=/home/runner/work/benchmarks/benchmarks/.ci/bent-run/gopath GOOS=linux GOARCH=amd64 GO111MODULE=auto ROOT=/home/runner/work/benchmarks/benchmarks/.ci/bent-run GOROOT=/opt/hostedtoolcache/go/1.26.2/x64/ BENT_BENCH=toml BENT_CONFIG=LLGoFullLTONoGlobalDCE BENT_I=0 GOCACHE=/home/runner/work/benchmarks/benchmarks/.ci/bent-run/build-cache/runs/cache-3190403710/go-build XDG_CACHE_HOME=/home/runner/work/benchmarks/benchmarks/.ci/bent-run/build-cache/runs/cache-3190403710/xdg LocalAppData=/home/runner/work/benchmarks/benchmarks/.ci/bent-run/build-cache/runs/cache-3190403710/local-app-data /home/runner/work/benchmarks/benchmarks/.ci/bent-run/benchsize /home/runner/work/benchmarks/benchmarks/.ci/bent-run/testbin/toml_LLGoFullLTONoGlobalDCE Toml )
goos: linux
goarch: amd64
pkg:
Unit total-bytes assume=exact
BenchmarkToml 1 5805704 total-bytes
Unit text-bytes assume=exact
BenchmarkToml 1 2147467 text-bytes
Unit data-bytes assume=exact
BenchmarkToml 1 2100096 data-bytes
Unit rodata-bytes assume=exact
BenchmarkToml 1 2010872 rodata-bytes
Unit pclntab-bytes assume=exact
BenchmarkToml 1 0 pclntab-bytes
Unit debug-bytes assume=exact
BenchmarkToml 1 0 debug-bytes

rm -rf /home/runner/work/benchmarks/benchmarks/.ci/bent-run/gopath/bin
(cd /home/runner/work/benchmarks/benchmarks/.ci/bent-run/build/k8s_workqueue; LLGO_BUILD_TIMEOUT_SECONDS=1200 LLGO_COMMITTED_AT=2026-09-22T18:14:35+08:00 LLGO_BUILD_GO_VERSION=1.27.0 LLGO_BIN=/home/runner/work/benchmarks/benchmarks/ci/llgo-size/bin/llgo-build-timeout BENT_TIMING_LOG=/home/runner/work/benchmarks/benchmarks/.ci/bent-run/download-timings.log GOROOT_1_25_X64=/opt/hostedtoolcache/go/1.25.14/x64 LLGO_MAIN_INDEX=1686 LLGO_BUILD_KILL_GRACE_SECONDS=30 LLGO_COMMIT=71cd3baf1d4859c36f88a2ae68d271bb711d7c6a GO_VERSION=1.26.2 LLGO_REPOSITORY=xgo-dev/llgo GOROOT_1_24_X64=/opt/hostedtoolcache/go/1.24.13/x64 GOROOT_1_26_X64=/opt/hostedtoolcache/go/1.26.8/x64 BENT_REAL_GO=/opt/hostedtoolcache/go/1.26.2/x64/bin/go LLGO_ROOT=/home/runner/work/benchmarks/benchmarks/.ci/llgo LLGO_REAL_BIN=/home/runner/work/benchmarks/benchmarks/.ci/llgo/llgo LLGO_LTO_PLUGIN=/home/runner/work/benchmarks/benchmarks/.ci/llgo/ltoplugin/build/LLGOLTOPlugin.so GOPATH=/home/runner/work/benchmarks/benchmarks/.ci/bent-run/gopath GOOS=linux GOARCH=amd64 GO111MODULE=auto ROOT=/home/runner/work/benchmarks/benchmarks/.ci/bent-run GOROOT=/opt/hostedtoolcache/go/1.26.2/x64/ BENT_BENCH=k8s_workqueue BENT_CONFIG=LLGoFullLTOGlobalDCE BENT_I=0 GOCACHE=/home/runner/work/benchmarks/benchmarks/.ci/bent-run/build-cache/runs/cache-2266166854/go-build XDG_CACHE_HOME=/home/runner/work/benchmarks/benchmarks/.ci/bent-run/build-cache/runs/cache-2266166854/xdg LocalAppData=/home/runner/work/benchmarks/benchmarks/.ci/bent-run/build-cache/runs/cache-2266166854/local-app-data /home/runner/work/benchmarks/benchmarks/ci/llgo-size/bin/llgo-build-timeout test -c -o /home/runner/work/benchmarks/benchmarks/.ci/bent-run/testbin/k8s_workqueue_LLGoFullLTOGlobalDCE -lto=full k8s.io/client-go/util/workqueue )
There was an error running "/home/runner/work/benchmarks/benchmarks/ci/llgo-size/bin/llgo-build-timeout test", output = Error: function (k8s.io/apimachinery/pkg/util/sets.Set[any]).New[any]: function has 2 parameters in signature but has 1 after building
# Name: (k8s.io/apimachinery/pkg/util/sets.Set[any]).New[any]
# Synthetic: instance of New
# Location: /home/runner/work/benchmarks/benchmarks/.ci/bent-run/gopath/pkg/mod/k8s.io/apimachinery@v0.36.2/pkg/util/sets/set.go:32:6
func (s Set[any]) New[any](items ...any) Set[any]:
0:                                                                entry P:0 S:0
	t0 = len(items)                                                     int
	t1 = make Set[any] t0                                          Set[any]
	t2 = (Set[any]).Insert(t1, items...)                           Set[any]
	return t1

LLGo build timed out after 1200s (benchmark=k8s_workqueue, configuration=LLGoFullLTOGlobalDCE); terminating process group
 DISABLING build k8s_workqueue/LLGoFullLTOGlobalDCE
rm -rf /home/runner/work/benchmarks/benchmarks/.ci/bent-run/gopath/bin
(cd /home/runner/work/benchmarks/benchmarks/.ci/bent-run/build/toml; LLGO_BUILD_TIMEOUT_SECONDS=1200 LLGO_COMMITTED_AT=2026-09-22T18:14:35+08:00 LLGO_BUILD_GO_VERSION=1.27.0 LLGO_BIN=/home/runner/work/benchmarks/benchmarks/ci/llgo-size/bin/llgo-build-timeout BENT_TIMING_LOG=/home/runner/work/benchmarks/benchmarks/.ci/bent-run/download-timings.log GOROOT_1_25_X64=/opt/hostedtoolcache/go/1.25.14/x64 LLGO_MAIN_INDEX=1686 LLGO_BUILD_KILL_GRACE_SECONDS=30 LLGO_COMMIT=71cd3baf1d4859c36f88a2ae68d271bb711d7c6a GO_VERSION=1.26.2 LLGO_REPOSITORY=xgo-dev/llgo GOROOT_1_24_X64=/opt/hostedtoolcache/go/1.24.13/x64 GOROOT_1_26_X64=/opt/hostedtoolcache/go/1.26.8/x64 BENT_REAL_GO=/opt/hostedtoolcache/go/1.26.2/x64/bin/go LLGO_ROOT=/home/runner/work/benchmarks/benchmarks/.ci/llgo LLGO_REAL_BIN=/home/runner/work/benchmarks/benchmarks/.ci/llgo/llgo LLGO_LTO_PLUGIN=/home/runner/work/benchmarks/benchmarks/.ci/llgo/ltoplugin/build/LLGOLTOPlugin.so GOPATH=/home/runner/work/benchmarks/benchmarks/.ci/bent-run/gopath GOOS=linux GOARCH=amd64 GO111MODULE=auto ROOT=/home/runner/work/benchmarks/benchmarks/.ci/bent-run GOROOT=/opt/hostedtoolcache/go/1.26.2/x64/ BENT_BENCH=toml BENT_CONFIG=LLGoNoLTO BENT_I=0 GOCACHE=/home/runner/work/benchmarks/benchmarks/.ci/bent-run/build-cache/runs/cache-476450956/go-build XDG_CACHE_HOME=/home/runner/work/benchmarks/benchmarks/.ci/bent-run/build-cache/runs/cache-476450956/xdg LocalAppData=/home/runner/work/benchmarks/benchmarks/.ci/bent-run/build-cache/runs/cache-476450956/local-app-data /home/runner/work/benchmarks/benchmarks/ci/llgo-size/bin/llgo-build-timeout test -c -o /home/runner/work/benchmarks/benchmarks/.ci/bent-run/testbin/toml_LLGoNoLTO github.com/BurntSushi/toml )
goarch: amd64
toolchain: LLGoNoLTO
BenchmarkToml 1 9078204196 build-real-ns/op 23303591000 build-user-ns/op 1028197000 build-sys-ns/op
toolchain: LLGoNoLTO
( LLGO_BUILD_TIMEOUT_SECONDS=1200 LLGO_COMMITTED_AT=2026-09-22T18:14:35+08:00 LLGO_BUILD_GO_VERSION=1.27.0 LLGO_BIN=/home/runner/work/benchmarks/benchmarks/ci/llgo-size/bin/llgo-build-timeout BENT_TIMING_LOG=/home/runner/work/benchmarks/benchmarks/.ci/bent-run/download-timings.log GOROOT_1_25_X64=/opt/hostedtoolcache/go/1.25.14/x64 LLGO_MAIN_INDEX=1686 LLGO_BUILD_KILL_GRACE_SECONDS=30 LLGO_COMMIT=71cd3baf1d4859c36f88a2ae68d271bb711d7c6a GO_VERSION=1.26.2 LLGO_REPOSITORY=xgo-dev/llgo GOROOT_1_24_X64=/opt/hostedtoolcache/go/1.24.13/x64 GOROOT_1_26_X64=/opt/hostedtoolcache/go/1.26.8/x64 BENT_REAL_GO=/opt/hostedtoolcache/go/1.26.2/x64/bin/go LLGO_ROOT=/home/runner/work/benchmarks/benchmarks/.ci/llgo LLGO_REAL_BIN=/home/runner/work/benchmarks/benchmarks/.ci/llgo/llgo LLGO_LTO_PLUGIN=/home/runner/work/benchmarks/benchmarks/.ci/llgo/ltoplugin/build/LLGOLTOPlugin.so GOPATH=/home/runner/work/benchmarks/benchmarks/.ci/bent-run/gopath GOOS=linux GOARCH=amd64 GO111MODULE=auto ROOT=/home/runner/work/benchmarks/benchmarks/.ci/bent-run GOROOT=/opt/hostedtoolcache/go/1.26.2/x64/ BENT_BENCH=toml BENT_CONFIG=LLGoNoLTO BENT_I=0 GOCACHE=/home/runner/work/benchmarks/benchmarks/.ci/bent-run/build-cache/runs/cache-476450956/go-build XDG_CACHE_HOME=/home/runner/work/benchmarks/benchmarks/.ci/bent-run/build-cache/runs/cache-476450956/xdg LocalAppData=/home/runner/work/benchmarks/benchmarks/.ci/bent-run/build-cache/runs/cache-476450956/local-app-data /home/runner/work/benchmarks/benchmarks/.ci/bent-run/benchsize /home/runner/work/benchmarks/benchmarks/.ci/bent-run/testbin/toml_LLGoNoLTO Toml )
goos: linux
goarch: amd64
pkg:
Unit total-bytes assume=exact
BenchmarkToml 1 6177568 total-bytes
Unit text-bytes assume=exact
BenchmarkToml 1 2319289 text-bytes
Unit data-bytes assume=exact
BenchmarkToml 1 2110424 data-bytes
Unit rodata-bytes assume=exact
BenchmarkToml 1 1305680 rodata-bytes
Unit pclntab-bytes assume=exact
BenchmarkToml 1 0 pclntab-bytes
Unit debug-bytes assume=exact
BenchmarkToml 1 0 debug-bytes

rm -rf /home/runner/work/benchmarks/benchmarks/.ci/bent-run/gopath/bin
(cd /home/runner/work/benchmarks/benchmarks/.ci/bent-run/build/toml; LLGO_BUILD_TIMEOUT_SECONDS=1200 LLGO_COMMITTED_AT=2026-09-22T18:14:35+08:00 LLGO_BUILD_GO_VERSION=1.27.0 LLGO_BIN=/home/runner/work/benchmarks/benchmarks/ci/llgo-size/bin/llgo-build-timeout BENT_TIMING_LOG=/home/runner/work/benchmarks/benchmarks/.ci/bent-run/download-timings.log GOROOT_1_25_X64=/opt/hostedtoolcache/go/1.25.14/x64 LLGO_MAIN_INDEX=1686 LLGO_BUILD_KILL_GRACE_SECONDS=30 LLGO_COMMIT=71cd3baf1d4859c36f88a2ae68d271bb711d7c6a GO_VERSION=1.26.2 LLGO_REPOSITORY=xgo-dev/llgo GOROOT_1_24_X64=/opt/hostedtoolcache/go/1.24.13/x64 GOROOT_1_26_X64=/opt/hostedtoolcache/go/1.26.8/x64 BENT_REAL_GO=/opt/hostedtoolcache/go/1.26.2/x64/bin/go LLGO_ROOT=/home/runner/work/benchmarks/benchmarks/.ci/llgo LLGO_REAL_BIN=/home/runner/work/benchmarks/benchmarks/.ci/llgo/llgo LLGO_LTO_PLUGIN=/home/runner/work/benchmarks/benchmarks/.ci/llgo/ltoplugin/build/LLGOLTOPlugin.so GOPATH=/home/runner/work/benchmarks/benchmarks/.ci/bent-run/gopath GOOS=linux GOARCH=amd64 GO111MODULE=auto ROOT=/home/runner/work/benchmarks/benchmarks/.ci/bent-run GOROOT=/opt/hostedtoolcache/go/1.26.2/x64/ BENT_BENCH=toml BENT_CONFIG=LLGoFullLTOGlobalDCE BENT_I=0 GOCACHE=/home/runner/work/benchmarks/benchmarks/.ci/bent-run/build-cache/runs/cache-4118979705/go-build XDG_CACHE_HOME=/home/runner/work/benchmarks/benchmarks/.ci/bent-run/build-cache/runs/cache-4118979705/xdg LocalAppData=/home/runner/work/benchmarks/benchmarks/.ci/bent-run/build-cache/runs/cache-4118979705/local-app-data /home/runner/work/benchmarks/benchmarks/ci/llgo-size/bin/llgo-build-timeout test -c -o /home/runner/work/benchmarks/benchmarks/.ci/bent-run/testbin/toml_LLGoFullLTOGlobalDCE -lto=full github.com/BurntSushi/toml )
goarch: amd64
toolchain: LLGoFullLTOGlobalDCE
BenchmarkToml 1 28531135014 build-real-ns/op 39939230000 build-user-ns/op 1030226000 build-sys-ns/op
toolchain: LLGoFullLTOGlobalDCE
( LLGO_BUILD_TIMEOUT_SECONDS=1200 LLGO_COMMITTED_AT=2026-09-22T18:14:35+08:00 LLGO_BUILD_GO_VERSION=1.27.0 LLGO_BIN=/home/runner/work/benchmarks/benchmarks/ci/llgo-size/bin/llgo-build-timeout BENT_TIMING_LOG=/home/runner/work/benchmarks/benchmarks/.ci/bent-run/download-timings.log GOROOT_1_25_X64=/opt/hostedtoolcache/go/1.25.14/x64 LLGO_MAIN_INDEX=1686 LLGO_BUILD_KILL_GRACE_SECONDS=30 LLGO_COMMIT=71cd3baf1d4859c36f88a2ae68d271bb711d7c6a GO_VERSION=1.26.2 LLGO_REPOSITORY=xgo-dev/llgo GOROOT_1_24_X64=/opt/hostedtoolcache/go/1.24.13/x64 GOROOT_1_26_X64=/opt/hostedtoolcache/go/1.26.8/x64 BENT_REAL_GO=/opt/hostedtoolcache/go/1.26.2/x64/bin/go LLGO_ROOT=/home/runner/work/benchmarks/benchmarks/.ci/llgo LLGO_REAL_BIN=/home/runner/work/benchmarks/benchmarks/.ci/llgo/llgo LLGO_LTO_PLUGIN=/home/runner/work/benchmarks/benchmarks/.ci/llgo/ltoplugin/build/LLGOLTOPlugin.so GOPATH=/home/runner/work/benchmarks/benchmarks/.ci/bent-run/gopath GOOS=linux GOARCH=amd64 GO111MODULE=auto ROOT=/home/runner/work/benchmarks/benchmarks/.ci/bent-run GOROOT=/opt/hostedtoolcache/go/1.26.2/x64/ BENT_BENCH=toml BENT_CONFIG=LLGoFullLTOGlobalDCE BENT_I=0 GOCACHE=/home/runner/work/benchmarks/benchmarks/.ci/bent-run/build-cache/runs/cache-4118979705/go-build XDG_CACHE_HOME=/home/runner/work/benchmarks/benchmarks/.ci/bent-run/build-cache/runs/cache-4118979705/xdg LocalAppData=/home/runner/work/benchmarks/benchmarks/.ci/bent-run/build-cache/runs/cache-4118979705/local-app-data /home/runner/work/benchmarks/benchmarks/.ci/bent-run/benchsize /home/runner/work/benchmarks/benchmarks/.ci/bent-run/testbin/toml_LLGoFullLTOGlobalDCE Toml )
goos: linux
goarch: amd64
pkg:
Unit total-bytes assume=exact
BenchmarkToml 1 4927848 total-bytes
Unit text-bytes assume=exact
BenchmarkToml 1 1574397 text-bytes
Unit data-bytes assume=exact
BenchmarkToml 1 2085080 data-bytes
Unit rodata-bytes assume=exact
BenchmarkToml 1 1995984 rodata-bytes
Unit pclntab-bytes assume=exact
BenchmarkToml 1 0 pclntab-bytes
Unit debug-bytes assume=exact
BenchmarkToml 1 0 debug-bytes

rm -rf /home/runner/work/benchmarks/benchmarks/.ci/bent-run/gopath/bin
(cd /home/runner/work/benchmarks/benchmarks/.ci/bent-run/build/etcdctl; LLGO_BUILD_TIMEOUT_SECONDS=1200 LLGO_COMMITTED_AT=2026-09-22T18:14:35+08:00 LLGO_BUILD_GO_VERSION=1.27.0 LLGO_BIN=/home/runner/work/benchmarks/benchmarks/ci/llgo-size/bin/llgo-build-timeout BENT_TIMING_LOG=/home/runner/work/benchmarks/benchmarks/.ci/bent-run/download-timings.log GOROOT_1_25_X64=/opt/hostedtoolcache/go/1.25.14/x64 LLGO_MAIN_INDEX=1686 LLGO_BUILD_KILL_GRACE_SECONDS=30 LLGO_COMMIT=71cd3baf1d4859c36f88a2ae68d271bb711d7c6a GO_VERSION=1.26.2 LLGO_REPOSITORY=xgo-dev/llgo GOROOT_1_24_X64=/opt/hostedtoolcache/go/1.24.13/x64 GOROOT_1_26_X64=/opt/hostedtoolcache/go/1.26.8/x64 BENT_REAL_GO=/opt/hostedtoolcache/go/1.26.2/x64/bin/go LLGO_ROOT=/home/runner/work/benchmarks/benchmarks/.ci/llgo LLGO_REAL_BIN=/home/runner/work/benchmarks/benchmarks/.ci/llgo/llgo LLGO_LTO_PLUGIN=/home/runner/work/benchmarks/benchmarks/.ci/llgo/ltoplugin/build/LLGOLTOPlugin.so GOPATH=/home/runner/work/benchmarks/benchmarks/.ci/bent-run/gopath GOOS=linux GOARCH=amd64 GO111MODULE=auto ROOT=/home/runner/work/benchmarks/benchmarks/.ci/bent-run GOROOT=/opt/hostedtoolcache/go/1.26.2/x64/ BENT_BENCH=etcdctl BENT_CONFIG=LLGoFullLTOGlobalDCE BENT_I=0 GOCACHE=/home/runner/work/benchmarks/benchmarks/.ci/bent-run/build-cache/runs/cache-2270087565/go-build XDG_CACHE_HOME=/home/runner/work/benchmarks/benchmarks/.ci/bent-run/build-cache/runs/cache-2270087565/xdg LocalAppData=/home/runner/work/benchmarks/benchmarks/.ci/bent-run/build-cache/runs/cache-2270087565/local-app-data /home/runner/work/benchmarks/benchmarks/ci/llgo-size/bin/llgo-build-timeout build -o /home/runner/work/benchmarks/benchmarks/.ci/bent-run/testbin/etcdctl_LLGoFullLTOGlobalDCE -lto=full go.etcd.io/etcd/etcdctl/v3 )
goarch: amd64
toolchain: LLGoFullLTOGlobalDCE
BenchmarkEtcdctl 1 156585894575 build-real-ns/op 251932344000 build-user-ns/op 4912830000 build-sys-ns/op
toolchain: LLGoFullLTOGlobalDCE
( LLGO_BUILD_TIMEOUT_SECONDS=1200 LLGO_COMMITTED_AT=2026-09-22T18:14:35+08:00 LLGO_BUILD_GO_VERSION=1.27.0 LLGO_BIN=/home/runner/work/benchmarks/benchmarks/ci/llgo-size/bin/llgo-build-timeout BENT_TIMING_LOG=/home/runner/work/benchmarks/benchmarks/.ci/bent-run/download-timings.log GOROOT_1_25_X64=/opt/hostedtoolcache/go/1.25.14/x64 LLGO_MAIN_INDEX=1686 LLGO_BUILD_KILL_GRACE_SECONDS=30 LLGO_COMMIT=71cd3baf1d4859c36f88a2ae68d271bb711d7c6a GO_VERSION=1.26.2 LLGO_REPOSITORY=xgo-dev/llgo GOROOT_1_24_X64=/opt/hostedtoolcache/go/1.24.13/x64 GOROOT_1_26_X64=/opt/hostedtoolcache/go/1.26.8/x64 BENT_REAL_GO=/opt/hostedtoolcache/go/1.26.2/x64/bin/go LLGO_ROOT=/home/runner/work/benchmarks/benchmarks/.ci/llgo LLGO_REAL_BIN=/home/runner/work/benchmarks/benchmarks/.ci/llgo/llgo LLGO_LTO_PLUGIN=/home/runner/work/benchmarks/benchmarks/.ci/llgo/ltoplugin/build/LLGOLTOPlugin.so GOPATH=/home/runner/work/benchmarks/benchmarks/.ci/bent-run/gopath GOOS=linux GOARCH=amd64 GO111MODULE=auto ROOT=/home/runner/work/benchmarks/benchmarks/.ci/bent-run GOROOT=/opt/hostedtoolcache/go/1.26.2/x64/ BENT_BENCH=etcdctl BENT_CONFIG=LLGoFullLTOGlobalDCE BENT_I=0 GOCACHE=/home/runner/work/benchmarks/benchmarks/.ci/bent-run/build-cache/runs/cache-2270087565/go-build XDG_CACHE_HOME=/home/runner/work/benchmarks/benchmarks/.ci/bent-run/build-cache/runs/cache-2270087565/xdg LocalAppData=/home/runner/work/benchmarks/benchmarks/.ci/bent-run/build-cache/runs/cache-2270087565/local-app-data /home/runner/work/benchmarks/benchmarks/.ci/bent-run/benchsize /home/runner/work/benchmarks/benchmarks/.ci/bent-run/testbin/etcdctl_LLGoFullLTOGlobalDCE Etcdctl )
goos: linux
goarch: amd64
pkg:
Unit total-bytes assume=exact
BenchmarkEtcdctl 1 20611024 total-bytes
Unit text-bytes assume=exact
BenchmarkEtcdctl 1 6785246 text-bytes
Unit data-bytes assume=exact
BenchmarkEtcdctl 1 7547760 data-bytes
Unit rodata-bytes assume=exact
BenchmarkEtcdctl 1 7013808 rodata-bytes
Unit pclntab-bytes assume=exact
BenchmarkEtcdctl 1 0 pclntab-bytes
Unit debug-bytes assume=exact
BenchmarkEtcdctl 1 0 debug-bytes

rm -rf /home/runner/work/benchmarks/benchmarks/.ci/bent-run/gopath/bin
(cd /home/runner/work/benchmarks/benchmarks/.ci/bent-run/build/aws_restjson_v1; LLGO_BUILD_TIMEOUT_SECONDS=1200 LLGO_COMMITTED_AT=2026-09-22T18:14:35+08:00 LLGO_BUILD_GO_VERSION=1.27.0 LLGO_BIN=/home/runner/work/benchmarks/benchmarks/ci/llgo-size/bin/llgo-build-timeout BENT_TIMING_LOG=/home/runner/work/benchmarks/benchmarks/.ci/bent-run/download-timings.log GOROOT_1_25_X64=/opt/hostedtoolcache/go/1.25.14/x64 LLGO_MAIN_INDEX=1686 LLGO_BUILD_KILL_GRACE_SECONDS=30 LLGO_COMMIT=71cd3baf1d4859c36f88a2ae68d271bb711d7c6a GO_VERSION=1.26.2 LLGO_REPOSITORY=xgo-dev/llgo GOROOT_1_24_X64=/opt/hostedtoolcache/go/1.24.13/x64 GOROOT_1_26_X64=/opt/hostedtoolcache/go/1.26.8/x64 BENT_REAL_GO=/opt/hostedtoolcache/go/1.26.2/x64/bin/go LLGO_ROOT=/home/runner/work/benchmarks/benchmarks/.ci/llgo LLGO_REAL_BIN=/home/runner/work/benchmarks/benchmarks/.ci/llgo/llgo LLGO_LTO_PLUGIN=/home/runner/work/benchmarks/benchmarks/.ci/llgo/ltoplugin/build/LLGOLTOPlugin.so GOPATH=/home/runner/work/benchmarks/benchmarks/.ci/bent-run/gopath GOOS=linux GOARCH=amd64 GO111MODULE=auto ROOT=/home/runner/work/benchmarks/benchmarks/.ci/bent-run GOROOT=/opt/hostedtoolcache/go/1.26.2/x64/ BENT_BENCH=aws_restjson BENT_CONFIG=LLGoFullLTOGlobalDCEPlugin BENT_I=0 GOCACHE=/home/runner/work/benchmarks/benchmarks/.ci/bent-run/build-cache/runs/cache-1549009179/go-build XDG_CACHE_HOME=/home/runner/work/benchmarks/benchmarks/.ci/bent-run/build-cache/runs/cache-1549009179/xdg LocalAppData=/home/runner/work/benchmarks/benchmarks/.ci/bent-run/build-cache/runs/cache-1549009179/local-app-data /home/runner/work/benchmarks/benchmarks/ci/llgo-size/bin/llgo-build-timeout test -c -o /home/runner/work/benchmarks/benchmarks/.ci/bent-run/testbin/aws_restjson_v1_LLGoFullLTOGlobalDCEPlugin -lto=full -lto-pass-plugin=/home/runner/work/benchmarks/benchmarks/.ci/llgo/ltoplugin/build/LLGOLTOPlugin.so github.com/aws/aws-sdk-go/private/protocol/restjson )
goarch: amd64
toolchain: LLGoFullLTOGlobalDCEPlugin
BenchmarkAws_restjson 1 86518927820 build-real-ns/op 123907868000 build-user-ns/op 2449627000 build-sys-ns/op
toolchain: LLGoFullLTOGlobalDCEPlugin
( LLGO_BUILD_TIMEOUT_SECONDS=1200 LLGO_COMMITTED_AT=2026-09-22T18:14:35+08:00 LLGO_BUILD_GO_VERSION=1.27.0 LLGO_BIN=/home/runner/work/benchmarks/benchmarks/ci/llgo-size/bin/llgo-build-timeout BENT_TIMING_LOG=/home/runner/work/benchmarks/benchmarks/.ci/bent-run/download-timings.log GOROOT_1_25_X64=/opt/hostedtoolcache/go/1.25.14/x64 LLGO_MAIN_INDEX=1686 LLGO_BUILD_KILL_GRACE_SECONDS=30 LLGO_COMMIT=71cd3baf1d4859c36f88a2ae68d271bb711d7c6a GO_VERSION=1.26.2 LLGO_REPOSITORY=xgo-dev/llgo GOROOT_1_24_X64=/opt/hostedtoolcache/go/1.24.13/x64 GOROOT_1_26_X64=/opt/hostedtoolcache/go/1.26.8/x64 BENT_REAL_GO=/opt/hostedtoolcache/go/1.26.2/x64/bin/go LLGO_ROOT=/home/runner/work/benchmarks/benchmarks/.ci/llgo LLGO_REAL_BIN=/home/runner/work/benchmarks/benchmarks/.ci/llgo/llgo LLGO_LTO_PLUGIN=/home/runner/work/benchmarks/benchmarks/.ci/llgo/ltoplugin/build/LLGOLTOPlugin.so GOPATH=/home/runner/work/benchmarks/benchmarks/.ci/bent-run/gopath GOOS=linux GOARCH=amd64 GO111MODULE=auto ROOT=/home/runner/work/benchmarks/benchmarks/.ci/bent-run GOROOT=/opt/hostedtoolcache/go/1.26.2/x64/ BENT_BENCH=aws_restjson BENT_CONFIG=LLGoFullLTOGlobalDCEPlugin BENT_I=0 GOCACHE=/home/runner/work/benchmarks/benchmarks/.ci/bent-run/build-cache/runs/cache-1549009179/go-build XDG_CACHE_HOME=/home/runner/work/benchmarks/benchmarks/.ci/bent-run/build-cache/runs/cache-1549009179/xdg LocalAppData=/home/runner/work/benchmarks/benchmarks/.ci/bent-run/build-cache/runs/cache-1549009179/local-app-data /home/runner/work/benchmarks/benchmarks/.ci/bent-run/benchsize /home/runner/work/benchmarks/benchmarks/.ci/bent-run/testbin/aws_restjson_v1_LLGoFullLTOGlobalDCEPlugin Aws_restjson )
goos: linux
goarch: amd64
pkg:
Unit total-bytes assume=exact
BenchmarkAws_restjson 1 10282736 total-bytes
Unit text-bytes assume=exact
BenchmarkAws_restjson 1 3632523 text-bytes
Unit data-bytes assume=exact
BenchmarkAws_restjson 1 4026624 data-bytes
Unit rodata-bytes assume=exact
BenchmarkAws_restjson 1 3804632 rodata-bytes
Unit pclntab-bytes assume=exact
BenchmarkAws_restjson 1 0 pclntab-bytes
Unit debug-bytes assume=exact
BenchmarkAws_restjson 1 0 debug-bytes

rm -rf /home/runner/work/benchmarks/benchmarks/.ci/bent-run/gopath/bin
(cd /home/runner/work/benchmarks/benchmarks/.ci/bent-run/build/uber_zap; LLGO_BUILD_TIMEOUT_SECONDS=1200 LLGO_COMMITTED_AT=2026-09-22T18:14:35+08:00 LLGO_BUILD_GO_VERSION=1.27.0 LLGO_BIN=/home/runner/work/benchmarks/benchmarks/ci/llgo-size/bin/llgo-build-timeout BENT_TIMING_LOG=/home/runner/work/benchmarks/benchmarks/.ci/bent-run/download-timings.log GOROOT_1_25_X64=/opt/hostedtoolcache/go/1.25.14/x64 LLGO_MAIN_INDEX=1686 LLGO_BUILD_KILL_GRACE_SECONDS=30 LLGO_COMMIT=71cd3baf1d4859c36f88a2ae68d271bb711d7c6a GO_VERSION=1.26.2 LLGO_REPOSITORY=xgo-dev/llgo GOROOT_1_24_X64=/opt/hostedtoolcache/go/1.24.13/x64 GOROOT_1_26_X64=/opt/hostedtoolcache/go/1.26.8/x64 BENT_REAL_GO=/opt/hostedtoolcache/go/1.26.2/x64/bin/go LLGO_ROOT=/home/runner/work/benchmarks/benchmarks/.ci/llgo LLGO_REAL_BIN=/home/runner/work/benchmarks/benchmarks/.ci/llgo/llgo LLGO_LTO_PLUGIN=/home/runner/work/benchmarks/benchmarks/.ci/llgo/ltoplugin/build/LLGOLTOPlugin.so GOPATH=/home/runner/work/benchmarks/benchmarks/.ci/bent-run/gopath GOOS=linux GOARCH=amd64 GO111MODULE=auto ROOT=/home/runner/work/benchmarks/benchmarks/.ci/bent-run GOROOT=/opt/hostedtoolcache/go/1.26.2/x64/ BENT_BENCH=uber_zap BENT_CONFIG=LLGoDeadcodeDrop BENT_I=0 GOCACHE=/home/runner/work/benchmarks/benchmarks/.ci/bent-run/build-cache/runs/cache-1476040238/go-build XDG_CACHE_HOME=/home/runner/work/benchmarks/benchmarks/.ci/bent-run/build-cache/runs/cache-1476040238/xdg LocalAppData=/home/runner/work/benchmarks/benchmarks/.ci/bent-run/build-cache/runs/cache-1476040238/local-app-data /home/runner/work/benchmarks/benchmarks/ci/llgo-size/bin/llgo-build-timeout test -c -o /home/runner/work/benchmarks/benchmarks/.ci/bent-run/testbin/uber_zap_LLGoDeadcodeDrop -deadcodedrop go.uber.org/zap/zapcore )
goarch: amd64
toolchain: LLGoDeadcodeDrop
BenchmarkUber_zap 1 26049511415 build-real-ns/op 57765476000 build-user-ns/op 1505821000 build-sys-ns/op
toolchain: LLGoDeadcodeDrop
( LLGO_BUILD_TIMEOUT_SECONDS=1200 LLGO_COMMITTED_AT=2026-09-22T18:14:35+08:00 LLGO_BUILD_GO_VERSION=1.27.0 LLGO_BIN=/home/runner/work/benchmarks/benchmarks/ci/llgo-size/bin/llgo-build-timeout BENT_TIMING_LOG=/home/runner/work/benchmarks/benchmarks/.ci/bent-run/download-timings.log GOROOT_1_25_X64=/opt/hostedtoolcache/go/1.25.14/x64 LLGO_MAIN_INDEX=1686 LLGO_BUILD_KILL_GRACE_SECONDS=30 LLGO_COMMIT=71cd3baf1d4859c36f88a2ae68d271bb711d7c6a GO_VERSION=1.26.2 LLGO_REPOSITORY=xgo-dev/llgo GOROOT_1_24_X64=/opt/hostedtoolcache/go/1.24.13/x64 GOROOT_1_26_X64=/opt/hostedtoolcache/go/1.26.8/x64 BENT_REAL_GO=/opt/hostedtoolcache/go/1.26.2/x64/bin/go LLGO_ROOT=/home/runner/work/benchmarks/benchmarks/.ci/llgo LLGO_REAL_BIN=/home/runner/work/benchmarks/benchmarks/.ci/llgo/llgo LLGO_LTO_PLUGIN=/home/runner/work/benchmarks/benchmarks/.ci/llgo/ltoplugin/build/LLGOLTOPlugin.so GOPATH=/home/runner/work/benchmarks/benchmarks/.ci/bent-run/gopath GOOS=linux GOARCH=amd64 GO111MODULE=auto ROOT=/home/runner/work/benchmarks/benchmarks/.ci/bent-run GOROOT=/opt/hostedtoolcache/go/1.26.2/x64/ BENT_BENCH=uber_zap BENT_CONFIG=LLGoDeadcodeDrop BENT_I=0 GOCACHE=/home/runner/work/benchmarks/benchmarks/.ci/bent-run/build-cache/runs/cache-1476040238/go-build XDG_CACHE_HOME=/home/runner/work/benchmarks/benchmarks/.ci/bent-run/build-cache/runs/cache-1476040238/xdg LocalAppData=/home/runner/work/benchmarks/benchmarks/.ci/bent-run/build-cache/runs/cache-1476040238/local-app-data /home/runner/work/benchmarks/benchmarks/.ci/bent-run/benchsize /home/runner/work/benchmarks/benchmarks/.ci/bent-run/testbin/uber_zap_LLGoDeadcodeDrop Uber_zap )
goos: linux
goarch: amd64
pkg:
Unit total-bytes assume=exact
BenchmarkUber_zap 1 9278888 total-bytes
Unit text-bytes assume=exact
BenchmarkUber_zap 1 3119470 text-bytes
Unit data-bytes assume=exact
BenchmarkUber_zap 1 3737800 data-bytes
Unit rodata-bytes assume=exact
BenchmarkUber_zap 1 2161440 rodata-bytes
Unit pclntab-bytes assume=exact
BenchmarkUber_zap 1 0 pclntab-bytes
Unit debug-bytes assume=exact
BenchmarkUber_zap 1 0 debug-bytes

rm -rf /home/runner/work/benchmarks/benchmarks/.ci/bent-run/gopath/bin
(cd /home/runner/work/benchmarks/benchmarks/.ci/bent-run/build/gorm_schema; LLGO_BUILD_TIMEOUT_SECONDS=1200 LLGO_COMMITTED_AT=2026-09-22T18:14:35+08:00 LLGO_BUILD_GO_VERSION=1.27.0 LLGO_BIN=/home/runner/work/benchmarks/benchmarks/ci/llgo-size/bin/llgo-build-timeout BENT_TIMING_LOG=/home/runner/work/benchmarks/benchmarks/.ci/bent-run/download-timings.log GOROOT_1_25_X64=/opt/hostedtoolcache/go/1.25.14/x64 LLGO_MAIN_INDEX=1686 LLGO_BUILD_KILL_GRACE_SECONDS=30 LLGO_COMMIT=71cd3baf1d4859c36f88a2ae68d271bb711d7c6a GO_VERSION=1.26.2 LLGO_REPOSITORY=xgo-dev/llgo GOROOT_1_24_X64=/opt/hostedtoolcache/go/1.24.13/x64 GOROOT_1_26_X64=/opt/hostedtoolcache/go/1.26.8/x64 BENT_REAL_GO=/opt/hostedtoolcache/go/1.26.2/x64/bin/go LLGO_ROOT=/home/runner/work/benchmarks/benchmarks/.ci/llgo LLGO_REAL_BIN=/home/runner/work/benchmarks/benchmarks/.ci/llgo/llgo LLGO_LTO_PLUGIN=/home/runner/work/benchmarks/benchmarks/.ci/llgo/ltoplugin/build/LLGOLTOPlugin.so GOPATH=/home/runner/work/benchmarks/benchmarks/.ci/bent-run/gopath GOOS=linux GOARCH=amd64 GO111MODULE=auto ROOT=/home/runner/work/benchmarks/benchmarks/.ci/bent-run GOROOT=/opt/hostedtoolcache/go/1.26.2/x64/ BENT_BENCH=gorm_schema BENT_CONFIG=LLGoFullLTOGlobalDCEPlugin BENT_I=0 GOCACHE=/home/runner/work/benchmarks/benchmarks/.ci/bent-run/build-cache/runs/cache-3494750664/go-build XDG_CACHE_HOME=/home/runner/work/benchmarks/benchmarks/.ci/bent-run/build-cache/runs/cache-3494750664/xdg LocalAppData=/home/runner/work/benchmarks/benchmarks/.ci/bent-run/build-cache/runs/cache-3494750664/local-app-data /home/runner/work/benchmarks/benchmarks/ci/llgo-size/bin/llgo-build-timeout test -c -o /home/runner/work/benchmarks/benchmarks/.ci/bent-run/testbin/gorm_schema_LLGoFullLTOGlobalDCEPlugin -lto=full -lto-pass-plugin=/home/runner/work/benchmarks/benchmarks/.ci/llgo/ltoplugin/build/LLGOLTOPlugin.so gorm.io/gorm/schema )
goarch: amd64
toolchain: LLGoFullLTOGlobalDCEPlugin
BenchmarkGorm_schema 1 31745211997 build-real-ns/op 51121765000 build-user-ns/op 1308111000 build-sys-ns/op
toolchain: LLGoFullLTOGlobalDCEPlugin
( LLGO_BUILD_TIMEOUT_SECONDS=1200 LLGO_COMMITTED_AT=2026-09-22T18:14:35+08:00 LLGO_BUILD_GO_VERSION=1.27.0 LLGO_BIN=/home/runner/work/benchmarks/benchmarks/ci/llgo-size/bin/llgo-build-timeout BENT_TIMING_LOG=/home/runner/work/benchmarks/benchmarks/.ci/bent-run/download-timings.log GOROOT_1_25_X64=/opt/hostedtoolcache/go/1.25.14/x64 LLGO_MAIN_INDEX=1686 LLGO_BUILD_KILL_GRACE_SECONDS=30 LLGO_COMMIT=71cd3baf1d4859c36f88a2ae68d271bb711d7c6a GO_VERSION=1.26.2 LLGO_REPOSITORY=xgo-dev/llgo GOROOT_1_24_X64=/opt/hostedtoolcache/go/1.24.13/x64 GOROOT_1_26_X64=/opt/hostedtoolcache/go/1.26.8/x64 BENT_REAL_GO=/opt/hostedtoolcache/go/1.26.2/x64/bin/go LLGO_ROOT=/home/runner/work/benchmarks/benchmarks/.ci/llgo LLGO_REAL_BIN=/home/runner/work/benchmarks/benchmarks/.ci/llgo/llgo LLGO_LTO_PLUGIN=/home/runner/work/benchmarks/benchmarks/.ci/llgo/ltoplugin/build/LLGOLTOPlugin.so GOPATH=/home/runner/work/benchmarks/benchmarks/.ci/bent-run/gopath GOOS=linux GOARCH=amd64 GO111MODULE=auto ROOT=/home/runner/work/benchmarks/benchmarks/.ci/bent-run GOROOT=/opt/hostedtoolcache/go/1.26.2/x64/ BENT_BENCH=gorm_schema BENT_CONFIG=LLGoFullLTOGlobalDCEPlugin BENT_I=0 GOCACHE=/home/runner/work/benchmarks/benchmarks/.ci/bent-run/build-cache/runs/cache-3494750664/go-build XDG_CACHE_HOME=/home/runner/work/benchmarks/benchmarks/.ci/bent-run/build-cache/runs/cache-3494750664/xdg LocalAppData=/home/runner/work/benchmarks/benchmarks/.ci/bent-run/build-cache/runs/cache-3494750664/local-app-data /home/runner/work/benchmarks/benchmarks/.ci/bent-run/benchsize /home/runner/work/benchmarks/benchmarks/.ci/bent-run/testbin/gorm_schema_LLGoFullLTOGlobalDCEPlugin Gorm_schema )
goos: linux
goarch: amd64
pkg:
Unit total-bytes assume=exact
BenchmarkGorm_schema 1 5186504 total-bytes
Unit text-bytes assume=exact
BenchmarkGorm_schema 1 1473045 text-bytes
Unit data-bytes assume=exact
BenchmarkGorm_schema 1 2378992 data-bytes
Unit rodata-bytes assume=exact
BenchmarkGorm_schema 1 2252280 rodata-bytes
Unit pclntab-bytes assume=exact
BenchmarkGorm_schema 1 0 pclntab-bytes
Unit debug-bytes assume=exact
BenchmarkGorm_schema 1 0 debug-bytes

rm -rf /home/runner/work/benchmarks/benchmarks/.ci/bent-run/gopath/bin
(cd /home/runner/work/benchmarks/benchmarks/.ci/bent-run/build/iXGo; LLGO_BUILD_TIMEOUT_SECONDS=1200 LLGO_COMMITTED_AT=2026-09-22T18:14:35+08:00 LLGO_BUILD_GO_VERSION=1.27.0 LLGO_BIN=/home/runner/work/benchmarks/benchmarks/ci/llgo-size/bin/llgo-build-timeout BENT_TIMING_LOG=/home/runner/work/benchmarks/benchmarks/.ci/bent-run/download-timings.log GOROOT_1_25_X64=/opt/hostedtoolcache/go/1.25.14/x64 LLGO_MAIN_INDEX=1686 LLGO_BUILD_KILL_GRACE_SECONDS=30 LLGO_COMMIT=71cd3baf1d4859c36f88a2ae68d271bb711d7c6a GO_VERSION=1.26.2 LLGO_REPOSITORY=xgo-dev/llgo GOROOT_1_24_X64=/opt/hostedtoolcache/go/1.24.13/x64 GOROOT_1_26_X64=/opt/hostedtoolcache/go/1.26.8/x64 BENT_REAL_GO=/opt/hostedtoolcache/go/1.26.2/x64/bin/go LLGO_ROOT=/home/runner/work/benchmarks/benchmarks/.ci/llgo LLGO_REAL_BIN=/home/runner/work/benchmarks/benchmarks/.ci/llgo/llgo LLGO_LTO_PLUGIN=/home/runner/work/benchmarks/benchmarks/.ci/llgo/ltoplugin/build/LLGOLTOPlugin.so GOPATH=/home/runner/work/benchmarks/benchmarks/.ci/bent-run/gopath GOOS=linux GOARCH=amd64 GO111MODULE=auto ROOT=/home/runner/work/benchmarks/benchmarks/.ci/bent-run GOROOT=/home/runner/work/benchmarks/benchmarks/.ci/bent-run/goroots/Go BENT_BENCH=iXGo BENT_CONFIG=Go BENT_I=0 GOCACHE=/home/runner/work/benchmarks/benchmarks/.ci/bent-run/build-cache/runs/cache-3891937719/go-build XDG_CACHE_HOME=/home/runner/work/benchmarks/benchmarks/.ci/bent-run/build-cache/runs/cache-3891937719/xdg LocalAppData=/home/runner/work/benchmarks/benchmarks/.ci/bent-run/build-cache/runs/cache-3891937719/local-app-data /home/runner/work/benchmarks/benchmarks/.ci/bent-run/goroots/Go/bin/go build -o /home/runner/work/benchmarks/benchmarks/.ci/bent-run/testbin/iXGo_Go github.com/goplus/ixgo/cmd/ixgo )
goarch: amd64
toolchain: Go
BenchmarkIXGo 1 23040999065 build-real-ns/op 79135897000 build-user-ns/op 5151615000 build-sys-ns/op
toolchain: Go
( LLGO_BUILD_TIMEOUT_SECONDS=1200 LLGO_COMMITTED_AT=2026-09-22T18:14:35+08:00 LLGO_BUILD_GO_VERSION=1.27.0 LLGO_BIN=/home/runner/work/benchmarks/benchmarks/ci/llgo-size/bin/llgo-build-timeout BENT_TIMING_LOG=/home/runner/work/benchmarks/benchmarks/.ci/bent-run/download-timings.log GOROOT_1_25_X64=/opt/hostedtoolcache/go/1.25.14/x64 LLGO_MAIN_INDEX=1686 LLGO_BUILD_KILL_GRACE_SECONDS=30 LLGO_COMMIT=71cd3baf1d4859c36f88a2ae68d271bb711d7c6a GO_VERSION=1.26.2 LLGO_REPOSITORY=xgo-dev/llgo GOROOT_1_24_X64=/opt/hostedtoolcache/go/1.24.13/x64 GOROOT_1_26_X64=/opt/hostedtoolcache/go/1.26.8/x64 BENT_REAL_GO=/opt/hostedtoolcache/go/1.26.2/x64/bin/go LLGO_ROOT=/home/runner/work/benchmarks/benchmarks/.ci/llgo LLGO_REAL_BIN=/home/runner/work/benchmarks/benchmarks/.ci/llgo/llgo LLGO_LTO_PLUGIN=/home/runner/work/benchmarks/benchmarks/.ci/llgo/ltoplugin/build/LLGOLTOPlugin.so GOPATH=/home/runner/work/benchmarks/benchmarks/.ci/bent-run/gopath GOOS=linux GOARCH=amd64 GO111MODULE=auto ROOT=/home/runner/work/benchmarks/benchmarks/.ci/bent-run GOROOT=/home/runner/work/benchmarks/benchmarks/.ci/bent-run/goroots/Go BENT_BENCH=iXGo BENT_CONFIG=Go BENT_I=0 GOCACHE=/home/runner/work/benchmarks/benchmarks/.ci/bent-run/build-cache/runs/cache-3891937719/go-build XDG_CACHE_HOME=/home/runner/work/benchmarks/benchmarks/.ci/bent-run/build-cache/runs/cache-3891937719/xdg LocalAppData=/home/runner/work/benchmarks/benchmarks/.ci/bent-run/build-cache/runs/cache-3891937719/local-app-data /home/runner/work/benchmarks/benchmarks/.ci/bent-run/benchsize /home/runner/work/benchmarks/benchmarks/.ci/bent-run/testbin/iXGo_Go IXGo )
goos: linux
goarch: amd64
pkg:
Unit total-bytes assume=exact
BenchmarkIXGo 1 47404136 total-bytes
Unit text-bytes assume=exact
BenchmarkIXGo 1 16239697 text-bytes
Unit data-bytes assume=exact
BenchmarkIXGo 1 4330556 data-bytes
Unit rodata-bytes assume=exact
BenchmarkIXGo 1 3648921 rodata-bytes
Unit pclntab-bytes assume=exact
BenchmarkIXGo 1 13082153 pclntab-bytes
Unit debug-bytes assume=exact
BenchmarkIXGo 1 8717939 debug-bytes

rm -rf /home/runner/work/benchmarks/benchmarks/.ci/bent-run/gopath/bin
(cd /home/runner/work/benchmarks/benchmarks/.ci/bent-run/build/k8s_workqueue; LLGO_BUILD_TIMEOUT_SECONDS=1200 LLGO_COMMITTED_AT=2026-09-22T18:14:35+08:00 LLGO_BUILD_GO_VERSION=1.27.0 LLGO_BIN=/home/runner/work/benchmarks/benchmarks/ci/llgo-size/bin/llgo-build-timeout BENT_TIMING_LOG=/home/runner/work/benchmarks/benchmarks/.ci/bent-run/download-timings.log GOROOT_1_25_X64=/opt/hostedtoolcache/go/1.25.14/x64 LLGO_MAIN_INDEX=1686 LLGO_BUILD_KILL_GRACE_SECONDS=30 LLGO_COMMIT=71cd3baf1d4859c36f88a2ae68d271bb711d7c6a GO_VERSION=1.26.2 LLGO_REPOSITORY=xgo-dev/llgo GOROOT_1_24_X64=/opt/hostedtoolcache/go/1.24.13/x64 GOROOT_1_26_X64=/opt/hostedtoolcache/go/1.26.8/x64 BENT_REAL_GO=/opt/hostedtoolcache/go/1.26.2/x64/bin/go LLGO_ROOT=/home/runner/work/benchmarks/benchmarks/.ci/llgo LLGO_REAL_BIN=/home/runner/work/benchmarks/benchmarks/.ci/llgo/llgo LLGO_LTO_PLUGIN=/home/runner/work/benchmarks/benchmarks/.ci/llgo/ltoplugin/build/LLGOLTOPlugin.so GOPATH=/home/runner/work/benchmarks/benchmarks/.ci/bent-run/gopath GOOS=linux GOARCH=amd64 GO111MODULE=auto ROOT=/home/runner/work/benchmarks/benchmarks/.ci/bent-run GOROOT=/opt/hostedtoolcache/go/1.26.2/x64/ BENT_BENCH=k8s_workqueue BENT_CONFIG=LLGoFullLTONoGlobalDCE BENT_I=0 GOCACHE=/home/runner/work/benchmarks/benchmarks/.ci/bent-run/build-cache/runs/cache-702080845/go-build XDG_CACHE_HOME=/home/runner/work/benchmarks/benchmarks/.ci/bent-run/build-cache/runs/cache-702080845/xdg LocalAppData=/home/runner/work/benchmarks/benchmarks/.ci/bent-run/build-cache/runs/cache-702080845/local-app-data /home/runner/work/benchmarks/benchmarks/ci/llgo-size/bin/llgo-build-timeout test -c -o /home/runner/work/benchmarks/benchmarks/.ci/bent-run/testbin/k8s_workqueue_LLGoFullLTONoGlobalDCE -lto=full -globaldce=false k8s.io/client-go/util/workqueue )
There was an error running "/home/runner/work/benchmarks/benchmarks/ci/llgo-size/bin/llgo-build-timeout test", output = Error: function (k8s.io/apimachinery/pkg/util/sets.Set[any]).New[any]: function has 2 parameters in signature but has 1 after building
# Name: (k8s.io/apimachinery/pkg/util/sets.Set[any]).New[any]
# Synthetic: instance of New
# Location: /home/runner/work/benchmarks/benchmarks/.ci/bent-run/gopath/pkg/mod/k8s.io/apimachinery@v0.36.2/pkg/util/sets/set.go:32:6
func (s Set[any]) New[any](items ...any) Set[any]:
0:                                                                entry P:0 S:0
	t0 = len(items)                                                     int
	t1 = make Set[any] t0                                          Set[any]
	t2 = (Set[any]).Insert(t1, items...)                           Set[any]
	return t1

LLGo build timed out after 1200s (benchmark=k8s_workqueue, configuration=LLGoFullLTONoGlobalDCE); terminating process group
 DISABLING build k8s_workqueue/LLGoFullLTONoGlobalDCE
rm -rf /home/runner/work/benchmarks/benchmarks/.ci/bent-run/gopath/bin
(cd /home/runner/work/benchmarks/benchmarks/.ci/bent-run/build/etcdctl; LLGO_BUILD_TIMEOUT_SECONDS=1200 LLGO_COMMITTED_AT=2026-09-22T18:14:35+08:00 LLGO_BUILD_GO_VERSION=1.27.0 LLGO_BIN=/home/runner/work/benchmarks/benchmarks/ci/llgo-size/bin/llgo-build-timeout BENT_TIMING_LOG=/home/runner/work/benchmarks/benchmarks/.ci/bent-run/download-timings.log GOROOT_1_25_X64=/opt/hostedtoolcache/go/1.25.14/x64 LLGO_MAIN_INDEX=1686 LLGO_BUILD_KILL_GRACE_SECONDS=30 LLGO_COMMIT=71cd3baf1d4859c36f88a2ae68d271bb711d7c6a GO_VERSION=1.26.2 LLGO_REPOSITORY=xgo-dev/llgo GOROOT_1_24_X64=/opt/hostedtoolcache/go/1.24.13/x64 GOROOT_1_26_X64=/opt/hostedtoolcache/go/1.26.8/x64 BENT_REAL_GO=/opt/hostedtoolcache/go/1.26.2/x64/bin/go LLGO_ROOT=/home/runner/work/benchmarks/benchmarks/.ci/llgo LLGO_REAL_BIN=/home/runner/work/benchmarks/benchmarks/.ci/llgo/llgo LLGO_LTO_PLUGIN=/home/runner/work/benchmarks/benchmarks/.ci/llgo/ltoplugin/build/LLGOLTOPlugin.so GOPATH=/home/runner/work/benchmarks/benchmarks/.ci/bent-run/gopath GOOS=linux GOARCH=amd64 GO111MODULE=auto ROOT=/home/runner/work/benchmarks/benchmarks/.ci/bent-run GOROOT=/opt/hostedtoolcache/go/1.26.2/x64/ BENT_BENCH=etcdctl BENT_CONFIG=LLGoFullLTOGlobalDCEPlugin BENT_I=0 GOCACHE=/home/runner/work/benchmarks/benchmarks/.ci/bent-run/build-cache/runs/cache-3670519894/go-build XDG_CACHE_HOME=/home/runner/work/benchmarks/benchmarks/.ci/bent-run/build-cache/runs/cache-3670519894/xdg LocalAppData=/home/runner/work/benchmarks/benchmarks/.ci/bent-run/build-cache/runs/cache-3670519894/local-app-data /home/runner/work/benchmarks/benchmarks/ci/llgo-size/bin/llgo-build-timeout build -o /home/runner/work/benchmarks/benchmarks/.ci/bent-run/testbin/etcdctl_LLGoFullLTOGlobalDCEPlugin -lto=full -lto-pass-plugin=/home/runner/work/benchmarks/benchmarks/.ci/llgo/ltoplugin/build/LLGOLTOPlugin.so go.etcd.io/etcd/etcdctl/v3 )
goarch: amd64
toolchain: LLGoFullLTOGlobalDCEPlugin
BenchmarkEtcdctl 1 158301831285 build-real-ns/op 255131743000 build-user-ns/op 4668708000 build-sys-ns/op
toolchain: LLGoFullLTOGlobalDCEPlugin
( LLGO_BUILD_TIMEOUT_SECONDS=1200 LLGO_COMMITTED_AT=2026-09-22T18:14:35+08:00 LLGO_BUILD_GO_VERSION=1.27.0 LLGO_BIN=/home/runner/work/benchmarks/benchmarks/ci/llgo-size/bin/llgo-build-timeout BENT_TIMING_LOG=/home/runner/work/benchmarks/benchmarks/.ci/bent-run/download-timings.log GOROOT_1_25_X64=/opt/hostedtoolcache/go/1.25.14/x64 LLGO_MAIN_INDEX=1686 LLGO_BUILD_KILL_GRACE_SECONDS=30 LLGO_COMMIT=71cd3baf1d4859c36f88a2ae68d271bb711d7c6a GO_VERSION=1.26.2 LLGO_REPOSITORY=xgo-dev/llgo GOROOT_1_24_X64=/opt/hostedtoolcache/go/1.24.13/x64 GOROOT_1_26_X64=/opt/hostedtoolcache/go/1.26.8/x64 BENT_REAL_GO=/opt/hostedtoolcache/go/1.26.2/x64/bin/go LLGO_ROOT=/home/runner/work/benchmarks/benchmarks/.ci/llgo LLGO_REAL_BIN=/home/runner/work/benchmarks/benchmarks/.ci/llgo/llgo LLGO_LTO_PLUGIN=/home/runner/work/benchmarks/benchmarks/.ci/llgo/ltoplugin/build/LLGOLTOPlugin.so GOPATH=/home/runner/work/benchmarks/benchmarks/.ci/bent-run/gopath GOOS=linux GOARCH=amd64 GO111MODULE=auto ROOT=/home/runner/work/benchmarks/benchmarks/.ci/bent-run GOROOT=/opt/hostedtoolcache/go/1.26.2/x64/ BENT_BENCH=etcdctl BENT_CONFIG=LLGoFullLTOGlobalDCEPlugin BENT_I=0 GOCACHE=/home/runner/work/benchmarks/benchmarks/.ci/bent-run/build-cache/runs/cache-3670519894/go-build XDG_CACHE_HOME=/home/runner/work/benchmarks/benchmarks/.ci/bent-run/build-cache/runs/cache-3670519894/xdg LocalAppData=/home/runner/work/benchmarks/benchmarks/.ci/bent-run/build-cache/runs/cache-3670519894/local-app-data /home/runner/work/benchmarks/benchmarks/.ci/bent-run/benchsize /home/runner/work/benchmarks/benchmarks/.ci/bent-run/testbin/etcdctl_LLGoFullLTOGlobalDCEPlugin Etcdctl )
goos: linux
goarch: amd64
pkg:
Unit total-bytes assume=exact
BenchmarkEtcdctl 1 20315272 total-bytes
Unit text-bytes assume=exact
BenchmarkEtcdctl 1 6787641 text-bytes
Unit data-bytes assume=exact
BenchmarkEtcdctl 1 7545584 data-bytes
Unit rodata-bytes assume=exact
BenchmarkEtcdctl 1 7011632 rodata-bytes
Unit pclntab-bytes assume=exact
BenchmarkEtcdctl 1 0 pclntab-bytes
Unit debug-bytes assume=exact
BenchmarkEtcdctl 1 0 debug-bytes

rm -rf /home/runner/work/benchmarks/benchmarks/.ci/bent-run/gopath/bin
(cd /home/runner/work/benchmarks/benchmarks/.ci/bent-run/build/k8s_workqueue; LLGO_BUILD_TIMEOUT_SECONDS=1200 LLGO_COMMITTED_AT=2026-09-22T18:14:35+08:00 LLGO_BUILD_GO_VERSION=1.27.0 LLGO_BIN=/home/runner/work/benchmarks/benchmarks/ci/llgo-size/bin/llgo-build-timeout BENT_TIMING_LOG=/home/runner/work/benchmarks/benchmarks/.ci/bent-run/download-timings.log GOROOT_1_25_X64=/opt/hostedtoolcache/go/1.25.14/x64 LLGO_MAIN_INDEX=1686 LLGO_BUILD_KILL_GRACE_SECONDS=30 LLGO_COMMIT=71cd3baf1d4859c36f88a2ae68d271bb711d7c6a GO_VERSION=1.26.2 LLGO_REPOSITORY=xgo-dev/llgo GOROOT_1_24_X64=/opt/hostedtoolcache/go/1.24.13/x64 GOROOT_1_26_X64=/opt/hostedtoolcache/go/1.26.8/x64 BENT_REAL_GO=/opt/hostedtoolcache/go/1.26.2/x64/bin/go LLGO_ROOT=/home/runner/work/benchmarks/benchmarks/.ci/llgo LLGO_REAL_BIN=/home/runner/work/benchmarks/benchmarks/.ci/llgo/llgo LLGO_LTO_PLUGIN=/home/runner/work/benchmarks/benchmarks/.ci/llgo/ltoplugin/build/LLGOLTOPlugin.so GOPATH=/home/runner/work/benchmarks/benchmarks/.ci/bent-run/gopath GOOS=linux GOARCH=amd64 GO111MODULE=auto ROOT=/home/runner/work/benchmarks/benchmarks/.ci/bent-run GOROOT=/opt/hostedtoolcache/go/1.26.2/x64/ BENT_BENCH=k8s_workqueue BENT_CONFIG=LLGoDeadcodeDrop BENT_I=0 GOCACHE=/home/runner/work/benchmarks/benchmarks/.ci/bent-run/build-cache/runs/cache-3145374104/go-build XDG_CACHE_HOME=/home/runner/work/benchmarks/benchmarks/.ci/bent-run/build-cache/runs/cache-3145374104/xdg LocalAppData=/home/runner/work/benchmarks/benchmarks/.ci/bent-run/build-cache/runs/cache-3145374104/local-app-data /home/runner/work/benchmarks/benchmarks/ci/llgo-size/bin/llgo-build-timeout test -c -o /home/runner/work/benchmarks/benchmarks/.ci/bent-run/testbin/k8s_workqueue_LLGoDeadcodeDrop -deadcodedrop k8s.io/client-go/util/workqueue )
There was an error running "/home/runner/work/benchmarks/benchmarks/ci/llgo-size/bin/llgo-build-timeout test", output = Error: function (*k8s.io/apimachinery/pkg/util/sets.Set[any]).New[any]: function has 2 parameters in signature but has 1 after building
# Name: (*k8s.io/apimachinery/pkg/util/sets.Set[any]).New[any]
# Synthetic: instance of New
# Location: /home/runner/work/benchmarks/benchmarks/.ci/bent-run/gopath/pkg/mod/k8s.io/apimachinery@v0.36.2/pkg/util/sets/set.go:32:6
func (s *Set[any]) New[any](items ...any) Set[any]:
0:                                                                entry P:0 S:0
	t0 = len(items)                                                     int
	t1 = make Set[any] t0                                          Set[any]
	t2 = (Set[any]).Insert(t1, items...)                           Set[any]
	return t1

panic: SanityCheck failed

goroutine 1 [running]:
golang.org/x/tools/go/ssa.mustSanityCheck(0x25f3138f6b48, {0x0?, 0x0?})
	/home/runner/go/pkg/mod/golang.org/x/tools@v0.50.0/go/ssa/sanity.go:51 +0x9a
golang.org/x/tools/go/ssa.(*Function).done.func1(0x25f3138f6b48)
	/home/runner/go/pkg/mod/golang.org/x/tools@v0.50.0/go/ssa/func.go:417 +0x130
golang.org/x/tools/go/ssa.(*Function).done(0x25f3166dbda0?)
	/home/runner/go/pkg/mod/golang.org/x/tools@v0.50.0/go/ssa/func.go:420 +0x3c
golang.org/x/tools/go/ssa.(*builder).buildFunction(0x25f30ff19da8?, 0x25f3138f6b48)
	/home/runner/go/pkg/mod/golang.org/x/tools@v0.50.0/go/ssa/builder.go:2930 +0x192
golang.org/x/tools/go/ssa.(*builder).iterate(0x25f3166dbda0)
	/home/runner/go/pkg/mod/golang.org/x/tools@v0.50.0/go/ssa/builder.go:2914 +0x25
golang.org/x/tools/go/ssa.(*Program).MethodValue(0x25f30ff19d60, 0x25f31ed820f0)
	/home/runner/go/pkg/mod/golang.org/x/tools@v0.50.0/go/ssa/methods.go:84 +0x1da
github.com/xgo-dev/llgo/cl.collectRuntimeCallerMethods.func3(...)
	/home/runner/work/benchmarks/benchmarks/.ci/llgo/cl/instr.go:1543
github.com/xgo-dev/llgo/cl.collectRuntimeCallerMethods(0x25f30523ad80, {0x25f325d0a700, 0x6, 0x0?})
	/home/runner/work/benchmarks/benchmarks/.ci/llgo/cl/instr.go:1551 +0x8f4
github.com/xgo-dev/llgo/cl.callerTrackingMethods({0x25f30e4cc408, 0x102, 0x102?}, 0x25f3157f2330)
	/home/runner/work/benchmarks/benchmarks/.ci/llgo/cl/instr.go:1367 +0x9a
github.com/xgo-dev/llgo/cl.(*CallerTracking).Precompute(0x25f3007796e0, {0x25f30cc43608, 0x102, 0x0?})
	/home/runner/work/benchmarks/benchmarks/.ci/llgo/cl/instr.go:1305 +0x3f9
github.com/xgo-dev/llgo/internal/build.buildInvocation({{0x25f2f5be9440, 0x1, 0x4}, 0x25f2f5bb9208, {0x0, 0x0}, 0x0, 0x0, 0x0, 0x0, ...}, ...)
	/home/runner/work/benchmarks/benchmarks/.ci/llgo/internal/build/build.go:900 +0x4855
github.com/xgo-dev/llgo/internal/build.Build({{0x25f2f5be9440, 0x1, 0x4}, 0x25f2f5bb9208, {0x0, 0x0}, 0x0, 0x0, 0x0, 0x0, ...})
	/home/runner/work/benchmarks/benchmarks/.ci/llgo/internal/build/build.go:481 +0x98
github.com/xgo-dev/llgo/internal/build.Do(...)
	/home/runner/work/benchmarks/benchmarks/.ci/llgo/internal/build/build.go:475
github.com/xgo-dev/llgo/cmd/internal/test.runCmd(0x182afc8, {0x25f2f5befb80?, 0x1?, 0x7ff8272c9bf0?})
	/home/runner/work/benchmarks/benchmarks/.ci/llgo/cmd/internal/test/test.go:89 +0x54a
main.(*Cmd_test).Main.func1({0x25f2f5befb80?, 0x25f2f5c28800?, 0x25f2f5c28800?})
	/home/runner/work/benchmarks/benchmarks/.ci/llgo/cmd/llgo/cmd/llgo/test_cmd.gox:27 +0x2f
github.com/goplus/cobra/xcmd.(*Command).Run__1.func1(0x25f2f5c28800?, {0x25f2f5befb80?, 0x4?, 0xd447db?})
	/home/runner/go/pkg/mod/github.com/goplus/cobra@v1.9.12/xcmd/classfile.go:87 +0x25
github.com/goplus/cobra.(*Command).execute(0x25f2f5c4cf08, {0x25f2f5befb80, 0x5, 0x5})
	/home/runner/go/pkg/mod/github.com/goplus/cobra@v1.9.12/command.go:1019 +0xb23
github.com/goplus/cobra.(*Command).ExecuteC(0x25f2f5c4a008)
	/home/runner/go/pkg/mod/github.com/goplus/cobra@v1.9.12/command.go:1148 +0x450
github.com/goplus/cobra.(*Command).Execute(...)
	/home/runner/go/pkg/mod/github.com/goplus/cobra@v1.9.12/command.go:1071
github.com/goplus/cobra/xcmd.Gopt_App_Main({0x1803100, 0x25f2f5c4a008}, {0x25f2f5adbd48, 0x14, 0x14})
	/home/runner/go/pkg/mod/github.com/goplus/cobra@v1.9.12/xcmd/classfile.go:133 +0x270
main.(*App).Main(0x25f2f5c4a008)
	/home/runner/work/benchmarks/benchmarks/.ci/llgo/cmd/llgo/cmd/llgo/main_app.gox:24 +0x81f
main.main()
	/home/runner/work/benchmarks/benchmarks/.ci/llgo/cmd/llgo/cmd/llgo/work_cmd.gox:30 +0x1f
 DISABLING build k8s_workqueue/LLGoDeadcodeDrop
rm -rf /home/runner/work/benchmarks/benchmarks/.ci/bent-run/gopath/bin
(cd /home/runner/work/benchmarks/benchmarks/.ci/bent-run/build/dustin_humanize; LLGO_BUILD_TIMEOUT_SECONDS=1200 LLGO_COMMITTED_AT=2026-09-22T18:14:35+08:00 LLGO_BUILD_GO_VERSION=1.27.0 LLGO_BIN=/home/runner/work/benchmarks/benchmarks/ci/llgo-size/bin/llgo-build-timeout BENT_TIMING_LOG=/home/runner/work/benchmarks/benchmarks/.ci/bent-run/download-timings.log GOROOT_1_25_X64=/opt/hostedtoolcache/go/1.25.14/x64 LLGO_MAIN_INDEX=1686 LLGO_BUILD_KILL_GRACE_SECONDS=30 LLGO_COMMIT=71cd3baf1d4859c36f88a2ae68d271bb711d7c6a GO_VERSION=1.26.2 LLGO_REPOSITORY=xgo-dev/llgo GOROOT_1_24_X64=/opt/hostedtoolcache/go/1.24.13/x64 GOROOT_1_26_X64=/opt/hostedtoolcache/go/1.26.8/x64 BENT_REAL_GO=/opt/hostedtoolcache/go/1.26.2/x64/bin/go LLGO_ROOT=/home/runner/work/benchmarks/benchmarks/.ci/llgo LLGO_REAL_BIN=/home/runner/work/benchmarks/benchmarks/.ci/llgo/llgo LLGO_LTO_PLUGIN=/home/runner/work/benchmarks/benchmarks/.ci/llgo/ltoplugin/build/LLGOLTOPlugin.so GOPATH=/home/runner/work/benchmarks/benchmarks/.ci/bent-run/gopath GOOS=linux GOARCH=amd64 GO111MODULE=auto ROOT=/home/runner/work/benchmarks/benchmarks/.ci/bent-run GOROOT=/opt/hostedtoolcache/go/1.26.2/x64/ BENT_BENCH=dustin_humanize BENT_CONFIG=LLGoFullLTOGlobalDCE BENT_I=0 GOCACHE=/home/runner/work/benchmarks/benchmarks/.ci/bent-run/build-cache/runs/cache-3320402580/go-build XDG_CACHE_HOME=/home/runner/work/benchmarks/benchmarks/.ci/bent-run/build-cache/runs/cache-3320402580/xdg LocalAppData=/home/runner/work/benchmarks/benchmarks/.ci/bent-run/build-cache/runs/cache-3320402580/local-app-data /home/runner/work/benchmarks/benchmarks/ci/llgo-size/bin/llgo-build-timeout test -c -o /home/runner/work/benchmarks/benchmarks/.ci/bent-run/testbin/dustin_humanize_LLGoFullLTOGlobalDCE -lto=full github.com/dustin/go-humanize )
goarch: amd64
toolchain: LLGoFullLTOGlobalDCE
BenchmarkDustin_humanize 1 18101626025 build-real-ns/op 25186679000 build-user-ns/op 831848000 build-sys-ns/op
toolchain: LLGoFullLTOGlobalDCE
( LLGO_BUILD_TIMEOUT_SECONDS=1200 LLGO_COMMITTED_AT=2026-09-22T18:14:35+08:00 LLGO_BUILD_GO_VERSION=1.27.0 LLGO_BIN=/home/runner/work/benchmarks/benchmarks/ci/llgo-size/bin/llgo-build-timeout BENT_TIMING_LOG=/home/runner/work/benchmarks/benchmarks/.ci/bent-run/download-timings.log GOROOT_1_25_X64=/opt/hostedtoolcache/go/1.25.14/x64 LLGO_MAIN_INDEX=1686 LLGO_BUILD_KILL_GRACE_SECONDS=30 LLGO_COMMIT=71cd3baf1d4859c36f88a2ae68d271bb711d7c6a GO_VERSION=1.26.2 LLGO_REPOSITORY=xgo-dev/llgo GOROOT_1_24_X64=/opt/hostedtoolcache/go/1.24.13/x64 GOROOT_1_26_X64=/opt/hostedtoolcache/go/1.26.8/x64 BENT_REAL_GO=/opt/hostedtoolcache/go/1.26.2/x64/bin/go LLGO_ROOT=/home/runner/work/benchmarks/benchmarks/.ci/llgo LLGO_REAL_BIN=/home/runner/work/benchmarks/benchmarks/.ci/llgo/llgo LLGO_LTO_PLUGIN=/home/runner/work/benchmarks/benchmarks/.ci/llgo/ltoplugin/build/LLGOLTOPlugin.so GOPATH=/home/runner/work/benchmarks/benchmarks/.ci/bent-run/gopath GOOS=linux GOARCH=amd64 GO111MODULE=auto ROOT=/home/runner/work/benchmarks/benchmarks/.ci/bent-run GOROOT=/opt/hostedtoolcache/go/1.26.2/x64/ BENT_BENCH=dustin_humanize BENT_CONFIG=LLGoFullLTOGlobalDCE BENT_I=0 GOCACHE=/home/runner/work/benchmarks/benchmarks/.ci/bent-run/build-cache/runs/cache-3320402580/go-build XDG_CACHE_HOME=/home/runner/work/benchmarks/benchmarks/.ci/bent-run/build-cache/runs/cache-3320402580/xdg LocalAppData=/home/runner/work/benchmarks/benchmarks/.ci/bent-run/build-cache/runs/cache-3320402580/local-app-data /home/runner/work/benchmarks/benchmarks/.ci/bent-run/benchsize /home/runner/work/benchmarks/benchmarks/.ci/bent-run/testbin/dustin_humanize_LLGoFullLTOGlobalDCE Dustin_humanize )
goos: linux
goarch: amd64
pkg:
Unit total-bytes assume=exact
BenchmarkDustin_humanize 1 3293648 total-bytes
Unit text-bytes assume=exact
BenchmarkDustin_humanize 1 940517 text-bytes
Unit data-bytes assume=exact
BenchmarkDustin_humanize 1 1505608 data-bytes
Unit rodata-bytes assume=exact
BenchmarkDustin_humanize 1 1417456 rodata-bytes
Unit pclntab-bytes assume=exact
BenchmarkDustin_humanize 1 0 pclntab-bytes
Unit debug-bytes assume=exact
BenchmarkDustin_humanize 1 0 debug-bytes

rm -rf /home/runner/work/benchmarks/benchmarks/.ci/bent-run/gopath/bin
(cd /home/runner/work/benchmarks/benchmarks/.ci/bent-run/build/k8s_workqueue; LLGO_BUILD_TIMEOUT_SECONDS=1200 LLGO_COMMITTED_AT=2026-09-22T18:14:35+08:00 LLGO_BUILD_GO_VERSION=1.27.0 LLGO_BIN=/home/runner/work/benchmarks/benchmarks/ci/llgo-size/bin/llgo-build-timeout BENT_TIMING_LOG=/home/runner/work/benchmarks/benchmarks/.ci/bent-run/download-timings.log GOROOT_1_25_X64=/opt/hostedtoolcache/go/1.25.14/x64 LLGO_MAIN_INDEX=1686 LLGO_BUILD_KILL_GRACE_SECONDS=30 LLGO_COMMIT=71cd3baf1d4859c36f88a2ae68d271bb711d7c6a GO_VERSION=1.26.2 LLGO_REPOSITORY=xgo-dev/llgo GOROOT_1_24_X64=/opt/hostedtoolcache/go/1.24.13/x64 GOROOT_1_26_X64=/opt/hostedtoolcache/go/1.26.8/x64 BENT_REAL_GO=/opt/hostedtoolcache/go/1.26.2/x64/bin/go LLGO_ROOT=/home/runner/work/benchmarks/benchmarks/.ci/llgo LLGO_REAL_BIN=/home/runner/work/benchmarks/benchmarks/.ci/llgo/llgo LLGO_LTO_PLUGIN=/home/runner/work/benchmarks/benchmarks/.ci/llgo/ltoplugin/build/LLGOLTOPlugin.so GOPATH=/home/runner/work/benchmarks/benchmarks/.ci/bent-run/gopath GOOS=linux GOARCH=amd64 GO111MODULE=auto ROOT=/home/runner/work/benchmarks/benchmarks/.ci/bent-run GOROOT=/home/runner/work/benchmarks/benchmarks/.ci/bent-run/goroots/Go BENT_BENCH=k8s_workqueue BENT_CONFIG=Go BENT_I=0 GOCACHE=/home/runner/work/benchmarks/benchmarks/.ci/bent-run/build-cache/runs/cache-952806247/go-build XDG_CACHE_HOME=/home/runner/work/benchmarks/benchmarks/.ci/bent-run/build-cache/runs/cache-952806247/xdg LocalAppData=/home/runner/work/benchmarks/benchmarks/.ci/bent-run/build-cache/runs/cache-952806247/local-app-data /home/runner/work/benchmarks/benchmarks/.ci/bent-run/goroots/Go/bin/go test -vet=off -c -o /home/runner/work/benchmarks/benchmarks/.ci/bent-run/testbin/k8s_workqueue_Go k8s.io/client-go/util/workqueue )
goarch: amd64
toolchain: Go
BenchmarkK8s_workqueue 1 1656784720 build-real-ns/op 4230740000 build-user-ns/op 460422000 build-sys-ns/op
toolchain: Go
( LLGO_BUILD_TIMEOUT_SECONDS=1200 LLGO_COMMITTED_AT=2026-09-22T18:14:35+08:00 LLGO_BUILD_GO_VERSION=1.27.0 LLGO_BIN=/home/runner/work/benchmarks/benchmarks/ci/llgo-size/bin/llgo-build-timeout BENT_TIMING_LOG=/home/runner/work/benchmarks/benchmarks/.ci/bent-run/download-timings.log GOROOT_1_25_X64=/opt/hostedtoolcache/go/1.25.14/x64 LLGO_MAIN_INDEX=1686 LLGO_BUILD_KILL_GRACE_SECONDS=30 LLGO_COMMIT=71cd3baf1d4859c36f88a2ae68d271bb711d7c6a GO_VERSION=1.26.2 LLGO_REPOSITORY=xgo-dev/llgo GOROOT_1_24_X64=/opt/hostedtoolcache/go/1.24.13/x64 GOROOT_1_26_X64=/opt/hostedtoolcache/go/1.26.8/x64 BENT_REAL_GO=/opt/hostedtoolcache/go/1.26.2/x64/bin/go LLGO_ROOT=/home/runner/work/benchmarks/benchmarks/.ci/llgo LLGO_REAL_BIN=/home/runner/work/benchmarks/benchmarks/.ci/llgo/llgo LLGO_LTO_PLUGIN=/home/runner/work/benchmarks/benchmarks/.ci/llgo/ltoplugin/build/LLGOLTOPlugin.so GOPATH=/home/runner/work/benchmarks/benchmarks/.ci/bent-run/gopath GOOS=linux GOARCH=amd64 GO111MODULE=auto ROOT=/home/runner/work/benchmarks/benchmarks/.ci/bent-run GOROOT=/home/runner/work/benchmarks/benchmarks/.ci/bent-run/goroots/Go BENT_BENCH=k8s_workqueue BENT_CONFIG=Go BENT_I=0 GOCACHE=/home/runner/work/benchmarks/benchmarks/.ci/bent-run/build-cache/runs/cache-952806247/go-build XDG_CACHE_HOME=/home/runner/work/benchmarks/benchmarks/.ci/bent-run/build-cache/runs/cache-952806247/xdg LocalAppData=/home/runner/work/benchmarks/benchmarks/.ci/bent-run/build-cache/runs/cache-952806247/local-app-data /home/runner/work/benchmarks/benchmarks/.ci/bent-run/benchsize /home/runner/work/benchmarks/benchmarks/.ci/bent-run/testbin/k8s_workqueue_Go K8s_workqueue )
goos: linux
goarch: amd64
pkg:
Unit total-bytes assume=exact
BenchmarkK8s_workqueue 1 10681819 total-bytes
Unit text-bytes assume=exact
BenchmarkK8s_workqueue 1 3305809 text-bytes
Unit data-bytes assume=exact
BenchmarkK8s_workqueue 1 1280748 data-bytes
Unit rodata-bytes assume=exact
BenchmarkK8s_workqueue 1 916057 rodata-bytes
Unit pclntab-bytes assume=exact
BenchmarkK8s_workqueue 1 2794874 pclntab-bytes
Unit debug-bytes assume=exact
BenchmarkK8s_workqueue 1 2323654 debug-bytes

rm -rf /home/runner/work/benchmarks/benchmarks/.ci/bent-run/gopath/bin
(cd /home/runner/work/benchmarks/benchmarks/.ci/bent-run/build/XGo; LLGO_BUILD_TIMEOUT_SECONDS=1200 LLGO_COMMITTED_AT=2026-09-22T18:14:35+08:00 LLGO_BUILD_GO_VERSION=1.27.0 LLGO_BIN=/home/runner/work/benchmarks/benchmarks/ci/llgo-size/bin/llgo-build-timeout BENT_TIMING_LOG=/home/runner/work/benchmarks/benchmarks/.ci/bent-run/download-timings.log GOROOT_1_25_X64=/opt/hostedtoolcache/go/1.25.14/x64 LLGO_MAIN_INDEX=1686 LLGO_BUILD_KILL_GRACE_SECONDS=30 LLGO_COMMIT=71cd3baf1d4859c36f88a2ae68d271bb711d7c6a GO_VERSION=1.26.2 LLGO_REPOSITORY=xgo-dev/llgo GOROOT_1_24_X64=/opt/hostedtoolcache/go/1.24.13/x64 GOROOT_1_26_X64=/opt/hostedtoolcache/go/1.26.8/x64 BENT_REAL_GO=/opt/hostedtoolcache/go/1.26.2/x64/bin/go LLGO_ROOT=/home/runner/work/benchmarks/benchmarks/.ci/llgo LLGO_REAL_BIN=/home/runner/work/benchmarks/benchmarks/.ci/llgo/llgo LLGO_LTO_PLUGIN=/home/runner/work/benchmarks/benchmarks/.ci/llgo/ltoplugin/build/LLGOLTOPlugin.so GOPATH=/home/runner/work/benchmarks/benchmarks/.ci/bent-run/gopath GOOS=linux GOARCH=amd64 GO111MODULE=auto ROOT=/home/runner/work/benchmarks/benchmarks/.ci/bent-run GOROOT=/opt/hostedtoolcache/go/1.26.2/x64/ BENT_BENCH=XGo BENT_CONFIG=LLGoFullLTOGlobalDCEPlugin BENT_I=0 GOCACHE=/home/runner/work/benchmarks/benchmarks/.ci/bent-run/build-cache/runs/cache-1495053660/go-build XDG_CACHE_HOME=/home/runner/work/benchmarks/benchmarks/.ci/bent-run/build-cache/runs/cache-1495053660/xdg LocalAppData=/home/runner/work/benchmarks/benchmarks/.ci/bent-run/build-cache/runs/cache-1495053660/local-app-data /home/runner/work/benchmarks/benchmarks/ci/llgo-size/bin/llgo-build-timeout build -o /home/runner/work/benchmarks/benchmarks/.ci/bent-run/testbin/XGo_LLGoFullLTOGlobalDCEPlugin -lto=full -lto-pass-plugin=/home/runner/work/benchmarks/benchmarks/.ci/llgo/ltoplugin/build/LLGOLTOPlugin.so github.com/goplus/xgo/cmd/xgo )
goarch: amd64
toolchain: LLGoFullLTOGlobalDCEPlugin
BenchmarkXGo 1 123710425886 build-real-ns/op 176899374000 build-user-ns/op 3357132000 build-sys-ns/op
toolchain: LLGoFullLTOGlobalDCEPlugin
( LLGO_BUILD_TIMEOUT_SECONDS=1200 LLGO_COMMITTED_AT=2026-09-22T18:14:35+08:00 LLGO_BUILD_GO_VERSION=1.27.0 LLGO_BIN=/home/runner/work/benchmarks/benchmarks/ci/llgo-size/bin/llgo-build-timeout BENT_TIMING_LOG=/home/runner/work/benchmarks/benchmarks/.ci/bent-run/download-timings.log GOROOT_1_25_X64=/opt/hostedtoolcache/go/1.25.14/x64 LLGO_MAIN_INDEX=1686 LLGO_BUILD_KILL_GRACE_SECONDS=30 LLGO_COMMIT=71cd3baf1d4859c36f88a2ae68d271bb711d7c6a GO_VERSION=1.26.2 LLGO_REPOSITORY=xgo-dev/llgo GOROOT_1_24_X64=/opt/hostedtoolcache/go/1.24.13/x64 GOROOT_1_26_X64=/opt/hostedtoolcache/go/1.26.8/x64 BENT_REAL_GO=/opt/hostedtoolcache/go/1.26.2/x64/bin/go LLGO_ROOT=/home/runner/work/benchmarks/benchmarks/.ci/llgo LLGO_REAL_BIN=/home/runner/work/benchmarks/benchmarks/.ci/llgo/llgo LLGO_LTO_PLUGIN=/home/runner/work/benchmarks/benchmarks/.ci/llgo/ltoplugin/build/LLGOLTOPlugin.so GOPATH=/home/runner/work/benchmarks/benchmarks/.ci/bent-run/gopath GOOS=linux GOARCH=amd64 GO111MODULE=auto ROOT=/home/runner/work/benchmarks/benchmarks/.ci/bent-run GOROOT=/opt/hostedtoolcache/go/1.26.2/x64/ BENT_BENCH=XGo BENT_CONFIG=LLGoFullLTOGlobalDCEPlugin BENT_I=0 GOCACHE=/home/runner/work/benchmarks/benchmarks/.ci/bent-run/build-cache/runs/cache-1495053660/go-build XDG_CACHE_HOME=/home/runner/work/benchmarks/benchmarks/.ci/bent-run/build-cache/runs/cache-1495053660/xdg LocalAppData=/home/runner/work/benchmarks/benchmarks/.ci/bent-run/build-cache/runs/cache-1495053660/local-app-data /home/runner/work/benchmarks/benchmarks/.ci/bent-run/benchsize /home/runner/work/benchmarks/benchmarks/.ci/bent-run/testbin/XGo_LLGoFullLTOGlobalDCEPlugin XGo )
goos: linux
goarch: amd64
pkg:
Unit total-bytes assume=exact
BenchmarkXGo 1 16684160 total-bytes
Unit text-bytes assume=exact
BenchmarkXGo 1 5589921 text-bytes
Unit data-bytes assume=exact
BenchmarkXGo 1 5745328 data-bytes
Unit rodata-bytes assume=exact
BenchmarkXGo 1 5519168 rodata-bytes
Unit pclntab-bytes assume=exact
BenchmarkXGo 1 0 pclntab-bytes
Unit debug-bytes assume=exact
BenchmarkXGo 1 0 debug-bytes

rm -rf /home/runner/work/benchmarks/benchmarks/.ci/bent-run/gopath/bin
(cd /home/runner/work/benchmarks/benchmarks/.ci/bent-run/build/iXGo; LLGO_BUILD_TIMEOUT_SECONDS=1200 LLGO_COMMITTED_AT=2026-09-22T18:14:35+08:00 LLGO_BUILD_GO_VERSION=1.27.0 LLGO_BIN=/home/runner/work/benchmarks/benchmarks/ci/llgo-size/bin/llgo-build-timeout BENT_TIMING_LOG=/home/runner/work/benchmarks/benchmarks/.ci/bent-run/download-timings.log GOROOT_1_25_X64=/opt/hostedtoolcache/go/1.25.14/x64 LLGO_MAIN_INDEX=1686 LLGO_BUILD_KILL_GRACE_SECONDS=30 LLGO_COMMIT=71cd3baf1d4859c36f88a2ae68d271bb711d7c6a GO_VERSION=1.26.2 LLGO_REPOSITORY=xgo-dev/llgo GOROOT_1_24_X64=/opt/hostedtoolcache/go/1.24.13/x64 GOROOT_1_26_X64=/opt/hostedtoolcache/go/1.26.8/x64 BENT_REAL_GO=/opt/hostedtoolcache/go/1.26.2/x64/bin/go LLGO_ROOT=/home/runner/work/benchmarks/benchmarks/.ci/llgo LLGO_REAL_BIN=/home/runner/work/benchmarks/benchmarks/.ci/llgo/llgo LLGO_LTO_PLUGIN=/home/runner/work/benchmarks/benchmarks/.ci/llgo/ltoplugin/build/LLGOLTOPlugin.so GOPATH=/home/runner/work/benchmarks/benchmarks/.ci/bent-run/gopath GOOS=linux GOARCH=amd64 GO111MODULE=auto ROOT=/home/runner/work/benchmarks/benchmarks/.ci/bent-run GOROOT=/opt/hostedtoolcache/go/1.26.2/x64/ BENT_BENCH=iXGo BENT_CONFIG=LLGoDeadcodeDrop BENT_I=0 GOCACHE=/home/runner/work/benchmarks/benchmarks/.ci/bent-run/build-cache/runs/cache-3444139003/go-build XDG_CACHE_HOME=/home/runner/work/benchmarks/benchmarks/.ci/bent-run/build-cache/runs/cache-3444139003/xdg LocalAppData=/home/runner/work/benchmarks/benchmarks/.ci/bent-run/build-cache/runs/cache-3444139003/local-app-data /home/runner/work/benchmarks/benchmarks/ci/llgo-size/bin/llgo-build-timeout build -o /home/runner/work/benchmarks/benchmarks/.ci/bent-run/testbin/iXGo_LLGoDeadcodeDrop -deadcodedrop github.com/goplus/ixgo/cmd/ixgo )
goarch: amd64
toolchain: LLGoDeadcodeDrop
BenchmarkIXGo 1 128407226333 build-real-ns/op 419543157000 build-user-ns/op 10776231000 build-sys-ns/op
toolchain: LLGoDeadcodeDrop
( LLGO_BUILD_TIMEOUT_SECONDS=1200 LLGO_COMMITTED_AT=2026-09-22T18:14:35+08:00 LLGO_BUILD_GO_VERSION=1.27.0 LLGO_BIN=/home/runner/work/benchmarks/benchmarks/ci/llgo-size/bin/llgo-build-timeout BENT_TIMING_LOG=/home/runner/work/benchmarks/benchmarks/.ci/bent-run/download-timings.log GOROOT_1_25_X64=/opt/hostedtoolcache/go/1.25.14/x64 LLGO_MAIN_INDEX=1686 LLGO_BUILD_KILL_GRACE_SECONDS=30 LLGO_COMMIT=71cd3baf1d4859c36f88a2ae68d271bb711d7c6a GO_VERSION=1.26.2 LLGO_REPOSITORY=xgo-dev/llgo GOROOT_1_24_X64=/opt/hostedtoolcache/go/1.24.13/x64 GOROOT_1_26_X64=/opt/hostedtoolcache/go/1.26.8/x64 BENT_REAL_GO=/opt/hostedtoolcache/go/1.26.2/x64/bin/go LLGO_ROOT=/home/runner/work/benchmarks/benchmarks/.ci/llgo LLGO_REAL_BIN=/home/runner/work/benchmarks/benchmarks/.ci/llgo/llgo LLGO_LTO_PLUGIN=/home/runner/work/benchmarks/benchmarks/.ci/llgo/ltoplugin/build/LLGOLTOPlugin.so GOPATH=/home/runner/work/benchmarks/benchmarks/.ci/bent-run/gopath GOOS=linux GOARCH=amd64 GO111MODULE=auto ROOT=/home/runner/work/benchmarks/benchmarks/.ci/bent-run GOROOT=/opt/hostedtoolcache/go/1.26.2/x64/ BENT_BENCH=iXGo BENT_CONFIG=LLGoDeadcodeDrop BENT_I=0 GOCACHE=/home/runner/work/benchmarks/benchmarks/.ci/bent-run/build-cache/runs/cache-3444139003/go-build XDG_CACHE_HOME=/home/runner/work/benchmarks/benchmarks/.ci/bent-run/build-cache/runs/cache-3444139003/xdg LocalAppData=/home/runner/work/benchmarks/benchmarks/.ci/bent-run/build-cache/runs/cache-3444139003/local-app-data /home/runner/work/benchmarks/benchmarks/.ci/bent-run/benchsize /home/runner/work/benchmarks/benchmarks/.ci/bent-run/testbin/iXGo_LLGoDeadcodeDrop IXGo )
goos: linux
goarch: amd64
pkg:
Unit total-bytes assume=exact
BenchmarkIXGo 1 30721544 total-bytes
Unit text-bytes assume=exact
BenchmarkIXGo 1 10798656 text-bytes
Unit data-bytes assume=exact
BenchmarkIXGo 1 10397536 data-bytes
Unit rodata-bytes assume=exact
BenchmarkIXGo 1 6077384 rodata-bytes
Unit pclntab-bytes assume=exact
BenchmarkIXGo 1 0 pclntab-bytes
Unit debug-bytes assume=exact
BenchmarkIXGo 1 0 debug-bytes

rm -rf /home/runner/work/benchmarks/benchmarks/.ci/bent-run/gopath/bin
(cd /home/runner/work/benchmarks/benchmarks/.ci/bent-run/build/XGo; LLGO_BUILD_TIMEOUT_SECONDS=1200 LLGO_COMMITTED_AT=2026-09-22T18:14:35+08:00 LLGO_BUILD_GO_VERSION=1.27.0 LLGO_BIN=/home/runner/work/benchmarks/benchmarks/ci/llgo-size/bin/llgo-build-timeout BENT_TIMING_LOG=/home/runner/work/benchmarks/benchmarks/.ci/bent-run/download-timings.log GOROOT_1_25_X64=/opt/hostedtoolcache/go/1.25.14/x64 LLGO_MAIN_INDEX=1686 LLGO_BUILD_KILL_GRACE_SECONDS=30 LLGO_COMMIT=71cd3baf1d4859c36f88a2ae68d271bb711d7c6a GO_VERSION=1.26.2 LLGO_REPOSITORY=xgo-dev/llgo GOROOT_1_24_X64=/opt/hostedtoolcache/go/1.24.13/x64 GOROOT_1_26_X64=/opt/hostedtoolcache/go/1.26.8/x64 BENT_REAL_GO=/opt/hostedtoolcache/go/1.26.2/x64/bin/go LLGO_ROOT=/home/runner/work/benchmarks/benchmarks/.ci/llgo LLGO_REAL_BIN=/home/runner/work/benchmarks/benchmarks/.ci/llgo/llgo LLGO_LTO_PLUGIN=/home/runner/work/benchmarks/benchmarks/.ci/llgo/ltoplugin/build/LLGOLTOPlugin.so GOPATH=/home/runner/work/benchmarks/benchmarks/.ci/bent-run/gopath GOOS=linux GOARCH=amd64 GO111MODULE=auto ROOT=/home/runner/work/benchmarks/benchmarks/.ci/bent-run GOROOT=/opt/hostedtoolcache/go/1.26.2/x64/ BENT_BENCH=XGo BENT_CONFIG=LLGoDeadcodeDrop BENT_I=0 GOCACHE=/home/runner/work/benchmarks/benchmarks/.ci/bent-run/build-cache/runs/cache-4052674164/go-build XDG_CACHE_HOME=/home/runner/work/benchmarks/benchmarks/.ci/bent-run/build-cache/runs/cache-4052674164/xdg LocalAppData=/home/runner/work/benchmarks/benchmarks/.ci/bent-run/build-cache/runs/cache-4052674164/local-app-data /home/runner/work/benchmarks/benchmarks/ci/llgo-size/bin/llgo-build-timeout build -o /home/runner/work/benchmarks/benchmarks/.ci/bent-run/testbin/XGo_LLGoDeadcodeDrop -deadcodedrop github.com/goplus/xgo/cmd/xgo )
goarch: amd64
toolchain: LLGoDeadcodeDrop
BenchmarkXGo 1 42816712129 build-real-ns/op 110686033000 build-user-ns/op 2840888000 build-sys-ns/op
toolchain: LLGoDeadcodeDrop
( LLGO_BUILD_TIMEOUT_SECONDS=1200 LLGO_COMMITTED_AT=2026-09-22T18:14:35+08:00 LLGO_BUILD_GO_VERSION=1.27.0 LLGO_BIN=/home/runner/work/benchmarks/benchmarks/ci/llgo-size/bin/llgo-build-timeout BENT_TIMING_LOG=/home/runner/work/benchmarks/benchmarks/.ci/bent-run/download-timings.log GOROOT_1_25_X64=/opt/hostedtoolcache/go/1.25.14/x64 LLGO_MAIN_INDEX=1686 LLGO_BUILD_KILL_GRACE_SECONDS=30 LLGO_COMMIT=71cd3baf1d4859c36f88a2ae68d271bb711d7c6a GO_VERSION=1.26.2 LLGO_REPOSITORY=xgo-dev/llgo GOROOT_1_24_X64=/opt/hostedtoolcache/go/1.24.13/x64 GOROOT_1_26_X64=/opt/hostedtoolcache/go/1.26.8/x64 BENT_REAL_GO=/opt/hostedtoolcache/go/1.26.2/x64/bin/go LLGO_ROOT=/home/runner/work/benchmarks/benchmarks/.ci/llgo LLGO_REAL_BIN=/home/runner/work/benchmarks/benchmarks/.ci/llgo/llgo LLGO_LTO_PLUGIN=/home/runner/work/benchmarks/benchmarks/.ci/llgo/ltoplugin/build/LLGOLTOPlugin.so GOPATH=/home/runner/work/benchmarks/benchmarks/.ci/bent-run/gopath GOOS=linux GOARCH=amd64 GO111MODULE=auto ROOT=/home/runner/work/benchmarks/benchmarks/.ci/bent-run GOROOT=/opt/hostedtoolcache/go/1.26.2/x64/ BENT_BENCH=XGo BENT_CONFIG=LLGoDeadcodeDrop BENT_I=0 GOCACHE=/home/runner/work/benchmarks/benchmarks/.ci/bent-run/build-cache/runs/cache-4052674164/go-build XDG_CACHE_HOME=/home/runner/work/benchmarks/benchmarks/.ci/bent-run/build-cache/runs/cache-4052674164/xdg LocalAppData=/home/runner/work/benchmarks/benchmarks/.ci/bent-run/build-cache/runs/cache-4052674164/local-app-data /home/runner/work/benchmarks/benchmarks/.ci/bent-run/benchsize /home/runner/work/benchmarks/benchmarks/.ci/bent-run/testbin/XGo_LLGoDeadcodeDrop XGo )
goos: linux
goarch: amd64
pkg:
Unit total-bytes assume=exact
BenchmarkXGo 1 15621392 total-bytes
Unit text-bytes assume=exact
BenchmarkXGo 1 4997588 text-bytes
Unit data-bytes assume=exact
BenchmarkXGo 1 5707000 data-bytes
Unit rodata-bytes assume=exact
BenchmarkXGo 1 3320688 rodata-bytes
Unit pclntab-bytes assume=exact
BenchmarkXGo 1 0 pclntab-bytes
Unit debug-bytes assume=exact
BenchmarkXGo 1 0 debug-bytes

rm -rf /home/runner/work/benchmarks/benchmarks/.ci/bent-run/gopath/bin
(cd /home/runner/work/benchmarks/benchmarks/.ci/bent-run/build/gorm_schema; LLGO_BUILD_TIMEOUT_SECONDS=1200 LLGO_COMMITTED_AT=2026-09-22T18:14:35+08:00 LLGO_BUILD_GO_VERSION=1.27.0 LLGO_BIN=/home/runner/work/benchmarks/benchmarks/ci/llgo-size/bin/llgo-build-timeout BENT_TIMING_LOG=/home/runner/work/benchmarks/benchmarks/.ci/bent-run/download-timings.log GOROOT_1_25_X64=/opt/hostedtoolcache/go/1.25.14/x64 LLGO_MAIN_INDEX=1686 LLGO_BUILD_KILL_GRACE_SECONDS=30 LLGO_COMMIT=71cd3baf1d4859c36f88a2ae68d271bb711d7c6a GO_VERSION=1.26.2 LLGO_REPOSITORY=xgo-dev/llgo GOROOT_1_24_X64=/opt/hostedtoolcache/go/1.24.13/x64 GOROOT_1_26_X64=/opt/hostedtoolcache/go/1.26.8/x64 BENT_REAL_GO=/opt/hostedtoolcache/go/1.26.2/x64/bin/go LLGO_ROOT=/home/runner/work/benchmarks/benchmarks/.ci/llgo LLGO_REAL_BIN=/home/runner/work/benchmarks/benchmarks/.ci/llgo/llgo LLGO_LTO_PLUGIN=/home/runner/work/benchmarks/benchmarks/.ci/llgo/ltoplugin/build/LLGOLTOPlugin.so GOPATH=/home/runner/work/benchmarks/benchmarks/.ci/bent-run/gopath GOOS=linux GOARCH=amd64 GO111MODULE=auto ROOT=/home/runner/work/benchmarks/benchmarks/.ci/bent-run GOROOT=/opt/hostedtoolcache/go/1.26.2/x64/ BENT_BENCH=gorm_schema BENT_CONFIG=LLGoFullLTONoGlobalDCE BENT_I=0 GOCACHE=/home/runner/work/benchmarks/benchmarks/.ci/bent-run/build-cache/runs/cache-2938086956/go-build XDG_CACHE_HOME=/home/runner/work/benchmarks/benchmarks/.ci/bent-run/build-cache/runs/cache-2938086956/xdg LocalAppData=/home/runner/work/benchmarks/benchmarks/.ci/bent-run/build-cache/runs/cache-2938086956/local-app-data /home/runner/work/benchmarks/benchmarks/ci/llgo-size/bin/llgo-build-timeout test -c -o /home/runner/work/benchmarks/benchmarks/.ci/bent-run/testbin/gorm_schema_LLGoFullLTONoGlobalDCE -lto=full -globaldce=false gorm.io/gorm/schema )
goarch: amd64
toolchain: LLGoFullLTONoGlobalDCE
BenchmarkGorm_schema 1 42936166684 build-real-ns/op 61168537000 build-user-ns/op 1460388000 build-sys-ns/op
toolchain: LLGoFullLTONoGlobalDCE
( LLGO_BUILD_TIMEOUT_SECONDS=1200 LLGO_COMMITTED_AT=2026-09-22T18:14:35+08:00 LLGO_BUILD_GO_VERSION=1.27.0 LLGO_BIN=/home/runner/work/benchmarks/benchmarks/ci/llgo-size/bin/llgo-build-timeout BENT_TIMING_LOG=/home/runner/work/benchmarks/benchmarks/.ci/bent-run/download-timings.log GOROOT_1_25_X64=/opt/hostedtoolcache/go/1.25.14/x64 LLGO_MAIN_INDEX=1686 LLGO_BUILD_KILL_GRACE_SECONDS=30 LLGO_COMMIT=71cd3baf1d4859c36f88a2ae68d271bb711d7c6a GO_VERSION=1.26.2 LLGO_REPOSITORY=xgo-dev/llgo GOROOT_1_24_X64=/opt/hostedtoolcache/go/1.24.13/x64 GOROOT_1_26_X64=/opt/hostedtoolcache/go/1.26.8/x64 BENT_REAL_GO=/opt/hostedtoolcache/go/1.26.2/x64/bin/go LLGO_ROOT=/home/runner/work/benchmarks/benchmarks/.ci/llgo LLGO_REAL_BIN=/home/runner/work/benchmarks/benchmarks/.ci/llgo/llgo LLGO_LTO_PLUGIN=/home/runner/work/benchmarks/benchmarks/.ci/llgo/ltoplugin/build/LLGOLTOPlugin.so GOPATH=/home/runner/work/benchmarks/benchmarks/.ci/bent-run/gopath GOOS=linux GOARCH=amd64 GO111MODULE=auto ROOT=/home/runner/work/benchmarks/benchmarks/.ci/bent-run GOROOT=/opt/hostedtoolcache/go/1.26.2/x64/ BENT_BENCH=gorm_schema BENT_CONFIG=LLGoFullLTONoGlobalDCE BENT_I=0 GOCACHE=/home/runner/work/benchmarks/benchmarks/.ci/bent-run/build-cache/runs/cache-2938086956/go-build XDG_CACHE_HOME=/home/runner/work/benchmarks/benchmarks/.ci/bent-run/build-cache/runs/cache-2938086956/xdg LocalAppData=/home/runner/work/benchmarks/benchmarks/.ci/bent-run/build-cache/runs/cache-2938086956/local-app-data /home/runner/work/benchmarks/benchmarks/.ci/bent-run/benchsize /home/runner/work/benchmarks/benchmarks/.ci/bent-run/testbin/gorm_schema_LLGoFullLTONoGlobalDCE Gorm_schema )
goos: linux
goarch: amd64
pkg:
Unit total-bytes assume=exact
BenchmarkGorm_schema 1 6717128 total-bytes
Unit text-bytes assume=exact
BenchmarkGorm_schema 1 2338595 text-bytes
Unit data-bytes assume=exact
BenchmarkGorm_schema 1 2425704 data-bytes
Unit rodata-bytes assume=exact
BenchmarkGorm_schema 1 2298976 rodata-bytes
Unit pclntab-bytes assume=exact
BenchmarkGorm_schema 1 0 pclntab-bytes
Unit debug-bytes assume=exact
BenchmarkGorm_schema 1 0 debug-bytes

rm -rf /home/runner/work/benchmarks/benchmarks/.ci/bent-run/gopath/bin
(cd /home/runner/work/benchmarks/benchmarks/.ci/bent-run/build/aws_restjson_v1; LLGO_BUILD_TIMEOUT_SECONDS=1200 LLGO_COMMITTED_AT=2026-09-22T18:14:35+08:00 LLGO_BUILD_GO_VERSION=1.27.0 LLGO_BIN=/home/runner/work/benchmarks/benchmarks/ci/llgo-size/bin/llgo-build-timeout BENT_TIMING_LOG=/home/runner/work/benchmarks/benchmarks/.ci/bent-run/download-timings.log GOROOT_1_25_X64=/opt/hostedtoolcache/go/1.25.14/x64 LLGO_MAIN_INDEX=1686 LLGO_BUILD_KILL_GRACE_SECONDS=30 LLGO_COMMIT=71cd3baf1d4859c36f88a2ae68d271bb711d7c6a GO_VERSION=1.26.2 LLGO_REPOSITORY=xgo-dev/llgo GOROOT_1_24_X64=/opt/hostedtoolcache/go/1.24.13/x64 GOROOT_1_26_X64=/opt/hostedtoolcache/go/1.26.8/x64 BENT_REAL_GO=/opt/hostedtoolcache/go/1.26.2/x64/bin/go LLGO_ROOT=/home/runner/work/benchmarks/benchmarks/.ci/llgo LLGO_REAL_BIN=/home/runner/work/benchmarks/benchmarks/.ci/llgo/llgo LLGO_LTO_PLUGIN=/home/runner/work/benchmarks/benchmarks/.ci/llgo/ltoplugin/build/LLGOLTOPlugin.so GOPATH=/home/runner/work/benchmarks/benchmarks/.ci/bent-run/gopath GOOS=linux GOARCH=amd64 GO111MODULE=auto ROOT=/home/runner/work/benchmarks/benchmarks/.ci/bent-run GOROOT=/opt/hostedtoolcache/go/1.26.2/x64/ BENT_BENCH=aws_restjson BENT_CONFIG=LLGoFullLTOGlobalDCE BENT_I=0 GOCACHE=/home/runner/work/benchmarks/benchmarks/.ci/bent-run/build-cache/runs/cache-2357022058/go-build XDG_CACHE_HOME=/home/runner/work/benchmarks/benchmarks/.ci/bent-run/build-cache/runs/cache-2357022058/xdg LocalAppData=/home/runner/work/benchmarks/benchmarks/.ci/bent-run/build-cache/runs/cache-2357022058/local-app-data /home/runner/work/benchmarks/benchmarks/ci/llgo-size/bin/llgo-build-timeout test -c -o /home/runner/work/benchmarks/benchmarks/.ci/bent-run/testbin/aws_restjson_v1_LLGoFullLTOGlobalDCE -lto=full github.com/aws/aws-sdk-go/private/protocol/restjson )
goarch: amd64
toolchain: LLGoFullLTOGlobalDCE
BenchmarkAws_restjson 1 87552628287 build-real-ns/op 123443861000 build-user-ns/op 2604012000 build-sys-ns/op
toolchain: LLGoFullLTOGlobalDCE
( LLGO_BUILD_TIMEOUT_SECONDS=1200 LLGO_COMMITTED_AT=2026-09-22T18:14:35+08:00 LLGO_BUILD_GO_VERSION=1.27.0 LLGO_BIN=/home/runner/work/benchmarks/benchmarks/ci/llgo-size/bin/llgo-build-timeout BENT_TIMING_LOG=/home/runner/work/benchmarks/benchmarks/.ci/bent-run/download-timings.log GOROOT_1_25_X64=/opt/hostedtoolcache/go/1.25.14/x64 LLGO_MAIN_INDEX=1686 LLGO_BUILD_KILL_GRACE_SECONDS=30 LLGO_COMMIT=71cd3baf1d4859c36f88a2ae68d271bb711d7c6a GO_VERSION=1.26.2 LLGO_REPOSITORY=xgo-dev/llgo GOROOT_1_24_X64=/opt/hostedtoolcache/go/1.24.13/x64 GOROOT_1_26_X64=/opt/hostedtoolcache/go/1.26.8/x64 BENT_REAL_GO=/opt/hostedtoolcache/go/1.26.2/x64/bin/go LLGO_ROOT=/home/runner/work/benchmarks/benchmarks/.ci/llgo LLGO_REAL_BIN=/home/runner/work/benchmarks/benchmarks/.ci/llgo/llgo LLGO_LTO_PLUGIN=/home/runner/work/benchmarks/benchmarks/.ci/llgo/ltoplugin/build/LLGOLTOPlugin.so GOPATH=/home/runner/work/benchmarks/benchmarks/.ci/bent-run/gopath GOOS=linux GOARCH=amd64 GO111MODULE=auto ROOT=/home/runner/work/benchmarks/benchmarks/.ci/bent-run GOROOT=/opt/hostedtoolcache/go/1.26.2/x64/ BENT_BENCH=aws_restjson BENT_CONFIG=LLGoFullLTOGlobalDCE BENT_I=0 GOCACHE=/home/runner/work/benchmarks/benchmarks/.ci/bent-run/build-cache/runs/cache-2357022058/go-build XDG_CACHE_HOME=/home/runner/work/benchmarks/benchmarks/.ci/bent-run/build-cache/runs/cache-2357022058/xdg LocalAppData=/home/runner/work/benchmarks/benchmarks/.ci/bent-run/build-cache/runs/cache-2357022058/local-app-data /home/runner/work/benchmarks/benchmarks/.ci/bent-run/benchsize /home/runner/work/benchmarks/benchmarks/.ci/bent-run/testbin/aws_restjson_v1_LLGoFullLTOGlobalDCE Aws_restjson )
goos: linux
goarch: amd64
pkg:
Unit total-bytes assume=exact
BenchmarkAws_restjson 1 10395312 total-bytes
Unit text-bytes assume=exact
BenchmarkAws_restjson 1 3643656 text-bytes
Unit data-bytes assume=exact
BenchmarkAws_restjson 1 4027888 data-bytes
Unit rodata-bytes assume=exact
BenchmarkAws_restjson 1 3805896 rodata-bytes
Unit pclntab-bytes assume=exact
BenchmarkAws_restjson 1 0 pclntab-bytes
Unit debug-bytes assume=exact
BenchmarkAws_restjson 1 0 debug-bytes

rm -rf /home/runner/work/benchmarks/benchmarks/.ci/bent-run/gopath/bin
(cd /home/runner/work/benchmarks/benchmarks/.ci/bent-run/build/uber_zap; LLGO_BUILD_TIMEOUT_SECONDS=1200 LLGO_COMMITTED_AT=2026-09-22T18:14:35+08:00 LLGO_BUILD_GO_VERSION=1.27.0 LLGO_BIN=/home/runner/work/benchmarks/benchmarks/ci/llgo-size/bin/llgo-build-timeout BENT_TIMING_LOG=/home/runner/work/benchmarks/benchmarks/.ci/bent-run/download-timings.log GOROOT_1_25_X64=/opt/hostedtoolcache/go/1.25.14/x64 LLGO_MAIN_INDEX=1686 LLGO_BUILD_KILL_GRACE_SECONDS=30 LLGO_COMMIT=71cd3baf1d4859c36f88a2ae68d271bb711d7c6a GO_VERSION=1.26.2 LLGO_REPOSITORY=xgo-dev/llgo GOROOT_1_24_X64=/opt/hostedtoolcache/go/1.24.13/x64 GOROOT_1_26_X64=/opt/hostedtoolcache/go/1.26.8/x64 BENT_REAL_GO=/opt/hostedtoolcache/go/1.26.2/x64/bin/go LLGO_ROOT=/home/runner/work/benchmarks/benchmarks/.ci/llgo LLGO_REAL_BIN=/home/runner/work/benchmarks/benchmarks/.ci/llgo/llgo LLGO_LTO_PLUGIN=/home/runner/work/benchmarks/benchmarks/.ci/llgo/ltoplugin/build/LLGOLTOPlugin.so GOPATH=/home/runner/work/benchmarks/benchmarks/.ci/bent-run/gopath GOOS=linux GOARCH=amd64 GO111MODULE=auto ROOT=/home/runner/work/benchmarks/benchmarks/.ci/bent-run GOROOT=/opt/hostedtoolcache/go/1.26.2/x64/ BENT_BENCH=uber_zap BENT_CONFIG=LLGoFullLTOGlobalDCE BENT_I=0 GOCACHE=/home/runner/work/benchmarks/benchmarks/.ci/bent-run/build-cache/runs/cache-1998758874/go-build XDG_CACHE_HOME=/home/runner/work/benchmarks/benchmarks/.ci/bent-run/build-cache/runs/cache-1998758874/xdg LocalAppData=/home/runner/work/benchmarks/benchmarks/.ci/bent-run/build-cache/runs/cache-1998758874/local-app-data /home/runner/work/benchmarks/benchmarks/ci/llgo-size/bin/llgo-build-timeout test -c -o /home/runner/work/benchmarks/benchmarks/.ci/bent-run/testbin/uber_zap_LLGoFullLTOGlobalDCE -lto=full go.uber.org/zap/zapcore )
goarch: amd64
toolchain: LLGoFullLTOGlobalDCE
BenchmarkUber_zap 1 72256663613 build-real-ns/op 98069554000 build-user-ns/op 1838951000 build-sys-ns/op
toolchain: LLGoFullLTOGlobalDCE
( LLGO_BUILD_TIMEOUT_SECONDS=1200 LLGO_COMMITTED_AT=2026-09-22T18:14:35+08:00 LLGO_BUILD_GO_VERSION=1.27.0 LLGO_BIN=/home/runner/work/benchmarks/benchmarks/ci/llgo-size/bin/llgo-build-timeout BENT_TIMING_LOG=/home/runner/work/benchmarks/benchmarks/.ci/bent-run/download-timings.log GOROOT_1_25_X64=/opt/hostedtoolcache/go/1.25.14/x64 LLGO_MAIN_INDEX=1686 LLGO_BUILD_KILL_GRACE_SECONDS=30 LLGO_COMMIT=71cd3baf1d4859c36f88a2ae68d271bb711d7c6a GO_VERSION=1.26.2 LLGO_REPOSITORY=xgo-dev/llgo GOROOT_1_24_X64=/opt/hostedtoolcache/go/1.24.13/x64 GOROOT_1_26_X64=/opt/hostedtoolcache/go/1.26.8/x64 BENT_REAL_GO=/opt/hostedtoolcache/go/1.26.2/x64/bin/go LLGO_ROOT=/home/runner/work/benchmarks/benchmarks/.ci/llgo LLGO_REAL_BIN=/home/runner/work/benchmarks/benchmarks/.ci/llgo/llgo LLGO_LTO_PLUGIN=/home/runner/work/benchmarks/benchmarks/.ci/llgo/ltoplugin/build/LLGOLTOPlugin.so GOPATH=/home/runner/work/benchmarks/benchmarks/.ci/bent-run/gopath GOOS=linux GOARCH=amd64 GO111MODULE=auto ROOT=/home/runner/work/benchmarks/benchmarks/.ci/bent-run GOROOT=/opt/hostedtoolcache/go/1.26.2/x64/ BENT_BENCH=uber_zap BENT_CONFIG=LLGoFullLTOGlobalDCE BENT_I=0 GOCACHE=/home/runner/work/benchmarks/benchmarks/.ci/bent-run/build-cache/runs/cache-1998758874/go-build XDG_CACHE_HOME=/home/runner/work/benchmarks/benchmarks/.ci/bent-run/build-cache/runs/cache-1998758874/xdg LocalAppData=/home/runner/work/benchmarks/benchmarks/.ci/bent-run/build-cache/runs/cache-1998758874/local-app-data /home/runner/work/benchmarks/benchmarks/.ci/bent-run/benchsize /home/runner/work/benchmarks/benchmarks/.ci/bent-run/testbin/uber_zap_LLGoFullLTOGlobalDCE Uber_zap )
goos: linux
goarch: amd64
pkg:
Unit total-bytes assume=exact
BenchmarkUber_zap 1 9568664 total-bytes
Unit text-bytes assume=exact
BenchmarkUber_zap 1 3206252 text-bytes
Unit data-bytes assume=exact
BenchmarkUber_zap 1 3757232 data-bytes
Unit rodata-bytes assume=exact
BenchmarkUber_zap 1 3534120 rodata-bytes
Unit pclntab-bytes assume=exact
BenchmarkUber_zap 1 0 pclntab-bytes
Unit debug-bytes assume=exact
BenchmarkUber_zap 1 0 debug-bytes

rm -rf /home/runner/work/benchmarks/benchmarks/.ci/bent-run/gopath/bin
(cd /home/runner/work/benchmarks/benchmarks/.ci/bent-run/build/gorm_schema; LLGO_BUILD_TIMEOUT_SECONDS=1200 LLGO_COMMITTED_AT=2026-09-22T18:14:35+08:00 LLGO_BUILD_GO_VERSION=1.27.0 LLGO_BIN=/home/runner/work/benchmarks/benchmarks/ci/llgo-size/bin/llgo-build-timeout BENT_TIMING_LOG=/home/runner/work/benchmarks/benchmarks/.ci/bent-run/download-timings.log GOROOT_1_25_X64=/opt/hostedtoolcache/go/1.25.14/x64 LLGO_MAIN_INDEX=1686 LLGO_BUILD_KILL_GRACE_SECONDS=30 LLGO_COMMIT=71cd3baf1d4859c36f88a2ae68d271bb711d7c6a GO_VERSION=1.26.2 LLGO_REPOSITORY=xgo-dev/llgo GOROOT_1_24_X64=/opt/hostedtoolcache/go/1.24.13/x64 GOROOT_1_26_X64=/opt/hostedtoolcache/go/1.26.8/x64 BENT_REAL_GO=/opt/hostedtoolcache/go/1.26.2/x64/bin/go LLGO_ROOT=/home/runner/work/benchmarks/benchmarks/.ci/llgo LLGO_REAL_BIN=/home/runner/work/benchmarks/benchmarks/.ci/llgo/llgo LLGO_LTO_PLUGIN=/home/runner/work/benchmarks/benchmarks/.ci/llgo/ltoplugin/build/LLGOLTOPlugin.so GOPATH=/home/runner/work/benchmarks/benchmarks/.ci/bent-run/gopath GOOS=linux GOARCH=amd64 GO111MODULE=auto ROOT=/home/runner/work/benchmarks/benchmarks/.ci/bent-run GOROOT=/opt/hostedtoolcache/go/1.26.2/x64/ BENT_BENCH=gorm_schema BENT_CONFIG=LLGoFullLTOGlobalDCE BENT_I=0 GOCACHE=/home/runner/work/benchmarks/benchmarks/.ci/bent-run/build-cache/runs/cache-82753099/go-build XDG_CACHE_HOME=/home/runner/work/benchmarks/benchmarks/.ci/bent-run/build-cache/runs/cache-82753099/xdg LocalAppData=/home/runner/work/benchmarks/benchmarks/.ci/bent-run/build-cache/runs/cache-82753099/local-app-data /home/runner/work/benchmarks/benchmarks/ci/llgo-size/bin/llgo-build-timeout test -c -o /home/runner/work/benchmarks/benchmarks/.ci/bent-run/testbin/gorm_schema_LLGoFullLTOGlobalDCE -lto=full gorm.io/gorm/schema )
goarch: amd64
toolchain: LLGoFullLTOGlobalDCE
BenchmarkGorm_schema 1 42285201660 build-real-ns/op 61333660000 build-user-ns/op 1380198000 build-sys-ns/op
toolchain: LLGoFullLTOGlobalDCE
( LLGO_BUILD_TIMEOUT_SECONDS=1200 LLGO_COMMITTED_AT=2026-09-22T18:14:35+08:00 LLGO_BUILD_GO_VERSION=1.27.0 LLGO_BIN=/home/runner/work/benchmarks/benchmarks/ci/llgo-size/bin/llgo-build-timeout BENT_TIMING_LOG=/home/runner/work/benchmarks/benchmarks/.ci/bent-run/download-timings.log GOROOT_1_25_X64=/opt/hostedtoolcache/go/1.25.14/x64 LLGO_MAIN_INDEX=1686 LLGO_BUILD_KILL_GRACE_SECONDS=30 LLGO_COMMIT=71cd3baf1d4859c36f88a2ae68d271bb711d7c6a GO_VERSION=1.26.2 LLGO_REPOSITORY=xgo-dev/llgo GOROOT_1_24_X64=/opt/hostedtoolcache/go/1.24.13/x64 GOROOT_1_26_X64=/opt/hostedtoolcache/go/1.26.8/x64 BENT_REAL_GO=/opt/hostedtoolcache/go/1.26.2/x64/bin/go LLGO_ROOT=/home/runner/work/benchmarks/benchmarks/.ci/llgo LLGO_REAL_BIN=/home/runner/work/benchmarks/benchmarks/.ci/llgo/llgo LLGO_LTO_PLUGIN=/home/runner/work/benchmarks/benchmarks/.ci/llgo/ltoplugin/build/LLGOLTOPlugin.so GOPATH=/home/runner/work/benchmarks/benchmarks/.ci/bent-run/gopath GOOS=linux GOARCH=amd64 GO111MODULE=auto ROOT=/home/runner/work/benchmarks/benchmarks/.ci/bent-run GOROOT=/opt/hostedtoolcache/go/1.26.2/x64/ BENT_BENCH=gorm_schema BENT_CONFIG=LLGoFullLTOGlobalDCE BENT_I=0 GOCACHE=/home/runner/work/benchmarks/benchmarks/.ci/bent-run/build-cache/runs/cache-82753099/go-build XDG_CACHE_HOME=/home/runner/work/benchmarks/benchmarks/.ci/bent-run/build-cache/runs/cache-82753099/xdg LocalAppData=/home/runner/work/benchmarks/benchmarks/.ci/bent-run/build-cache/runs/cache-82753099/local-app-data /home/runner/work/benchmarks/benchmarks/.ci/bent-run/benchsize /home/runner/work/benchmarks/benchmarks/.ci/bent-run/testbin/gorm_schema_LLGoFullLTOGlobalDCE Gorm_schema )
goos: linux
goarch: amd64
pkg:
Unit total-bytes assume=exact
BenchmarkGorm_schema 1 6544752 total-bytes
Unit text-bytes assume=exact
BenchmarkGorm_schema 1 2227270 text-bytes
Unit data-bytes assume=exact
BenchmarkGorm_schema 1 2431672 data-bytes
Unit rodata-bytes assume=exact
BenchmarkGorm_schema 1 2304952 rodata-bytes
Unit pclntab-bytes assume=exact
BenchmarkGorm_schema 1 0 pclntab-bytes
Unit debug-bytes assume=exact
BenchmarkGorm_schema 1 0 debug-bytes

rm -rf /home/runner/work/benchmarks/benchmarks/.ci/bent-run/gopath/bin
(cd /home/runner/work/benchmarks/benchmarks/.ci/bent-run/build/dustin_humanize; LLGO_BUILD_TIMEOUT_SECONDS=1200 LLGO_COMMITTED_AT=2026-09-22T18:14:35+08:00 LLGO_BUILD_GO_VERSION=1.27.0 LLGO_BIN=/home/runner/work/benchmarks/benchmarks/ci/llgo-size/bin/llgo-build-timeout BENT_TIMING_LOG=/home/runner/work/benchmarks/benchmarks/.ci/bent-run/download-timings.log GOROOT_1_25_X64=/opt/hostedtoolcache/go/1.25.14/x64 LLGO_MAIN_INDEX=1686 LLGO_BUILD_KILL_GRACE_SECONDS=30 LLGO_COMMIT=71cd3baf1d4859c36f88a2ae68d271bb711d7c6a GO_VERSION=1.26.2 LLGO_REPOSITORY=xgo-dev/llgo GOROOT_1_24_X64=/opt/hostedtoolcache/go/1.24.13/x64 GOROOT_1_26_X64=/opt/hostedtoolcache/go/1.26.8/x64 BENT_REAL_GO=/opt/hostedtoolcache/go/1.26.2/x64/bin/go LLGO_ROOT=/home/runner/work/benchmarks/benchmarks/.ci/llgo LLGO_REAL_BIN=/home/runner/work/benchmarks/benchmarks/.ci/llgo/llgo LLGO_LTO_PLUGIN=/home/runner/work/benchmarks/benchmarks/.ci/llgo/ltoplugin/build/LLGOLTOPlugin.so GOPATH=/home/runner/work/benchmarks/benchmarks/.ci/bent-run/gopath GOOS=linux GOARCH=amd64 GO111MODULE=auto ROOT=/home/runner/work/benchmarks/benchmarks/.ci/bent-run GOROOT=/opt/hostedtoolcache/go/1.26.2/x64/ BENT_BENCH=dustin_humanize BENT_CONFIG=LLGoDeadcodeDrop BENT_I=0 GOCACHE=/home/runner/work/benchmarks/benchmarks/.ci/bent-run/build-cache/runs/cache-1953776038/go-build XDG_CACHE_HOME=/home/runner/work/benchmarks/benchmarks/.ci/bent-run/build-cache/runs/cache-1953776038/xdg LocalAppData=/home/runner/work/benchmarks/benchmarks/.ci/bent-run/build-cache/runs/cache-1953776038/local-app-data /home/runner/work/benchmarks/benchmarks/ci/llgo-size/bin/llgo-build-timeout test -c -o /home/runner/work/benchmarks/benchmarks/.ci/bent-run/testbin/dustin_humanize_LLGoDeadcodeDrop -deadcodedrop github.com/dustin/go-humanize )
goarch: amd64
toolchain: LLGoDeadcodeDrop
BenchmarkDustin_humanize 1 6016188902 build-real-ns/op 13541324000 build-user-ns/op 772793000 build-sys-ns/op
toolchain: LLGoDeadcodeDrop
( LLGO_BUILD_TIMEOUT_SECONDS=1200 LLGO_COMMITTED_AT=2026-09-22T18:14:35+08:00 LLGO_BUILD_GO_VERSION=1.27.0 LLGO_BIN=/home/runner/work/benchmarks/benchmarks/ci/llgo-size/bin/llgo-build-timeout BENT_TIMING_LOG=/home/runner/work/benchmarks/benchmarks/.ci/bent-run/download-timings.log GOROOT_1_25_X64=/opt/hostedtoolcache/go/1.25.14/x64 LLGO_MAIN_INDEX=1686 LLGO_BUILD_KILL_GRACE_SECONDS=30 LLGO_COMMIT=71cd3baf1d4859c36f88a2ae68d271bb711d7c6a GO_VERSION=1.26.2 LLGO_REPOSITORY=xgo-dev/llgo GOROOT_1_24_X64=/opt/hostedtoolcache/go/1.24.13/x64 GOROOT_1_26_X64=/opt/hostedtoolcache/go/1.26.8/x64 BENT_REAL_GO=/opt/hostedtoolcache/go/1.26.2/x64/bin/go LLGO_ROOT=/home/runner/work/benchmarks/benchmarks/.ci/llgo LLGO_REAL_BIN=/home/runner/work/benchmarks/benchmarks/.ci/llgo/llgo LLGO_LTO_PLUGIN=/home/runner/work/benchmarks/benchmarks/.ci/llgo/ltoplugin/build/LLGOLTOPlugin.so GOPATH=/home/runner/work/benchmarks/benchmarks/.ci/bent-run/gopath GOOS=linux GOARCH=amd64 GO111MODULE=auto ROOT=/home/runner/work/benchmarks/benchmarks/.ci/bent-run GOROOT=/opt/hostedtoolcache/go/1.26.2/x64/ BENT_BENCH=dustin_humanize BENT_CONFIG=LLGoDeadcodeDrop BENT_I=0 GOCACHE=/home/runner/work/benchmarks/benchmarks/.ci/bent-run/build-cache/runs/cache-1953776038/go-build XDG_CACHE_HOME=/home/runner/work/benchmarks/benchmarks/.ci/bent-run/build-cache/runs/cache-1953776038/xdg LocalAppData=/home/runner/work/benchmarks/benchmarks/.ci/bent-run/build-cache/runs/cache-1953776038/local-app-data /home/runner/work/benchmarks/benchmarks/.ci/bent-run/benchsize /home/runner/work/benchmarks/benchmarks/.ci/bent-run/testbin/dustin_humanize_LLGoDeadcodeDrop Dustin_humanize )
goos: linux
goarch: amd64
pkg:
Unit total-bytes assume=exact
BenchmarkDustin_humanize 1 3391512 total-bytes
Unit text-bytes assume=exact
BenchmarkDustin_humanize 1 979374 text-bytes
Unit data-bytes assume=exact
BenchmarkDustin_humanize 1 1502896 data-bytes
Unit rodata-bytes assume=exact
BenchmarkDustin_humanize 1 893192 rodata-bytes
Unit pclntab-bytes assume=exact
BenchmarkDustin_humanize 1 0 pclntab-bytes
Unit debug-bytes assume=exact
BenchmarkDustin_humanize 1 0 debug-bytes

rm -rf /home/runner/work/benchmarks/benchmarks/.ci/bent-run/gopath/bin
(cd /home/runner/work/benchmarks/benchmarks/.ci/bent-run/build/aws_restjson_v1; LLGO_BUILD_TIMEOUT_SECONDS=1200 LLGO_COMMITTED_AT=2026-09-22T18:14:35+08:00 LLGO_BUILD_GO_VERSION=1.27.0 LLGO_BIN=/home/runner/work/benchmarks/benchmarks/ci/llgo-size/bin/llgo-build-timeout BENT_TIMING_LOG=/home/runner/work/benchmarks/benchmarks/.ci/bent-run/download-timings.log GOROOT_1_25_X64=/opt/hostedtoolcache/go/1.25.14/x64 LLGO_MAIN_INDEX=1686 LLGO_BUILD_KILL_GRACE_SECONDS=30 LLGO_COMMIT=71cd3baf1d4859c36f88a2ae68d271bb711d7c6a GO_VERSION=1.26.2 LLGO_REPOSITORY=xgo-dev/llgo GOROOT_1_24_X64=/opt/hostedtoolcache/go/1.24.13/x64 GOROOT_1_26_X64=/opt/hostedtoolcache/go/1.26.8/x64 BENT_REAL_GO=/opt/hostedtoolcache/go/1.26.2/x64/bin/go LLGO_ROOT=/home/runner/work/benchmarks/benchmarks/.ci/llgo LLGO_REAL_BIN=/home/runner/work/benchmarks/benchmarks/.ci/llgo/llgo LLGO_LTO_PLUGIN=/home/runner/work/benchmarks/benchmarks/.ci/llgo/ltoplugin/build/LLGOLTOPlugin.so GOPATH=/home/runner/work/benchmarks/benchmarks/.ci/bent-run/gopath GOOS=linux GOARCH=amd64 GO111MODULE=auto ROOT=/home/runner/work/benchmarks/benchmarks/.ci/bent-run GOROOT=/opt/hostedtoolcache/go/1.26.2/x64/ BENT_BENCH=aws_restjson BENT_CONFIG=LLGoNoLTO BENT_I=0 GOCACHE=/home/runner/work/benchmarks/benchmarks/.ci/bent-run/build-cache/runs/cache-3360789332/go-build XDG_CACHE_HOME=/home/runner/work/benchmarks/benchmarks/.ci/bent-run/build-cache/runs/cache-3360789332/xdg LocalAppData=/home/runner/work/benchmarks/benchmarks/.ci/bent-run/build-cache/runs/cache-3360789332/local-app-data /home/runner/work/benchmarks/benchmarks/ci/llgo-size/bin/llgo-build-timeout test -c -o /home/runner/work/benchmarks/benchmarks/.ci/bent-run/testbin/aws_restjson_v1_LLGoNoLTO github.com/aws/aws-sdk-go/private/protocol/restjson )
goarch: amd64
toolchain: LLGoNoLTO
BenchmarkAws_restjson 1 38572884735 build-real-ns/op 82054593000 build-user-ns/op 2130939000 build-sys-ns/op
toolchain: LLGoNoLTO
( LLGO_BUILD_TIMEOUT_SECONDS=1200 LLGO_COMMITTED_AT=2026-09-22T18:14:35+08:00 LLGO_BUILD_GO_VERSION=1.27.0 LLGO_BIN=/home/runner/work/benchmarks/benchmarks/ci/llgo-size/bin/llgo-build-timeout BENT_TIMING_LOG=/home/runner/work/benchmarks/benchmarks/.ci/bent-run/download-timings.log GOROOT_1_25_X64=/opt/hostedtoolcache/go/1.25.14/x64 LLGO_MAIN_INDEX=1686 LLGO_BUILD_KILL_GRACE_SECONDS=30 LLGO_COMMIT=71cd3baf1d4859c36f88a2ae68d271bb711d7c6a GO_VERSION=1.26.2 LLGO_REPOSITORY=xgo-dev/llgo GOROOT_1_24_X64=/opt/hostedtoolcache/go/1.24.13/x64 GOROOT_1_26_X64=/opt/hostedtoolcache/go/1.26.8/x64 BENT_REAL_GO=/opt/hostedtoolcache/go/1.26.2/x64/bin/go LLGO_ROOT=/home/runner/work/benchmarks/benchmarks/.ci/llgo LLGO_REAL_BIN=/home/runner/work/benchmarks/benchmarks/.ci/llgo/llgo LLGO_LTO_PLUGIN=/home/runner/work/benchmarks/benchmarks/.ci/llgo/ltoplugin/build/LLGOLTOPlugin.so GOPATH=/home/runner/work/benchmarks/benchmarks/.ci/bent-run/gopath GOOS=linux GOARCH=amd64 GO111MODULE=auto ROOT=/home/runner/work/benchmarks/benchmarks/.ci/bent-run GOROOT=/opt/hostedtoolcache/go/1.26.2/x64/ BENT_BENCH=aws_restjson BENT_CONFIG=LLGoNoLTO BENT_I=0 GOCACHE=/home/runner/work/benchmarks/benchmarks/.ci/bent-run/build-cache/runs/cache-3360789332/go-build XDG_CACHE_HOME=/home/runner/work/benchmarks/benchmarks/.ci/bent-run/build-cache/runs/cache-3360789332/xdg LocalAppData=/home/runner/work/benchmarks/benchmarks/.ci/bent-run/build-cache/runs/cache-3360789332/local-app-data /home/runner/work/benchmarks/benchmarks/.ci/bent-run/benchsize /home/runner/work/benchmarks/benchmarks/.ci/bent-run/testbin/aws_restjson_v1_LLGoNoLTO Aws_restjson )
goos: linux
goarch: amd64
pkg:
Unit total-bytes assume=exact
BenchmarkAws_restjson 1 12952000 total-bytes
Unit text-bytes assume=exact
BenchmarkAws_restjson 1 5048741 text-bytes
Unit data-bytes assume=exact
BenchmarkAws_restjson 1 4088176 data-bytes
Unit rodata-bytes assume=exact
BenchmarkAws_restjson 1 2374936 rodata-bytes
Unit pclntab-bytes assume=exact
BenchmarkAws_restjson 1 0 pclntab-bytes
Unit debug-bytes assume=exact
BenchmarkAws_restjson 1 0 debug-bytes

rm -rf /home/runner/work/benchmarks/benchmarks/.ci/bent-run/gopath/bin
(cd /home/runner/work/benchmarks/benchmarks/.ci/bent-run/build/dustin_humanize; LLGO_BUILD_TIMEOUT_SECONDS=1200 LLGO_COMMITTED_AT=2026-09-22T18:14:35+08:00 LLGO_BUILD_GO_VERSION=1.27.0 LLGO_BIN=/home/runner/work/benchmarks/benchmarks/ci/llgo-size/bin/llgo-build-timeout BENT_TIMING_LOG=/home/runner/work/benchmarks/benchmarks/.ci/bent-run/download-timings.log GOROOT_1_25_X64=/opt/hostedtoolcache/go/1.25.14/x64 LLGO_MAIN_INDEX=1686 LLGO_BUILD_KILL_GRACE_SECONDS=30 LLGO_COMMIT=71cd3baf1d4859c36f88a2ae68d271bb711d7c6a GO_VERSION=1.26.2 LLGO_REPOSITORY=xgo-dev/llgo GOROOT_1_24_X64=/opt/hostedtoolcache/go/1.24.13/x64 GOROOT_1_26_X64=/opt/hostedtoolcache/go/1.26.8/x64 BENT_REAL_GO=/opt/hostedtoolcache/go/1.26.2/x64/bin/go LLGO_ROOT=/home/runner/work/benchmarks/benchmarks/.ci/llgo LLGO_REAL_BIN=/home/runner/work/benchmarks/benchmarks/.ci/llgo/llgo LLGO_LTO_PLUGIN=/home/runner/work/benchmarks/benchmarks/.ci/llgo/ltoplugin/build/LLGOLTOPlugin.so GOPATH=/home/runner/work/benchmarks/benchmarks/.ci/bent-run/gopath GOOS=linux GOARCH=amd64 GO111MODULE=auto ROOT=/home/runner/work/benchmarks/benchmarks/.ci/bent-run GOROOT=/opt/hostedtoolcache/go/1.26.2/x64/ BENT_BENCH=dustin_humanize BENT_CONFIG=LLGoNoLTO BENT_I=0 GOCACHE=/home/runner/work/benchmarks/benchmarks/.ci/bent-run/build-cache/runs/cache-1497090570/go-build XDG_CACHE_HOME=/home/runner/work/benchmarks/benchmarks/.ci/bent-run/build-cache/runs/cache-1497090570/xdg LocalAppData=/home/runner/work/benchmarks/benchmarks/.ci/bent-run/build-cache/runs/cache-1497090570/local-app-data /home/runner/work/benchmarks/benchmarks/ci/llgo-size/bin/llgo-build-timeout test -c -o /home/runner/work/benchmarks/benchmarks/.ci/bent-run/testbin/dustin_humanize_LLGoNoLTO github.com/dustin/go-humanize )
goarch: amd64
toolchain: LLGoNoLTO
BenchmarkDustin_humanize 1 5915021685 build-real-ns/op 13494836000 build-user-ns/op 773546000 build-sys-ns/op
toolchain: LLGoNoLTO
( LLGO_BUILD_TIMEOUT_SECONDS=1200 LLGO_COMMITTED_AT=2026-09-22T18:14:35+08:00 LLGO_BUILD_GO_VERSION=1.27.0 LLGO_BIN=/home/runner/work/benchmarks/benchmarks/ci/llgo-size/bin/llgo-build-timeout BENT_TIMING_LOG=/home/runner/work/benchmarks/benchmarks/.ci/bent-run/download-timings.log GOROOT_1_25_X64=/opt/hostedtoolcache/go/1.25.14/x64 LLGO_MAIN_INDEX=1686 LLGO_BUILD_KILL_GRACE_SECONDS=30 LLGO_COMMIT=71cd3baf1d4859c36f88a2ae68d271bb711d7c6a GO_VERSION=1.26.2 LLGO_REPOSITORY=xgo-dev/llgo GOROOT_1_24_X64=/opt/hostedtoolcache/go/1.24.13/x64 GOROOT_1_26_X64=/opt/hostedtoolcache/go/1.26.8/x64 BENT_REAL_GO=/opt/hostedtoolcache/go/1.26.2/x64/bin/go LLGO_ROOT=/home/runner/work/benchmarks/benchmarks/.ci/llgo LLGO_REAL_BIN=/home/runner/work/benchmarks/benchmarks/.ci/llgo/llgo LLGO_LTO_PLUGIN=/home/runner/work/benchmarks/benchmarks/.ci/llgo/ltoplugin/build/LLGOLTOPlugin.so GOPATH=/home/runner/work/benchmarks/benchmarks/.ci/bent-run/gopath GOOS=linux GOARCH=amd64 GO111MODULE=auto ROOT=/home/runner/work/benchmarks/benchmarks/.ci/bent-run GOROOT=/opt/hostedtoolcache/go/1.26.2/x64/ BENT_BENCH=dustin_humanize BENT_CONFIG=LLGoNoLTO BENT_I=0 GOCACHE=/home/runner/work/benchmarks/benchmarks/.ci/bent-run/build-cache/runs/cache-1497090570/go-build XDG_CACHE_HOME=/home/runner/work/benchmarks/benchmarks/.ci/bent-run/build-cache/runs/cache-1497090570/xdg LocalAppData=/home/runner/work/benchmarks/benchmarks/.ci/bent-run/build-cache/runs/cache-1497090570/local-app-data /home/runner/work/benchmarks/benchmarks/.ci/bent-run/benchsize /home/runner/work/benchmarks/benchmarks/.ci/bent-run/testbin/dustin_humanize_LLGoNoLTO Dustin_humanize )
goos: linux
goarch: amd64
pkg:
Unit total-bytes assume=exact
BenchmarkDustin_humanize 1 4718664 total-bytes
Unit text-bytes assume=exact
BenchmarkDustin_humanize 1 1778761 text-bytes
Unit data-bytes assume=exact
BenchmarkDustin_humanize 1 1551312 data-bytes
Unit rodata-bytes assume=exact
BenchmarkDustin_humanize 1 923160 rodata-bytes
Unit pclntab-bytes assume=exact
BenchmarkDustin_humanize 1 0 pclntab-bytes
Unit debug-bytes assume=exact
BenchmarkDustin_humanize 1 0 debug-bytes

rm -rf /home/runner/work/benchmarks/benchmarks/.ci/bent-run/gopath/bin
(cd /home/runner/work/benchmarks/benchmarks/.ci/bent-run/build/toml; LLGO_BUILD_TIMEOUT_SECONDS=1200 LLGO_COMMITTED_AT=2026-09-22T18:14:35+08:00 LLGO_BUILD_GO_VERSION=1.27.0 LLGO_BIN=/home/runner/work/benchmarks/benchmarks/ci/llgo-size/bin/llgo-build-timeout BENT_TIMING_LOG=/home/runner/work/benchmarks/benchmarks/.ci/bent-run/download-timings.log GOROOT_1_25_X64=/opt/hostedtoolcache/go/1.25.14/x64 LLGO_MAIN_INDEX=1686 LLGO_BUILD_KILL_GRACE_SECONDS=30 LLGO_COMMIT=71cd3baf1d4859c36f88a2ae68d271bb711d7c6a GO_VERSION=1.26.2 LLGO_REPOSITORY=xgo-dev/llgo GOROOT_1_24_X64=/opt/hostedtoolcache/go/1.24.13/x64 GOROOT_1_26_X64=/opt/hostedtoolcache/go/1.26.8/x64 BENT_REAL_GO=/opt/hostedtoolcache/go/1.26.2/x64/bin/go LLGO_ROOT=/home/runner/work/benchmarks/benchmarks/.ci/llgo LLGO_REAL_BIN=/home/runner/work/benchmarks/benchmarks/.ci/llgo/llgo LLGO_LTO_PLUGIN=/home/runner/work/benchmarks/benchmarks/.ci/llgo/ltoplugin/build/LLGOLTOPlugin.so GOPATH=/home/runner/work/benchmarks/benchmarks/.ci/bent-run/gopath GOOS=linux GOARCH=amd64 GO111MODULE=auto ROOT=/home/runner/work/benchmarks/benchmarks/.ci/bent-run GOROOT=/opt/hostedtoolcache/go/1.26.2/x64/ BENT_BENCH=toml BENT_CONFIG=LLGoDeadcodeDrop BENT_I=0 GOCACHE=/home/runner/work/benchmarks/benchmarks/.ci/bent-run/build-cache/runs/cache-3893079437/go-build XDG_CACHE_HOME=/home/runner/work/benchmarks/benchmarks/.ci/bent-run/build-cache/runs/cache-3893079437/xdg LocalAppData=/home/runner/work/benchmarks/benchmarks/.ci/bent-run/build-cache/runs/cache-3893079437/local-app-data /home/runner/work/benchmarks/benchmarks/ci/llgo-size/bin/llgo-build-timeout test -c -o /home/runner/work/benchmarks/benchmarks/.ci/bent-run/testbin/toml_LLGoDeadcodeDrop -deadcodedrop github.com/BurntSushi/toml )
goarch: amd64
toolchain: LLGoDeadcodeDrop
BenchmarkToml 1 9277223915 build-real-ns/op 24201158000 build-user-ns/op 1059227000 build-sys-ns/op
toolchain: LLGoDeadcodeDrop
( LLGO_BUILD_TIMEOUT_SECONDS=1200 LLGO_COMMITTED_AT=2026-09-22T18:14:35+08:00 LLGO_BUILD_GO_VERSION=1.27.0 LLGO_BIN=/home/runner/work/benchmarks/benchmarks/ci/llgo-size/bin/llgo-build-timeout BENT_TIMING_LOG=/home/runner/work/benchmarks/benchmarks/.ci/bent-run/download-timings.log GOROOT_1_25_X64=/opt/hostedtoolcache/go/1.25.14/x64 LLGO_MAIN_INDEX=1686 LLGO_BUILD_KILL_GRACE_SECONDS=30 LLGO_COMMIT=71cd3baf1d4859c36f88a2ae68d271bb711d7c6a GO_VERSION=1.26.2 LLGO_REPOSITORY=xgo-dev/llgo GOROOT_1_24_X64=/opt/hostedtoolcache/go/1.24.13/x64 GOROOT_1_26_X64=/opt/hostedtoolcache/go/1.26.8/x64 BENT_REAL_GO=/opt/hostedtoolcache/go/1.26.2/x64/bin/go LLGO_ROOT=/home/runner/work/benchmarks/benchmarks/.ci/llgo LLGO_REAL_BIN=/home/runner/work/benchmarks/benchmarks/.ci/llgo/llgo LLGO_LTO_PLUGIN=/home/runner/work/benchmarks/benchmarks/.ci/llgo/ltoplugin/build/LLGOLTOPlugin.so GOPATH=/home/runner/work/benchmarks/benchmarks/.ci/bent-run/gopath GOOS=linux GOARCH=amd64 GO111MODULE=auto ROOT=/home/runner/work/benchmarks/benchmarks/.ci/bent-run GOROOT=/opt/hostedtoolcache/go/1.26.2/x64/ BENT_BENCH=toml BENT_CONFIG=LLGoDeadcodeDrop BENT_I=0 GOCACHE=/home/runner/work/benchmarks/benchmarks/.ci/bent-run/build-cache/runs/cache-3893079437/go-build XDG_CACHE_HOME=/home/runner/work/benchmarks/benchmarks/.ci/bent-run/build-cache/runs/cache-3893079437/xdg LocalAppData=/home/runner/work/benchmarks/benchmarks/.ci/bent-run/build-cache/runs/cache-3893079437/local-app-data /home/runner/work/benchmarks/benchmarks/.ci/bent-run/benchsize /home/runner/work/benchmarks/benchmarks/.ci/bent-run/testbin/toml_LLGoDeadcodeDrop Toml )
goos: linux
goarch: amd64
pkg:
Unit total-bytes assume=exact
BenchmarkToml 1 5043008 total-bytes
Unit text-bytes assume=exact
BenchmarkToml 1 1619402 text-bytes
Unit data-bytes assume=exact
BenchmarkToml 1 2081216 data-bytes
Unit rodata-bytes assume=exact
BenchmarkToml 1 1287712 rodata-bytes
Unit pclntab-bytes assume=exact
BenchmarkToml 1 0 pclntab-bytes
Unit debug-bytes assume=exact
BenchmarkToml 1 0 debug-bytes

rm -rf /home/runner/work/benchmarks/benchmarks/.ci/bent-run/gopath/bin
(cd /home/runner/work/benchmarks/benchmarks/.ci/bent-run/build/XGo; LLGO_BUILD_TIMEOUT_SECONDS=1200 LLGO_COMMITTED_AT=2026-09-22T18:14:35+08:00 LLGO_BUILD_GO_VERSION=1.27.0 LLGO_BIN=/home/runner/work/benchmarks/benchmarks/ci/llgo-size/bin/llgo-build-timeout BENT_TIMING_LOG=/home/runner/work/benchmarks/benchmarks/.ci/bent-run/download-timings.log GOROOT_1_25_X64=/opt/hostedtoolcache/go/1.25.14/x64 LLGO_MAIN_INDEX=1686 LLGO_BUILD_KILL_GRACE_SECONDS=30 LLGO_COMMIT=71cd3baf1d4859c36f88a2ae68d271bb711d7c6a GO_VERSION=1.26.2 LLGO_REPOSITORY=xgo-dev/llgo GOROOT_1_24_X64=/opt/hostedtoolcache/go/1.24.13/x64 GOROOT_1_26_X64=/opt/hostedtoolcache/go/1.26.8/x64 BENT_REAL_GO=/opt/hostedtoolcache/go/1.26.2/x64/bin/go LLGO_ROOT=/home/runner/work/benchmarks/benchmarks/.ci/llgo LLGO_REAL_BIN=/home/runner/work/benchmarks/benchmarks/.ci/llgo/llgo LLGO_LTO_PLUGIN=/home/runner/work/benchmarks/benchmarks/.ci/llgo/ltoplugin/build/LLGOLTOPlugin.so GOPATH=/home/runner/work/benchmarks/benchmarks/.ci/bent-run/gopath GOOS=linux GOARCH=amd64 GO111MODULE=auto ROOT=/home/runner/work/benchmarks/benchmarks/.ci/bent-run GOROOT=/opt/hostedtoolcache/go/1.26.2/x64/ BENT_BENCH=XGo BENT_CONFIG=LLGoFullLTOGlobalDCE BENT_I=0 GOCACHE=/home/runner/work/benchmarks/benchmarks/.ci/bent-run/build-cache/runs/cache-1145715561/go-build XDG_CACHE_HOME=/home/runner/work/benchmarks/benchmarks/.ci/bent-run/build-cache/runs/cache-1145715561/xdg LocalAppData=/home/runner/work/benchmarks/benchmarks/.ci/bent-run/build-cache/runs/cache-1145715561/local-app-data /home/runner/work/benchmarks/benchmarks/ci/llgo-size/bin/llgo-build-timeout build -o /home/runner/work/benchmarks/benchmarks/.ci/bent-run/testbin/XGo_LLGoFullLTOGlobalDCE -lto=full github.com/goplus/xgo/cmd/xgo )
goarch: amd64
toolchain: LLGoFullLTOGlobalDCE
BenchmarkXGo 1 123216209973 build-real-ns/op 176519731000 build-user-ns/op 3410072000 build-sys-ns/op
toolchain: LLGoFullLTOGlobalDCE
( LLGO_BUILD_TIMEOUT_SECONDS=1200 LLGO_COMMITTED_AT=2026-09-22T18:14:35+08:00 LLGO_BUILD_GO_VERSION=1.27.0 LLGO_BIN=/home/runner/work/benchmarks/benchmarks/ci/llgo-size/bin/llgo-build-timeout BENT_TIMING_LOG=/home/runner/work/benchmarks/benchmarks/.ci/bent-run/download-timings.log GOROOT_1_25_X64=/opt/hostedtoolcache/go/1.25.14/x64 LLGO_MAIN_INDEX=1686 LLGO_BUILD_KILL_GRACE_SECONDS=30 LLGO_COMMIT=71cd3baf1d4859c36f88a2ae68d271bb711d7c6a GO_VERSION=1.26.2 LLGO_REPOSITORY=xgo-dev/llgo GOROOT_1_24_X64=/opt/hostedtoolcache/go/1.24.13/x64 GOROOT_1_26_X64=/opt/hostedtoolcache/go/1.26.8/x64 BENT_REAL_GO=/opt/hostedtoolcache/go/1.26.2/x64/bin/go LLGO_ROOT=/home/runner/work/benchmarks/benchmarks/.ci/llgo LLGO_REAL_BIN=/home/runner/work/benchmarks/benchmarks/.ci/llgo/llgo LLGO_LTO_PLUGIN=/home/runner/work/benchmarks/benchmarks/.ci/llgo/ltoplugin/build/LLGOLTOPlugin.so GOPATH=/home/runner/work/benchmarks/benchmarks/.ci/bent-run/gopath GOOS=linux GOARCH=amd64 GO111MODULE=auto ROOT=/home/runner/work/benchmarks/benchmarks/.ci/bent-run GOROOT=/opt/hostedtoolcache/go/1.26.2/x64/ BENT_BENCH=XGo BENT_CONFIG=LLGoFullLTOGlobalDCE BENT_I=0 GOCACHE=/home/runner/work/benchmarks/benchmarks/.ci/bent-run/build-cache/runs/cache-1145715561/go-build XDG_CACHE_HOME=/home/runner/work/benchmarks/benchmarks/.ci/bent-run/build-cache/runs/cache-1145715561/xdg LocalAppData=/home/runner/work/benchmarks/benchmarks/.ci/bent-run/build-cache/runs/cache-1145715561/local-app-data /home/runner/work/benchmarks/benchmarks/.ci/bent-run/benchsize /home/runner/work/benchmarks/benchmarks/.ci/bent-run/testbin/XGo_LLGoFullLTOGlobalDCE XGo )
goos: linux
goarch: amd64
pkg:
Unit total-bytes assume=exact
BenchmarkXGo 1 16790128 total-bytes
Unit text-bytes assume=exact
BenchmarkXGo 1 5589880 text-bytes
Unit data-bytes assume=exact
BenchmarkXGo 1 5746360 data-bytes
Unit rodata-bytes assume=exact
BenchmarkXGo 1 5520200 rodata-bytes
Unit pclntab-bytes assume=exact
BenchmarkXGo 1 0 pclntab-bytes
Unit debug-bytes assume=exact
BenchmarkXGo 1 0 debug-bytes

rm -rf /home/runner/work/benchmarks/benchmarks/.ci/bent-run/gopath/bin
(cd /home/runner/work/benchmarks/benchmarks/.ci/bent-run/build/uber_zap; LLGO_BUILD_TIMEOUT_SECONDS=1200 LLGO_COMMITTED_AT=2026-09-22T18:14:35+08:00 LLGO_BUILD_GO_VERSION=1.27.0 LLGO_BIN=/home/runner/work/benchmarks/benchmarks/ci/llgo-size/bin/llgo-build-timeout BENT_TIMING_LOG=/home/runner/work/benchmarks/benchmarks/.ci/bent-run/download-timings.log GOROOT_1_25_X64=/opt/hostedtoolcache/go/1.25.14/x64 LLGO_MAIN_INDEX=1686 LLGO_BUILD_KILL_GRACE_SECONDS=30 LLGO_COMMIT=71cd3baf1d4859c36f88a2ae68d271bb711d7c6a GO_VERSION=1.26.2 LLGO_REPOSITORY=xgo-dev/llgo GOROOT_1_24_X64=/opt/hostedtoolcache/go/1.24.13/x64 GOROOT_1_26_X64=/opt/hostedtoolcache/go/1.26.8/x64 BENT_REAL_GO=/opt/hostedtoolcache/go/1.26.2/x64/bin/go LLGO_ROOT=/home/runner/work/benchmarks/benchmarks/.ci/llgo LLGO_REAL_BIN=/home/runner/work/benchmarks/benchmarks/.ci/llgo/llgo LLGO_LTO_PLUGIN=/home/runner/work/benchmarks/benchmarks/.ci/llgo/ltoplugin/build/LLGOLTOPlugin.so GOPATH=/home/runner/work/benchmarks/benchmarks/.ci/bent-run/gopath GOOS=linux GOARCH=amd64 GO111MODULE=auto ROOT=/home/runner/work/benchmarks/benchmarks/.ci/bent-run GOROOT=/home/runner/work/benchmarks/benchmarks/.ci/bent-run/goroots/Go BENT_BENCH=uber_zap BENT_CONFIG=Go BENT_I=0 GOCACHE=/home/runner/work/benchmarks/benchmarks/.ci/bent-run/build-cache/runs/cache-2963715235/go-build XDG_CACHE_HOME=/home/runner/work/benchmarks/benchmarks/.ci/bent-run/build-cache/runs/cache-2963715235/xdg LocalAppData=/home/runner/work/benchmarks/benchmarks/.ci/bent-run/build-cache/runs/cache-2963715235/local-app-data /home/runner/work/benchmarks/benchmarks/.ci/bent-run/goroots/Go/bin/go test -vet=off -c -o /home/runner/work/benchmarks/benchmarks/.ci/bent-run/testbin/uber_zap_Go go.uber.org/zap/zapcore )
goarch: amd64
toolchain: Go
BenchmarkUber_zap 1 2156489696 build-real-ns/op 4887796000 build-user-ns/op 426962000 build-sys-ns/op
toolchain: Go
( LLGO_BUILD_TIMEOUT_SECONDS=1200 LLGO_COMMITTED_AT=2026-09-22T18:14:35+08:00 LLGO_BUILD_GO_VERSION=1.27.0 LLGO_BIN=/home/runner/work/benchmarks/benchmarks/ci/llgo-size/bin/llgo-build-timeout BENT_TIMING_LOG=/home/runner/work/benchmarks/benchmarks/.ci/bent-run/download-timings.log GOROOT_1_25_X64=/opt/hostedtoolcache/go/1.25.14/x64 LLGO_MAIN_INDEX=1686 LLGO_BUILD_KILL_GRACE_SECONDS=30 LLGO_COMMIT=71cd3baf1d4859c36f88a2ae68d271bb711d7c6a GO_VERSION=1.26.2 LLGO_REPOSITORY=xgo-dev/llgo GOROOT_1_24_X64=/opt/hostedtoolcache/go/1.24.13/x64 GOROOT_1_26_X64=/opt/hostedtoolcache/go/1.26.8/x64 BENT_REAL_GO=/opt/hostedtoolcache/go/1.26.2/x64/bin/go LLGO_ROOT=/home/runner/work/benchmarks/benchmarks/.ci/llgo LLGO_REAL_BIN=/home/runner/work/benchmarks/benchmarks/.ci/llgo/llgo LLGO_LTO_PLUGIN=/home/runner/work/benchmarks/benchmarks/.ci/llgo/ltoplugin/build/LLGOLTOPlugin.so GOPATH=/home/runner/work/benchmarks/benchmarks/.ci/bent-run/gopath GOOS=linux GOARCH=amd64 GO111MODULE=auto ROOT=/home/runner/work/benchmarks/benchmarks/.ci/bent-run GOROOT=/home/runner/work/benchmarks/benchmarks/.ci/bent-run/goroots/Go BENT_BENCH=uber_zap BENT_CONFIG=Go BENT_I=0 GOCACHE=/home/runner/work/benchmarks/benchmarks/.ci/bent-run/build-cache/runs/cache-2963715235/go-build XDG_CACHE_HOME=/home/runner/work/benchmarks/benchmarks/.ci/bent-run/build-cache/runs/cache-2963715235/xdg LocalAppData=/home/runner/work/benchmarks/benchmarks/.ci/bent-run/build-cache/runs/cache-2963715235/local-app-data /home/runner/work/benchmarks/benchmarks/.ci/bent-run/benchsize /home/runner/work/benchmarks/benchmarks/.ci/bent-run/testbin/uber_zap_Go Uber_zap )
goos: linux
goarch: amd64
pkg:
Unit total-bytes assume=exact
BenchmarkUber_zap 1 10024992 total-bytes
Unit text-bytes assume=exact
BenchmarkUber_zap 1 3188785 text-bytes
Unit data-bytes assume=exact
BenchmarkUber_zap 1 1281612 data-bytes
Unit rodata-bytes assume=exact
BenchmarkUber_zap 1 914713 rodata-bytes
Unit pclntab-bytes assume=exact
BenchmarkUber_zap 1 2515781 pclntab-bytes
Unit debug-bytes assume=exact
BenchmarkUber_zap 1 2158037 debug-bytes

rm -rf /home/runner/work/benchmarks/benchmarks/.ci/bent-run/gopath/bin
(cd /home/runner/work/benchmarks/benchmarks/.ci/bent-run/build/XGo; LLGO_BUILD_TIMEOUT_SECONDS=1200 LLGO_COMMITTED_AT=2026-09-22T18:14:35+08:00 LLGO_BUILD_GO_VERSION=1.27.0 LLGO_BIN=/home/runner/work/benchmarks/benchmarks/ci/llgo-size/bin/llgo-build-timeout BENT_TIMING_LOG=/home/runner/work/benchmarks/benchmarks/.ci/bent-run/download-timings.log GOROOT_1_25_X64=/opt/hostedtoolcache/go/1.25.14/x64 LLGO_MAIN_INDEX=1686 LLGO_BUILD_KILL_GRACE_SECONDS=30 LLGO_COMMIT=71cd3baf1d4859c36f88a2ae68d271bb711d7c6a GO_VERSION=1.26.2 LLGO_REPOSITORY=xgo-dev/llgo GOROOT_1_24_X64=/opt/hostedtoolcache/go/1.24.13/x64 GOROOT_1_26_X64=/opt/hostedtoolcache/go/1.26.8/x64 BENT_REAL_GO=/opt/hostedtoolcache/go/1.26.2/x64/bin/go LLGO_ROOT=/home/runner/work/benchmarks/benchmarks/.ci/llgo LLGO_REAL_BIN=/home/runner/work/benchmarks/benchmarks/.ci/llgo/llgo LLGO_LTO_PLUGIN=/home/runner/work/benchmarks/benchmarks/.ci/llgo/ltoplugin/build/LLGOLTOPlugin.so GOPATH=/home/runner/work/benchmarks/benchmarks/.ci/bent-run/gopath GOOS=linux GOARCH=amd64 GO111MODULE=auto ROOT=/home/runner/work/benchmarks/benchmarks/.ci/bent-run GOROOT=/opt/hostedtoolcache/go/1.26.2/x64/ BENT_BENCH=XGo BENT_CONFIG=LLGoNoLTO BENT_I=0 GOCACHE=/home/runner/work/benchmarks/benchmarks/.ci/bent-run/build-cache/runs/cache-4289095887/go-build XDG_CACHE_HOME=/home/runner/work/benchmarks/benchmarks/.ci/bent-run/build-cache/runs/cache-4289095887/xdg LocalAppData=/home/runner/work/benchmarks/benchmarks/.ci/bent-run/build-cache/runs/cache-4289095887/local-app-data /home/runner/work/benchmarks/benchmarks/ci/llgo-size/bin/llgo-build-timeout build -o /home/runner/work/benchmarks/benchmarks/.ci/bent-run/testbin/XGo_LLGoNoLTO github.com/goplus/xgo/cmd/xgo )
goarch: amd64
toolchain: LLGoNoLTO
BenchmarkXGo 1 41689479159 build-real-ns/op 108262768000 build-user-ns/op 2757816000 build-sys-ns/op
toolchain: LLGoNoLTO
( LLGO_BUILD_TIMEOUT_SECONDS=1200 LLGO_COMMITTED_AT=2026-09-22T18:14:35+08:00 LLGO_BUILD_GO_VERSION=1.27.0 LLGO_BIN=/home/runner/work/benchmarks/benchmarks/ci/llgo-size/bin/llgo-build-timeout BENT_TIMING_LOG=/home/runner/work/benchmarks/benchmarks/.ci/bent-run/download-timings.log GOROOT_1_25_X64=/opt/hostedtoolcache/go/1.25.14/x64 LLGO_MAIN_INDEX=1686 LLGO_BUILD_KILL_GRACE_SECONDS=30 LLGO_COMMIT=71cd3baf1d4859c36f88a2ae68d271bb711d7c6a GO_VERSION=1.26.2 LLGO_REPOSITORY=xgo-dev/llgo GOROOT_1_24_X64=/opt/hostedtoolcache/go/1.24.13/x64 GOROOT_1_26_X64=/opt/hostedtoolcache/go/1.26.8/x64 BENT_REAL_GO=/opt/hostedtoolcache/go/1.26.2/x64/bin/go LLGO_ROOT=/home/runner/work/benchmarks/benchmarks/.ci/llgo LLGO_REAL_BIN=/home/runner/work/benchmarks/benchmarks/.ci/llgo/llgo LLGO_LTO_PLUGIN=/home/runner/work/benchmarks/benchmarks/.ci/llgo/ltoplugin/build/LLGOLTOPlugin.so GOPATH=/home/runner/work/benchmarks/benchmarks/.ci/bent-run/gopath GOOS=linux GOARCH=amd64 GO111MODULE=auto ROOT=/home/runner/work/benchmarks/benchmarks/.ci/bent-run GOROOT=/opt/hostedtoolcache/go/1.26.2/x64/ BENT_BENCH=XGo BENT_CONFIG=LLGoNoLTO BENT_I=0 GOCACHE=/home/runner/work/benchmarks/benchmarks/.ci/bent-run/build-cache/runs/cache-4289095887/go-build XDG_CACHE_HOME=/home/runner/work/benchmarks/benchmarks/.ci/bent-run/build-cache/runs/cache-4289095887/xdg LocalAppData=/home/runner/work/benchmarks/benchmarks/.ci/bent-run/build-cache/runs/cache-4289095887/local-app-data /home/runner/work/benchmarks/benchmarks/.ci/bent-run/benchsize /home/runner/work/benchmarks/benchmarks/.ci/bent-run/testbin/XGo_LLGoNoLTO XGo )
goos: linux
goarch: amd64
pkg:
Unit total-bytes assume=exact
BenchmarkXGo 1 17808544 total-bytes
Unit text-bytes assume=exact
BenchmarkXGo 1 6096415 text-bytes
Unit data-bytes assume=exact
BenchmarkXGo 1 5757568 data-bytes
Unit rodata-bytes assume=exact
BenchmarkXGo 1 3351536 rodata-bytes
Unit pclntab-bytes assume=exact
BenchmarkXGo 1 0 pclntab-bytes
Unit debug-bytes assume=exact
BenchmarkXGo 1 0 debug-bytes

rm -rf /home/runner/work/benchmarks/benchmarks/.ci/bent-run/gopath/bin
(cd /home/runner/work/benchmarks/benchmarks/.ci/bent-run/build/XGo; LLGO_BUILD_TIMEOUT_SECONDS=1200 LLGO_COMMITTED_AT=2026-09-22T18:14:35+08:00 LLGO_BUILD_GO_VERSION=1.27.0 LLGO_BIN=/home/runner/work/benchmarks/benchmarks/ci/llgo-size/bin/llgo-build-timeout BENT_TIMING_LOG=/home/runner/work/benchmarks/benchmarks/.ci/bent-run/download-timings.log GOROOT_1_25_X64=/opt/hostedtoolcache/go/1.25.14/x64 LLGO_MAIN_INDEX=1686 LLGO_BUILD_KILL_GRACE_SECONDS=30 LLGO_COMMIT=71cd3baf1d4859c36f88a2ae68d271bb711d7c6a GO_VERSION=1.26.2 LLGO_REPOSITORY=xgo-dev/llgo GOROOT_1_24_X64=/opt/hostedtoolcache/go/1.24.13/x64 GOROOT_1_26_X64=/opt/hostedtoolcache/go/1.26.8/x64 BENT_REAL_GO=/opt/hostedtoolcache/go/1.26.2/x64/bin/go LLGO_ROOT=/home/runner/work/benchmarks/benchmarks/.ci/llgo LLGO_REAL_BIN=/home/runner/work/benchmarks/benchmarks/.ci/llgo/llgo LLGO_LTO_PLUGIN=/home/runner/work/benchmarks/benchmarks/.ci/llgo/ltoplugin/build/LLGOLTOPlugin.so GOPATH=/home/runner/work/benchmarks/benchmarks/.ci/bent-run/gopath GOOS=linux GOARCH=amd64 GO111MODULE=auto ROOT=/home/runner/work/benchmarks/benchmarks/.ci/bent-run GOROOT=/opt/hostedtoolcache/go/1.26.2/x64/ BENT_BENCH=XGo BENT_CONFIG=LLGoFullLTONoGlobalDCE BENT_I=0 GOCACHE=/home/runner/work/benchmarks/benchmarks/.ci/bent-run/build-cache/runs/cache-2656473932/go-build XDG_CACHE_HOME=/home/runner/work/benchmarks/benchmarks/.ci/bent-run/build-cache/runs/cache-2656473932/xdg LocalAppData=/home/runner/work/benchmarks/benchmarks/.ci/bent-run/build-cache/runs/cache-2656473932/local-app-data /home/runner/work/benchmarks/benchmarks/ci/llgo-size/bin/llgo-build-timeout build -o /home/runner/work/benchmarks/benchmarks/.ci/bent-run/testbin/XGo_LLGoFullLTONoGlobalDCE -lto=full -globaldce=false github.com/goplus/xgo/cmd/xgo )
goarch: amd64
toolchain: LLGoFullLTONoGlobalDCE
BenchmarkXGo 1 124425570904 build-real-ns/op 176999449000 build-user-ns/op 3223211000 build-sys-ns/op
toolchain: LLGoFullLTONoGlobalDCE
( LLGO_BUILD_TIMEOUT_SECONDS=1200 LLGO_COMMITTED_AT=2026-09-22T18:14:35+08:00 LLGO_BUILD_GO_VERSION=1.27.0 LLGO_BIN=/home/runner/work/benchmarks/benchmarks/ci/llgo-size/bin/llgo-build-timeout BENT_TIMING_LOG=/home/runner/work/benchmarks/benchmarks/.ci/bent-run/download-timings.log GOROOT_1_25_X64=/opt/hostedtoolcache/go/1.25.14/x64 LLGO_MAIN_INDEX=1686 LLGO_BUILD_KILL_GRACE_SECONDS=30 LLGO_COMMIT=71cd3baf1d4859c36f88a2ae68d271bb711d7c6a GO_VERSION=1.26.2 LLGO_REPOSITORY=xgo-dev/llgo GOROOT_1_24_X64=/opt/hostedtoolcache/go/1.24.13/x64 GOROOT_1_26_X64=/opt/hostedtoolcache/go/1.26.8/x64 BENT_REAL_GO=/opt/hostedtoolcache/go/1.26.2/x64/bin/go LLGO_ROOT=/home/runner/work/benchmarks/benchmarks/.ci/llgo LLGO_REAL_BIN=/home/runner/work/benchmarks/benchmarks/.ci/llgo/llgo LLGO_LTO_PLUGIN=/home/runner/work/benchmarks/benchmarks/.ci/llgo/ltoplugin/build/LLGOLTOPlugin.so GOPATH=/home/runner/work/benchmarks/benchmarks/.ci/bent-run/gopath GOOS=linux GOARCH=amd64 GO111MODULE=auto ROOT=/home/runner/work/benchmarks/benchmarks/.ci/bent-run GOROOT=/opt/hostedtoolcache/go/1.26.2/x64/ BENT_BENCH=XGo BENT_CONFIG=LLGoFullLTONoGlobalDCE BENT_I=0 GOCACHE=/home/runner/work/benchmarks/benchmarks/.ci/bent-run/build-cache/runs/cache-2656473932/go-build XDG_CACHE_HOME=/home/runner/work/benchmarks/benchmarks/.ci/bent-run/build-cache/runs/cache-2656473932/xdg LocalAppData=/home/runner/work/benchmarks/benchmarks/.ci/bent-run/build-cache/runs/cache-2656473932/local-app-data /home/runner/work/benchmarks/benchmarks/.ci/bent-run/benchsize /home/runner/work/benchmarks/benchmarks/.ci/bent-run/testbin/XGo_LLGoFullLTONoGlobalDCE XGo )
goos: linux
goarch: amd64
pkg:
Unit total-bytes assume=exact
BenchmarkXGo 1 17098160 total-bytes
Unit text-bytes assume=exact
BenchmarkXGo 1 5759272 text-bytes
Unit data-bytes assume=exact
BenchmarkXGo 1 5725808 data-bytes
Unit rodata-bytes assume=exact
BenchmarkXGo 1 5499648 rodata-bytes
Unit pclntab-bytes assume=exact
BenchmarkXGo 1 0 pclntab-bytes
Unit debug-bytes assume=exact
BenchmarkXGo 1 0 debug-bytes

rm -rf /home/runner/work/benchmarks/benchmarks/.ci/bent-run/gopath/bin
(cd /home/runner/work/benchmarks/benchmarks/.ci/bent-run/build/iXGo; LLGO_BUILD_TIMEOUT_SECONDS=1200 LLGO_COMMITTED_AT=2026-09-22T18:14:35+08:00 LLGO_BUILD_GO_VERSION=1.27.0 LLGO_BIN=/home/runner/work/benchmarks/benchmarks/ci/llgo-size/bin/llgo-build-timeout BENT_TIMING_LOG=/home/runner/work/benchmarks/benchmarks/.ci/bent-run/download-timings.log GOROOT_1_25_X64=/opt/hostedtoolcache/go/1.25.14/x64 LLGO_MAIN_INDEX=1686 LLGO_BUILD_KILL_GRACE_SECONDS=30 LLGO_COMMIT=71cd3baf1d4859c36f88a2ae68d271bb711d7c6a GO_VERSION=1.26.2 LLGO_REPOSITORY=xgo-dev/llgo GOROOT_1_24_X64=/opt/hostedtoolcache/go/1.24.13/x64 GOROOT_1_26_X64=/opt/hostedtoolcache/go/1.26.8/x64 BENT_REAL_GO=/opt/hostedtoolcache/go/1.26.2/x64/bin/go LLGO_ROOT=/home/runner/work/benchmarks/benchmarks/.ci/llgo LLGO_REAL_BIN=/home/runner/work/benchmarks/benchmarks/.ci/llgo/llgo LLGO_LTO_PLUGIN=/home/runner/work/benchmarks/benchmarks/.ci/llgo/ltoplugin/build/LLGOLTOPlugin.so GOPATH=/home/runner/work/benchmarks/benchmarks/.ci/bent-run/gopath GOOS=linux GOARCH=amd64 GO111MODULE=auto ROOT=/home/runner/work/benchmarks/benchmarks/.ci/bent-run GOROOT=/opt/hostedtoolcache/go/1.26.2/x64/ BENT_BENCH=iXGo BENT_CONFIG=LLGoFullLTOGlobalDCE BENT_I=0 GOCACHE=/home/runner/work/benchmarks/benchmarks/.ci/bent-run/build-cache/runs/cache-3974885082/go-build XDG_CACHE_HOME=/home/runner/work/benchmarks/benchmarks/.ci/bent-run/build-cache/runs/cache-3974885082/xdg LocalAppData=/home/runner/work/benchmarks/benchmarks/.ci/bent-run/build-cache/runs/cache-3974885082/local-app-data /home/runner/work/benchmarks/benchmarks/ci/llgo-size/bin/llgo-build-timeout build -o /home/runner/work/benchmarks/benchmarks/.ci/bent-run/testbin/iXGo_LLGoFullLTOGlobalDCE -lto=full github.com/goplus/ixgo/cmd/ixgo )
goarch: amd64
toolchain: LLGoFullLTOGlobalDCE
BenchmarkIXGo 1 280236833188 build-real-ns/op 526720901000 build-user-ns/op 12087760000 build-sys-ns/op
toolchain: LLGoFullLTOGlobalDCE
( LLGO_BUILD_TIMEOUT_SECONDS=1200 LLGO_COMMITTED_AT=2026-09-22T18:14:35+08:00 LLGO_BUILD_GO_VERSION=1.27.0 LLGO_BIN=/home/runner/work/benchmarks/benchmarks/ci/llgo-size/bin/llgo-build-timeout BENT_TIMING_LOG=/home/runner/work/benchmarks/benchmarks/.ci/bent-run/download-timings.log GOROOT_1_25_X64=/opt/hostedtoolcache/go/1.25.14/x64 LLGO_MAIN_INDEX=1686 LLGO_BUILD_KILL_GRACE_SECONDS=30 LLGO_COMMIT=71cd3baf1d4859c36f88a2ae68d271bb711d7c6a GO_VERSION=1.26.2 LLGO_REPOSITORY=xgo-dev/llgo GOROOT_1_24_X64=/opt/hostedtoolcache/go/1.24.13/x64 GOROOT_1_26_X64=/opt/hostedtoolcache/go/1.26.8/x64 BENT_REAL_GO=/opt/hostedtoolcache/go/1.26.2/x64/bin/go LLGO_ROOT=/home/runner/work/benchmarks/benchmarks/.ci/llgo LLGO_REAL_BIN=/home/runner/work/benchmarks/benchmarks/.ci/llgo/llgo LLGO_LTO_PLUGIN=/home/runner/work/benchmarks/benchmarks/.ci/llgo/ltoplugin/build/LLGOLTOPlugin.so GOPATH=/home/runner/work/benchmarks/benchmarks/.ci/bent-run/gopath GOOS=linux GOARCH=amd64 GO111MODULE=auto ROOT=/home/runner/work/benchmarks/benchmarks/.ci/bent-run GOROOT=/opt/hostedtoolcache/go/1.26.2/x64/ BENT_BENCH=iXGo BENT_CONFIG=LLGoFullLTOGlobalDCE BENT_I=0 GOCACHE=/home/runner/work/benchmarks/benchmarks/.ci/bent-run/build-cache/runs/cache-3974885082/go-build XDG_CACHE_HOME=/home/runner/work/benchmarks/benchmarks/.ci/bent-run/build-cache/runs/cache-3974885082/xdg LocalAppData=/home/runner/work/benchmarks/benchmarks/.ci/bent-run/build-cache/runs/cache-3974885082/local-app-data /home/runner/work/benchmarks/benchmarks/.ci/bent-run/benchsize /home/runner/work/benchmarks/benchmarks/.ci/bent-run/testbin/iXGo_LLGoFullLTOGlobalDCE IXGo )
goos: linux
goarch: amd64
pkg:
Unit total-bytes assume=exact
BenchmarkIXGo 1 29868624 total-bytes
Unit text-bytes assume=exact
BenchmarkIXGo 1 10296628 text-bytes
Unit data-bytes assume=exact
BenchmarkIXGo 1 10198464 data-bytes
Unit rodata-bytes assume=exact
BenchmarkIXGo 1 9139688 rodata-bytes
Unit pclntab-bytes assume=exact
BenchmarkIXGo 1 0 pclntab-bytes
Unit debug-bytes assume=exact
BenchmarkIXGo 1 0 debug-bytes

rm -rf /home/runner/work/benchmarks/benchmarks/.ci/bent-run/gopath/bin
(cd /home/runner/work/benchmarks/benchmarks/.ci/bent-run/build/etcdctl; LLGO_BUILD_TIMEOUT_SECONDS=1200 LLGO_COMMITTED_AT=2026-09-22T18:14:35+08:00 LLGO_BUILD_GO_VERSION=1.27.0 LLGO_BIN=/home/runner/work/benchmarks/benchmarks/ci/llgo-size/bin/llgo-build-timeout BENT_TIMING_LOG=/home/runner/work/benchmarks/benchmarks/.ci/bent-run/download-timings.log GOROOT_1_25_X64=/opt/hostedtoolcache/go/1.25.14/x64 LLGO_MAIN_INDEX=1686 LLGO_BUILD_KILL_GRACE_SECONDS=30 LLGO_COMMIT=71cd3baf1d4859c36f88a2ae68d271bb711d7c6a GO_VERSION=1.26.2 LLGO_REPOSITORY=xgo-dev/llgo GOROOT_1_24_X64=/opt/hostedtoolcache/go/1.24.13/x64 GOROOT_1_26_X64=/opt/hostedtoolcache/go/1.26.8/x64 BENT_REAL_GO=/opt/hostedtoolcache/go/1.26.2/x64/bin/go LLGO_ROOT=/home/runner/work/benchmarks/benchmarks/.ci/llgo LLGO_REAL_BIN=/home/runner/work/benchmarks/benchmarks/.ci/llgo/llgo LLGO_LTO_PLUGIN=/home/runner/work/benchmarks/benchmarks/.ci/llgo/ltoplugin/build/LLGOLTOPlugin.so GOPATH=/home/runner/work/benchmarks/benchmarks/.ci/bent-run/gopath GOOS=linux GOARCH=amd64 GO111MODULE=auto ROOT=/home/runner/work/benchmarks/benchmarks/.ci/bent-run GOROOT=/opt/hostedtoolcache/go/1.26.2/x64/ BENT_BENCH=etcdctl BENT_CONFIG=LLGoNoLTO BENT_I=0 GOCACHE=/home/runner/work/benchmarks/benchmarks/.ci/bent-run/build-cache/runs/cache-115313793/go-build XDG_CACHE_HOME=/home/runner/work/benchmarks/benchmarks/.ci/bent-run/build-cache/runs/cache-115313793/xdg LocalAppData=/home/runner/work/benchmarks/benchmarks/.ci/bent-run/build-cache/runs/cache-115313793/local-app-data /home/runner/work/benchmarks/benchmarks/ci/llgo-size/bin/llgo-build-timeout build -o /home/runner/work/benchmarks/benchmarks/.ci/bent-run/testbin/etcdctl_LLGoNoLTO go.etcd.io/etcd/etcdctl/v3 )
goarch: amd64
toolchain: LLGoNoLTO
BenchmarkEtcdctl 1 64449778103 build-real-ns/op 185672099000 build-user-ns/op 4449809000 build-sys-ns/op
toolchain: LLGoNoLTO
( LLGO_BUILD_TIMEOUT_SECONDS=1200 LLGO_COMMITTED_AT=2026-09-22T18:14:35+08:00 LLGO_BUILD_GO_VERSION=1.27.0 LLGO_BIN=/home/runner/work/benchmarks/benchmarks/ci/llgo-size/bin/llgo-build-timeout BENT_TIMING_LOG=/home/runner/work/benchmarks/benchmarks/.ci/bent-run/download-timings.log GOROOT_1_25_X64=/opt/hostedtoolcache/go/1.25.14/x64 LLGO_MAIN_INDEX=1686 LLGO_BUILD_KILL_GRACE_SECONDS=30 LLGO_COMMIT=71cd3baf1d4859c36f88a2ae68d271bb711d7c6a GO_VERSION=1.26.2 LLGO_REPOSITORY=xgo-dev/llgo GOROOT_1_24_X64=/opt/hostedtoolcache/go/1.24.13/x64 GOROOT_1_26_X64=/opt/hostedtoolcache/go/1.26.8/x64 BENT_REAL_GO=/opt/hostedtoolcache/go/1.26.2/x64/bin/go LLGO_ROOT=/home/runner/work/benchmarks/benchmarks/.ci/llgo LLGO_REAL_BIN=/home/runner/work/benchmarks/benchmarks/.ci/llgo/llgo LLGO_LTO_PLUGIN=/home/runner/work/benchmarks/benchmarks/.ci/llgo/ltoplugin/build/LLGOLTOPlugin.so GOPATH=/home/runner/work/benchmarks/benchmarks/.ci/bent-run/gopath GOOS=linux GOARCH=amd64 GO111MODULE=auto ROOT=/home/runner/work/benchmarks/benchmarks/.ci/bent-run GOROOT=/opt/hostedtoolcache/go/1.26.2/x64/ BENT_BENCH=etcdctl BENT_CONFIG=LLGoNoLTO BENT_I=0 GOCACHE=/home/runner/work/benchmarks/benchmarks/.ci/bent-run/build-cache/runs/cache-115313793/go-build XDG_CACHE_HOME=/home/runner/work/benchmarks/benchmarks/.ci/bent-run/build-cache/runs/cache-115313793/xdg LocalAppData=/home/runner/work/benchmarks/benchmarks/.ci/bent-run/build-cache/runs/cache-115313793/local-app-data /home/runner/work/benchmarks/benchmarks/.ci/bent-run/benchsize /home/runner/work/benchmarks/benchmarks/.ci/bent-run/testbin/etcdctl_LLGoNoLTO Etcdctl )
goos: linux
goarch: amd64
pkg:
Unit total-bytes assume=exact
BenchmarkEtcdctl 1 21777056 total-bytes
Unit text-bytes assume=exact
BenchmarkEtcdctl 1 7363833 text-bytes
Unit data-bytes assume=exact
BenchmarkEtcdctl 1 7662256 data-bytes
Unit rodata-bytes assume=exact
BenchmarkEtcdctl 1 4109976 rodata-bytes
Unit pclntab-bytes assume=exact
BenchmarkEtcdctl 1 0 pclntab-bytes
Unit debug-bytes assume=exact
BenchmarkEtcdctl 1 0 debug-bytes

rm -rf /home/runner/work/benchmarks/benchmarks/.ci/bent-run/gopath/bin
(cd /home/runner/work/benchmarks/benchmarks/.ci/bent-run/build/etcdctl; LLGO_BUILD_TIMEOUT_SECONDS=1200 LLGO_COMMITTED_AT=2026-09-22T18:14:35+08:00 LLGO_BUILD_GO_VERSION=1.27.0 LLGO_BIN=/home/runner/work/benchmarks/benchmarks/ci/llgo-size/bin/llgo-build-timeout BENT_TIMING_LOG=/home/runner/work/benchmarks/benchmarks/.ci/bent-run/download-timings.log GOROOT_1_25_X64=/opt/hostedtoolcache/go/1.25.14/x64 LLGO_MAIN_INDEX=1686 LLGO_BUILD_KILL_GRACE_SECONDS=30 LLGO_COMMIT=71cd3baf1d4859c36f88a2ae68d271bb711d7c6a GO_VERSION=1.26.2 LLGO_REPOSITORY=xgo-dev/llgo GOROOT_1_24_X64=/opt/hostedtoolcache/go/1.24.13/x64 GOROOT_1_26_X64=/opt/hostedtoolcache/go/1.26.8/x64 BENT_REAL_GO=/opt/hostedtoolcache/go/1.26.2/x64/bin/go LLGO_ROOT=/home/runner/work/benchmarks/benchmarks/.ci/llgo LLGO_REAL_BIN=/home/runner/work/benchmarks/benchmarks/.ci/llgo/llgo LLGO_LTO_PLUGIN=/home/runner/work/benchmarks/benchmarks/.ci/llgo/ltoplugin/build/LLGOLTOPlugin.so GOPATH=/home/runner/work/benchmarks/benchmarks/.ci/bent-run/gopath GOOS=linux GOARCH=amd64 GO111MODULE=auto ROOT=/home/runner/work/benchmarks/benchmarks/.ci/bent-run GOROOT=/opt/hostedtoolcache/go/1.26.2/x64/ BENT_BENCH=etcdctl BENT_CONFIG=LLGoDeadcodeDrop BENT_I=0 GOCACHE=/home/runner/work/benchmarks/benchmarks/.ci/bent-run/build-cache/runs/cache-1525274715/go-build XDG_CACHE_HOME=/home/runner/work/benchmarks/benchmarks/.ci/bent-run/build-cache/runs/cache-1525274715/xdg LocalAppData=/home/runner/work/benchmarks/benchmarks/.ci/bent-run/build-cache/runs/cache-1525274715/local-app-data /home/runner/work/benchmarks/benchmarks/ci/llgo-size/bin/llgo-build-timeout build -o /home/runner/work/benchmarks/benchmarks/.ci/bent-run/testbin/etcdctl_LLGoDeadcodeDrop -deadcodedrop go.etcd.io/etcd/etcdctl/v3 )
goarch: amd64
toolchain: LLGoDeadcodeDrop
BenchmarkEtcdctl 1 65375860018 build-real-ns/op 190876137000 build-user-ns/op 4285983000 build-sys-ns/op
toolchain: LLGoDeadcodeDrop
( LLGO_BUILD_TIMEOUT_SECONDS=1200 LLGO_COMMITTED_AT=2026-09-22T18:14:35+08:00 LLGO_BUILD_GO_VERSION=1.27.0 LLGO_BIN=/home/runner/work/benchmarks/benchmarks/ci/llgo-size/bin/llgo-build-timeout BENT_TIMING_LOG=/home/runner/work/benchmarks/benchmarks/.ci/bent-run/download-timings.log GOROOT_1_25_X64=/opt/hostedtoolcache/go/1.25.14/x64 LLGO_MAIN_INDEX=1686 LLGO_BUILD_KILL_GRACE_SECONDS=30 LLGO_COMMIT=71cd3baf1d4859c36f88a2ae68d271bb711d7c6a GO_VERSION=1.26.2 LLGO_REPOSITORY=xgo-dev/llgo GOROOT_1_24_X64=/opt/hostedtoolcache/go/1.24.13/x64 GOROOT_1_26_X64=/opt/hostedtoolcache/go/1.26.8/x64 BENT_REAL_GO=/opt/hostedtoolcache/go/1.26.2/x64/bin/go LLGO_ROOT=/home/runner/work/benchmarks/benchmarks/.ci/llgo LLGO_REAL_BIN=/home/runner/work/benchmarks/benchmarks/.ci/llgo/llgo LLGO_LTO_PLUGIN=/home/runner/work/benchmarks/benchmarks/.ci/llgo/ltoplugin/build/LLGOLTOPlugin.so GOPATH=/home/runner/work/benchmarks/benchmarks/.ci/bent-run/gopath GOOS=linux GOARCH=amd64 GO111MODULE=auto ROOT=/home/runner/work/benchmarks/benchmarks/.ci/bent-run GOROOT=/opt/hostedtoolcache/go/1.26.2/x64/ BENT_BENCH=etcdctl BENT_CONFIG=LLGoDeadcodeDrop BENT_I=0 GOCACHE=/home/runner/work/benchmarks/benchmarks/.ci/bent-run/build-cache/runs/cache-1525274715/go-build XDG_CACHE_HOME=/home/runner/work/benchmarks/benchmarks/.ci/bent-run/build-cache/runs/cache-1525274715/xdg LocalAppData=/home/runner/work/benchmarks/benchmarks/.ci/bent-run/build-cache/runs/cache-1525274715/local-app-data /home/runner/work/benchmarks/benchmarks/.ci/bent-run/benchsize /home/runner/work/benchmarks/benchmarks/.ci/bent-run/testbin/etcdctl_LLGoDeadcodeDrop Etcdctl )
goos: linux
goarch: amd64
pkg:
Unit total-bytes assume=exact
BenchmarkEtcdctl 1 20496584 total-bytes
Unit text-bytes assume=exact
BenchmarkEtcdctl 1 6707246 text-bytes
Unit data-bytes assume=exact
BenchmarkEtcdctl 1 7649344 data-bytes
Unit rodata-bytes assume=exact
BenchmarkEtcdctl 1 4105080 rodata-bytes
Unit pclntab-bytes assume=exact
BenchmarkEtcdctl 1 0 pclntab-bytes
Unit debug-bytes assume=exact
BenchmarkEtcdctl 1 0 debug-bytes

rm -rf /home/runner/work/benchmarks/benchmarks/.ci/bent-run/gopath/bin
(cd /home/runner/work/benchmarks/benchmarks/.ci/bent-run/build/dustin_humanize; LLGO_BUILD_TIMEOUT_SECONDS=1200 LLGO_COMMITTED_AT=2026-09-22T18:14:35+08:00 LLGO_BUILD_GO_VERSION=1.27.0 LLGO_BIN=/home/runner/work/benchmarks/benchmarks/ci/llgo-size/bin/llgo-build-timeout BENT_TIMING_LOG=/home/runner/work/benchmarks/benchmarks/.ci/bent-run/download-timings.log GOROOT_1_25_X64=/opt/hostedtoolcache/go/1.25.14/x64 LLGO_MAIN_INDEX=1686 LLGO_BUILD_KILL_GRACE_SECONDS=30 LLGO_COMMIT=71cd3baf1d4859c36f88a2ae68d271bb711d7c6a GO_VERSION=1.26.2 LLGO_REPOSITORY=xgo-dev/llgo GOROOT_1_24_X64=/opt/hostedtoolcache/go/1.24.13/x64 GOROOT_1_26_X64=/opt/hostedtoolcache/go/1.26.8/x64 BENT_REAL_GO=/opt/hostedtoolcache/go/1.26.2/x64/bin/go LLGO_ROOT=/home/runner/work/benchmarks/benchmarks/.ci/llgo LLGO_REAL_BIN=/home/runner/work/benchmarks/benchmarks/.ci/llgo/llgo LLGO_LTO_PLUGIN=/home/runner/work/benchmarks/benchmarks/.ci/llgo/ltoplugin/build/LLGOLTOPlugin.so GOPATH=/home/runner/work/benchmarks/benchmarks/.ci/bent-run/gopath GOOS=linux GOARCH=amd64 GO111MODULE=auto ROOT=/home/runner/work/benchmarks/benchmarks/.ci/bent-run GOROOT=/opt/hostedtoolcache/go/1.26.2/x64/ BENT_BENCH=dustin_humanize BENT_CONFIG=LLGoFullLTONoGlobalDCE BENT_I=0 GOCACHE=/home/runner/work/benchmarks/benchmarks/.ci/bent-run/build-cache/runs/cache-3752851870/go-build XDG_CACHE_HOME=/home/runner/work/benchmarks/benchmarks/.ci/bent-run/build-cache/runs/cache-3752851870/xdg LocalAppData=/home/runner/work/benchmarks/benchmarks/.ci/bent-run/build-cache/runs/cache-3752851870/local-app-data /home/runner/work/benchmarks/benchmarks/ci/llgo-size/bin/llgo-build-timeout test -c -o /home/runner/work/benchmarks/benchmarks/.ci/bent-run/testbin/dustin_humanize_LLGoFullLTONoGlobalDCE -lto=full -globaldce=false github.com/dustin/go-humanize )
goarch: amd64
toolchain: LLGoFullLTONoGlobalDCE
BenchmarkDustin_humanize 1 26771589988 build-real-ns/op 33620097000 build-user-ns/op 901839000 build-sys-ns/op
toolchain: LLGoFullLTONoGlobalDCE
( LLGO_BUILD_TIMEOUT_SECONDS=1200 LLGO_COMMITTED_AT=2026-09-22T18:14:35+08:00 LLGO_BUILD_GO_VERSION=1.27.0 LLGO_BIN=/home/runner/work/benchmarks/benchmarks/ci/llgo-size/bin/llgo-build-timeout BENT_TIMING_LOG=/home/runner/work/benchmarks/benchmarks/.ci/bent-run/download-timings.log GOROOT_1_25_X64=/opt/hostedtoolcache/go/1.25.14/x64 LLGO_MAIN_INDEX=1686 LLGO_BUILD_KILL_GRACE_SECONDS=30 LLGO_COMMIT=71cd3baf1d4859c36f88a2ae68d271bb711d7c6a GO_VERSION=1.26.2 LLGO_REPOSITORY=xgo-dev/llgo GOROOT_1_24_X64=/opt/hostedtoolcache/go/1.24.13/x64 GOROOT_1_26_X64=/opt/hostedtoolcache/go/1.26.8/x64 BENT_REAL_GO=/opt/hostedtoolcache/go/1.26.2/x64/bin/go LLGO_ROOT=/home/runner/work/benchmarks/benchmarks/.ci/llgo LLGO_REAL_BIN=/home/runner/work/benchmarks/benchmarks/.ci/llgo/llgo LLGO_LTO_PLUGIN=/home/runner/work/benchmarks/benchmarks/.ci/llgo/ltoplugin/build/LLGOLTOPlugin.so GOPATH=/home/runner/work/benchmarks/benchmarks/.ci/bent-run/gopath GOOS=linux GOARCH=amd64 GO111MODULE=auto ROOT=/home/runner/work/benchmarks/benchmarks/.ci/bent-run GOROOT=/opt/hostedtoolcache/go/1.26.2/x64/ BENT_BENCH=dustin_humanize BENT_CONFIG=LLGoFullLTONoGlobalDCE BENT_I=0 GOCACHE=/home/runner/work/benchmarks/benchmarks/.ci/bent-run/build-cache/runs/cache-3752851870/go-build XDG_CACHE_HOME=/home/runner/work/benchmarks/benchmarks/.ci/bent-run/build-cache/runs/cache-3752851870/xdg LocalAppData=/home/runner/work/benchmarks/benchmarks/.ci/bent-run/build-cache/runs/cache-3752851870/local-app-data /home/runner/work/benchmarks/benchmarks/.ci/bent-run/benchsize /home/runner/work/benchmarks/benchmarks/.ci/bent-run/testbin/dustin_humanize_LLGoFullLTONoGlobalDCE Dustin_humanize )
goos: linux
goarch: amd64
pkg:
Unit total-bytes assume=exact
BenchmarkDustin_humanize 1 4398376 total-bytes
Unit text-bytes assume=exact
BenchmarkDustin_humanize 1 1630759 text-bytes
Unit data-bytes assume=exact
BenchmarkDustin_humanize 1 1542048 data-bytes
Unit rodata-bytes assume=exact
BenchmarkDustin_humanize 1 1453872 rodata-bytes
Unit pclntab-bytes assume=exact
BenchmarkDustin_humanize 1 0 pclntab-bytes
Unit debug-bytes assume=exact
BenchmarkDustin_humanize 1 0 debug-bytes

rm -rf /home/runner/work/benchmarks/benchmarks/.ci/bent-run/gopath/bin
(cd /home/runner/work/benchmarks/benchmarks/.ci/bent-run/build/iXGo; LLGO_BUILD_TIMEOUT_SECONDS=1200 LLGO_COMMITTED_AT=2026-09-22T18:14:35+08:00 LLGO_BUILD_GO_VERSION=1.27.0 LLGO_BIN=/home/runner/work/benchmarks/benchmarks/ci/llgo-size/bin/llgo-build-timeout BENT_TIMING_LOG=/home/runner/work/benchmarks/benchmarks/.ci/bent-run/download-timings.log GOROOT_1_25_X64=/opt/hostedtoolcache/go/1.25.14/x64 LLGO_MAIN_INDEX=1686 LLGO_BUILD_KILL_GRACE_SECONDS=30 LLGO_COMMIT=71cd3baf1d4859c36f88a2ae68d271bb711d7c6a GO_VERSION=1.26.2 LLGO_REPOSITORY=xgo-dev/llgo GOROOT_1_24_X64=/opt/hostedtoolcache/go/1.24.13/x64 GOROOT_1_26_X64=/opt/hostedtoolcache/go/1.26.8/x64 BENT_REAL_GO=/opt/hostedtoolcache/go/1.26.2/x64/bin/go LLGO_ROOT=/home/runner/work/benchmarks/benchmarks/.ci/llgo LLGO_REAL_BIN=/home/runner/work/benchmarks/benchmarks/.ci/llgo/llgo LLGO_LTO_PLUGIN=/home/runner/work/benchmarks/benchmarks/.ci/llgo/ltoplugin/build/LLGOLTOPlugin.so GOPATH=/home/runner/work/benchmarks/benchmarks/.ci/bent-run/gopath GOOS=linux GOARCH=amd64 GO111MODULE=auto ROOT=/home/runner/work/benchmarks/benchmarks/.ci/bent-run GOROOT=/opt/hostedtoolcache/go/1.26.2/x64/ BENT_BENCH=iXGo BENT_CONFIG=LLGoFullLTONoGlobalDCE BENT_I=0 GOCACHE=/home/runner/work/benchmarks/benchmarks/.ci/bent-run/build-cache/runs/cache-4198176743/go-build XDG_CACHE_HOME=/home/runner/work/benchmarks/benchmarks/.ci/bent-run/build-cache/runs/cache-4198176743/xdg LocalAppData=/home/runner/work/benchmarks/benchmarks/.ci/bent-run/build-cache/runs/cache-4198176743/local-app-data /home/runner/work/benchmarks/benchmarks/ci/llgo-size/bin/llgo-build-timeout build -o /home/runner/work/benchmarks/benchmarks/.ci/bent-run/testbin/iXGo_LLGoFullLTONoGlobalDCE -lto=full -globaldce=false github.com/goplus/ixgo/cmd/ixgo )
goarch: amd64
toolchain: LLGoFullLTONoGlobalDCE
BenchmarkIXGo 1 275526983080 build-real-ns/op 508599566000 build-user-ns/op 12035751000 build-sys-ns/op
toolchain: LLGoFullLTONoGlobalDCE
( LLGO_BUILD_TIMEOUT_SECONDS=1200 LLGO_COMMITTED_AT=2026-09-22T18:14:35+08:00 LLGO_BUILD_GO_VERSION=1.27.0 LLGO_BIN=/home/runner/work/benchmarks/benchmarks/ci/llgo-size/bin/llgo-build-timeout BENT_TIMING_LOG=/home/runner/work/benchmarks/benchmarks/.ci/bent-run/download-timings.log GOROOT_1_25_X64=/opt/hostedtoolcache/go/1.25.14/x64 LLGO_MAIN_INDEX=1686 LLGO_BUILD_KILL_GRACE_SECONDS=30 LLGO_COMMIT=71cd3baf1d4859c36f88a2ae68d271bb711d7c6a GO_VERSION=1.26.2 LLGO_REPOSITORY=xgo-dev/llgo GOROOT_1_24_X64=/opt/hostedtoolcache/go/1.24.13/x64 GOROOT_1_26_X64=/opt/hostedtoolcache/go/1.26.8/x64 BENT_REAL_GO=/opt/hostedtoolcache/go/1.26.2/x64/bin/go LLGO_ROOT=/home/runner/work/benchmarks/benchmarks/.ci/llgo LLGO_REAL_BIN=/home/runner/work/benchmarks/benchmarks/.ci/llgo/llgo LLGO_LTO_PLUGIN=/home/runner/work/benchmarks/benchmarks/.ci/llgo/ltoplugin/build/LLGOLTOPlugin.so GOPATH=/home/runner/work/benchmarks/benchmarks/.ci/bent-run/gopath GOOS=linux GOARCH=amd64 GO111MODULE=auto ROOT=/home/runner/work/benchmarks/benchmarks/.ci/bent-run GOROOT=/opt/hostedtoolcache/go/1.26.2/x64/ BENT_BENCH=iXGo BENT_CONFIG=LLGoFullLTONoGlobalDCE BENT_I=0 GOCACHE=/home/runner/work/benchmarks/benchmarks/.ci/bent-run/build-cache/runs/cache-4198176743/go-build XDG_CACHE_HOME=/home/runner/work/benchmarks/benchmarks/.ci/bent-run/build-cache/runs/cache-4198176743/xdg LocalAppData=/home/runner/work/benchmarks/benchmarks/.ci/bent-run/build-cache/runs/cache-4198176743/local-app-data /home/runner/work/benchmarks/benchmarks/.ci/bent-run/benchsize /home/runner/work/benchmarks/benchmarks/.ci/bent-run/testbin/iXGo_LLGoFullLTONoGlobalDCE IXGo )
goos: linux
goarch: amd64
pkg:
Unit total-bytes assume=exact
BenchmarkIXGo 1 30167856 total-bytes
Unit text-bytes assume=exact
BenchmarkIXGo 1 10562715 text-bytes
Unit data-bytes assume=exact
BenchmarkIXGo 1 10169800 data-bytes
Unit rodata-bytes assume=exact
BenchmarkIXGo 1 9111024 rodata-bytes
Unit pclntab-bytes assume=exact
BenchmarkIXGo 1 0 pclntab-bytes
Unit debug-bytes assume=exact
BenchmarkIXGo 1 0 debug-bytes

rm -rf /home/runner/work/benchmarks/benchmarks/.ci/bent-run/gopath/bin
(cd /home/runner/work/benchmarks/benchmarks/.ci/bent-run/build/iXGo; LLGO_BUILD_TIMEOUT_SECONDS=1200 LLGO_COMMITTED_AT=2026-09-22T18:14:35+08:00 LLGO_BUILD_GO_VERSION=1.27.0 LLGO_BIN=/home/runner/work/benchmarks/benchmarks/ci/llgo-size/bin/llgo-build-timeout BENT_TIMING_LOG=/home/runner/work/benchmarks/benchmarks/.ci/bent-run/download-timings.log GOROOT_1_25_X64=/opt/hostedtoolcache/go/1.25.14/x64 LLGO_MAIN_INDEX=1686 LLGO_BUILD_KILL_GRACE_SECONDS=30 LLGO_COMMIT=71cd3baf1d4859c36f88a2ae68d271bb711d7c6a GO_VERSION=1.26.2 LLGO_REPOSITORY=xgo-dev/llgo GOROOT_1_24_X64=/opt/hostedtoolcache/go/1.24.13/x64 GOROOT_1_26_X64=/opt/hostedtoolcache/go/1.26.8/x64 BENT_REAL_GO=/opt/hostedtoolcache/go/1.26.2/x64/bin/go LLGO_ROOT=/home/runner/work/benchmarks/benchmarks/.ci/llgo LLGO_REAL_BIN=/home/runner/work/benchmarks/benchmarks/.ci/llgo/llgo LLGO_LTO_PLUGIN=/home/runner/work/benchmarks/benchmarks/.ci/llgo/ltoplugin/build/LLGOLTOPlugin.so GOPATH=/home/runner/work/benchmarks/benchmarks/.ci/bent-run/gopath GOOS=linux GOARCH=amd64 GO111MODULE=auto ROOT=/home/runner/work/benchmarks/benchmarks/.ci/bent-run GOROOT=/opt/hostedtoolcache/go/1.26.2/x64/ BENT_BENCH=iXGo BENT_CONFIG=LLGoFullLTOGlobalDCEPlugin BENT_I=0 GOCACHE=/home/runner/work/benchmarks/benchmarks/.ci/bent-run/build-cache/runs/cache-3875887051/go-build XDG_CACHE_HOME=/home/runner/work/benchmarks/benchmarks/.ci/bent-run/build-cache/runs/cache-3875887051/xdg LocalAppData=/home/runner/work/benchmarks/benchmarks/.ci/bent-run/build-cache/runs/cache-3875887051/local-app-data /home/runner/work/benchmarks/benchmarks/ci/llgo-size/bin/llgo-build-timeout build -o /home/runner/work/benchmarks/benchmarks/.ci/bent-run/testbin/iXGo_LLGoFullLTOGlobalDCEPlugin -lto=full -lto-pass-plugin=/home/runner/work/benchmarks/benchmarks/.ci/llgo/ltoplugin/build/LLGOLTOPlugin.so github.com/goplus/ixgo/cmd/ixgo )
goarch: amd64
toolchain: LLGoFullLTOGlobalDCEPlugin
BenchmarkIXGo 1 281544426602 build-real-ns/op 518481514000 build-user-ns/op 12315637000 build-sys-ns/op
toolchain: LLGoFullLTOGlobalDCEPlugin
( LLGO_BUILD_TIMEOUT_SECONDS=1200 LLGO_COMMITTED_AT=2026-09-22T18:14:35+08:00 LLGO_BUILD_GO_VERSION=1.27.0 LLGO_BIN=/home/runner/work/benchmarks/benchmarks/ci/llgo-size/bin/llgo-build-timeout BENT_TIMING_LOG=/home/runner/work/benchmarks/benchmarks/.ci/bent-run/download-timings.log GOROOT_1_25_X64=/opt/hostedtoolcache/go/1.25.14/x64 LLGO_MAIN_INDEX=1686 LLGO_BUILD_KILL_GRACE_SECONDS=30 LLGO_COMMIT=71cd3baf1d4859c36f88a2ae68d271bb711d7c6a GO_VERSION=1.26.2 LLGO_REPOSITORY=xgo-dev/llgo GOROOT_1_24_X64=/opt/hostedtoolcache/go/1.24.13/x64 GOROOT_1_26_X64=/opt/hostedtoolcache/go/1.26.8/x64 BENT_REAL_GO=/opt/hostedtoolcache/go/1.26.2/x64/bin/go LLGO_ROOT=/home/runner/work/benchmarks/benchmarks/.ci/llgo LLGO_REAL_BIN=/home/runner/work/benchmarks/benchmarks/.ci/llgo/llgo LLGO_LTO_PLUGIN=/home/runner/work/benchmarks/benchmarks/.ci/llgo/ltoplugin/build/LLGOLTOPlugin.so GOPATH=/home/runner/work/benchmarks/benchmarks/.ci/bent-run/gopath GOOS=linux GOARCH=amd64 GO111MODULE=auto ROOT=/home/runner/work/benchmarks/benchmarks/.ci/bent-run GOROOT=/opt/hostedtoolcache/go/1.26.2/x64/ BENT_BENCH=iXGo BENT_CONFIG=LLGoFullLTOGlobalDCEPlugin BENT_I=0 GOCACHE=/home/runner/work/benchmarks/benchmarks/.ci/bent-run/build-cache/runs/cache-3875887051/go-build XDG_CACHE_HOME=/home/runner/work/benchmarks/benchmarks/.ci/bent-run/build-cache/runs/cache-3875887051/xdg LocalAppData=/home/runner/work/benchmarks/benchmarks/.ci/bent-run/build-cache/runs/cache-3875887051/local-app-data /home/runner/work/benchmarks/benchmarks/.ci/bent-run/benchsize /home/runner/work/benchmarks/benchmarks/.ci/bent-run/testbin/iXGo_LLGoFullLTOGlobalDCEPlugin IXGo )
goos: linux
goarch: amd64
pkg:
Unit total-bytes assume=exact
BenchmarkIXGo 1 29733016 total-bytes
Unit text-bytes assume=exact
BenchmarkIXGo 1 10297732 text-bytes
Unit data-bytes assume=exact
BenchmarkIXGo 1 10197088 data-bytes
Unit rodata-bytes assume=exact
BenchmarkIXGo 1 9138312 rodata-bytes
Unit pclntab-bytes assume=exact
BenchmarkIXGo 1 0 pclntab-bytes
Unit debug-bytes assume=exact
BenchmarkIXGo 1 0 debug-bytes

rm -rf /home/runner/work/benchmarks/benchmarks/.ci/bent-run/gopath/bin
(cd /home/runner/work/benchmarks/benchmarks/.ci/bent-run/build/dustin_humanize; LLGO_BUILD_TIMEOUT_SECONDS=1200 LLGO_COMMITTED_AT=2026-09-22T18:14:35+08:00 LLGO_BUILD_GO_VERSION=1.27.0 LLGO_BIN=/home/runner/work/benchmarks/benchmarks/ci/llgo-size/bin/llgo-build-timeout BENT_TIMING_LOG=/home/runner/work/benchmarks/benchmarks/.ci/bent-run/download-timings.log GOROOT_1_25_X64=/opt/hostedtoolcache/go/1.25.14/x64 LLGO_MAIN_INDEX=1686 LLGO_BUILD_KILL_GRACE_SECONDS=30 LLGO_COMMIT=71cd3baf1d4859c36f88a2ae68d271bb711d7c6a GO_VERSION=1.26.2 LLGO_REPOSITORY=xgo-dev/llgo GOROOT_1_24_X64=/opt/hostedtoolcache/go/1.24.13/x64 GOROOT_1_26_X64=/opt/hostedtoolcache/go/1.26.8/x64 BENT_REAL_GO=/opt/hostedtoolcache/go/1.26.2/x64/bin/go LLGO_ROOT=/home/runner/work/benchmarks/benchmarks/.ci/llgo LLGO_REAL_BIN=/home/runner/work/benchmarks/benchmarks/.ci/llgo/llgo LLGO_LTO_PLUGIN=/home/runner/work/benchmarks/benchmarks/.ci/llgo/ltoplugin/build/LLGOLTOPlugin.so GOPATH=/home/runner/work/benchmarks/benchmarks/.ci/bent-run/gopath GOOS=linux GOARCH=amd64 GO111MODULE=auto ROOT=/home/runner/work/benchmarks/benchmarks/.ci/bent-run GOROOT=/home/runner/work/benchmarks/benchmarks/.ci/bent-run/goroots/Go BENT_BENCH=dustin_humanize BENT_CONFIG=Go BENT_I=0 GOCACHE=/home/runner/work/benchmarks/benchmarks/.ci/bent-run/build-cache/runs/cache-1922862868/go-build XDG_CACHE_HOME=/home/runner/work/benchmarks/benchmarks/.ci/bent-run/build-cache/runs/cache-1922862868/xdg LocalAppData=/home/runner/work/benchmarks/benchmarks/.ci/bent-run/build-cache/runs/cache-1922862868/local-app-data /home/runner/work/benchmarks/benchmarks/.ci/bent-run/goroots/Go/bin/go test -vet=off -c -o /home/runner/work/benchmarks/benchmarks/.ci/bent-run/testbin/dustin_humanize_Go github.com/dustin/go-humanize )
goarch: amd64
toolchain: Go
BenchmarkDustin_humanize 1 732339123 build-real-ns/op 715605000 build-user-ns/op 273682000 build-sys-ns/op
toolchain: Go
( LLGO_BUILD_TIMEOUT_SECONDS=1200 LLGO_COMMITTED_AT=2026-09-22T18:14:35+08:00 LLGO_BUILD_GO_VERSION=1.27.0 LLGO_BIN=/home/runner/work/benchmarks/benchmarks/ci/llgo-size/bin/llgo-build-timeout BENT_TIMING_LOG=/home/runner/work/benchmarks/benchmarks/.ci/bent-run/download-timings.log GOROOT_1_25_X64=/opt/hostedtoolcache/go/1.25.14/x64 LLGO_MAIN_INDEX=1686 LLGO_BUILD_KILL_GRACE_SECONDS=30 LLGO_COMMIT=71cd3baf1d4859c36f88a2ae68d271bb711d7c6a GO_VERSION=1.26.2 LLGO_REPOSITORY=xgo-dev/llgo GOROOT_1_24_X64=/opt/hostedtoolcache/go/1.24.13/x64 GOROOT_1_26_X64=/opt/hostedtoolcache/go/1.26.8/x64 BENT_REAL_GO=/opt/hostedtoolcache/go/1.26.2/x64/bin/go LLGO_ROOT=/home/runner/work/benchmarks/benchmarks/.ci/llgo LLGO_REAL_BIN=/home/runner/work/benchmarks/benchmarks/.ci/llgo/llgo LLGO_LTO_PLUGIN=/home/runner/work/benchmarks/benchmarks/.ci/llgo/ltoplugin/build/LLGOLTOPlugin.so GOPATH=/home/runner/work/benchmarks/benchmarks/.ci/bent-run/gopath GOOS=linux GOARCH=amd64 GO111MODULE=auto ROOT=/home/runner/work/benchmarks/benchmarks/.ci/bent-run GOROOT=/home/runner/work/benchmarks/benchmarks/.ci/bent-run/goroots/Go BENT_BENCH=dustin_humanize BENT_CONFIG=Go BENT_I=0 GOCACHE=/home/runner/work/benchmarks/benchmarks/.ci/bent-run/build-cache/runs/cache-1922862868/go-build XDG_CACHE_HOME=/home/runner/work/benchmarks/benchmarks/.ci/bent-run/build-cache/runs/cache-1922862868/xdg LocalAppData=/home/runner/work/benchmarks/benchmarks/.ci/bent-run/build-cache/runs/cache-1922862868/local-app-data /home/runner/work/benchmarks/benchmarks/.ci/bent-run/benchsize /home/runner/work/benchmarks/benchmarks/.ci/bent-run/testbin/dustin_humanize_Go Dustin_humanize )
goos: linux
goarch: amd64
pkg:
Unit total-bytes assume=exact
BenchmarkDustin_humanize 1 4999034 total-bytes
Unit text-bytes assume=exact
BenchmarkDustin_humanize 1 1533553 text-bytes
Unit data-bytes assume=exact
BenchmarkDustin_humanize 1 574420 data-bytes
Unit rodata-bytes assume=exact
BenchmarkDustin_humanize 1 429793 rodata-bytes
Unit pclntab-bytes assume=exact
BenchmarkDustin_humanize 1 1310667 pclntab-bytes
Unit debug-bytes assume=exact
BenchmarkDustin_humanize 1 1154248 debug-bytes

rm -rf /home/runner/work/benchmarks/benchmarks/.ci/bent-run/gopath/bin
(cd /home/runner/work/benchmarks/benchmarks/.ci/bent-run/build/aws_restjson_v1; LLGO_BUILD_TIMEOUT_SECONDS=1200 LLGO_COMMITTED_AT=2026-09-22T18:14:35+08:00 LLGO_BUILD_GO_VERSION=1.27.0 LLGO_BIN=/home/runner/work/benchmarks/benchmarks/ci/llgo-size/bin/llgo-build-timeout BENT_TIMING_LOG=/home/runner/work/benchmarks/benchmarks/.ci/bent-run/download-timings.log GOROOT_1_25_X64=/opt/hostedtoolcache/go/1.25.14/x64 LLGO_MAIN_INDEX=1686 LLGO_BUILD_KILL_GRACE_SECONDS=30 LLGO_COMMIT=71cd3baf1d4859c36f88a2ae68d271bb711d7c6a GO_VERSION=1.26.2 LLGO_REPOSITORY=xgo-dev/llgo GOROOT_1_24_X64=/opt/hostedtoolcache/go/1.24.13/x64 GOROOT_1_26_X64=/opt/hostedtoolcache/go/1.26.8/x64 BENT_REAL_GO=/opt/hostedtoolcache/go/1.26.2/x64/bin/go LLGO_ROOT=/home/runner/work/benchmarks/benchmarks/.ci/llgo LLGO_REAL_BIN=/home/runner/work/benchmarks/benchmarks/.ci/llgo/llgo LLGO_LTO_PLUGIN=/home/runner/work/benchmarks/benchmarks/.ci/llgo/ltoplugin/build/LLGOLTOPlugin.so GOPATH=/home/runner/work/benchmarks/benchmarks/.ci/bent-run/gopath GOOS=linux GOARCH=amd64 GO111MODULE=auto ROOT=/home/runner/work/benchmarks/benchmarks/.ci/bent-run GOROOT=/opt/hostedtoolcache/go/1.26.2/x64/ BENT_BENCH=aws_restjson BENT_CONFIG=LLGoDeadcodeDrop BENT_I=0 GOCACHE=/home/runner/work/benchmarks/benchmarks/.ci/bent-run/build-cache/runs/cache-820052552/go-build XDG_CACHE_HOME=/home/runner/work/benchmarks/benchmarks/.ci/bent-run/build-cache/runs/cache-820052552/xdg LocalAppData=/home/runner/work/benchmarks/benchmarks/.ci/bent-run/build-cache/runs/cache-820052552/local-app-data /home/runner/work/benchmarks/benchmarks/ci/llgo-size/bin/llgo-build-timeout test -c -o /home/runner/work/benchmarks/benchmarks/.ci/bent-run/testbin/aws_restjson_v1_LLGoDeadcodeDrop -deadcodedrop github.com/aws/aws-sdk-go/private/protocol/restjson )
goarch: amd64
toolchain: LLGoDeadcodeDrop
BenchmarkAws_restjson 1 39146231449 build-real-ns/op 81916015000 build-user-ns/op 2302108000 build-sys-ns/op
toolchain: LLGoDeadcodeDrop
( LLGO_BUILD_TIMEOUT_SECONDS=1200 LLGO_COMMITTED_AT=2026-09-22T18:14:35+08:00 LLGO_BUILD_GO_VERSION=1.27.0 LLGO_BIN=/home/runner/work/benchmarks/benchmarks/ci/llgo-size/bin/llgo-build-timeout BENT_TIMING_LOG=/home/runner/work/benchmarks/benchmarks/.ci/bent-run/download-timings.log GOROOT_1_25_X64=/opt/hostedtoolcache/go/1.25.14/x64 LLGO_MAIN_INDEX=1686 LLGO_BUILD_KILL_GRACE_SECONDS=30 LLGO_COMMIT=71cd3baf1d4859c36f88a2ae68d271bb711d7c6a GO_VERSION=1.26.2 LLGO_REPOSITORY=xgo-dev/llgo GOROOT_1_24_X64=/opt/hostedtoolcache/go/1.24.13/x64 GOROOT_1_26_X64=/opt/hostedtoolcache/go/1.26.8/x64 BENT_REAL_GO=/opt/hostedtoolcache/go/1.26.2/x64/bin/go LLGO_ROOT=/home/runner/work/benchmarks/benchmarks/.ci/llgo LLGO_REAL_BIN=/home/runner/work/benchmarks/benchmarks/.ci/llgo/llgo LLGO_LTO_PLUGIN=/home/runner/work/benchmarks/benchmarks/.ci/llgo/ltoplugin/build/LLGOLTOPlugin.so GOPATH=/home/runner/work/benchmarks/benchmarks/.ci/bent-run/gopath GOOS=linux GOARCH=amd64 GO111MODULE=auto ROOT=/home/runner/work/benchmarks/benchmarks/.ci/bent-run GOROOT=/opt/hostedtoolcache/go/1.26.2/x64/ BENT_BENCH=aws_restjson BENT_CONFIG=LLGoDeadcodeDrop BENT_I=0 GOCACHE=/home/runner/work/benchmarks/benchmarks/.ci/bent-run/build-cache/runs/cache-820052552/go-build XDG_CACHE_HOME=/home/runner/work/benchmarks/benchmarks/.ci/bent-run/build-cache/runs/cache-820052552/xdg LocalAppData=/home/runner/work/benchmarks/benchmarks/.ci/bent-run/build-cache/runs/cache-820052552/local-app-data /home/runner/work/benchmarks/benchmarks/.ci/bent-run/benchsize /home/runner/work/benchmarks/benchmarks/.ci/bent-run/testbin/aws_restjson_v1_LLGoDeadcodeDrop Aws_restjson )
goos: linux
goarch: amd64
pkg:
Unit total-bytes assume=exact
BenchmarkAws_restjson 1 10590280 total-bytes
Unit text-bytes assume=exact
BenchmarkAws_restjson 1 3767140 text-bytes
Unit data-bytes assume=exact
BenchmarkAws_restjson 1 4026112 data-bytes
Unit rodata-bytes assume=exact
BenchmarkAws_restjson 1 2333704 rodata-bytes
Unit pclntab-bytes assume=exact
BenchmarkAws_restjson 1 0 pclntab-bytes
Unit debug-bytes assume=exact
BenchmarkAws_restjson 1 0 debug-bytes

rm -rf /home/runner/work/benchmarks/benchmarks/.ci/bent-run/gopath/bin
(cd /home/runner/work/benchmarks/benchmarks/.ci/bent-run/build/etcdctl; LLGO_BUILD_TIMEOUT_SECONDS=1200 LLGO_COMMITTED_AT=2026-09-22T18:14:35+08:00 LLGO_BUILD_GO_VERSION=1.27.0 LLGO_BIN=/home/runner/work/benchmarks/benchmarks/ci/llgo-size/bin/llgo-build-timeout BENT_TIMING_LOG=/home/runner/work/benchmarks/benchmarks/.ci/bent-run/download-timings.log GOROOT_1_25_X64=/opt/hostedtoolcache/go/1.25.14/x64 LLGO_MAIN_INDEX=1686 LLGO_BUILD_KILL_GRACE_SECONDS=30 LLGO_COMMIT=71cd3baf1d4859c36f88a2ae68d271bb711d7c6a GO_VERSION=1.26.2 LLGO_REPOSITORY=xgo-dev/llgo GOROOT_1_24_X64=/opt/hostedtoolcache/go/1.24.13/x64 GOROOT_1_26_X64=/opt/hostedtoolcache/go/1.26.8/x64 BENT_REAL_GO=/opt/hostedtoolcache/go/1.26.2/x64/bin/go LLGO_ROOT=/home/runner/work/benchmarks/benchmarks/.ci/llgo LLGO_REAL_BIN=/home/runner/work/benchmarks/benchmarks/.ci/llgo/llgo LLGO_LTO_PLUGIN=/home/runner/work/benchmarks/benchmarks/.ci/llgo/ltoplugin/build/LLGOLTOPlugin.so GOPATH=/home/runner/work/benchmarks/benchmarks/.ci/bent-run/gopath GOOS=linux GOARCH=amd64 GO111MODULE=auto ROOT=/home/runner/work/benchmarks/benchmarks/.ci/bent-run GOROOT=/home/runner/work/benchmarks/benchmarks/.ci/bent-run/goroots/Go BENT_BENCH=etcdctl BENT_CONFIG=Go BENT_I=0 GOCACHE=/home/runner/work/benchmarks/benchmarks/.ci/bent-run/build-cache/runs/cache-398185939/go-build XDG_CACHE_HOME=/home/runner/work/benchmarks/benchmarks/.ci/bent-run/build-cache/runs/cache-398185939/xdg LocalAppData=/home/runner/work/benchmarks/benchmarks/.ci/bent-run/build-cache/runs/cache-398185939/local-app-data /home/runner/work/benchmarks/benchmarks/.ci/bent-run/goroots/Go/bin/go build -o /home/runner/work/benchmarks/benchmarks/.ci/bent-run/testbin/etcdctl_Go go.etcd.io/etcd/etcdctl/v3 )
goarch: amd64
toolchain: Go
BenchmarkEtcdctl 1 10603439569 build-real-ns/op 31463640000 build-user-ns/op 2284030000 build-sys-ns/op
toolchain: Go
( LLGO_BUILD_TIMEOUT_SECONDS=1200 LLGO_COMMITTED_AT=2026-09-22T18:14:35+08:00 LLGO_BUILD_GO_VERSION=1.27.0 LLGO_BIN=/home/runner/work/benchmarks/benchmarks/ci/llgo-size/bin/llgo-build-timeout BENT_TIMING_LOG=/home/runner/work/benchmarks/benchmarks/.ci/bent-run/download-timings.log GOROOT_1_25_X64=/opt/hostedtoolcache/go/1.25.14/x64 LLGO_MAIN_INDEX=1686 LLGO_BUILD_KILL_GRACE_SECONDS=30 LLGO_COMMIT=71cd3baf1d4859c36f88a2ae68d271bb711d7c6a GO_VERSION=1.26.2 LLGO_REPOSITORY=xgo-dev/llgo GOROOT_1_24_X64=/opt/hostedtoolcache/go/1.24.13/x64 GOROOT_1_26_X64=/opt/hostedtoolcache/go/1.26.8/x64 BENT_REAL_GO=/opt/hostedtoolcache/go/1.26.2/x64/bin/go LLGO_ROOT=/home/runner/work/benchmarks/benchmarks/.ci/llgo LLGO_REAL_BIN=/home/runner/work/benchmarks/benchmarks/.ci/llgo/llgo LLGO_LTO_PLUGIN=/home/runner/work/benchmarks/benchmarks/.ci/llgo/ltoplugin/build/LLGOLTOPlugin.so GOPATH=/home/runner/work/benchmarks/benchmarks/.ci/bent-run/gopath GOOS=linux GOARCH=amd64 GO111MODULE=auto ROOT=/home/runner/work/benchmarks/benchmarks/.ci/bent-run GOROOT=/home/runner/work/benchmarks/benchmarks/.ci/bent-run/goroots/Go BENT_BENCH=etcdctl BENT_CONFIG=Go BENT_I=0 GOCACHE=/home/runner/work/benchmarks/benchmarks/.ci/bent-run/build-cache/runs/cache-398185939/go-build XDG_CACHE_HOME=/home/runner/work/benchmarks/benchmarks/.ci/bent-run/build-cache/runs/cache-398185939/xdg LocalAppData=/home/runner/work/benchmarks/benchmarks/.ci/bent-run/build-cache/runs/cache-398185939/local-app-data /home/runner/work/benchmarks/benchmarks/.ci/bent-run/benchsize /home/runner/work/benchmarks/benchmarks/.ci/bent-run/testbin/etcdctl_Go Etcdctl )
goos: linux
goarch: amd64
pkg:
Unit total-bytes assume=exact
BenchmarkEtcdctl 1 25896983 total-bytes
Unit text-bytes assume=exact
BenchmarkEtcdctl 1 7873137 text-bytes
Unit data-bytes assume=exact
BenchmarkEtcdctl 1 3387820 data-bytes
Unit rodata-bytes assume=exact
BenchmarkEtcdctl 1 2522489 rodata-bytes
Unit pclntab-bytes assume=exact
BenchmarkEtcdctl 1 6735295 pclntab-bytes
Unit debug-bytes assume=exact
BenchmarkEtcdctl 1 5123631 debug-bytes

rm -rf /home/runner/work/benchmarks/benchmarks/.ci/bent-run/gopath/bin
(cd /home/runner/work/benchmarks/benchmarks/.ci/bent-run/build/toml; LLGO_BUILD_TIMEOUT_SECONDS=1200 LLGO_COMMITTED_AT=2026-09-22T18:14:35+08:00 LLGO_BUILD_GO_VERSION=1.27.0 LLGO_BIN=/home/runner/work/benchmarks/benchmarks/ci/llgo-size/bin/llgo-build-timeout BENT_TIMING_LOG=/home/runner/work/benchmarks/benchmarks/.ci/bent-run/download-timings.log GOROOT_1_25_X64=/opt/hostedtoolcache/go/1.25.14/x64 LLGO_MAIN_INDEX=1686 LLGO_BUILD_KILL_GRACE_SECONDS=30 LLGO_COMMIT=71cd3baf1d4859c36f88a2ae68d271bb711d7c6a GO_VERSION=1.26.2 LLGO_REPOSITORY=xgo-dev/llgo GOROOT_1_24_X64=/opt/hostedtoolcache/go/1.24.13/x64 GOROOT_1_26_X64=/opt/hostedtoolcache/go/1.26.8/x64 BENT_REAL_GO=/opt/hostedtoolcache/go/1.26.2/x64/bin/go LLGO_ROOT=/home/runner/work/benchmarks/benchmarks/.ci/llgo LLGO_REAL_BIN=/home/runner/work/benchmarks/benchmarks/.ci/llgo/llgo LLGO_LTO_PLUGIN=/home/runner/work/benchmarks/benchmarks/.ci/llgo/ltoplugin/build/LLGOLTOPlugin.so GOPATH=/home/runner/work/benchmarks/benchmarks/.ci/bent-run/gopath GOOS=linux GOARCH=amd64 GO111MODULE=auto ROOT=/home/runner/work/benchmarks/benchmarks/.ci/bent-run GOROOT=/opt/hostedtoolcache/go/1.26.2/x64/ BENT_BENCH=toml BENT_CONFIG=LLGoFullLTOGlobalDCEPlugin BENT_I=0 GOCACHE=/home/runner/work/benchmarks/benchmarks/.ci/bent-run/build-cache/runs/cache-1559450402/go-build XDG_CACHE_HOME=/home/runner/work/benchmarks/benchmarks/.ci/bent-run/build-cache/runs/cache-1559450402/xdg LocalAppData=/home/runner/work/benchmarks/benchmarks/.ci/bent-run/build-cache/runs/cache-1559450402/local-app-data /home/runner/work/benchmarks/benchmarks/ci/llgo-size/bin/llgo-build-timeout test -c -o /home/runner/work/benchmarks/benchmarks/.ci/bent-run/testbin/toml_LLGoFullLTOGlobalDCEPlugin -lto=full -lto-pass-plugin=/home/runner/work/benchmarks/benchmarks/.ci/llgo/ltoplugin/build/LLGOLTOPlugin.so github.com/BurntSushi/toml )
goarch: amd64
toolchain: LLGoFullLTOGlobalDCEPlugin
BenchmarkToml 1 28736851958 build-real-ns/op 40729924000 build-user-ns/op 1079753000 build-sys-ns/op
toolchain: LLGoFullLTOGlobalDCEPlugin
( LLGO_BUILD_TIMEOUT_SECONDS=1200 LLGO_COMMITTED_AT=2026-09-22T18:14:35+08:00 LLGO_BUILD_GO_VERSION=1.27.0 LLGO_BIN=/home/runner/work/benchmarks/benchmarks/ci/llgo-size/bin/llgo-build-timeout BENT_TIMING_LOG=/home/runner/work/benchmarks/benchmarks/.ci/bent-run/download-timings.log GOROOT_1_25_X64=/opt/hostedtoolcache/go/1.25.14/x64 LLGO_MAIN_INDEX=1686 LLGO_BUILD_KILL_GRACE_SECONDS=30 LLGO_COMMIT=71cd3baf1d4859c36f88a2ae68d271bb711d7c6a GO_VERSION=1.26.2 LLGO_REPOSITORY=xgo-dev/llgo GOROOT_1_24_X64=/opt/hostedtoolcache/go/1.24.13/x64 GOROOT_1_26_X64=/opt/hostedtoolcache/go/1.26.8/x64 BENT_REAL_GO=/opt/hostedtoolcache/go/1.26.2/x64/bin/go LLGO_ROOT=/home/runner/work/benchmarks/benchmarks/.ci/llgo LLGO_REAL_BIN=/home/runner/work/benchmarks/benchmarks/.ci/llgo/llgo LLGO_LTO_PLUGIN=/home/runner/work/benchmarks/benchmarks/.ci/llgo/ltoplugin/build/LLGOLTOPlugin.so GOPATH=/home/runner/work/benchmarks/benchmarks/.ci/bent-run/gopath GOOS=linux GOARCH=amd64 GO111MODULE=auto ROOT=/home/runner/work/benchmarks/benchmarks/.ci/bent-run GOROOT=/opt/hostedtoolcache/go/1.26.2/x64/ BENT_BENCH=toml BENT_CONFIG=LLGoFullLTOGlobalDCEPlugin BENT_I=0 GOCACHE=/home/runner/work/benchmarks/benchmarks/.ci/bent-run/build-cache/runs/cache-1559450402/go-build XDG_CACHE_HOME=/home/runner/work/benchmarks/benchmarks/.ci/bent-run/build-cache/runs/cache-1559450402/xdg LocalAppData=/home/runner/work/benchmarks/benchmarks/.ci/bent-run/build-cache/runs/cache-1559450402/local-app-data /home/runner/work/benchmarks/benchmarks/.ci/bent-run/benchsize /home/runner/work/benchmarks/benchmarks/.ci/bent-run/testbin/toml_LLGoFullLTOGlobalDCEPlugin Toml )
goos: linux
goarch: amd64
pkg:
Unit total-bytes assume=exact
BenchmarkToml 1 4871896 total-bytes
Unit text-bytes assume=exact
BenchmarkToml 1 1568695 text-bytes
Unit data-bytes assume=exact
BenchmarkToml 1 2084296 data-bytes
Unit rodata-bytes assume=exact
BenchmarkToml 1 1995200 rodata-bytes
Unit pclntab-bytes assume=exact
BenchmarkToml 1 0 pclntab-bytes
Unit debug-bytes assume=exact
BenchmarkToml 1 0 debug-bytes

rm -rf /home/runner/work/benchmarks/benchmarks/.ci/bent-run/gopath/bin
(cd /home/runner/work/benchmarks/benchmarks/.ci/bent-run/build/toml; LLGO_BUILD_TIMEOUT_SECONDS=1200 LLGO_COMMITTED_AT=2026-09-22T18:14:35+08:00 LLGO_BUILD_GO_VERSION=1.27.0 LLGO_BIN=/home/runner/work/benchmarks/benchmarks/ci/llgo-size/bin/llgo-build-timeout BENT_TIMING_LOG=/home/runner/work/benchmarks/benchmarks/.ci/bent-run/download-timings.log GOROOT_1_25_X64=/opt/hostedtoolcache/go/1.25.14/x64 LLGO_MAIN_INDEX=1686 LLGO_BUILD_KILL_GRACE_SECONDS=30 LLGO_COMMIT=71cd3baf1d4859c36f88a2ae68d271bb711d7c6a GO_VERSION=1.26.2 LLGO_REPOSITORY=xgo-dev/llgo GOROOT_1_24_X64=/opt/hostedtoolcache/go/1.24.13/x64 GOROOT_1_26_X64=/opt/hostedtoolcache/go/1.26.8/x64 BENT_REAL_GO=/opt/hostedtoolcache/go/1.26.2/x64/bin/go LLGO_ROOT=/home/runner/work/benchmarks/benchmarks/.ci/llgo LLGO_REAL_BIN=/home/runner/work/benchmarks/benchmarks/.ci/llgo/llgo LLGO_LTO_PLUGIN=/home/runner/work/benchmarks/benchmarks/.ci/llgo/ltoplugin/build/LLGOLTOPlugin.so GOPATH=/home/runner/work/benchmarks/benchmarks/.ci/bent-run/gopath GOOS=linux GOARCH=amd64 GO111MODULE=auto ROOT=/home/runner/work/benchmarks/benchmarks/.ci/bent-run GOROOT=/home/runner/work/benchmarks/benchmarks/.ci/bent-run/goroots/Go BENT_BENCH=toml BENT_CONFIG=Go BENT_I=0 GOCACHE=/home/runner/work/benchmarks/benchmarks/.ci/bent-run/build-cache/runs/cache-398178136/go-build XDG_CACHE_HOME=/home/runner/work/benchmarks/benchmarks/.ci/bent-run/build-cache/runs/cache-398178136/xdg LocalAppData=/home/runner/work/benchmarks/benchmarks/.ci/bent-run/build-cache/runs/cache-398178136/local-app-data /home/runner/work/benchmarks/benchmarks/.ci/bent-run/goroots/Go/bin/go test -vet=off -c -o /home/runner/work/benchmarks/benchmarks/.ci/bent-run/testbin/toml_Go github.com/BurntSushi/toml )
goarch: amd64
toolchain: Go
BenchmarkToml 1 915431326 build-real-ns/op 1756056000 build-user-ns/op 269106000 build-sys-ns/op
toolchain: Go
( LLGO_BUILD_TIMEOUT_SECONDS=1200 LLGO_COMMITTED_AT=2026-09-22T18:14:35+08:00 LLGO_BUILD_GO_VERSION=1.27.0 LLGO_BIN=/home/runner/work/benchmarks/benchmarks/ci/llgo-size/bin/llgo-build-timeout BENT_TIMING_LOG=/home/runner/work/benchmarks/benchmarks/.ci/bent-run/download-timings.log GOROOT_1_25_X64=/opt/hostedtoolcache/go/1.25.14/x64 LLGO_MAIN_INDEX=1686 LLGO_BUILD_KILL_GRACE_SECONDS=30 LLGO_COMMIT=71cd3baf1d4859c36f88a2ae68d271bb711d7c6a GO_VERSION=1.26.2 LLGO_REPOSITORY=xgo-dev/llgo GOROOT_1_24_X64=/opt/hostedtoolcache/go/1.24.13/x64 GOROOT_1_26_X64=/opt/hostedtoolcache/go/1.26.8/x64 BENT_REAL_GO=/opt/hostedtoolcache/go/1.26.2/x64/bin/go LLGO_ROOT=/home/runner/work/benchmarks/benchmarks/.ci/llgo LLGO_REAL_BIN=/home/runner/work/benchmarks/benchmarks/.ci/llgo/llgo LLGO_LTO_PLUGIN=/home/runner/work/benchmarks/benchmarks/.ci/llgo/ltoplugin/build/LLGOLTOPlugin.so GOPATH=/home/runner/work/benchmarks/benchmarks/.ci/bent-run/gopath GOOS=linux GOARCH=amd64 GO111MODULE=auto ROOT=/home/runner/work/benchmarks/benchmarks/.ci/bent-run GOROOT=/home/runner/work/benchmarks/benchmarks/.ci/bent-run/goroots/Go BENT_BENCH=toml BENT_CONFIG=Go BENT_I=0 GOCACHE=/home/runner/work/benchmarks/benchmarks/.ci/bent-run/build-cache/runs/cache-398178136/go-build XDG_CACHE_HOME=/home/runner/work/benchmarks/benchmarks/.ci/bent-run/build-cache/runs/cache-398178136/xdg LocalAppData=/home/runner/work/benchmarks/benchmarks/.ci/bent-run/build-cache/runs/cache-398178136/local-app-data /home/runner/work/benchmarks/benchmarks/.ci/bent-run/benchsize /home/runner/work/benchmarks/benchmarks/.ci/bent-run/testbin/toml_Go Toml )
goos: linux
goarch: amd64
pkg:
Unit total-bytes assume=exact
BenchmarkToml 1 7324958 total-bytes
Unit text-bytes assume=exact
BenchmarkToml 1 2270513 text-bytes
Unit data-bytes assume=exact
BenchmarkToml 1 1054996 data-bytes
Unit rodata-bytes assume=exact
BenchmarkToml 1 905569 rodata-bytes
Unit pclntab-bytes assume=exact
BenchmarkToml 1 1818042 pclntab-bytes
Unit debug-bytes assume=exact
BenchmarkToml 1 1575478 debug-bytes

rm -rf /home/runner/work/benchmarks/benchmarks/.ci/bent-run/gopath/bin
(cd /home/runner/work/benchmarks/benchmarks/.ci/bent-run/build/XGo; LLGO_BUILD_TIMEOUT_SECONDS=1200 LLGO_COMMITTED_AT=2026-09-22T18:14:35+08:00 LLGO_BUILD_GO_VERSION=1.27.0 LLGO_BIN=/home/runner/work/benchmarks/benchmarks/ci/llgo-size/bin/llgo-build-timeout BENT_TIMING_LOG=/home/runner/work/benchmarks/benchmarks/.ci/bent-run/download-timings.log GOROOT_1_25_X64=/opt/hostedtoolcache/go/1.25.14/x64 LLGO_MAIN_INDEX=1686 LLGO_BUILD_KILL_GRACE_SECONDS=30 LLGO_COMMIT=71cd3baf1d4859c36f88a2ae68d271bb711d7c6a GO_VERSION=1.26.2 LLGO_REPOSITORY=xgo-dev/llgo GOROOT_1_24_X64=/opt/hostedtoolcache/go/1.24.13/x64 GOROOT_1_26_X64=/opt/hostedtoolcache/go/1.26.8/x64 BENT_REAL_GO=/opt/hostedtoolcache/go/1.26.2/x64/bin/go LLGO_ROOT=/home/runner/work/benchmarks/benchmarks/.ci/llgo LLGO_REAL_BIN=/home/runner/work/benchmarks/benchmarks/.ci/llgo/llgo LLGO_LTO_PLUGIN=/home/runner/work/benchmarks/benchmarks/.ci/llgo/ltoplugin/build/LLGOLTOPlugin.so GOPATH=/home/runner/work/benchmarks/benchmarks/.ci/bent-run/gopath GOOS=linux GOARCH=amd64 GO111MODULE=auto ROOT=/home/runner/work/benchmarks/benchmarks/.ci/bent-run GOROOT=/home/runner/work/benchmarks/benchmarks/.ci/bent-run/goroots/Go BENT_BENCH=XGo BENT_CONFIG=Go BENT_I=0 GOCACHE=/home/runner/work/benchmarks/benchmarks/.ci/bent-run/build-cache/runs/cache-555747074/go-build XDG_CACHE_HOME=/home/runner/work/benchmarks/benchmarks/.ci/bent-run/build-cache/runs/cache-555747074/xdg LocalAppData=/home/runner/work/benchmarks/benchmarks/.ci/bent-run/build-cache/runs/cache-555747074/local-app-data /home/runner/work/benchmarks/benchmarks/.ci/bent-run/goroots/Go/bin/go build -o /home/runner/work/benchmarks/benchmarks/.ci/bent-run/testbin/XGo_Go github.com/goplus/xgo/cmd/xgo )
goarch: amd64
toolchain: Go
BenchmarkXGo 1 5899585153 build-real-ns/op 18004288000 build-user-ns/op 1233003000 build-sys-ns/op
toolchain: Go
( LLGO_BUILD_TIMEOUT_SECONDS=1200 LLGO_COMMITTED_AT=2026-09-22T18:14:35+08:00 LLGO_BUILD_GO_VERSION=1.27.0 LLGO_BIN=/home/runner/work/benchmarks/benchmarks/ci/llgo-size/bin/llgo-build-timeout BENT_TIMING_LOG=/home/runner/work/benchmarks/benchmarks/.ci/bent-run/download-timings.log GOROOT_1_25_X64=/opt/hostedtoolcache/go/1.25.14/x64 LLGO_MAIN_INDEX=1686 LLGO_BUILD_KILL_GRACE_SECONDS=30 LLGO_COMMIT=71cd3baf1d4859c36f88a2ae68d271bb711d7c6a GO_VERSION=1.26.2 LLGO_REPOSITORY=xgo-dev/llgo GOROOT_1_24_X64=/opt/hostedtoolcache/go/1.24.13/x64 GOROOT_1_26_X64=/opt/hostedtoolcache/go/1.26.8/x64 BENT_REAL_GO=/opt/hostedtoolcache/go/1.26.2/x64/bin/go LLGO_ROOT=/home/runner/work/benchmarks/benchmarks/.ci/llgo LLGO_REAL_BIN=/home/runner/work/benchmarks/benchmarks/.ci/llgo/llgo LLGO_LTO_PLUGIN=/home/runner/work/benchmarks/benchmarks/.ci/llgo/ltoplugin/build/LLGOLTOPlugin.so GOPATH=/home/runner/work/benchmarks/benchmarks/.ci/bent-run/gopath GOOS=linux GOARCH=amd64 GO111MODULE=auto ROOT=/home/runner/work/benchmarks/benchmarks/.ci/bent-run GOROOT=/home/runner/work/benchmarks/benchmarks/.ci/bent-run/goroots/Go BENT_BENCH=XGo BENT_CONFIG=Go BENT_I=0 GOCACHE=/home/runner/work/benchmarks/benchmarks/.ci/bent-run/build-cache/runs/cache-555747074/go-build XDG_CACHE_HOME=/home/runner/work/benchmarks/benchmarks/.ci/bent-run/build-cache/runs/cache-555747074/xdg LocalAppData=/home/runner/work/benchmarks/benchmarks/.ci/bent-run/build-cache/runs/cache-555747074/local-app-data /home/runner/work/benchmarks/benchmarks/.ci/bent-run/benchsize /home/runner/work/benchmarks/benchmarks/.ci/bent-run/testbin/XGo_Go XGo )
goos: linux
goarch: amd64
pkg:
Unit total-bytes assume=exact
BenchmarkXGo 1 18662581 total-bytes
Unit text-bytes assume=exact
BenchmarkXGo 1 6216337 text-bytes
Unit data-bytes assume=exact
BenchmarkXGo 1 2077932 data-bytes
Unit rodata-bytes assume=exact
BenchmarkXGo 1 1655417 rodata-bytes
Unit pclntab-bytes assume=exact
BenchmarkXGo 1 4599299 pclntab-bytes
Unit debug-bytes assume=exact
BenchmarkXGo 1 4165037 debug-bytes

rm -rf /home/runner/work/benchmarks/benchmarks/.ci/bent-run/gopath/bin
(cd /home/runner/work/benchmarks/benchmarks/.ci/bent-run/build/aws_restjson_v1; LLGO_BUILD_TIMEOUT_SECONDS=1200 LLGO_COMMITTED_AT=2026-09-22T18:14:35+08:00 LLGO_BUILD_GO_VERSION=1.27.0 LLGO_BIN=/home/runner/work/benchmarks/benchmarks/ci/llgo-size/bin/llgo-build-timeout BENT_TIMING_LOG=/home/runner/work/benchmarks/benchmarks/.ci/bent-run/download-timings.log GOROOT_1_25_X64=/opt/hostedtoolcache/go/1.25.14/x64 LLGO_MAIN_INDEX=1686 LLGO_BUILD_KILL_GRACE_SECONDS=30 LLGO_COMMIT=71cd3baf1d4859c36f88a2ae68d271bb711d7c6a GO_VERSION=1.26.2 LLGO_REPOSITORY=xgo-dev/llgo GOROOT_1_24_X64=/opt/hostedtoolcache/go/1.24.13/x64 GOROOT_1_26_X64=/opt/hostedtoolcache/go/1.26.8/x64 BENT_REAL_GO=/opt/hostedtoolcache/go/1.26.2/x64/bin/go LLGO_ROOT=/home/runner/work/benchmarks/benchmarks/.ci/llgo LLGO_REAL_BIN=/home/runner/work/benchmarks/benchmarks/.ci/llgo/llgo LLGO_LTO_PLUGIN=/home/runner/work/benchmarks/benchmarks/.ci/llgo/ltoplugin/build/LLGOLTOPlugin.so GOPATH=/home/runner/work/benchmarks/benchmarks/.ci/bent-run/gopath GOOS=linux GOARCH=amd64 GO111MODULE=auto ROOT=/home/runner/work/benchmarks/benchmarks/.ci/bent-run GOROOT=/home/runner/work/benchmarks/benchmarks/.ci/bent-run/goroots/Go BENT_BENCH=aws_restjson BENT_CONFIG=Go BENT_I=0 GOCACHE=/home/runner/work/benchmarks/benchmarks/.ci/bent-run/build-cache/runs/cache-4024285689/go-build XDG_CACHE_HOME=/home/runner/work/benchmarks/benchmarks/.ci/bent-run/build-cache/runs/cache-4024285689/xdg LocalAppData=/home/runner/work/benchmarks/benchmarks/.ci/bent-run/build-cache/runs/cache-4024285689/local-app-data /home/runner/work/benchmarks/benchmarks/.ci/bent-run/goroots/Go/bin/go test -vet=off -c -o /home/runner/work/benchmarks/benchmarks/.ci/bent-run/testbin/aws_restjson_v1_Go github.com/aws/aws-sdk-go/private/protocol/restjson )
goarch: amd64
toolchain: Go
BenchmarkAws_restjson 1 3181104227 build-real-ns/op 7192674000 build-user-ns/op 721407000 build-sys-ns/op
toolchain: Go
( LLGO_BUILD_TIMEOUT_SECONDS=1200 LLGO_COMMITTED_AT=2026-09-22T18:14:35+08:00 LLGO_BUILD_GO_VERSION=1.27.0 LLGO_BIN=/home/runner/work/benchmarks/benchmarks/ci/llgo-size/bin/llgo-build-timeout BENT_TIMING_LOG=/home/runner/work/benchmarks/benchmarks/.ci/bent-run/download-timings.log GOROOT_1_25_X64=/opt/hostedtoolcache/go/1.25.14/x64 LLGO_MAIN_INDEX=1686 LLGO_BUILD_KILL_GRACE_SECONDS=30 LLGO_COMMIT=71cd3baf1d4859c36f88a2ae68d271bb711d7c6a GO_VERSION=1.26.2 LLGO_REPOSITORY=xgo-dev/llgo GOROOT_1_24_X64=/opt/hostedtoolcache/go/1.24.13/x64 GOROOT_1_26_X64=/opt/hostedtoolcache/go/1.26.8/x64 BENT_REAL_GO=/opt/hostedtoolcache/go/1.26.2/x64/bin/go LLGO_ROOT=/home/runner/work/benchmarks/benchmarks/.ci/llgo LLGO_REAL_BIN=/home/runner/work/benchmarks/benchmarks/.ci/llgo/llgo LLGO_LTO_PLUGIN=/home/runner/work/benchmarks/benchmarks/.ci/llgo/ltoplugin/build/LLGOLTOPlugin.so GOPATH=/home/runner/work/benchmarks/benchmarks/.ci/bent-run/gopath GOOS=linux GOARCH=amd64 GO111MODULE=auto ROOT=/home/runner/work/benchmarks/benchmarks/.ci/bent-run GOROOT=/home/runner/work/benchmarks/benchmarks/.ci/bent-run/goroots/Go BENT_BENCH=aws_restjson BENT_CONFIG=Go BENT_I=0 GOCACHE=/home/runner/work/benchmarks/benchmarks/.ci/bent-run/build-cache/runs/cache-4024285689/go-build XDG_CACHE_HOME=/home/runner/work/benchmarks/benchmarks/.ci/bent-run/build-cache/runs/cache-4024285689/xdg LocalAppData=/home/runner/work/benchmarks/benchmarks/.ci/bent-run/build-cache/runs/cache-4024285689/local-app-data /home/runner/work/benchmarks/benchmarks/.ci/bent-run/benchsize /home/runner/work/benchmarks/benchmarks/.ci/bent-run/testbin/aws_restjson_v1_Go Aws_restjson )
goos: linux
goarch: amd64
pkg:
Unit total-bytes assume=exact
BenchmarkAws_restjson 1 14635492 total-bytes
Unit text-bytes assume=exact
BenchmarkAws_restjson 1 5291601 text-bytes
Unit data-bytes assume=exact
BenchmarkAws_restjson 1 1732332 data-bytes
Unit rodata-bytes assume=exact
BenchmarkAws_restjson 1 1341145 rodata-bytes
Unit pclntab-bytes assume=exact
BenchmarkAws_restjson 1 3738191 pclntab-bytes
Unit debug-bytes assume=exact
BenchmarkAws_restjson 1 2731179 debug-bytes

rm -rf /home/runner/work/benchmarks/benchmarks/.ci/bent-run/gopath/bin
(cd /home/runner/work/benchmarks/benchmarks/.ci/bent-run/build/gorm_schema; LLGO_BUILD_TIMEOUT_SECONDS=1200 LLGO_COMMITTED_AT=2026-09-22T18:14:35+08:00 LLGO_BUILD_GO_VERSION=1.27.0 LLGO_BIN=/home/runner/work/benchmarks/benchmarks/ci/llgo-size/bin/llgo-build-timeout BENT_TIMING_LOG=/home/runner/work/benchmarks/benchmarks/.ci/bent-run/download-timings.log GOROOT_1_25_X64=/opt/hostedtoolcache/go/1.25.14/x64 LLGO_MAIN_INDEX=1686 LLGO_BUILD_KILL_GRACE_SECONDS=30 LLGO_COMMIT=71cd3baf1d4859c36f88a2ae68d271bb711d7c6a GO_VERSION=1.26.2 LLGO_REPOSITORY=xgo-dev/llgo GOROOT_1_24_X64=/opt/hostedtoolcache/go/1.24.13/x64 GOROOT_1_26_X64=/opt/hostedtoolcache/go/1.26.8/x64 BENT_REAL_GO=/opt/hostedtoolcache/go/1.26.2/x64/bin/go LLGO_ROOT=/home/runner/work/benchmarks/benchmarks/.ci/llgo LLGO_REAL_BIN=/home/runner/work/benchmarks/benchmarks/.ci/llgo/llgo LLGO_LTO_PLUGIN=/home/runner/work/benchmarks/benchmarks/.ci/llgo/ltoplugin/build/LLGOLTOPlugin.so GOPATH=/home/runner/work/benchmarks/benchmarks/.ci/bent-run/gopath GOOS=linux GOARCH=amd64 GO111MODULE=auto ROOT=/home/runner/work/benchmarks/benchmarks/.ci/bent-run GOROOT=/opt/hostedtoolcache/go/1.26.2/x64/ BENT_BENCH=gorm_schema BENT_CONFIG=LLGoNoLTO BENT_I=0 GOCACHE=/home/runner/work/benchmarks/benchmarks/.ci/bent-run/build-cache/runs/cache-1987526773/go-build XDG_CACHE_HOME=/home/runner/work/benchmarks/benchmarks/.ci/bent-run/build-cache/runs/cache-1987526773/xdg LocalAppData=/home/runner/work/benchmarks/benchmarks/.ci/bent-run/build-cache/runs/cache-1987526773/local-app-data /home/runner/work/benchmarks/benchmarks/ci/llgo-size/bin/llgo-build-timeout test -c -o /home/runner/work/benchmarks/benchmarks/.ci/bent-run/testbin/gorm_schema_LLGoNoLTO gorm.io/gorm/schema )
goarch: amd64
toolchain: LLGoNoLTO
BenchmarkGorm_schema 1 13405111613 build-real-ns/op 38528895000 build-user-ns/op 1264780000 build-sys-ns/op
toolchain: LLGoNoLTO
( LLGO_BUILD_TIMEOUT_SECONDS=1200 LLGO_COMMITTED_AT=2026-09-22T18:14:35+08:00 LLGO_BUILD_GO_VERSION=1.27.0 LLGO_BIN=/home/runner/work/benchmarks/benchmarks/ci/llgo-size/bin/llgo-build-timeout BENT_TIMING_LOG=/home/runner/work/benchmarks/benchmarks/.ci/bent-run/download-timings.log GOROOT_1_25_X64=/opt/hostedtoolcache/go/1.25.14/x64 LLGO_MAIN_INDEX=1686 LLGO_BUILD_KILL_GRACE_SECONDS=30 LLGO_COMMIT=71cd3baf1d4859c36f88a2ae68d271bb711d7c6a GO_VERSION=1.26.2 LLGO_REPOSITORY=xgo-dev/llgo GOROOT_1_24_X64=/opt/hostedtoolcache/go/1.24.13/x64 GOROOT_1_26_X64=/opt/hostedtoolcache/go/1.26.8/x64 BENT_REAL_GO=/opt/hostedtoolcache/go/1.26.2/x64/bin/go LLGO_ROOT=/home/runner/work/benchmarks/benchmarks/.ci/llgo LLGO_REAL_BIN=/home/runner/work/benchmarks/benchmarks/.ci/llgo/llgo LLGO_LTO_PLUGIN=/home/runner/work/benchmarks/benchmarks/.ci/llgo/ltoplugin/build/LLGOLTOPlugin.so GOPATH=/home/runner/work/benchmarks/benchmarks/.ci/bent-run/gopath GOOS=linux GOARCH=amd64 GO111MODULE=auto ROOT=/home/runner/work/benchmarks/benchmarks/.ci/bent-run GOROOT=/opt/hostedtoolcache/go/1.26.2/x64/ BENT_BENCH=gorm_schema BENT_CONFIG=LLGoNoLTO BENT_I=0 GOCACHE=/home/runner/work/benchmarks/benchmarks/.ci/bent-run/build-cache/runs/cache-1987526773/go-build XDG_CACHE_HOME=/home/runner/work/benchmarks/benchmarks/.ci/bent-run/build-cache/runs/cache-1987526773/xdg LocalAppData=/home/runner/work/benchmarks/benchmarks/.ci/bent-run/build-cache/runs/cache-1987526773/local-app-data /home/runner/work/benchmarks/benchmarks/.ci/bent-run/benchsize /home/runner/work/benchmarks/benchmarks/.ci/bent-run/testbin/gorm_schema_LLGoNoLTO Gorm_schema )
goos: linux
goarch: amd64
pkg:
Unit total-bytes assume=exact
BenchmarkGorm_schema 1 7077296 total-bytes
Unit text-bytes assume=exact
BenchmarkGorm_schema 1 2502529 text-bytes
Unit data-bytes assume=exact
BenchmarkGorm_schema 1 2436720 data-bytes
Unit rodata-bytes assume=exact
BenchmarkGorm_schema 1 1357296 rodata-bytes
Unit pclntab-bytes assume=exact
BenchmarkGorm_schema 1 0 pclntab-bytes
Unit debug-bytes assume=exact
BenchmarkGorm_schema 1 0 debug-bytes

rm -rf /home/runner/work/benchmarks/benchmarks/.ci/bent-run/gopath/bin
(cd /home/runner/work/benchmarks/benchmarks/.ci/bent-run/build/dustin_humanize; LLGO_BUILD_TIMEOUT_SECONDS=1200 LLGO_COMMITTED_AT=2026-09-22T18:14:35+08:00 LLGO_BUILD_GO_VERSION=1.27.0 LLGO_BIN=/home/runner/work/benchmarks/benchmarks/ci/llgo-size/bin/llgo-build-timeout BENT_TIMING_LOG=/home/runner/work/benchmarks/benchmarks/.ci/bent-run/download-timings.log GOROOT_1_25_X64=/opt/hostedtoolcache/go/1.25.14/x64 LLGO_MAIN_INDEX=1686 LLGO_BUILD_KILL_GRACE_SECONDS=30 LLGO_COMMIT=71cd3baf1d4859c36f88a2ae68d271bb711d7c6a GO_VERSION=1.26.2 LLGO_REPOSITORY=xgo-dev/llgo GOROOT_1_24_X64=/opt/hostedtoolcache/go/1.24.13/x64 GOROOT_1_26_X64=/opt/hostedtoolcache/go/1.26.8/x64 BENT_REAL_GO=/opt/hostedtoolcache/go/1.26.2/x64/bin/go LLGO_ROOT=/home/runner/work/benchmarks/benchmarks/.ci/llgo LLGO_REAL_BIN=/home/runner/work/benchmarks/benchmarks/.ci/llgo/llgo LLGO_LTO_PLUGIN=/home/runner/work/benchmarks/benchmarks/.ci/llgo/ltoplugin/build/LLGOLTOPlugin.so GOPATH=/home/runner/work/benchmarks/benchmarks/.ci/bent-run/gopath GOOS=linux GOARCH=amd64 GO111MODULE=auto ROOT=/home/runner/work/benchmarks/benchmarks/.ci/bent-run GOROOT=/opt/hostedtoolcache/go/1.26.2/x64/ BENT_BENCH=dustin_humanize BENT_CONFIG=LLGoFullLTOGlobalDCEPlugin BENT_I=0 GOCACHE=/home/runner/work/benchmarks/benchmarks/.ci/bent-run/build-cache/runs/cache-3432358088/go-build XDG_CACHE_HOME=/home/runner/work/benchmarks/benchmarks/.ci/bent-run/build-cache/runs/cache-3432358088/xdg LocalAppData=/home/runner/work/benchmarks/benchmarks/.ci/bent-run/build-cache/runs/cache-3432358088/local-app-data /home/runner/work/benchmarks/benchmarks/ci/llgo-size/bin/llgo-build-timeout test -c -o /home/runner/work/benchmarks/benchmarks/.ci/bent-run/testbin/dustin_humanize_LLGoFullLTOGlobalDCEPlugin -lto=full -lto-pass-plugin=/home/runner/work/benchmarks/benchmarks/.ci/llgo/ltoplugin/build/LLGOLTOPlugin.so github.com/dustin/go-humanize )
goarch: amd64
toolchain: LLGoFullLTOGlobalDCEPlugin
BenchmarkDustin_humanize 1 18095904253 build-real-ns/op 25331447000 build-user-ns/op 869513000 build-sys-ns/op
toolchain: LLGoFullLTOGlobalDCEPlugin
( LLGO_BUILD_TIMEOUT_SECONDS=1200 LLGO_COMMITTED_AT=2026-09-22T18:14:35+08:00 LLGO_BUILD_GO_VERSION=1.27.0 LLGO_BIN=/home/runner/work/benchmarks/benchmarks/ci/llgo-size/bin/llgo-build-timeout BENT_TIMING_LOG=/home/runner/work/benchmarks/benchmarks/.ci/bent-run/download-timings.log GOROOT_1_25_X64=/opt/hostedtoolcache/go/1.25.14/x64 LLGO_MAIN_INDEX=1686 LLGO_BUILD_KILL_GRACE_SECONDS=30 LLGO_COMMIT=71cd3baf1d4859c36f88a2ae68d271bb711d7c6a GO_VERSION=1.26.2 LLGO_REPOSITORY=xgo-dev/llgo GOROOT_1_24_X64=/opt/hostedtoolcache/go/1.24.13/x64 GOROOT_1_26_X64=/opt/hostedtoolcache/go/1.26.8/x64 BENT_REAL_GO=/opt/hostedtoolcache/go/1.26.2/x64/bin/go LLGO_ROOT=/home/runner/work/benchmarks/benchmarks/.ci/llgo LLGO_REAL_BIN=/home/runner/work/benchmarks/benchmarks/.ci/llgo/llgo LLGO_LTO_PLUGIN=/home/runner/work/benchmarks/benchmarks/.ci/llgo/ltoplugin/build/LLGOLTOPlugin.so GOPATH=/home/runner/work/benchmarks/benchmarks/.ci/bent-run/gopath GOOS=linux GOARCH=amd64 GO111MODULE=auto ROOT=/home/runner/work/benchmarks/benchmarks/.ci/bent-run GOROOT=/opt/hostedtoolcache/go/1.26.2/x64/ BENT_BENCH=dustin_humanize BENT_CONFIG=LLGoFullLTOGlobalDCEPlugin BENT_I=0 GOCACHE=/home/runner/work/benchmarks/benchmarks/.ci/bent-run/build-cache/runs/cache-3432358088/go-build XDG_CACHE_HOME=/home/runner/work/benchmarks/benchmarks/.ci/bent-run/build-cache/runs/cache-3432358088/xdg LocalAppData=/home/runner/work/benchmarks/benchmarks/.ci/bent-run/build-cache/runs/cache-3432358088/local-app-data /home/runner/work/benchmarks/benchmarks/.ci/bent-run/benchsize /home/runner/work/benchmarks/benchmarks/.ci/bent-run/testbin/dustin_humanize_LLGoFullLTOGlobalDCEPlugin Dustin_humanize )
goos: linux
goarch: amd64
pkg:
Unit total-bytes assume=exact
BenchmarkDustin_humanize 1 3249928 total-bytes
Unit text-bytes assume=exact
BenchmarkDustin_humanize 1 936554 text-bytes
Unit data-bytes assume=exact
BenchmarkDustin_humanize 1 1505040 data-bytes
Unit rodata-bytes assume=exact
BenchmarkDustin_humanize 1 1416888 rodata-bytes
Unit pclntab-bytes assume=exact
BenchmarkDustin_humanize 1 0 pclntab-bytes
Unit debug-bytes assume=exact
BenchmarkDustin_humanize 1 0 debug-bytes

rm -rf /home/runner/work/benchmarks/benchmarks/.ci/bent-run/gopath/bin
(cd /home/runner/work/benchmarks/benchmarks/.ci/bent-run/build/iXGo; LLGO_BUILD_TIMEOUT_SECONDS=1200 LLGO_COMMITTED_AT=2026-09-22T18:14:35+08:00 LLGO_BUILD_GO_VERSION=1.27.0 LLGO_BIN=/home/runner/work/benchmarks/benchmarks/ci/llgo-size/bin/llgo-build-timeout BENT_TIMING_LOG=/home/runner/work/benchmarks/benchmarks/.ci/bent-run/download-timings.log GOROOT_1_25_X64=/opt/hostedtoolcache/go/1.25.14/x64 LLGO_MAIN_INDEX=1686 LLGO_BUILD_KILL_GRACE_SECONDS=30 LLGO_COMMIT=71cd3baf1d4859c36f88a2ae68d271bb711d7c6a GO_VERSION=1.26.2 LLGO_REPOSITORY=xgo-dev/llgo GOROOT_1_24_X64=/opt/hostedtoolcache/go/1.24.13/x64 GOROOT_1_26_X64=/opt/hostedtoolcache/go/1.26.8/x64 BENT_REAL_GO=/opt/hostedtoolcache/go/1.26.2/x64/bin/go LLGO_ROOT=/home/runner/work/benchmarks/benchmarks/.ci/llgo LLGO_REAL_BIN=/home/runner/work/benchmarks/benchmarks/.ci/llgo/llgo LLGO_LTO_PLUGIN=/home/runner/work/benchmarks/benchmarks/.ci/llgo/ltoplugin/build/LLGOLTOPlugin.so GOPATH=/home/runner/work/benchmarks/benchmarks/.ci/bent-run/gopath GOOS=linux GOARCH=amd64 GO111MODULE=auto ROOT=/home/runner/work/benchmarks/benchmarks/.ci/bent-run GOROOT=/opt/hostedtoolcache/go/1.26.2/x64/ BENT_BENCH=iXGo BENT_CONFIG=LLGoNoLTO BENT_I=0 GOCACHE=/home/runner/work/benchmarks/benchmarks/.ci/bent-run/build-cache/runs/cache-69099011/go-build XDG_CACHE_HOME=/home/runner/work/benchmarks/benchmarks/.ci/bent-run/build-cache/runs/cache-69099011/xdg LocalAppData=/home/runner/work/benchmarks/benchmarks/.ci/bent-run/build-cache/runs/cache-69099011/local-app-data /home/runner/work/benchmarks/benchmarks/ci/llgo-size/bin/llgo-build-timeout build -o /home/runner/work/benchmarks/benchmarks/.ci/bent-run/testbin/iXGo_LLGoNoLTO github.com/goplus/ixgo/cmd/ixgo )
goarch: amd64
toolchain: LLGoNoLTO
BenchmarkIXGo 1 122028808288 build-real-ns/op 396434177000 build-user-ns/op 9979217000 build-sys-ns/op
toolchain: LLGoNoLTO
( LLGO_BUILD_TIMEOUT_SECONDS=1200 LLGO_COMMITTED_AT=2026-09-22T18:14:35+08:00 LLGO_BUILD_GO_VERSION=1.27.0 LLGO_BIN=/home/runner/work/benchmarks/benchmarks/ci/llgo-size/bin/llgo-build-timeout BENT_TIMING_LOG=/home/runner/work/benchmarks/benchmarks/.ci/bent-run/download-timings.log GOROOT_1_25_X64=/opt/hostedtoolcache/go/1.25.14/x64 LLGO_MAIN_INDEX=1686 LLGO_BUILD_KILL_GRACE_SECONDS=30 LLGO_COMMIT=71cd3baf1d4859c36f88a2ae68d271bb711d7c6a GO_VERSION=1.26.2 LLGO_REPOSITORY=xgo-dev/llgo GOROOT_1_24_X64=/opt/hostedtoolcache/go/1.24.13/x64 GOROOT_1_26_X64=/opt/hostedtoolcache/go/1.26.8/x64 BENT_REAL_GO=/opt/hostedtoolcache/go/1.26.2/x64/bin/go LLGO_ROOT=/home/runner/work/benchmarks/benchmarks/.ci/llgo LLGO_REAL_BIN=/home/runner/work/benchmarks/benchmarks/.ci/llgo/llgo LLGO_LTO_PLUGIN=/home/runner/work/benchmarks/benchmarks/.ci/llgo/ltoplugin/build/LLGOLTOPlugin.so GOPATH=/home/runner/work/benchmarks/benchmarks/.ci/bent-run/gopath GOOS=linux GOARCH=amd64 GO111MODULE=auto ROOT=/home/runner/work/benchmarks/benchmarks/.ci/bent-run GOROOT=/opt/hostedtoolcache/go/1.26.2/x64/ BENT_BENCH=iXGo BENT_CONFIG=LLGoNoLTO BENT_I=0 GOCACHE=/home/runner/work/benchmarks/benchmarks/.ci/bent-run/build-cache/runs/cache-69099011/go-build XDG_CACHE_HOME=/home/runner/work/benchmarks/benchmarks/.ci/bent-run/build-cache/runs/cache-69099011/xdg LocalAppData=/home/runner/work/benchmarks/benchmarks/.ci/bent-run/build-cache/runs/cache-69099011/local-app-data /home/runner/work/benchmarks/benchmarks/.ci/bent-run/benchsize /home/runner/work/benchmarks/benchmarks/.ci/bent-run/testbin/iXGo_LLGoNoLTO IXGo )
goos: linux
goarch: amd64
pkg:
Unit total-bytes assume=exact
BenchmarkIXGo 1 31423936 total-bytes
Unit text-bytes assume=exact
BenchmarkIXGo 1 11139384 text-bytes
Unit data-bytes assume=exact
BenchmarkIXGo 1 10392472 data-bytes
Unit rodata-bytes assume=exact
BenchmarkIXGo 1 6070480 rodata-bytes
Unit pclntab-bytes assume=exact
BenchmarkIXGo 1 0 pclntab-bytes
Unit debug-bytes assume=exact
BenchmarkIXGo 1 0 debug-bytes

rm -rf /home/runner/work/benchmarks/benchmarks/.ci/bent-run/gopath/bin
(cd /home/runner/work/benchmarks/benchmarks/.ci/bent-run/build/gorm_schema; LLGO_BUILD_TIMEOUT_SECONDS=1200 LLGO_COMMITTED_AT=2026-09-22T18:14:35+08:00 LLGO_BUILD_GO_VERSION=1.27.0 LLGO_BIN=/home/runner/work/benchmarks/benchmarks/ci/llgo-size/bin/llgo-build-timeout BENT_TIMING_LOG=/home/runner/work/benchmarks/benchmarks/.ci/bent-run/download-timings.log GOROOT_1_25_X64=/opt/hostedtoolcache/go/1.25.14/x64 LLGO_MAIN_INDEX=1686 LLGO_BUILD_KILL_GRACE_SECONDS=30 LLGO_COMMIT=71cd3baf1d4859c36f88a2ae68d271bb711d7c6a GO_VERSION=1.26.2 LLGO_REPOSITORY=xgo-dev/llgo GOROOT_1_24_X64=/opt/hostedtoolcache/go/1.24.13/x64 GOROOT_1_26_X64=/opt/hostedtoolcache/go/1.26.8/x64 BENT_REAL_GO=/opt/hostedtoolcache/go/1.26.2/x64/bin/go LLGO_ROOT=/home/runner/work/benchmarks/benchmarks/.ci/llgo LLGO_REAL_BIN=/home/runner/work/benchmarks/benchmarks/.ci/llgo/llgo LLGO_LTO_PLUGIN=/home/runner/work/benchmarks/benchmarks/.ci/llgo/ltoplugin/build/LLGOLTOPlugin.so GOPATH=/home/runner/work/benchmarks/benchmarks/.ci/bent-run/gopath GOOS=linux GOARCH=amd64 GO111MODULE=auto ROOT=/home/runner/work/benchmarks/benchmarks/.ci/bent-run GOROOT=/opt/hostedtoolcache/go/1.26.2/x64/ BENT_BENCH=gorm_schema BENT_CONFIG=LLGoDeadcodeDrop BENT_I=0 GOCACHE=/home/runner/work/benchmarks/benchmarks/.ci/bent-run/build-cache/runs/cache-2697140665/go-build XDG_CACHE_HOME=/home/runner/work/benchmarks/benchmarks/.ci/bent-run/build-cache/runs/cache-2697140665/xdg LocalAppData=/home/runner/work/benchmarks/benchmarks/.ci/bent-run/build-cache/runs/cache-2697140665/local-app-data /home/runner/work/benchmarks/benchmarks/ci/llgo-size/bin/llgo-build-timeout test -c -o /home/runner/work/benchmarks/benchmarks/.ci/bent-run/testbin/gorm_schema_LLGoDeadcodeDrop -deadcodedrop gorm.io/gorm/schema )
goarch: amd64
toolchain: LLGoDeadcodeDrop
BenchmarkGorm_schema 1 13598720438 build-real-ns/op 39181799000 build-user-ns/op 1263060000 build-sys-ns/op
toolchain: LLGoDeadcodeDrop
( LLGO_BUILD_TIMEOUT_SECONDS=1200 LLGO_COMMITTED_AT=2026-09-22T18:14:35+08:00 LLGO_BUILD_GO_VERSION=1.27.0 LLGO_BIN=/home/runner/work/benchmarks/benchmarks/ci/llgo-size/bin/llgo-build-timeout BENT_TIMING_LOG=/home/runner/work/benchmarks/benchmarks/.ci/bent-run/download-timings.log GOROOT_1_25_X64=/opt/hostedtoolcache/go/1.25.14/x64 LLGO_MAIN_INDEX=1686 LLGO_BUILD_KILL_GRACE_SECONDS=30 LLGO_COMMIT=71cd3baf1d4859c36f88a2ae68d271bb711d7c6a GO_VERSION=1.26.2 LLGO_REPOSITORY=xgo-dev/llgo GOROOT_1_24_X64=/opt/hostedtoolcache/go/1.24.13/x64 GOROOT_1_26_X64=/opt/hostedtoolcache/go/1.26.8/x64 BENT_REAL_GO=/opt/hostedtoolcache/go/1.26.2/x64/bin/go LLGO_ROOT=/home/runner/work/benchmarks/benchmarks/.ci/llgo LLGO_REAL_BIN=/home/runner/work/benchmarks/benchmarks/.ci/llgo/llgo LLGO_LTO_PLUGIN=/home/runner/work/benchmarks/benchmarks/.ci/llgo/ltoplugin/build/LLGOLTOPlugin.so GOPATH=/home/runner/work/benchmarks/benchmarks/.ci/bent-run/gopath GOOS=linux GOARCH=amd64 GO111MODULE=auto ROOT=/home/runner/work/benchmarks/benchmarks/.ci/bent-run GOROOT=/opt/hostedtoolcache/go/1.26.2/x64/ BENT_BENCH=gorm_schema BENT_CONFIG=LLGoDeadcodeDrop BENT_I=0 GOCACHE=/home/runner/work/benchmarks/benchmarks/.ci/bent-run/build-cache/runs/cache-2697140665/go-build XDG_CACHE_HOME=/home/runner/work/benchmarks/benchmarks/.ci/bent-run/build-cache/runs/cache-2697140665/xdg LocalAppData=/home/runner/work/benchmarks/benchmarks/.ci/bent-run/build-cache/runs/cache-2697140665/local-app-data /home/runner/work/benchmarks/benchmarks/.ci/bent-run/benchsize /home/runner/work/benchmarks/benchmarks/.ci/bent-run/testbin/gorm_schema_LLGoDeadcodeDrop Gorm_schema )
goos: linux
goarch: amd64
pkg:
Unit total-bytes assume=exact
BenchmarkGorm_schema 1 6464064 total-bytes
Unit text-bytes assume=exact
BenchmarkGorm_schema 1 2119139 text-bytes
Unit data-bytes assume=exact
BenchmarkGorm_schema 1 2421592 data-bytes
Unit rodata-bytes assume=exact
BenchmarkGorm_schema 1 1351536 rodata-bytes
Unit pclntab-bytes assume=exact
BenchmarkGorm_schema 1 0 pclntab-bytes
Unit debug-bytes assume=exact
BenchmarkGorm_schema 1 0 debug-bytes

rm -rf /home/runner/work/benchmarks/benchmarks/.ci/bent-run/gopath/bin
(cd /home/runner/work/benchmarks/benchmarks/.ci/bent-run/build/gorm_schema; LLGO_BUILD_TIMEOUT_SECONDS=1200 LLGO_COMMITTED_AT=2026-09-22T18:14:35+08:00 LLGO_BUILD_GO_VERSION=1.27.0 LLGO_BIN=/home/runner/work/benchmarks/benchmarks/ci/llgo-size/bin/llgo-build-timeout BENT_TIMING_LOG=/home/runner/work/benchmarks/benchmarks/.ci/bent-run/download-timings.log GOROOT_1_25_X64=/opt/hostedtoolcache/go/1.25.14/x64 LLGO_MAIN_INDEX=1686 LLGO_BUILD_KILL_GRACE_SECONDS=30 LLGO_COMMIT=71cd3baf1d4859c36f88a2ae68d271bb711d7c6a GO_VERSION=1.26.2 LLGO_REPOSITORY=xgo-dev/llgo GOROOT_1_24_X64=/opt/hostedtoolcache/go/1.24.13/x64 GOROOT_1_26_X64=/opt/hostedtoolcache/go/1.26.8/x64 BENT_REAL_GO=/opt/hostedtoolcache/go/1.26.2/x64/bin/go LLGO_ROOT=/home/runner/work/benchmarks/benchmarks/.ci/llgo LLGO_REAL_BIN=/home/runner/work/benchmarks/benchmarks/.ci/llgo/llgo LLGO_LTO_PLUGIN=/home/runner/work/benchmarks/benchmarks/.ci/llgo/ltoplugin/build/LLGOLTOPlugin.so GOPATH=/home/runner/work/benchmarks/benchmarks/.ci/bent-run/gopath GOOS=linux GOARCH=amd64 GO111MODULE=auto ROOT=/home/runner/work/benchmarks/benchmarks/.ci/bent-run GOROOT=/home/runner/work/benchmarks/benchmarks/.ci/bent-run/goroots/Go BENT_BENCH=gorm_schema BENT_CONFIG=Go BENT_I=0 GOCACHE=/home/runner/work/benchmarks/benchmarks/.ci/bent-run/build-cache/runs/cache-3548042904/go-build XDG_CACHE_HOME=/home/runner/work/benchmarks/benchmarks/.ci/bent-run/build-cache/runs/cache-3548042904/xdg LocalAppData=/home/runner/work/benchmarks/benchmarks/.ci/bent-run/build-cache/runs/cache-3548042904/local-app-data /home/runner/work/benchmarks/benchmarks/.ci/bent-run/goroots/Go/bin/go test -vet=off -c -o /home/runner/work/benchmarks/benchmarks/.ci/bent-run/testbin/gorm_schema_Go gorm.io/gorm/schema )
goarch: amd64
toolchain: Go
BenchmarkGorm_schema 1 2205032373 build-real-ns/op 5353470000 build-user-ns/op 405427000 build-sys-ns/op
toolchain: Go
( LLGO_BUILD_TIMEOUT_SECONDS=1200 LLGO_COMMITTED_AT=2026-09-22T18:14:35+08:00 LLGO_BUILD_GO_VERSION=1.27.0 LLGO_BIN=/home/runner/work/benchmarks/benchmarks/ci/llgo-size/bin/llgo-build-timeout BENT_TIMING_LOG=/home/runner/work/benchmarks/benchmarks/.ci/bent-run/download-timings.log GOROOT_1_25_X64=/opt/hostedtoolcache/go/1.25.14/x64 LLGO_MAIN_INDEX=1686 LLGO_BUILD_KILL_GRACE_SECONDS=30 LLGO_COMMIT=71cd3baf1d4859c36f88a2ae68d271bb711d7c6a GO_VERSION=1.26.2 LLGO_REPOSITORY=xgo-dev/llgo GOROOT_1_24_X64=/opt/hostedtoolcache/go/1.24.13/x64 GOROOT_1_26_X64=/opt/hostedtoolcache/go/1.26.8/x64 BENT_REAL_GO=/opt/hostedtoolcache/go/1.26.2/x64/bin/go LLGO_ROOT=/home/runner/work/benchmarks/benchmarks/.ci/llgo LLGO_REAL_BIN=/home/runner/work/benchmarks/benchmarks/.ci/llgo/llgo LLGO_LTO_PLUGIN=/home/runner/work/benchmarks/benchmarks/.ci/llgo/ltoplugin/build/LLGOLTOPlugin.so GOPATH=/home/runner/work/benchmarks/benchmarks/.ci/bent-run/gopath GOOS=linux GOARCH=amd64 GO111MODULE=auto ROOT=/home/runner/work/benchmarks/benchmarks/.ci/bent-run GOROOT=/home/runner/work/benchmarks/benchmarks/.ci/bent-run/goroots/Go BENT_BENCH=gorm_schema BENT_CONFIG=Go BENT_I=0 GOCACHE=/home/runner/work/benchmarks/benchmarks/.ci/bent-run/build-cache/runs/cache-3548042904/go-build XDG_CACHE_HOME=/home/runner/work/benchmarks/benchmarks/.ci/bent-run/build-cache/runs/cache-3548042904/xdg LocalAppData=/home/runner/work/benchmarks/benchmarks/.ci/bent-run/build-cache/runs/cache-3548042904/local-app-data /home/runner/work/benchmarks/benchmarks/.ci/bent-run/benchsize /home/runner/work/benchmarks/benchmarks/.ci/bent-run/testbin/gorm_schema_Go Gorm_schema )
goos: linux
goarch: amd64
pkg:
Unit total-bytes assume=exact
BenchmarkGorm_schema 1 9421683 total-bytes
Unit text-bytes assume=exact
BenchmarkGorm_schema 1 3020785 text-bytes
Unit data-bytes assume=exact
BenchmarkGorm_schema 1 1135284 data-bytes
Unit rodata-bytes assume=exact
BenchmarkGorm_schema 1 883937 rodata-bytes
Unit pclntab-bytes assume=exact
BenchmarkGorm_schema 1 2425080 pclntab-bytes
Unit debug-bytes assume=exact
BenchmarkGorm_schema 1 2007428 debug-bytes

rm -rf /home/runner/work/benchmarks/benchmarks/.ci/bent-run/gopath/bin
(cd /home/runner/work/benchmarks/benchmarks/.ci/bent-run/build/k8s_workqueue; LLGO_BUILD_TIMEOUT_SECONDS=1200 LLGO_COMMITTED_AT=2026-09-22T18:14:35+08:00 LLGO_BUILD_GO_VERSION=1.27.0 LLGO_BIN=/home/runner/work/benchmarks/benchmarks/ci/llgo-size/bin/llgo-build-timeout BENT_TIMING_LOG=/home/runner/work/benchmarks/benchmarks/.ci/bent-run/download-timings.log GOROOT_1_25_X64=/opt/hostedtoolcache/go/1.25.14/x64 LLGO_MAIN_INDEX=1686 LLGO_BUILD_KILL_GRACE_SECONDS=30 LLGO_COMMIT=71cd3baf1d4859c36f88a2ae68d271bb711d7c6a GO_VERSION=1.26.2 LLGO_REPOSITORY=xgo-dev/llgo GOROOT_1_24_X64=/opt/hostedtoolcache/go/1.24.13/x64 GOROOT_1_26_X64=/opt/hostedtoolcache/go/1.26.8/x64 BENT_REAL_GO=/opt/hostedtoolcache/go/1.26.2/x64/bin/go LLGO_ROOT=/home/runner/work/benchmarks/benchmarks/.ci/llgo LLGO_REAL_BIN=/home/runner/work/benchmarks/benchmarks/.ci/llgo/llgo LLGO_LTO_PLUGIN=/home/runner/work/benchmarks/benchmarks/.ci/llgo/ltoplugin/build/LLGOLTOPlugin.so GOPATH=/home/runner/work/benchmarks/benchmarks/.ci/bent-run/gopath GOOS=linux GOARCH=amd64 GO111MODULE=auto ROOT=/home/runner/work/benchmarks/benchmarks/.ci/bent-run GOROOT=/opt/hostedtoolcache/go/1.26.2/x64/ BENT_BENCH=k8s_workqueue BENT_CONFIG=LLGoNoLTO BENT_I=0 GOCACHE=/home/runner/work/benchmarks/benchmarks/.ci/bent-run/build-cache/runs/cache-290969445/go-build XDG_CACHE_HOME=/home/runner/work/benchmarks/benchmarks/.ci/bent-run/build-cache/runs/cache-290969445/xdg LocalAppData=/home/runner/work/benchmarks/benchmarks/.ci/bent-run/build-cache/runs/cache-290969445/local-app-data /home/runner/work/benchmarks/benchmarks/ci/llgo-size/bin/llgo-build-timeout test -c -o /home/runner/work/benchmarks/benchmarks/.ci/bent-run/testbin/k8s_workqueue_LLGoNoLTO k8s.io/client-go/util/workqueue )
There was an error running "/home/runner/work/benchmarks/benchmarks/ci/llgo-size/bin/llgo-build-timeout test", output = Error: function (k8s.io/apimachinery/pkg/util/sets.Set[any]).New[any]: function has 2 parameters in signature but has 1 after building
# Name: (k8s.io/apimachinery/pkg/util/sets.Set[any]).New[any]
# Synthetic: instance of New
# Location: /home/runner/work/benchmarks/benchmarks/.ci/bent-run/gopath/pkg/mod/k8s.io/apimachinery@v0.36.2/pkg/util/sets/set.go:32:6
func (s Set[any]) New[any](items ...any) Set[any]:
0:                                                                entry P:0 S:0
	t0 = len(items)                                                     int
	t1 = make Set[any] t0                                          Set[any]
	t2 = (Set[any]).Insert(t1, items...)                           Set[any]
	return t1

LLGo build timed out after 1200s (benchmark=k8s_workqueue, configuration=LLGoNoLTO); terminating process group
 DISABLING build k8s_workqueue/LLGoNoLTO
rm -rf /home/runner/work/benchmarks/benchmarks/.ci/bent-run/gopath/bin
(cd /home/runner/work/benchmarks/benchmarks/.ci/bent-run/build/aws_restjson_v1; LLGO_BUILD_TIMEOUT_SECONDS=1200 LLGO_COMMITTED_AT=2026-09-22T18:14:35+08:00 LLGO_BUILD_GO_VERSION=1.27.0 LLGO_BIN=/home/runner/work/benchmarks/benchmarks/ci/llgo-size/bin/llgo-build-timeout BENT_TIMING_LOG=/home/runner/work/benchmarks/benchmarks/.ci/bent-run/download-timings.log GOROOT_1_25_X64=/opt/hostedtoolcache/go/1.25.14/x64 LLGO_MAIN_INDEX=1686 LLGO_BUILD_KILL_GRACE_SECONDS=30 LLGO_COMMIT=71cd3baf1d4859c36f88a2ae68d271bb711d7c6a GO_VERSION=1.26.2 LLGO_REPOSITORY=xgo-dev/llgo GOROOT_1_24_X64=/opt/hostedtoolcache/go/1.24.13/x64 GOROOT_1_26_X64=/opt/hostedtoolcache/go/1.26.8/x64 BENT_REAL_GO=/opt/hostedtoolcache/go/1.26.2/x64/bin/go LLGO_ROOT=/home/runner/work/benchmarks/benchmarks/.ci/llgo LLGO_REAL_BIN=/home/runner/work/benchmarks/benchmarks/.ci/llgo/llgo LLGO_LTO_PLUGIN=/home/runner/work/benchmarks/benchmarks/.ci/llgo/ltoplugin/build/LLGOLTOPlugin.so GOPATH=/home/runner/work/benchmarks/benchmarks/.ci/bent-run/gopath GOOS=linux GOARCH=amd64 GO111MODULE=auto ROOT=/home/runner/work/benchmarks/benchmarks/.ci/bent-run GOROOT=/opt/hostedtoolcache/go/1.26.2/x64/ BENT_BENCH=aws_restjson BENT_CONFIG=LLGoFullLTONoGlobalDCE BENT_I=0 GOCACHE=/home/runner/work/benchmarks/benchmarks/.ci/bent-run/build-cache/runs/cache-1956257132/go-build XDG_CACHE_HOME=/home/runner/work/benchmarks/benchmarks/.ci/bent-run/build-cache/runs/cache-1956257132/xdg LocalAppData=/home/runner/work/benchmarks/benchmarks/.ci/bent-run/build-cache/runs/cache-1956257132/local-app-data /home/runner/work/benchmarks/benchmarks/ci/llgo-size/bin/llgo-build-timeout test -c -o /home/runner/work/benchmarks/benchmarks/.ci/bent-run/testbin/aws_restjson_v1_LLGoFullLTONoGlobalDCE -lto=full -globaldce=false github.com/aws/aws-sdk-go/private/protocol/restjson )
goarch: amd64
toolchain: LLGoFullLTONoGlobalDCE
BenchmarkAws_restjson 1 99739477232 build-real-ns/op 135277971000 build-user-ns/op 2408390000 build-sys-ns/op
toolchain: LLGoFullLTONoGlobalDCE
( LLGO_BUILD_TIMEOUT_SECONDS=1200 LLGO_COMMITTED_AT=2026-09-22T18:14:35+08:00 LLGO_BUILD_GO_VERSION=1.27.0 LLGO_BIN=/home/runner/work/benchmarks/benchmarks/ci/llgo-size/bin/llgo-build-timeout BENT_TIMING_LOG=/home/runner/work/benchmarks/benchmarks/.ci/bent-run/download-timings.log GOROOT_1_25_X64=/opt/hostedtoolcache/go/1.25.14/x64 LLGO_MAIN_INDEX=1686 LLGO_BUILD_KILL_GRACE_SECONDS=30 LLGO_COMMIT=71cd3baf1d4859c36f88a2ae68d271bb711d7c6a GO_VERSION=1.26.2 LLGO_REPOSITORY=xgo-dev/llgo GOROOT_1_24_X64=/opt/hostedtoolcache/go/1.24.13/x64 GOROOT_1_26_X64=/opt/hostedtoolcache/go/1.26.8/x64 BENT_REAL_GO=/opt/hostedtoolcache/go/1.26.2/x64/bin/go LLGO_ROOT=/home/runner/work/benchmarks/benchmarks/.ci/llgo LLGO_REAL_BIN=/home/runner/work/benchmarks/benchmarks/.ci/llgo/llgo LLGO_LTO_PLUGIN=/home/runner/work/benchmarks/benchmarks/.ci/llgo/ltoplugin/build/LLGOLTOPlugin.so GOPATH=/home/runner/work/benchmarks/benchmarks/.ci/bent-run/gopath GOOS=linux GOARCH=amd64 GO111MODULE=auto ROOT=/home/runner/work/benchmarks/benchmarks/.ci/bent-run GOROOT=/opt/hostedtoolcache/go/1.26.2/x64/ BENT_BENCH=aws_restjson BENT_CONFIG=LLGoFullLTONoGlobalDCE BENT_I=0 GOCACHE=/home/runner/work/benchmarks/benchmarks/.ci/bent-run/build-cache/runs/cache-1956257132/go-build XDG_CACHE_HOME=/home/runner/work/benchmarks/benchmarks/.ci/bent-run/build-cache/runs/cache-1956257132/xdg LocalAppData=/home/runner/work/benchmarks/benchmarks/.ci/bent-run/build-cache/runs/cache-1956257132/local-app-data /home/runner/work/benchmarks/benchmarks/.ci/bent-run/benchsize /home/runner/work/benchmarks/benchmarks/.ci/bent-run/testbin/aws_restjson_v1_LLGoFullLTONoGlobalDCE Aws_restjson )
goos: linux
goarch: amd64
pkg:
Unit total-bytes assume=exact
BenchmarkAws_restjson 1 12288696 total-bytes
Unit text-bytes assume=exact
BenchmarkAws_restjson 1 4724908 text-bytes
Unit data-bytes assume=exact
BenchmarkAws_restjson 1 4070040 data-bytes
Unit rodata-bytes assume=exact
BenchmarkAws_restjson 1 3847952 rodata-bytes
Unit pclntab-bytes assume=exact
BenchmarkAws_restjson 1 0 pclntab-bytes
Unit debug-bytes assume=exact
BenchmarkAws_restjson 1 0 debug-bytes

rm -rf /home/runner/work/benchmarks/benchmarks/.ci/bent-run/gopath/bin
(cd /home/runner/work/benchmarks/benchmarks/.ci/bent-run/build/etcdctl; LLGO_BUILD_TIMEOUT_SECONDS=1200 LLGO_COMMITTED_AT=2026-09-22T18:14:35+08:00 LLGO_BUILD_GO_VERSION=1.27.0 LLGO_BIN=/home/runner/work/benchmarks/benchmarks/ci/llgo-size/bin/llgo-build-timeout BENT_TIMING_LOG=/home/runner/work/benchmarks/benchmarks/.ci/bent-run/download-timings.log GOROOT_1_25_X64=/opt/hostedtoolcache/go/1.25.14/x64 LLGO_MAIN_INDEX=1686 LLGO_BUILD_KILL_GRACE_SECONDS=30 LLGO_COMMIT=71cd3baf1d4859c36f88a2ae68d271bb711d7c6a GO_VERSION=1.26.2 LLGO_REPOSITORY=xgo-dev/llgo GOROOT_1_24_X64=/opt/hostedtoolcache/go/1.24.13/x64 GOROOT_1_26_X64=/opt/hostedtoolcache/go/1.26.8/x64 BENT_REAL_GO=/opt/hostedtoolcache/go/1.26.2/x64/bin/go LLGO_ROOT=/home/runner/work/benchmarks/benchmarks/.ci/llgo LLGO_REAL_BIN=/home/runner/work/benchmarks/benchmarks/.ci/llgo/llgo LLGO_LTO_PLUGIN=/home/runner/work/benchmarks/benchmarks/.ci/llgo/ltoplugin/build/LLGOLTOPlugin.so GOPATH=/home/runner/work/benchmarks/benchmarks/.ci/bent-run/gopath GOOS=linux GOARCH=amd64 GO111MODULE=auto ROOT=/home/runner/work/benchmarks/benchmarks/.ci/bent-run GOROOT=/opt/hostedtoolcache/go/1.26.2/x64/ BENT_BENCH=etcdctl BENT_CONFIG=LLGoFullLTONoGlobalDCE BENT_I=0 GOCACHE=/home/runner/work/benchmarks/benchmarks/.ci/bent-run/build-cache/runs/cache-2874132897/go-build XDG_CACHE_HOME=/home/runner/work/benchmarks/benchmarks/.ci/bent-run/build-cache/runs/cache-2874132897/xdg LocalAppData=/home/runner/work/benchmarks/benchmarks/.ci/bent-run/build-cache/runs/cache-2874132897/local-app-data /home/runner/work/benchmarks/benchmarks/ci/llgo-size/bin/llgo-build-timeout build -o /home/runner/work/benchmarks/benchmarks/.ci/bent-run/testbin/etcdctl_LLGoFullLTONoGlobalDCE -lto=full -globaldce=false go.etcd.io/etcd/etcdctl/v3 )
goarch: amd64
toolchain: LLGoFullLTONoGlobalDCE
BenchmarkEtcdctl 1 157519988949 build-real-ns/op 250319325000 build-user-ns/op 4643640000 build-sys-ns/op
toolchain: LLGoFullLTONoGlobalDCE
( LLGO_BUILD_TIMEOUT_SECONDS=1200 LLGO_COMMITTED_AT=2026-09-22T18:14:35+08:00 LLGO_BUILD_GO_VERSION=1.27.0 LLGO_BIN=/home/runner/work/benchmarks/benchmarks/ci/llgo-size/bin/llgo-build-timeout BENT_TIMING_LOG=/home/runner/work/benchmarks/benchmarks/.ci/bent-run/download-timings.log GOROOT_1_25_X64=/opt/hostedtoolcache/go/1.25.14/x64 LLGO_MAIN_INDEX=1686 LLGO_BUILD_KILL_GRACE_SECONDS=30 LLGO_COMMIT=71cd3baf1d4859c36f88a2ae68d271bb711d7c6a GO_VERSION=1.26.2 LLGO_REPOSITORY=xgo-dev/llgo GOROOT_1_24_X64=/opt/hostedtoolcache/go/1.24.13/x64 GOROOT_1_26_X64=/opt/hostedtoolcache/go/1.26.8/x64 BENT_REAL_GO=/opt/hostedtoolcache/go/1.26.2/x64/bin/go LLGO_ROOT=/home/runner/work/benchmarks/benchmarks/.ci/llgo LLGO_REAL_BIN=/home/runner/work/benchmarks/benchmarks/.ci/llgo/llgo LLGO_LTO_PLUGIN=/home/runner/work/benchmarks/benchmarks/.ci/llgo/ltoplugin/build/LLGOLTOPlugin.so GOPATH=/home/runner/work/benchmarks/benchmarks/.ci/bent-run/gopath GOOS=linux GOARCH=amd64 GO111MODULE=auto ROOT=/home/runner/work/benchmarks/benchmarks/.ci/bent-run GOROOT=/opt/hostedtoolcache/go/1.26.2/x64/ BENT_BENCH=etcdctl BENT_CONFIG=LLGoFullLTONoGlobalDCE BENT_I=0 GOCACHE=/home/runner/work/benchmarks/benchmarks/.ci/bent-run/build-cache/runs/cache-2874132897/go-build XDG_CACHE_HOME=/home/runner/work/benchmarks/benchmarks/.ci/bent-run/build-cache/runs/cache-2874132897/xdg LocalAppData=/home/runner/work/benchmarks/benchmarks/.ci/bent-run/build-cache/runs/cache-2874132897/local-app-data /home/runner/work/benchmarks/benchmarks/.ci/bent-run/benchsize /home/runner/work/benchmarks/benchmarks/.ci/bent-run/testbin/etcdctl_LLGoFullLTONoGlobalDCE Etcdctl )
goos: linux
goarch: amd64
pkg:
Unit total-bytes assume=exact
BenchmarkEtcdctl 1 20986208 total-bytes
Unit text-bytes assume=exact
BenchmarkEtcdctl 1 7079397 text-bytes
Unit data-bytes assume=exact
BenchmarkEtcdctl 1 7522648 data-bytes
Unit rodata-bytes assume=exact
BenchmarkEtcdctl 1 6988696 rodata-bytes
Unit pclntab-bytes assume=exact
BenchmarkEtcdctl 1 0 pclntab-bytes
Unit debug-bytes assume=exact
BenchmarkEtcdctl 1 0 debug-bytes

rm -rf /home/runner/work/benchmarks/benchmarks/.ci/bent-run/gopath/bin
(cd /home/runner/work/benchmarks/benchmarks/.ci/bent-run/build/uber_zap; LLGO_BUILD_TIMEOUT_SECONDS=1200 LLGO_COMMITTED_AT=2026-09-22T18:14:35+08:00 LLGO_BUILD_GO_VERSION=1.27.0 LLGO_BIN=/home/runner/work/benchmarks/benchmarks/ci/llgo-size/bin/llgo-build-timeout BENT_TIMING_LOG=/home/runner/work/benchmarks/benchmarks/.ci/bent-run/download-timings.log GOROOT_1_25_X64=/opt/hostedtoolcache/go/1.25.14/x64 LLGO_MAIN_INDEX=1686 LLGO_BUILD_KILL_GRACE_SECONDS=30 LLGO_COMMIT=71cd3baf1d4859c36f88a2ae68d271bb711d7c6a GO_VERSION=1.26.2 LLGO_REPOSITORY=xgo-dev/llgo GOROOT_1_24_X64=/opt/hostedtoolcache/go/1.24.13/x64 GOROOT_1_26_X64=/opt/hostedtoolcache/go/1.26.8/x64 BENT_REAL_GO=/opt/hostedtoolcache/go/1.26.2/x64/bin/go LLGO_ROOT=/home/runner/work/benchmarks/benchmarks/.ci/llgo LLGO_REAL_BIN=/home/runner/work/benchmarks/benchmarks/.ci/llgo/llgo LLGO_LTO_PLUGIN=/home/runner/work/benchmarks/benchmarks/.ci/llgo/ltoplugin/build/LLGOLTOPlugin.so GOPATH=/home/runner/work/benchmarks/benchmarks/.ci/bent-run/gopath GOOS=linux GOARCH=amd64 GO111MODULE=auto ROOT=/home/runner/work/benchmarks/benchmarks/.ci/bent-run GOROOT=/opt/hostedtoolcache/go/1.26.2/x64/ BENT_BENCH=uber_zap BENT_CONFIG=LLGoFullLTONoGlobalDCE BENT_I=0 GOCACHE=/home/runner/work/benchmarks/benchmarks/.ci/bent-run/build-cache/runs/cache-410014524/go-build XDG_CACHE_HOME=/home/runner/work/benchmarks/benchmarks/.ci/bent-run/build-cache/runs/cache-410014524/xdg LocalAppData=/home/runner/work/benchmarks/benchmarks/.ci/bent-run/build-cache/runs/cache-410014524/local-app-data /home/runner/work/benchmarks/benchmarks/ci/llgo-size/bin/llgo-build-timeout test -c -o /home/runner/work/benchmarks/benchmarks/.ci/bent-run/testbin/uber_zap_LLGoFullLTONoGlobalDCE -lto=full -globaldce=false go.uber.org/zap/zapcore )
goarch: amd64
toolchain: LLGoFullLTONoGlobalDCE
BenchmarkUber_zap 1 82678556146 build-real-ns/op 108036911000 build-user-ns/op 1853401000 build-sys-ns/op
toolchain: LLGoFullLTONoGlobalDCE
( LLGO_BUILD_TIMEOUT_SECONDS=1200 LLGO_COMMITTED_AT=2026-09-22T18:14:35+08:00 LLGO_BUILD_GO_VERSION=1.27.0 LLGO_BIN=/home/runner/work/benchmarks/benchmarks/ci/llgo-size/bin/llgo-build-timeout BENT_TIMING_LOG=/home/runner/work/benchmarks/benchmarks/.ci/bent-run/download-timings.log GOROOT_1_25_X64=/opt/hostedtoolcache/go/1.25.14/x64 LLGO_MAIN_INDEX=1686 LLGO_BUILD_KILL_GRACE_SECONDS=30 LLGO_COMMIT=71cd3baf1d4859c36f88a2ae68d271bb711d7c6a GO_VERSION=1.26.2 LLGO_REPOSITORY=xgo-dev/llgo GOROOT_1_24_X64=/opt/hostedtoolcache/go/1.24.13/x64 GOROOT_1_26_X64=/opt/hostedtoolcache/go/1.26.8/x64 BENT_REAL_GO=/opt/hostedtoolcache/go/1.26.2/x64/bin/go LLGO_ROOT=/home/runner/work/benchmarks/benchmarks/.ci/llgo LLGO_REAL_BIN=/home/runner/work/benchmarks/benchmarks/.ci/llgo/llgo LLGO_LTO_PLUGIN=/home/runner/work/benchmarks/benchmarks/.ci/llgo/ltoplugin/build/LLGOLTOPlugin.so GOPATH=/home/runner/work/benchmarks/benchmarks/.ci/bent-run/gopath GOOS=linux GOARCH=amd64 GO111MODULE=auto ROOT=/home/runner/work/benchmarks/benchmarks/.ci/bent-run GOROOT=/opt/hostedtoolcache/go/1.26.2/x64/ BENT_BENCH=uber_zap BENT_CONFIG=LLGoFullLTONoGlobalDCE BENT_I=0 GOCACHE=/home/runner/work/benchmarks/benchmarks/.ci/bent-run/build-cache/runs/cache-410014524/go-build XDG_CACHE_HOME=/home/runner/work/benchmarks/benchmarks/.ci/bent-run/build-cache/runs/cache-410014524/xdg LocalAppData=/home/runner/work/benchmarks/benchmarks/.ci/bent-run/build-cache/runs/cache-410014524/local-app-data /home/runner/work/benchmarks/benchmarks/.ci/bent-run/benchsize /home/runner/work/benchmarks/benchmarks/.ci/bent-run/testbin/uber_zap_LLGoFullLTONoGlobalDCE Uber_zap )
goos: linux
goarch: amd64
pkg:
Unit total-bytes assume=exact
BenchmarkUber_zap 1 11139504 total-bytes
Unit text-bytes assume=exact
BenchmarkUber_zap 1 4060277 text-bytes
Unit data-bytes assume=exact
BenchmarkUber_zap 1 3786944 data-bytes
Unit rodata-bytes assume=exact
BenchmarkUber_zap 1 3563736 rodata-bytes
Unit pclntab-bytes assume=exact
BenchmarkUber_zap 1 0 pclntab-bytes
Unit debug-bytes assume=exact
BenchmarkUber_zap 1 0 debug-bytes

rm -rf /home/runner/work/benchmarks/benchmarks/.ci/bent-run/gopath/bin
(cd /home/runner/work/benchmarks/benchmarks/.ci/bent-run/build/uber_zap; LLGO_BUILD_TIMEOUT_SECONDS=1200 LLGO_COMMITTED_AT=2026-09-22T18:14:35+08:00 LLGO_BUILD_GO_VERSION=1.27.0 LLGO_BIN=/home/runner/work/benchmarks/benchmarks/ci/llgo-size/bin/llgo-build-timeout BENT_TIMING_LOG=/home/runner/work/benchmarks/benchmarks/.ci/bent-run/download-timings.log GOROOT_1_25_X64=/opt/hostedtoolcache/go/1.25.14/x64 LLGO_MAIN_INDEX=1686 LLGO_BUILD_KILL_GRACE_SECONDS=30 LLGO_COMMIT=71cd3baf1d4859c36f88a2ae68d271bb711d7c6a GO_VERSION=1.26.2 LLGO_REPOSITORY=xgo-dev/llgo GOROOT_1_24_X64=/opt/hostedtoolcache/go/1.24.13/x64 GOROOT_1_26_X64=/opt/hostedtoolcache/go/1.26.8/x64 BENT_REAL_GO=/opt/hostedtoolcache/go/1.26.2/x64/bin/go LLGO_ROOT=/home/runner/work/benchmarks/benchmarks/.ci/llgo LLGO_REAL_BIN=/home/runner/work/benchmarks/benchmarks/.ci/llgo/llgo LLGO_LTO_PLUGIN=/home/runner/work/benchmarks/benchmarks/.ci/llgo/ltoplugin/build/LLGOLTOPlugin.so GOPATH=/home/runner/work/benchmarks/benchmarks/.ci/bent-run/gopath GOOS=linux GOARCH=amd64 GO111MODULE=auto ROOT=/home/runner/work/benchmarks/benchmarks/.ci/bent-run GOROOT=/opt/hostedtoolcache/go/1.26.2/x64/ BENT_BENCH=uber_zap BENT_CONFIG=LLGoNoLTO BENT_I=0 GOCACHE=/home/runner/work/benchmarks/benchmarks/.ci/bent-run/build-cache/runs/cache-432745959/go-build XDG_CACHE_HOME=/home/runner/work/benchmarks/benchmarks/.ci/bent-run/build-cache/runs/cache-432745959/xdg LocalAppData=/home/runner/work/benchmarks/benchmarks/.ci/bent-run/build-cache/runs/cache-432745959/local-app-data /home/runner/work/benchmarks/benchmarks/ci/llgo-size/bin/llgo-build-timeout test -c -o /home/runner/work/benchmarks/benchmarks/.ci/bent-run/testbin/uber_zap_LLGoNoLTO go.uber.org/zap/zapcore )
goarch: amd64
toolchain: LLGoNoLTO
BenchmarkUber_zap 1 25385043074 build-real-ns/op 56176841000 build-user-ns/op 1469944000 build-sys-ns/op
toolchain: LLGoNoLTO
( LLGO_BUILD_TIMEOUT_SECONDS=1200 LLGO_COMMITTED_AT=2026-09-22T18:14:35+08:00 LLGO_BUILD_GO_VERSION=1.27.0 LLGO_BIN=/home/runner/work/benchmarks/benchmarks/ci/llgo-size/bin/llgo-build-timeout BENT_TIMING_LOG=/home/runner/work/benchmarks/benchmarks/.ci/bent-run/download-timings.log GOROOT_1_25_X64=/opt/hostedtoolcache/go/1.25.14/x64 LLGO_MAIN_INDEX=1686 LLGO_BUILD_KILL_GRACE_SECONDS=30 LLGO_COMMIT=71cd3baf1d4859c36f88a2ae68d271bb711d7c6a GO_VERSION=1.26.2 LLGO_REPOSITORY=xgo-dev/llgo GOROOT_1_24_X64=/opt/hostedtoolcache/go/1.24.13/x64 GOROOT_1_26_X64=/opt/hostedtoolcache/go/1.26.8/x64 BENT_REAL_GO=/opt/hostedtoolcache/go/1.26.2/x64/bin/go LLGO_ROOT=/home/runner/work/benchmarks/benchmarks/.ci/llgo LLGO_REAL_BIN=/home/runner/work/benchmarks/benchmarks/.ci/llgo/llgo LLGO_LTO_PLUGIN=/home/runner/work/benchmarks/benchmarks/.ci/llgo/ltoplugin/build/LLGOLTOPlugin.so GOPATH=/home/runner/work/benchmarks/benchmarks/.ci/bent-run/gopath GOOS=linux GOARCH=amd64 GO111MODULE=auto ROOT=/home/runner/work/benchmarks/benchmarks/.ci/bent-run GOROOT=/opt/hostedtoolcache/go/1.26.2/x64/ BENT_BENCH=uber_zap BENT_CONFIG=LLGoNoLTO BENT_I=0 GOCACHE=/home/runner/work/benchmarks/benchmarks/.ci/bent-run/build-cache/runs/cache-432745959/go-build XDG_CACHE_HOME=/home/runner/work/benchmarks/benchmarks/.ci/bent-run/build-cache/runs/cache-432745959/xdg LocalAppData=/home/runner/work/benchmarks/benchmarks/.ci/bent-run/build-cache/runs/cache-432745959/local-app-data /home/runner/work/benchmarks/benchmarks/.ci/bent-run/benchsize /home/runner/work/benchmarks/benchmarks/.ci/bent-run/testbin/uber_zap_LLGoNoLTO Uber_zap )
goos: linux
goarch: amd64
pkg:
Unit total-bytes assume=exact
BenchmarkUber_zap 1 11651192 total-bytes
Unit text-bytes assume=exact
BenchmarkUber_zap 1 4288461 text-bytes
Unit data-bytes assume=exact
BenchmarkUber_zap 1 3799856 data-bytes
Unit rodata-bytes assume=exact
BenchmarkUber_zap 1 2204096 rodata-bytes
Unit pclntab-bytes assume=exact
BenchmarkUber_zap 1 0 pclntab-bytes
Unit debug-bytes assume=exact
BenchmarkUber_zap 1 0 debug-bytes

rm -rf /home/runner/work/benchmarks/benchmarks/.ci/bent-run/gopath/bin
(cd /home/runner/work/benchmarks/benchmarks/.ci/bent-run/build/uber_zap; LLGO_BUILD_TIMEOUT_SECONDS=1200 LLGO_COMMITTED_AT=2026-09-22T18:14:35+08:00 LLGO_BUILD_GO_VERSION=1.27.0 LLGO_BIN=/home/runner/work/benchmarks/benchmarks/ci/llgo-size/bin/llgo-build-timeout BENT_TIMING_LOG=/home/runner/work/benchmarks/benchmarks/.ci/bent-run/download-timings.log GOROOT_1_25_X64=/opt/hostedtoolcache/go/1.25.14/x64 LLGO_MAIN_INDEX=1686 LLGO_BUILD_KILL_GRACE_SECONDS=30 LLGO_COMMIT=71cd3baf1d4859c36f88a2ae68d271bb711d7c6a GO_VERSION=1.26.2 LLGO_REPOSITORY=xgo-dev/llgo GOROOT_1_24_X64=/opt/hostedtoolcache/go/1.24.13/x64 GOROOT_1_26_X64=/opt/hostedtoolcache/go/1.26.8/x64 BENT_REAL_GO=/opt/hostedtoolcache/go/1.26.2/x64/bin/go LLGO_ROOT=/home/runner/work/benchmarks/benchmarks/.ci/llgo LLGO_REAL_BIN=/home/runner/work/benchmarks/benchmarks/.ci/llgo/llgo LLGO_LTO_PLUGIN=/home/runner/work/benchmarks/benchmarks/.ci/llgo/ltoplugin/build/LLGOLTOPlugin.so GOPATH=/home/runner/work/benchmarks/benchmarks/.ci/bent-run/gopath GOOS=linux GOARCH=amd64 GO111MODULE=auto ROOT=/home/runner/work/benchmarks/benchmarks/.ci/bent-run GOROOT=/opt/hostedtoolcache/go/1.26.2/x64/ BENT_BENCH=uber_zap BENT_CONFIG=LLGoFullLTOGlobalDCEPlugin BENT_I=0 GOCACHE=/home/runner/work/benchmarks/benchmarks/.ci/bent-run/build-cache/runs/cache-2116853295/go-build XDG_CACHE_HOME=/home/runner/work/benchmarks/benchmarks/.ci/bent-run/build-cache/runs/cache-2116853295/xdg LocalAppData=/home/runner/work/benchmarks/benchmarks/.ci/bent-run/build-cache/runs/cache-2116853295/local-app-data /home/runner/work/benchmarks/benchmarks/ci/llgo-size/bin/llgo-build-timeout test -c -o /home/runner/work/benchmarks/benchmarks/.ci/bent-run/testbin/uber_zap_LLGoFullLTOGlobalDCEPlugin -lto=full -lto-pass-plugin=/home/runner/work/benchmarks/benchmarks/.ci/llgo/ltoplugin/build/LLGOLTOPlugin.so go.uber.org/zap/zapcore )
goarch: amd64
toolchain: LLGoFullLTOGlobalDCEPlugin
BenchmarkUber_zap 1 72654487566 build-real-ns/op 98907184000 build-user-ns/op 1824154000 build-sys-ns/op
toolchain: LLGoFullLTOGlobalDCEPlugin
( LLGO_BUILD_TIMEOUT_SECONDS=1200 LLGO_COMMITTED_AT=2026-09-22T18:14:35+08:00 LLGO_BUILD_GO_VERSION=1.27.0 LLGO_BIN=/home/runner/work/benchmarks/benchmarks/ci/llgo-size/bin/llgo-build-timeout BENT_TIMING_LOG=/home/runner/work/benchmarks/benchmarks/.ci/bent-run/download-timings.log GOROOT_1_25_X64=/opt/hostedtoolcache/go/1.25.14/x64 LLGO_MAIN_INDEX=1686 LLGO_BUILD_KILL_GRACE_SECONDS=30 LLGO_COMMIT=71cd3baf1d4859c36f88a2ae68d271bb711d7c6a GO_VERSION=1.26.2 LLGO_REPOSITORY=xgo-dev/llgo GOROOT_1_24_X64=/opt/hostedtoolcache/go/1.24.13/x64 GOROOT_1_26_X64=/opt/hostedtoolcache/go/1.26.8/x64 BENT_REAL_GO=/opt/hostedtoolcache/go/1.26.2/x64/bin/go LLGO_ROOT=/home/runner/work/benchmarks/benchmarks/.ci/llgo LLGO_REAL_BIN=/home/runner/work/benchmarks/benchmarks/.ci/llgo/llgo LLGO_LTO_PLUGIN=/home/runner/work/benchmarks/benchmarks/.ci/llgo/ltoplugin/build/LLGOLTOPlugin.so GOPATH=/home/runner/work/benchmarks/benchmarks/.ci/bent-run/gopath GOOS=linux GOARCH=amd64 GO111MODULE=auto ROOT=/home/runner/work/benchmarks/benchmarks/.ci/bent-run GOROOT=/opt/hostedtoolcache/go/1.26.2/x64/ BENT_BENCH=uber_zap BENT_CONFIG=LLGoFullLTOGlobalDCEPlugin BENT_I=0 GOCACHE=/home/runner/work/benchmarks/benchmarks/.ci/bent-run/build-cache/runs/cache-2116853295/go-build XDG_CACHE_HOME=/home/runner/work/benchmarks/benchmarks/.ci/bent-run/build-cache/runs/cache-2116853295/xdg LocalAppData=/home/runner/work/benchmarks/benchmarks/.ci/bent-run/build-cache/runs/cache-2116853295/local-app-data /home/runner/work/benchmarks/benchmarks/.ci/bent-run/benchsize /home/runner/work/benchmarks/benchmarks/.ci/bent-run/testbin/uber_zap_LLGoFullLTOGlobalDCEPlugin Uber_zap )
goos: linux
goarch: amd64
pkg:
Unit total-bytes assume=exact
BenchmarkUber_zap 1 9432744 total-bytes
Unit text-bytes assume=exact
BenchmarkUber_zap 1 3194989 text-bytes
Unit data-bytes assume=exact
BenchmarkUber_zap 1 3756032 data-bytes
Unit rodata-bytes assume=exact
BenchmarkUber_zap 1 3532920 rodata-bytes
Unit pclntab-bytes assume=exact
BenchmarkUber_zap 1 0 pclntab-bytes
Unit debug-bytes assume=exact
BenchmarkUber_zap 1 0 debug-bytes

rm -rf /home/runner/work/benchmarks/benchmarks/.ci/bent-run/gopath/bin
(cd /home/runner/work/benchmarks/benchmarks/.ci/bent-run/build/k8s_workqueue; LLGO_BUILD_TIMEOUT_SECONDS=1200 LLGO_COMMITTED_AT=2026-09-22T18:14:35+08:00 LLGO_BUILD_GO_VERSION=1.27.0 LLGO_BIN=/home/runner/work/benchmarks/benchmarks/ci/llgo-size/bin/llgo-build-timeout BENT_TIMING_LOG=/home/runner/work/benchmarks/benchmarks/.ci/bent-run/download-timings.log GOROOT_1_25_X64=/opt/hostedtoolcache/go/1.25.14/x64 LLGO_MAIN_INDEX=1686 LLGO_BUILD_KILL_GRACE_SECONDS=30 LLGO_COMMIT=71cd3baf1d4859c36f88a2ae68d271bb711d7c6a GO_VERSION=1.26.2 LLGO_REPOSITORY=xgo-dev/llgo GOROOT_1_24_X64=/opt/hostedtoolcache/go/1.24.13/x64 GOROOT_1_26_X64=/opt/hostedtoolcache/go/1.26.8/x64 BENT_REAL_GO=/opt/hostedtoolcache/go/1.26.2/x64/bin/go LLGO_ROOT=/home/runner/work/benchmarks/benchmarks/.ci/llgo LLGO_REAL_BIN=/home/runner/work/benchmarks/benchmarks/.ci/llgo/llgo LLGO_LTO_PLUGIN=/home/runner/work/benchmarks/benchmarks/.ci/llgo/ltoplugin/build/LLGOLTOPlugin.so GOPATH=/home/runner/work/benchmarks/benchmarks/.ci/bent-run/gopath GOOS=linux GOARCH=amd64 GO111MODULE=auto ROOT=/home/runner/work/benchmarks/benchmarks/.ci/bent-run GOROOT=/opt/hostedtoolcache/go/1.26.2/x64/ BENT_BENCH=k8s_workqueue BENT_CONFIG=LLGoFullLTOGlobalDCEPlugin BENT_I=0 GOCACHE=/home/runner/work/benchmarks/benchmarks/.ci/bent-run/build-cache/runs/cache-4154024366/go-build XDG_CACHE_HOME=/home/runner/work/benchmarks/benchmarks/.ci/bent-run/build-cache/runs/cache-4154024366/xdg LocalAppData=/home/runner/work/benchmarks/benchmarks/.ci/bent-run/build-cache/runs/cache-4154024366/local-app-data /home/runner/work/benchmarks/benchmarks/ci/llgo-size/bin/llgo-build-timeout test -c -o /home/runner/work/benchmarks/benchmarks/.ci/bent-run/testbin/k8s_workqueue_LLGoFullLTOGlobalDCEPlugin -lto=full -lto-pass-plugin=/home/runner/work/benchmarks/benchmarks/.ci/llgo/ltoplugin/build/LLGOLTOPlugin.so k8s.io/client-go/util/workqueue )
There was an error running "/home/runner/work/benchmarks/benchmarks/ci/llgo-size/bin/llgo-build-timeout test", output = Error: function (k8s.io/apimachinery/pkg/util/sets.Set[any]).New[any]: function has 2 parameters in signature but has 1 after building
# Name: (k8s.io/apimachinery/pkg/util/sets.Set[any]).New[any]
# Synthetic: instance of New
# Location: /home/runner/work/benchmarks/benchmarks/.ci/bent-run/gopath/pkg/mod/k8s.io/apimachinery@v0.36.2/pkg/util/sets/set.go:32:6
func (s Set[any]) New[any](items ...any) Set[any]:
0:                                                                entry P:0 S:0
	t0 = len(items)                                                     int
	t1 = make Set[any] t0                                          Set[any]
	t2 = (Set[any]).Insert(t1, items...)                           Set[any]
	return t1

LLGo build timed out after 1200s (benchmark=k8s_workqueue, configuration=LLGoFullLTOGlobalDCEPlugin); terminating process group
 DISABLING build k8s_workqueue/LLGoFullLTOGlobalDCEPlugin
rm -rf /home/runner/work/benchmarks/benchmarks/.ci/bent-run/gopath/bin
Get and build failures:
There was an error running "/home/runner/work/benchmarks/benchmarks/ci/llgo-size/bin/llgo-build-timeout test", output = Error: function (k8s.io/apimachinery/pkg/util/sets.Set[any]).New[any]: function has 2 parameters in signature but has 1 after building
# Name: (k8s.io/apimachinery/pkg/util/sets.Set[any]).New[any]
# Synthetic: instance of New
# Location: /home/runner/work/benchmarks/benchmarks/.ci/bent-run/gopath/pkg/mod/k8s.io/apimachinery@v0.36.2/pkg/util/sets/set.go:32:6
func (s Set[any]) New[any](items ...any) Set[any]:
0:                                                                entry P:0 S:0
	t0 = len(items)                                                     int
	t1 = make Set[any] t0                                          Set[any]
	t2 = (Set[any]).Insert(t1, items...)                           Set[any]
	return t1

LLGo build timed out after 1200s (benchmark=k8s_workqueue, configuration=LLGoFullLTOGlobalDCE); terminating process group
(k8s_workqueue)

There was an error running "/home/runner/work/benchmarks/benchmarks/ci/llgo-size/bin/llgo-build-timeout test", output = Error: function (k8s.io/apimachinery/pkg/util/sets.Set[any]).New[any]: function has 2 parameters in signature but has 1 after building
# Name: (k8s.io/apimachinery/pkg/util/sets.Set[any]).New[any]
# Synthetic: instance of New
# Location: /home/runner/work/benchmarks/benchmarks/.ci/bent-run/gopath/pkg/mod/k8s.io/apimachinery@v0.36.2/pkg/util/sets/set.go:32:6
func (s Set[any]) New[any](items ...any) Set[any]:
0:                                                                entry P:0 S:0
	t0 = len(items)                                                     int
	t1 = make Set[any] t0                                          Set[any]
	t2 = (Set[any]).Insert(t1, items...)                           Set[any]
	return t1

LLGo build timed out after 1200s (benchmark=k8s_workqueue, configuration=LLGoFullLTONoGlobalDCE); terminating process group
(k8s_workqueue)

There was an error running "/home/runner/work/benchmarks/benchmarks/ci/llgo-size/bin/llgo-build-timeout test", output = Error: function (*k8s.io/apimachinery/pkg/util/sets.Set[any]).New[any]: function has 2 parameters in signature but has 1 after building
# Name: (*k8s.io/apimachinery/pkg/util/sets.Set[any]).New[any]
# Synthetic: instance of New
# Location: /home/runner/work/benchmarks/benchmarks/.ci/bent-run/gopath/pkg/mod/k8s.io/apimachinery@v0.36.2/pkg/util/sets/set.go:32:6
func (s *Set[any]) New[any](items ...any) Set[any]:
0:                                                                entry P:0 S:0
	t0 = len(items)                                                     int
	t1 = make Set[any] t0                                          Set[any]
	t2 = (Set[any]).Insert(t1, items...)                           Set[any]
	return t1

panic: SanityCheck failed

goroutine 1 [running]:
golang.org/x/tools/go/ssa.mustSanityCheck(0x25f3138f6b48, {0x0?, 0x0?})
	/home/runner/go/pkg/mod/golang.org/x/tools@v0.50.0/go/ssa/sanity.go:51 +0x9a
golang.org/x/tools/go/ssa.(*Function).done.func1(0x25f3138f6b48)
	/home/runner/go/pkg/mod/golang.org/x/tools@v0.50.0/go/ssa/func.go:417 +0x130
golang.org/x/tools/go/ssa.(*Function).done(0x25f3166dbda0?)
	/home/runner/go/pkg/mod/golang.org/x/tools@v0.50.0/go/ssa/func.go:420 +0x3c
golang.org/x/tools/go/ssa.(*builder).buildFunction(0x25f30ff19da8?, 0x25f3138f6b48)
	/home/runner/go/pkg/mod/golang.org/x/tools@v0.50.0/go/ssa/builder.go:2930 +0x192
golang.org/x/tools/go/ssa.(*builder).iterate(0x25f3166dbda0)
	/home/runner/go/pkg/mod/golang.org/x/tools@v0.50.0/go/ssa/builder.go:2914 +0x25
golang.org/x/tools/go/ssa.(*Program).MethodValue(0x25f30ff19d60, 0x25f31ed820f0)
	/home/runner/go/pkg/mod/golang.org/x/tools@v0.50.0/go/ssa/methods.go:84 +0x1da
github.com/xgo-dev/llgo/cl.collectRuntimeCallerMethods.func3(...)
	/home/runner/work/benchmarks/benchmarks/.ci/llgo/cl/instr.go:1543
github.com/xgo-dev/llgo/cl.collectRuntimeCallerMethods(0x25f30523ad80, {0x25f325d0a700, 0x6, 0x0?})
	/home/runner/work/benchmarks/benchmarks/.ci/llgo/cl/instr.go:1551 +0x8f4
github.com/xgo-dev/llgo/cl.callerTrackingMethods({0x25f30e4cc408, 0x102, 0x102?}, 0x25f3157f2330)
	/home/runner/work/benchmarks/benchmarks/.ci/llgo/cl/instr.go:1367 +0x9a
github.com/xgo-dev/llgo/cl.(*CallerTracking).Precompute(0x25f3007796e0, {0x25f30cc43608, 0x102, 0x0?})
	/home/runner/work/benchmarks/benchmarks/.ci/llgo/cl/instr.go:1305 +0x3f9
github.com/xgo-dev/llgo/internal/build.buildInvocation({{0x25f2f5be9440, 0x1, 0x4}, 0x25f2f5bb9208, {0x0, 0x0}, 0x0, 0x0, 0x0, 0x0, ...}, ...)
	/home/runner/work/benchmarks/benchmarks/.ci/llgo/internal/build/build.go:900 +0x4855
github.com/xgo-dev/llgo/internal/build.Build({{0x25f2f5be9440, 0x1, 0x4}, 0x25f2f5bb9208, {0x0, 0x0}, 0x0, 0x0, 0x0, 0x0, ...})
	/home/runner/work/benchmarks/benchmarks/.ci/llgo/internal/build/build.go:481 +0x98
github.com/xgo-dev/llgo/internal/build.Do(...)
	/home/runner/work/benchmarks/benchmarks/.ci/llgo/internal/build/build.go:475
github.com/xgo-dev/llgo/cmd/internal/test.runCmd(0x182afc8, {0x25f2f5befb80?, 0x1?, 0x7ff8272c9bf0?})
	/home/runner/work/benchmarks/benchmarks/.ci/llgo/cmd/internal/test/test.go:89 +0x54a
main.(*Cmd_test).Main.func1({0x25f2f5befb80?, 0x25f2f5c28800?, 0x25f2f5c28800?})
	/home/runner/work/benchmarks/benchmarks/.ci/llgo/cmd/llgo/cmd/llgo/test_cmd.gox:27 +0x2f
github.com/goplus/cobra/xcmd.(*Command).Run__1.func1(0x25f2f5c28800?, {0x25f2f5befb80?, 0x4?, 0xd447db?})
	/home/runner/go/pkg/mod/github.com/goplus/cobra@v1.9.12/xcmd/classfile.go:87 +0x25
github.com/goplus/cobra.(*Command).execute(0x25f2f5c4cf08, {0x25f2f5befb80, 0x5, 0x5})
	/home/runner/go/pkg/mod/github.com/goplus/cobra@v1.9.12/command.go:1019 +0xb23
github.com/goplus/cobra.(*Command).ExecuteC(0x25f2f5c4a008)
	/home/runner/go/pkg/mod/github.com/goplus/cobra@v1.9.12/command.go:1148 +0x450
github.com/goplus/cobra.(*Command).Execute(...)
	/home/runner/go/pkg/mod/github.com/goplus/cobra@v1.9.12/command.go:1071
github.com/goplus/cobra/xcmd.Gopt_App_Main({0x1803100, 0x25f2f5c4a008}, {0x25f2f5adbd48, 0x14, 0x14})
	/home/runner/go/pkg/mod/github.com/goplus/cobra@v1.9.12/xcmd/classfile.go:133 +0x270
main.(*App).Main(0x25f2f5c4a008)
	/home/runner/work/benchmarks/benchmarks/.ci/llgo/cmd/llgo/cmd/llgo/main_app.gox:24 +0x81f
main.main()
	/home/runner/work/benchmarks/benchmarks/.ci/llgo/cmd/llgo/cmd/llgo/work_cmd.gox:30 +0x1f
(k8s_workqueue)

There was an error running "/home/runner/work/benchmarks/benchmarks/ci/llgo-size/bin/llgo-build-timeout test", output = Error: function (k8s.io/apimachinery/pkg/util/sets.Set[any]).New[any]: function has 2 parameters in signature but has 1 after building
# Name: (k8s.io/apimachinery/pkg/util/sets.Set[any]).New[any]
# Synthetic: instance of New
# Location: /home/runner/work/benchmarks/benchmarks/.ci/bent-run/gopath/pkg/mod/k8s.io/apimachinery@v0.36.2/pkg/util/sets/set.go:32:6
func (s Set[any]) New[any](items ...any) Set[any]:
0:                                                                entry P:0 S:0
	t0 = len(items)                                                     int
	t1 = make Set[any] t0                                          Set[any]
	t2 = (Set[any]).Insert(t1, items...)                           Set[any]
	return t1

LLGo build timed out after 1200s (benchmark=k8s_workqueue, configuration=LLGoNoLTO); terminating process group
(k8s_workqueue)

There was an error running "/home/runner/work/benchmarks/benchmarks/ci/llgo-size/bin/llgo-build-timeout test", output = Error: function (k8s.io/apimachinery/pkg/util/sets.Set[any]).New[any]: function has 2 parameters in signature but has 1 after building
# Name: (k8s.io/apimachinery/pkg/util/sets.Set[any]).New[any]
# Synthetic: instance of New
# Location: /home/runner/work/benchmarks/benchmarks/.ci/bent-run/gopath/pkg/mod/k8s.io/apimachinery@v0.36.2/pkg/util/sets/set.go:32:6
func (s Set[any]) New[any](items ...any) Set[any]:
0:                                                                entry P:0 S:0
	t0 = len(items)                                                     int
	t1 = make Set[any] t0                                          Set[any]
	t2 = (Set[any]).Insert(t1, items...)                           Set[any]
	return t1

LLGo build timed out after 1200s (benchmark=k8s_workqueue, configuration=LLGoFullLTOGlobalDCEPlugin); terminating process group
(k8s_workqueue)

Command exited with non-zero status 1
[timing] Bent dependency acquisition and six-configuration build | real=2:20:38 user=7343.39 sys=206.72 maxrss=10146092KB
