::group::Bent initialize run directory
Copied asset foo to current directory
Copied asset memprofile to current directory
Copied asset cpuprofile to current directory
Copied asset testjson to current directory
Copied asset tmpclr to current directory
Copied asset benchtime to current directory
Copied asset benchsize to current directory
Copied asset benchdwarf to current directory
Copied asset cronjob.sh to current directory
Copied asset cmpjob.sh to current directory
Copied asset cmpcl.sh to current directory
Copied asset cmpcl-phase.sh to current directory
Copied asset tweet-results to current directory
Copied asset benchmarks-all.toml to current directory
Copied asset benchmarks-100.toml to current directory
Copied asset benchmarks-gc.toml to current directory
Copied asset benchmarks-gcplus.toml to current directory
Copied asset benchmarks-trial.toml to current directory
Copied asset configurations-sample.toml to current directory
Copied asset configurations-gollvm.toml to current directory
Copied asset configurations-cronjob.toml to current directory
Copied asset configurations-cmpjob.toml to current directory
Copied asset configurations-pgo.toml to current directory
Copied asset configurations-random.toml to current directory
Copied asset suites.toml to current directory
Copied asset configurations-llgo-size.toml to current directory
Copied asset benchmarks-llgo-size.toml to current directory
Copied asset configurations-llgo-performance.toml to current directory
Copied asset benchmarks-llgo-performance.toml to current directory
Copied asset configurations-llgo-compatibility.toml to current directory
Copied asset benchmarks-llgo-compatibility.toml to current directory
Created Dockerfile
[timing] Bent initialize run directory | real=0:00.00 user=0.00 sys=0.00 maxrss=6952KB
::endgroup::
::group::Bent dependency acquisition and six-configuration build
(cd /home/runner/work/benchmarks/benchmarks/.ci/bent-run/build/toml; cat <<EOF > go.mod
module build

go 1.25

EOF)
(cd /home/runner/work/benchmarks/benchmarks/.ci/bent-run/build/toml; LLGO_COMMITTED_AT=2026-09-17T06:42:05+08:00 LLGO_BUILD_GO_VERSION=1.27.0 LLGO_BIN=/home/runner/work/benchmarks/benchmarks/.ci/llgo/llgo BENT_TIMING_LOG=/home/runner/work/benchmarks/benchmarks/.ci/bent-run/download-timings.log GOROOT_1_25_X64=/opt/hostedtoolcache/go/1.25.14/x64 LLGO_MAIN_INDEX=1661 LLGO_COMMIT=f5208c189edef8335ccc1f550854a0a07520f1c8 GOROOT=/opt/hostedtoolcache/go/1.26.2/x64 GO_VERSION=1.26.2 LLGO_REPOSITORY=xgo-dev/llgo GOROOT_1_24_X64=/opt/hostedtoolcache/go/1.24.13/x64 GOROOT_1_26_X64=/opt/hostedtoolcache/go/1.26.8/x64 BENT_REAL_GO=/opt/hostedtoolcache/go/1.26.2/x64/bin/go LLGO_ROOT=/home/runner/work/benchmarks/benchmarks/.ci/llgo LLGO_LTO_PLUGIN=/home/runner/work/benchmarks/benchmarks/.ci/llgo/ltoplugin/build/LLGOLTOPlugin.so GOPATH=/home/runner/work/benchmarks/benchmarks/.ci/bent-run/gopath GOOS=linux GOARCH=amd64 GO111MODULE=auto ROOT=/home/runner/work/benchmarks/benchmarks/.ci/bent-run go get -t -v github.com/BurntSushi/toml@v1.6.0 )
(cd /home/runner/work/benchmarks/benchmarks/.ci/bent-run/build/aws_restjson_v1; cat <<EOF > go.mod
module build

go 1.25

EOF)
(cd /home/runner/work/benchmarks/benchmarks/.ci/bent-run/build/aws_restjson_v1; LLGO_COMMITTED_AT=2026-09-17T06:42:05+08:00 LLGO_BUILD_GO_VERSION=1.27.0 LLGO_BIN=/home/runner/work/benchmarks/benchmarks/.ci/llgo/llgo BENT_TIMING_LOG=/home/runner/work/benchmarks/benchmarks/.ci/bent-run/download-timings.log GOROOT_1_25_X64=/opt/hostedtoolcache/go/1.25.14/x64 LLGO_MAIN_INDEX=1661 LLGO_COMMIT=f5208c189edef8335ccc1f550854a0a07520f1c8 GOROOT=/opt/hostedtoolcache/go/1.26.2/x64 GO_VERSION=1.26.2 LLGO_REPOSITORY=xgo-dev/llgo GOROOT_1_24_X64=/opt/hostedtoolcache/go/1.24.13/x64 GOROOT_1_26_X64=/opt/hostedtoolcache/go/1.26.8/x64 BENT_REAL_GO=/opt/hostedtoolcache/go/1.26.2/x64/bin/go LLGO_ROOT=/home/runner/work/benchmarks/benchmarks/.ci/llgo LLGO_LTO_PLUGIN=/home/runner/work/benchmarks/benchmarks/.ci/llgo/ltoplugin/build/LLGOLTOPlugin.so GOPATH=/home/runner/work/benchmarks/benchmarks/.ci/bent-run/gopath GOOS=linux GOARCH=amd64 GO111MODULE=auto ROOT=/home/runner/work/benchmarks/benchmarks/.ci/bent-run go get -t -v github.com/aws/aws-sdk-go/private/protocol/restjson@v1.41.1 )
(cd /home/runner/work/benchmarks/benchmarks/.ci/bent-run/build/dustin_humanize; cat <<EOF > go.mod
module build

go 1.25

EOF)
(cd /home/runner/work/benchmarks/benchmarks/.ci/bent-run/build/dustin_humanize; LLGO_COMMITTED_AT=2026-09-17T06:42:05+08:00 LLGO_BUILD_GO_VERSION=1.27.0 LLGO_BIN=/home/runner/work/benchmarks/benchmarks/.ci/llgo/llgo BENT_TIMING_LOG=/home/runner/work/benchmarks/benchmarks/.ci/bent-run/download-timings.log GOROOT_1_25_X64=/opt/hostedtoolcache/go/1.25.14/x64 LLGO_MAIN_INDEX=1661 LLGO_COMMIT=f5208c189edef8335ccc1f550854a0a07520f1c8 GOROOT=/opt/hostedtoolcache/go/1.26.2/x64 GO_VERSION=1.26.2 LLGO_REPOSITORY=xgo-dev/llgo GOROOT_1_24_X64=/opt/hostedtoolcache/go/1.24.13/x64 GOROOT_1_26_X64=/opt/hostedtoolcache/go/1.26.8/x64 BENT_REAL_GO=/opt/hostedtoolcache/go/1.26.2/x64/bin/go LLGO_ROOT=/home/runner/work/benchmarks/benchmarks/.ci/llgo LLGO_LTO_PLUGIN=/home/runner/work/benchmarks/benchmarks/.ci/llgo/ltoplugin/build/LLGOLTOPlugin.so GOPATH=/home/runner/work/benchmarks/benchmarks/.ci/bent-run/gopath GOOS=linux GOARCH=amd64 GO111MODULE=auto ROOT=/home/runner/work/benchmarks/benchmarks/.ci/bent-run go get -t -v github.com/dustin/go-humanize@v1.0.1 )
(cd /home/runner/work/benchmarks/benchmarks/.ci/bent-run/build/k8s_workqueue; cat <<EOF > go.mod
module build

go 1.25

EOF)
(cd /home/runner/work/benchmarks/benchmarks/.ci/bent-run/build/k8s_workqueue; LLGO_COMMITTED_AT=2026-09-17T06:42:05+08:00 LLGO_BUILD_GO_VERSION=1.27.0 LLGO_BIN=/home/runner/work/benchmarks/benchmarks/.ci/llgo/llgo BENT_TIMING_LOG=/home/runner/work/benchmarks/benchmarks/.ci/bent-run/download-timings.log GOROOT_1_25_X64=/opt/hostedtoolcache/go/1.25.14/x64 LLGO_MAIN_INDEX=1661 LLGO_COMMIT=f5208c189edef8335ccc1f550854a0a07520f1c8 GOROOT=/opt/hostedtoolcache/go/1.26.2/x64 GO_VERSION=1.26.2 LLGO_REPOSITORY=xgo-dev/llgo GOROOT_1_24_X64=/opt/hostedtoolcache/go/1.24.13/x64 GOROOT_1_26_X64=/opt/hostedtoolcache/go/1.26.8/x64 BENT_REAL_GO=/opt/hostedtoolcache/go/1.26.2/x64/bin/go LLGO_ROOT=/home/runner/work/benchmarks/benchmarks/.ci/llgo LLGO_LTO_PLUGIN=/home/runner/work/benchmarks/benchmarks/.ci/llgo/ltoplugin/build/LLGOLTOPlugin.so GOPATH=/home/runner/work/benchmarks/benchmarks/.ci/bent-run/gopath GOOS=linux GOARCH=amd64 GO111MODULE=auto ROOT=/home/runner/work/benchmarks/benchmarks/.ci/bent-run go get -t -v k8s.io/client-go/util/workqueue@v0.36.2 )
(cd /home/runner/work/benchmarks/benchmarks/.ci/bent-run/build/uber_zap; cat <<EOF > go.mod
module build

go 1.25

EOF)
(cd /home/runner/work/benchmarks/benchmarks/.ci/bent-run/build/uber_zap; LLGO_COMMITTED_AT=2026-09-17T06:42:05+08:00 LLGO_BUILD_GO_VERSION=1.27.0 LLGO_BIN=/home/runner/work/benchmarks/benchmarks/.ci/llgo/llgo BENT_TIMING_LOG=/home/runner/work/benchmarks/benchmarks/.ci/bent-run/download-timings.log GOROOT_1_25_X64=/opt/hostedtoolcache/go/1.25.14/x64 LLGO_MAIN_INDEX=1661 LLGO_COMMIT=f5208c189edef8335ccc1f550854a0a07520f1c8 GOROOT=/opt/hostedtoolcache/go/1.26.2/x64 GO_VERSION=1.26.2 LLGO_REPOSITORY=xgo-dev/llgo GOROOT_1_24_X64=/opt/hostedtoolcache/go/1.24.13/x64 GOROOT_1_26_X64=/opt/hostedtoolcache/go/1.26.8/x64 BENT_REAL_GO=/opt/hostedtoolcache/go/1.26.2/x64/bin/go LLGO_ROOT=/home/runner/work/benchmarks/benchmarks/.ci/llgo LLGO_LTO_PLUGIN=/home/runner/work/benchmarks/benchmarks/.ci/llgo/ltoplugin/build/LLGOLTOPlugin.so GOPATH=/home/runner/work/benchmarks/benchmarks/.ci/bent-run/gopath GOOS=linux GOARCH=amd64 GO111MODULE=auto ROOT=/home/runner/work/benchmarks/benchmarks/.ci/bent-run go get -t -v go.uber.org/zap/zapcore@v1.27.0 )
(cd /home/runner/work/benchmarks/benchmarks/.ci/bent-run/build/gorm_schema; cat <<EOF > go.mod
module build

go 1.25

EOF)
(cd /home/runner/work/benchmarks/benchmarks/.ci/bent-run/build/gorm_schema; LLGO_COMMITTED_AT=2026-09-17T06:42:05+08:00 LLGO_BUILD_GO_VERSION=1.27.0 LLGO_BIN=/home/runner/work/benchmarks/benchmarks/.ci/llgo/llgo BENT_TIMING_LOG=/home/runner/work/benchmarks/benchmarks/.ci/bent-run/download-timings.log GOROOT_1_25_X64=/opt/hostedtoolcache/go/1.25.14/x64 LLGO_MAIN_INDEX=1661 LLGO_COMMIT=f5208c189edef8335ccc1f550854a0a07520f1c8 GOROOT=/opt/hostedtoolcache/go/1.26.2/x64 GO_VERSION=1.26.2 LLGO_REPOSITORY=xgo-dev/llgo GOROOT_1_24_X64=/opt/hostedtoolcache/go/1.24.13/x64 GOROOT_1_26_X64=/opt/hostedtoolcache/go/1.26.8/x64 BENT_REAL_GO=/opt/hostedtoolcache/go/1.26.2/x64/bin/go LLGO_ROOT=/home/runner/work/benchmarks/benchmarks/.ci/llgo LLGO_LTO_PLUGIN=/home/runner/work/benchmarks/benchmarks/.ci/llgo/ltoplugin/build/LLGOLTOPlugin.so GOPATH=/home/runner/work/benchmarks/benchmarks/.ci/bent-run/gopath GOOS=linux GOARCH=amd64 GO111MODULE=auto ROOT=/home/runner/work/benchmarks/benchmarks/.ci/bent-run go get -t -v gorm.io/gorm/schema@v1.31.2 )
(cd /home/runner/work/benchmarks/benchmarks/.ci/bent-run/build/etcdctl; cat <<EOF > go.mod
module build

go 1.25

EOF)
(cd /home/runner/work/benchmarks/benchmarks/.ci/bent-run/build/etcdctl; LLGO_COMMITTED_AT=2026-09-17T06:42:05+08:00 LLGO_BUILD_GO_VERSION=1.27.0 LLGO_BIN=/home/runner/work/benchmarks/benchmarks/.ci/llgo/llgo BENT_TIMING_LOG=/home/runner/work/benchmarks/benchmarks/.ci/bent-run/download-timings.log GOROOT_1_25_X64=/opt/hostedtoolcache/go/1.25.14/x64 LLGO_MAIN_INDEX=1661 LLGO_COMMIT=f5208c189edef8335ccc1f550854a0a07520f1c8 GOROOT=/opt/hostedtoolcache/go/1.26.2/x64 GO_VERSION=1.26.2 LLGO_REPOSITORY=xgo-dev/llgo GOROOT_1_24_X64=/opt/hostedtoolcache/go/1.24.13/x64 GOROOT_1_26_X64=/opt/hostedtoolcache/go/1.26.8/x64 BENT_REAL_GO=/opt/hostedtoolcache/go/1.26.2/x64/bin/go LLGO_ROOT=/home/runner/work/benchmarks/benchmarks/.ci/llgo LLGO_LTO_PLUGIN=/home/runner/work/benchmarks/benchmarks/.ci/llgo/ltoplugin/build/LLGOLTOPlugin.so GOPATH=/home/runner/work/benchmarks/benchmarks/.ci/bent-run/gopath GOOS=linux GOARCH=amd64 GO111MODULE=auto ROOT=/home/runner/work/benchmarks/benchmarks/.ci/bent-run go get -t -v go.etcd.io/etcd/etcdctl/v3@v3.6.14 )
(cd /home/runner/work/benchmarks/benchmarks/.ci/bent-run/build/XGo; cat <<EOF > go.mod
module build

go 1.25

EOF)
(cd /home/runner/work/benchmarks/benchmarks/.ci/bent-run/build/XGo; LLGO_COMMITTED_AT=2026-09-17T06:42:05+08:00 LLGO_BUILD_GO_VERSION=1.27.0 LLGO_BIN=/home/runner/work/benchmarks/benchmarks/.ci/llgo/llgo BENT_TIMING_LOG=/home/runner/work/benchmarks/benchmarks/.ci/bent-run/download-timings.log GOROOT_1_25_X64=/opt/hostedtoolcache/go/1.25.14/x64 LLGO_MAIN_INDEX=1661 LLGO_COMMIT=f5208c189edef8335ccc1f550854a0a07520f1c8 GOROOT=/opt/hostedtoolcache/go/1.26.2/x64 GO_VERSION=1.26.2 LLGO_REPOSITORY=xgo-dev/llgo GOROOT_1_24_X64=/opt/hostedtoolcache/go/1.24.13/x64 GOROOT_1_26_X64=/opt/hostedtoolcache/go/1.26.8/x64 BENT_REAL_GO=/opt/hostedtoolcache/go/1.26.2/x64/bin/go LLGO_ROOT=/home/runner/work/benchmarks/benchmarks/.ci/llgo LLGO_LTO_PLUGIN=/home/runner/work/benchmarks/benchmarks/.ci/llgo/ltoplugin/build/LLGOLTOPlugin.so GOPATH=/home/runner/work/benchmarks/benchmarks/.ci/bent-run/gopath GOOS=linux GOARCH=amd64 GO111MODULE=auto ROOT=/home/runner/work/benchmarks/benchmarks/.ci/bent-run go get -t -v github.com/goplus/xgo/cmd/xgo@v1.7.5 )
(cd /home/runner/work/benchmarks/benchmarks/.ci/bent-run/build/iXGo; cat <<EOF > go.mod
module build

go 1.25

EOF)
(cd /home/runner/work/benchmarks/benchmarks/.ci/bent-run/build/iXGo; LLGO_COMMITTED_AT=2026-09-17T06:42:05+08:00 LLGO_BUILD_GO_VERSION=1.27.0 LLGO_BIN=/home/runner/work/benchmarks/benchmarks/.ci/llgo/llgo BENT_TIMING_LOG=/home/runner/work/benchmarks/benchmarks/.ci/bent-run/download-timings.log GOROOT_1_25_X64=/opt/hostedtoolcache/go/1.25.14/x64 LLGO_MAIN_INDEX=1661 LLGO_COMMIT=f5208c189edef8335ccc1f550854a0a07520f1c8 GOROOT=/opt/hostedtoolcache/go/1.26.2/x64 GO_VERSION=1.26.2 LLGO_REPOSITORY=xgo-dev/llgo GOROOT_1_24_X64=/opt/hostedtoolcache/go/1.24.13/x64 GOROOT_1_26_X64=/opt/hostedtoolcache/go/1.26.8/x64 BENT_REAL_GO=/opt/hostedtoolcache/go/1.26.2/x64/bin/go LLGO_ROOT=/home/runner/work/benchmarks/benchmarks/.ci/llgo LLGO_LTO_PLUGIN=/home/runner/work/benchmarks/benchmarks/.ci/llgo/ltoplugin/build/LLGOLTOPlugin.so GOPATH=/home/runner/work/benchmarks/benchmarks/.ci/bent-run/gopath GOOS=linux GOARCH=amd64 GO111MODULE=auto ROOT=/home/runner/work/benchmarks/benchmarks/.ci/bent-run go get -t -v github.com/goplus/ixgo/cmd/ixgo@v1.1.8 )
rm -rf /home/runner/work/benchmarks/benchmarks/.ci/bent-run/goroots/Go
Copying directory /opt/hostedtoolcache/go/1.26.2/x64/bin to /home/runner/work/benchmarks/benchmarks/.ci/bent-run/goroots/Go/bin, error=<nil>
Copying directory /opt/hostedtoolcache/go/1.26.2/x64/src to /home/runner/work/benchmarks/benchmarks/.ci/bent-run/goroots/Go/src, error=<nil>
Copying directory /opt/hostedtoolcache/go/1.26.2/x64/pkg to /home/runner/work/benchmarks/benchmarks/.ci/bent-run/goroots/Go/pkg, error=<nil>
Prewarming 316 standard-library packages for Go
Prewarming 316 standard-library packages for LLGoNoLTO
Prewarming 316 standard-library packages for LLGoDeadcodeDrop
Prewarming 316 standard-library packages for LLGoFullLTONoGlobalDCE
Prewarming 316 standard-library packages for LLGoFullLTOGlobalDCE
Prewarming 316 standard-library packages for LLGoFullLTOGlobalDCEPlugin
(cd /home/runner/work/benchmarks/benchmarks/.ci/bent-run/build/etcdctl; LLGO_COMMITTED_AT=2026-09-17T06:42:05+08:00 LLGO_BUILD_GO_VERSION=1.27.0 LLGO_BIN=/home/runner/work/benchmarks/benchmarks/.ci/llgo/llgo BENT_TIMING_LOG=/home/runner/work/benchmarks/benchmarks/.ci/bent-run/download-timings.log GOROOT_1_25_X64=/opt/hostedtoolcache/go/1.25.14/x64 LLGO_MAIN_INDEX=1661 LLGO_COMMIT=f5208c189edef8335ccc1f550854a0a07520f1c8 GO_VERSION=1.26.2 LLGO_REPOSITORY=xgo-dev/llgo GOROOT_1_24_X64=/opt/hostedtoolcache/go/1.24.13/x64 GOROOT_1_26_X64=/opt/hostedtoolcache/go/1.26.8/x64 BENT_REAL_GO=/opt/hostedtoolcache/go/1.26.2/x64/bin/go LLGO_ROOT=/home/runner/work/benchmarks/benchmarks/.ci/llgo LLGO_LTO_PLUGIN=/home/runner/work/benchmarks/benchmarks/.ci/llgo/ltoplugin/build/LLGOLTOPlugin.so GOPATH=/home/runner/work/benchmarks/benchmarks/.ci/bent-run/gopath GOOS=linux GOARCH=amd64 GO111MODULE=auto ROOT=/home/runner/work/benchmarks/benchmarks/.ci/bent-run GOROOT=/home/runner/work/benchmarks/benchmarks/.ci/bent-run/goroots/Go BENT_BENCH=etcdctl BENT_CONFIG=Go BENT_I=0 GOCACHE=/home/runner/work/benchmarks/benchmarks/.ci/bent-run/build-cache/runs/cache-3252624213/go-build XDG_CACHE_HOME=/home/runner/work/benchmarks/benchmarks/.ci/bent-run/build-cache/runs/cache-3252624213/xdg LocalAppData=/home/runner/work/benchmarks/benchmarks/.ci/bent-run/build-cache/runs/cache-3252624213/local-app-data /home/runner/work/benchmarks/benchmarks/.ci/bent-run/goroots/Go/bin/go build -o /home/runner/work/benchmarks/benchmarks/.ci/bent-run/testbin/etcdctl_Go go.etcd.io/etcd/etcdctl/v3 )
goarch: amd64
toolchain: Go
BenchmarkEtcdctl 1 10154273089 build-real-ns/op 31077783000 build-user-ns/op 1954677000 build-sys-ns/op
toolchain: Go
( LLGO_COMMITTED_AT=2026-09-17T06:42:05+08:00 LLGO_BUILD_GO_VERSION=1.27.0 LLGO_BIN=/home/runner/work/benchmarks/benchmarks/.ci/llgo/llgo BENT_TIMING_LOG=/home/runner/work/benchmarks/benchmarks/.ci/bent-run/download-timings.log GOROOT_1_25_X64=/opt/hostedtoolcache/go/1.25.14/x64 LLGO_MAIN_INDEX=1661 LLGO_COMMIT=f5208c189edef8335ccc1f550854a0a07520f1c8 GO_VERSION=1.26.2 LLGO_REPOSITORY=xgo-dev/llgo GOROOT_1_24_X64=/opt/hostedtoolcache/go/1.24.13/x64 GOROOT_1_26_X64=/opt/hostedtoolcache/go/1.26.8/x64 BENT_REAL_GO=/opt/hostedtoolcache/go/1.26.2/x64/bin/go LLGO_ROOT=/home/runner/work/benchmarks/benchmarks/.ci/llgo LLGO_LTO_PLUGIN=/home/runner/work/benchmarks/benchmarks/.ci/llgo/ltoplugin/build/LLGOLTOPlugin.so GOPATH=/home/runner/work/benchmarks/benchmarks/.ci/bent-run/gopath GOOS=linux GOARCH=amd64 GO111MODULE=auto ROOT=/home/runner/work/benchmarks/benchmarks/.ci/bent-run GOROOT=/home/runner/work/benchmarks/benchmarks/.ci/bent-run/goroots/Go BENT_BENCH=etcdctl BENT_CONFIG=Go BENT_I=0 GOCACHE=/home/runner/work/benchmarks/benchmarks/.ci/bent-run/build-cache/runs/cache-3252624213/go-build XDG_CACHE_HOME=/home/runner/work/benchmarks/benchmarks/.ci/bent-run/build-cache/runs/cache-3252624213/xdg LocalAppData=/home/runner/work/benchmarks/benchmarks/.ci/bent-run/build-cache/runs/cache-3252624213/local-app-data /home/runner/work/benchmarks/benchmarks/.ci/bent-run/benchsize /home/runner/work/benchmarks/benchmarks/.ci/bent-run/testbin/etcdctl_Go Etcdctl )
goos: linux
goarch: amd64
pkg:
Unit total-bytes assume=exact
BenchmarkEtcdctl 1 25896983 total-bytes
Unit text-bytes assume=exact
BenchmarkEtcdctl 1 7873137 text-bytes
Unit data-bytes assume=exact
BenchmarkEtcdctl 1 3387820 data-bytes
Unit rodata-bytes assume=exact
BenchmarkEtcdctl 1 2522489 rodata-bytes
Unit pclntab-bytes assume=exact
BenchmarkEtcdctl 1 6735295 pclntab-bytes
Unit debug-bytes assume=exact
BenchmarkEtcdctl 1 5123631 debug-bytes

rm -rf /home/runner/work/benchmarks/benchmarks/.ci/bent-run/gopath/bin
(cd /home/runner/work/benchmarks/benchmarks/.ci/bent-run/build/etcdctl; LLGO_COMMITTED_AT=2026-09-17T06:42:05+08:00 LLGO_BUILD_GO_VERSION=1.27.0 LLGO_BIN=/home/runner/work/benchmarks/benchmarks/.ci/llgo/llgo BENT_TIMING_LOG=/home/runner/work/benchmarks/benchmarks/.ci/bent-run/download-timings.log GOROOT_1_25_X64=/opt/hostedtoolcache/go/1.25.14/x64 LLGO_MAIN_INDEX=1661 LLGO_COMMIT=f5208c189edef8335ccc1f550854a0a07520f1c8 GO_VERSION=1.26.2 LLGO_REPOSITORY=xgo-dev/llgo GOROOT_1_24_X64=/opt/hostedtoolcache/go/1.24.13/x64 GOROOT_1_26_X64=/opt/hostedtoolcache/go/1.26.8/x64 BENT_REAL_GO=/opt/hostedtoolcache/go/1.26.2/x64/bin/go LLGO_ROOT=/home/runner/work/benchmarks/benchmarks/.ci/llgo LLGO_LTO_PLUGIN=/home/runner/work/benchmarks/benchmarks/.ci/llgo/ltoplugin/build/LLGOLTOPlugin.so GOPATH=/home/runner/work/benchmarks/benchmarks/.ci/bent-run/gopath GOOS=linux GOARCH=amd64 GO111MODULE=auto ROOT=/home/runner/work/benchmarks/benchmarks/.ci/bent-run GOROOT=/opt/hostedtoolcache/go/1.26.2/x64/ BENT_BENCH=etcdctl BENT_CONFIG=LLGoFullLTOGlobalDCEPlugin BENT_I=0 GOCACHE=/home/runner/work/benchmarks/benchmarks/.ci/bent-run/build-cache/runs/cache-2551727329/go-build XDG_CACHE_HOME=/home/runner/work/benchmarks/benchmarks/.ci/bent-run/build-cache/runs/cache-2551727329/xdg LocalAppData=/home/runner/work/benchmarks/benchmarks/.ci/bent-run/build-cache/runs/cache-2551727329/local-app-data /home/runner/work/benchmarks/benchmarks/.ci/llgo/llgo build -o /home/runner/work/benchmarks/benchmarks/.ci/bent-run/testbin/etcdctl_LLGoFullLTOGlobalDCEPlugin -lto=full -lto-pass-plugin=/home/runner/work/benchmarks/benchmarks/.ci/llgo/ltoplugin/build/LLGOLTOPlugin.so go.etcd.io/etcd/etcdctl/v3 )
goarch: amd64
toolchain: LLGoFullLTOGlobalDCEPlugin
BenchmarkEtcdctl 1 167440882007 build-real-ns/op 285742213000 build-user-ns/op 5519518000 build-sys-ns/op
toolchain: LLGoFullLTOGlobalDCEPlugin
( LLGO_COMMITTED_AT=2026-09-17T06:42:05+08:00 LLGO_BUILD_GO_VERSION=1.27.0 LLGO_BIN=/home/runner/work/benchmarks/benchmarks/.ci/llgo/llgo BENT_TIMING_LOG=/home/runner/work/benchmarks/benchmarks/.ci/bent-run/download-timings.log GOROOT_1_25_X64=/opt/hostedtoolcache/go/1.25.14/x64 LLGO_MAIN_INDEX=1661 LLGO_COMMIT=f5208c189edef8335ccc1f550854a0a07520f1c8 GO_VERSION=1.26.2 LLGO_REPOSITORY=xgo-dev/llgo GOROOT_1_24_X64=/opt/hostedtoolcache/go/1.24.13/x64 GOROOT_1_26_X64=/opt/hostedtoolcache/go/1.26.8/x64 BENT_REAL_GO=/opt/hostedtoolcache/go/1.26.2/x64/bin/go LLGO_ROOT=/home/runner/work/benchmarks/benchmarks/.ci/llgo LLGO_LTO_PLUGIN=/home/runner/work/benchmarks/benchmarks/.ci/llgo/ltoplugin/build/LLGOLTOPlugin.so GOPATH=/home/runner/work/benchmarks/benchmarks/.ci/bent-run/gopath GOOS=linux GOARCH=amd64 GO111MODULE=auto ROOT=/home/runner/work/benchmarks/benchmarks/.ci/bent-run GOROOT=/opt/hostedtoolcache/go/1.26.2/x64/ BENT_BENCH=etcdctl BENT_CONFIG=LLGoFullLTOGlobalDCEPlugin BENT_I=0 GOCACHE=/home/runner/work/benchmarks/benchmarks/.ci/bent-run/build-cache/runs/cache-2551727329/go-build XDG_CACHE_HOME=/home/runner/work/benchmarks/benchmarks/.ci/bent-run/build-cache/runs/cache-2551727329/xdg LocalAppData=/home/runner/work/benchmarks/benchmarks/.ci/bent-run/build-cache/runs/cache-2551727329/local-app-data /home/runner/work/benchmarks/benchmarks/.ci/bent-run/benchsize /home/runner/work/benchmarks/benchmarks/.ci/bent-run/testbin/etcdctl_LLGoFullLTOGlobalDCEPlugin Etcdctl )
goos: linux
goarch: amd64
pkg:
Unit total-bytes assume=exact
BenchmarkEtcdctl 1 20330056 total-bytes
Unit text-bytes assume=exact
BenchmarkEtcdctl 1 6799329 text-bytes
Unit data-bytes assume=exact
BenchmarkEtcdctl 1 7542640 data-bytes
Unit rodata-bytes assume=exact
BenchmarkEtcdctl 1 7008552 rodata-bytes
Unit pclntab-bytes assume=exact
BenchmarkEtcdctl 1 0 pclntab-bytes
Unit debug-bytes assume=exact
BenchmarkEtcdctl 1 0 debug-bytes

rm -rf /home/runner/work/benchmarks/benchmarks/.ci/bent-run/gopath/bin
(cd /home/runner/work/benchmarks/benchmarks/.ci/bent-run/build/uber_zap; LLGO_COMMITTED_AT=2026-09-17T06:42:05+08:00 LLGO_BUILD_GO_VERSION=1.27.0 LLGO_BIN=/home/runner/work/benchmarks/benchmarks/.ci/llgo/llgo BENT_TIMING_LOG=/home/runner/work/benchmarks/benchmarks/.ci/bent-run/download-timings.log GOROOT_1_25_X64=/opt/hostedtoolcache/go/1.25.14/x64 LLGO_MAIN_INDEX=1661 LLGO_COMMIT=f5208c189edef8335ccc1f550854a0a07520f1c8 GO_VERSION=1.26.2 LLGO_REPOSITORY=xgo-dev/llgo GOROOT_1_24_X64=/opt/hostedtoolcache/go/1.24.13/x64 GOROOT_1_26_X64=/opt/hostedtoolcache/go/1.26.8/x64 BENT_REAL_GO=/opt/hostedtoolcache/go/1.26.2/x64/bin/go LLGO_ROOT=/home/runner/work/benchmarks/benchmarks/.ci/llgo LLGO_LTO_PLUGIN=/home/runner/work/benchmarks/benchmarks/.ci/llgo/ltoplugin/build/LLGOLTOPlugin.so GOPATH=/home/runner/work/benchmarks/benchmarks/.ci/bent-run/gopath GOOS=linux GOARCH=amd64 GO111MODULE=auto ROOT=/home/runner/work/benchmarks/benchmarks/.ci/bent-run GOROOT=/opt/hostedtoolcache/go/1.26.2/x64/ BENT_BENCH=uber_zap BENT_CONFIG=LLGoFullLTOGlobalDCEPlugin BENT_I=0 GOCACHE=/home/runner/work/benchmarks/benchmarks/.ci/bent-run/build-cache/runs/cache-1702057586/go-build XDG_CACHE_HOME=/home/runner/work/benchmarks/benchmarks/.ci/bent-run/build-cache/runs/cache-1702057586/xdg LocalAppData=/home/runner/work/benchmarks/benchmarks/.ci/bent-run/build-cache/runs/cache-1702057586/local-app-data /home/runner/work/benchmarks/benchmarks/.ci/llgo/llgo test -c -o /home/runner/work/benchmarks/benchmarks/.ci/bent-run/testbin/uber_zap_LLGoFullLTOGlobalDCEPlugin -lto=full -lto-pass-plugin=/home/runner/work/benchmarks/benchmarks/.ci/llgo/ltoplugin/build/LLGOLTOPlugin.so go.uber.org/zap/zapcore )
goarch: amd64
toolchain: LLGoFullLTOGlobalDCEPlugin
BenchmarkUber_zap 1 72265049442 build-real-ns/op 97910917000 build-user-ns/op 1719952000 build-sys-ns/op
toolchain: LLGoFullLTOGlobalDCEPlugin
( LLGO_COMMITTED_AT=2026-09-17T06:42:05+08:00 LLGO_BUILD_GO_VERSION=1.27.0 LLGO_BIN=/home/runner/work/benchmarks/benchmarks/.ci/llgo/llgo BENT_TIMING_LOG=/home/runner/work/benchmarks/benchmarks/.ci/bent-run/download-timings.log GOROOT_1_25_X64=/opt/hostedtoolcache/go/1.25.14/x64 LLGO_MAIN_INDEX=1661 LLGO_COMMIT=f5208c189edef8335ccc1f550854a0a07520f1c8 GO_VERSION=1.26.2 LLGO_REPOSITORY=xgo-dev/llgo GOROOT_1_24_X64=/opt/hostedtoolcache/go/1.24.13/x64 GOROOT_1_26_X64=/opt/hostedtoolcache/go/1.26.8/x64 BENT_REAL_GO=/opt/hostedtoolcache/go/1.26.2/x64/bin/go LLGO_ROOT=/home/runner/work/benchmarks/benchmarks/.ci/llgo LLGO_LTO_PLUGIN=/home/runner/work/benchmarks/benchmarks/.ci/llgo/ltoplugin/build/LLGOLTOPlugin.so GOPATH=/home/runner/work/benchmarks/benchmarks/.ci/bent-run/gopath GOOS=linux GOARCH=amd64 GO111MODULE=auto ROOT=/home/runner/work/benchmarks/benchmarks/.ci/bent-run GOROOT=/opt/hostedtoolcache/go/1.26.2/x64/ BENT_BENCH=uber_zap BENT_CONFIG=LLGoFullLTOGlobalDCEPlugin BENT_I=0 GOCACHE=/home/runner/work/benchmarks/benchmarks/.ci/bent-run/build-cache/runs/cache-1702057586/go-build XDG_CACHE_HOME=/home/runner/work/benchmarks/benchmarks/.ci/bent-run/build-cache/runs/cache-1702057586/xdg LocalAppData=/home/runner/work/benchmarks/benchmarks/.ci/bent-run/build-cache/runs/cache-1702057586/local-app-data /home/runner/work/benchmarks/benchmarks/.ci/bent-run/benchsize /home/runner/work/benchmarks/benchmarks/.ci/bent-run/testbin/uber_zap_LLGoFullLTOGlobalDCEPlugin Uber_zap )
goos: linux
goarch: amd64
pkg:
Unit total-bytes assume=exact
BenchmarkUber_zap 1 9439296 total-bytes
Unit text-bytes assume=exact
BenchmarkUber_zap 1 3200895 text-bytes
Unit data-bytes assume=exact
BenchmarkUber_zap 1 3753440 data-bytes
Unit rodata-bytes assume=exact
BenchmarkUber_zap 1 3530192 rodata-bytes
Unit pclntab-bytes assume=exact
BenchmarkUber_zap 1 0 pclntab-bytes
Unit debug-bytes assume=exact
BenchmarkUber_zap 1 0 debug-bytes

rm -rf /home/runner/work/benchmarks/benchmarks/.ci/bent-run/gopath/bin
(cd /home/runner/work/benchmarks/benchmarks/.ci/bent-run/build/toml; LLGO_COMMITTED_AT=2026-09-17T06:42:05+08:00 LLGO_BUILD_GO_VERSION=1.27.0 LLGO_BIN=/home/runner/work/benchmarks/benchmarks/.ci/llgo/llgo BENT_TIMING_LOG=/home/runner/work/benchmarks/benchmarks/.ci/bent-run/download-timings.log GOROOT_1_25_X64=/opt/hostedtoolcache/go/1.25.14/x64 LLGO_MAIN_INDEX=1661 LLGO_COMMIT=f5208c189edef8335ccc1f550854a0a07520f1c8 GO_VERSION=1.26.2 LLGO_REPOSITORY=xgo-dev/llgo GOROOT_1_24_X64=/opt/hostedtoolcache/go/1.24.13/x64 GOROOT_1_26_X64=/opt/hostedtoolcache/go/1.26.8/x64 BENT_REAL_GO=/opt/hostedtoolcache/go/1.26.2/x64/bin/go LLGO_ROOT=/home/runner/work/benchmarks/benchmarks/.ci/llgo LLGO_LTO_PLUGIN=/home/runner/work/benchmarks/benchmarks/.ci/llgo/ltoplugin/build/LLGOLTOPlugin.so GOPATH=/home/runner/work/benchmarks/benchmarks/.ci/bent-run/gopath GOOS=linux GOARCH=amd64 GO111MODULE=auto ROOT=/home/runner/work/benchmarks/benchmarks/.ci/bent-run GOROOT=/opt/hostedtoolcache/go/1.26.2/x64/ BENT_BENCH=toml BENT_CONFIG=LLGoFullLTONoGlobalDCE BENT_I=0 GOCACHE=/home/runner/work/benchmarks/benchmarks/.ci/bent-run/build-cache/runs/cache-1590815206/go-build XDG_CACHE_HOME=/home/runner/work/benchmarks/benchmarks/.ci/bent-run/build-cache/runs/cache-1590815206/xdg LocalAppData=/home/runner/work/benchmarks/benchmarks/.ci/bent-run/build-cache/runs/cache-1590815206/local-app-data /home/runner/work/benchmarks/benchmarks/.ci/llgo/llgo test -c -o /home/runner/work/benchmarks/benchmarks/.ci/bent-run/testbin/toml_LLGoFullLTONoGlobalDCE -lto=full -globaldce=false github.com/BurntSushi/toml )
goarch: amd64
toolchain: LLGoFullLTONoGlobalDCE
BenchmarkToml 1 36127571573 build-real-ns/op 47340915000 build-user-ns/op 1043667000 build-sys-ns/op
toolchain: LLGoFullLTONoGlobalDCE
( LLGO_COMMITTED_AT=2026-09-17T06:42:05+08:00 LLGO_BUILD_GO_VERSION=1.27.0 LLGO_BIN=/home/runner/work/benchmarks/benchmarks/.ci/llgo/llgo BENT_TIMING_LOG=/home/runner/work/benchmarks/benchmarks/.ci/bent-run/download-timings.log GOROOT_1_25_X64=/opt/hostedtoolcache/go/1.25.14/x64 LLGO_MAIN_INDEX=1661 LLGO_COMMIT=f5208c189edef8335ccc1f550854a0a07520f1c8 GO_VERSION=1.26.2 LLGO_REPOSITORY=xgo-dev/llgo GOROOT_1_24_X64=/opt/hostedtoolcache/go/1.24.13/x64 GOROOT_1_26_X64=/opt/hostedtoolcache/go/1.26.8/x64 BENT_REAL_GO=/opt/hostedtoolcache/go/1.26.2/x64/bin/go LLGO_ROOT=/home/runner/work/benchmarks/benchmarks/.ci/llgo LLGO_LTO_PLUGIN=/home/runner/work/benchmarks/benchmarks/.ci/llgo/ltoplugin/build/LLGOLTOPlugin.so GOPATH=/home/runner/work/benchmarks/benchmarks/.ci/bent-run/gopath GOOS=linux GOARCH=amd64 GO111MODULE=auto ROOT=/home/runner/work/benchmarks/benchmarks/.ci/bent-run GOROOT=/opt/hostedtoolcache/go/1.26.2/x64/ BENT_BENCH=toml BENT_CONFIG=LLGoFullLTONoGlobalDCE BENT_I=0 GOCACHE=/home/runner/work/benchmarks/benchmarks/.ci/bent-run/build-cache/runs/cache-1590815206/go-build XDG_CACHE_HOME=/home/runner/work/benchmarks/benchmarks/.ci/bent-run/build-cache/runs/cache-1590815206/xdg LocalAppData=/home/runner/work/benchmarks/benchmarks/.ci/bent-run/build-cache/runs/cache-1590815206/local-app-data /home/runner/work/benchmarks/benchmarks/.ci/bent-run/benchsize /home/runner/work/benchmarks/benchmarks/.ci/bent-run/testbin/toml_LLGoFullLTONoGlobalDCE Toml )
goos: linux
goarch: amd64
pkg:
Unit total-bytes assume=exact
BenchmarkToml 1 5809016 total-bytes
Unit text-bytes assume=exact
BenchmarkToml 1 2152457 text-bytes
Unit data-bytes assume=exact
BenchmarkToml 1 2098016 data-bytes
Unit rodata-bytes assume=exact
BenchmarkToml 1 2008792 rodata-bytes
Unit pclntab-bytes assume=exact
BenchmarkToml 1 0 pclntab-bytes
Unit debug-bytes assume=exact
BenchmarkToml 1 0 debug-bytes

rm -rf /home/runner/work/benchmarks/benchmarks/.ci/bent-run/gopath/bin
(cd /home/runner/work/benchmarks/benchmarks/.ci/bent-run/build/iXGo; LLGO_COMMITTED_AT=2026-09-17T06:42:05+08:00 LLGO_BUILD_GO_VERSION=1.27.0 LLGO_BIN=/home/runner/work/benchmarks/benchmarks/.ci/llgo/llgo BENT_TIMING_LOG=/home/runner/work/benchmarks/benchmarks/.ci/bent-run/download-timings.log GOROOT_1_25_X64=/opt/hostedtoolcache/go/1.25.14/x64 LLGO_MAIN_INDEX=1661 LLGO_COMMIT=f5208c189edef8335ccc1f550854a0a07520f1c8 GO_VERSION=1.26.2 LLGO_REPOSITORY=xgo-dev/llgo GOROOT_1_24_X64=/opt/hostedtoolcache/go/1.24.13/x64 GOROOT_1_26_X64=/opt/hostedtoolcache/go/1.26.8/x64 BENT_REAL_GO=/opt/hostedtoolcache/go/1.26.2/x64/bin/go LLGO_ROOT=/home/runner/work/benchmarks/benchmarks/.ci/llgo LLGO_LTO_PLUGIN=/home/runner/work/benchmarks/benchmarks/.ci/llgo/ltoplugin/build/LLGOLTOPlugin.so GOPATH=/home/runner/work/benchmarks/benchmarks/.ci/bent-run/gopath GOOS=linux GOARCH=amd64 GO111MODULE=auto ROOT=/home/runner/work/benchmarks/benchmarks/.ci/bent-run GOROOT=/opt/hostedtoolcache/go/1.26.2/x64/ BENT_BENCH=iXGo BENT_CONFIG=LLGoFullLTOGlobalDCE BENT_I=0 GOCACHE=/home/runner/work/benchmarks/benchmarks/.ci/bent-run/build-cache/runs/cache-3352842711/go-build XDG_CACHE_HOME=/home/runner/work/benchmarks/benchmarks/.ci/bent-run/build-cache/runs/cache-3352842711/xdg LocalAppData=/home/runner/work/benchmarks/benchmarks/.ci/bent-run/build-cache/runs/cache-3352842711/local-app-data /home/runner/work/benchmarks/benchmarks/.ci/llgo/llgo build -o /home/runner/work/benchmarks/benchmarks/.ci/bent-run/testbin/iXGo_LLGoFullLTOGlobalDCE -lto=full github.com/goplus/ixgo/cmd/ixgo )
goarch: amd64
toolchain: LLGoFullLTOGlobalDCE
BenchmarkIXGo 1 275331227248 build-real-ns/op 507552595000 build-user-ns/op 12087127000 build-sys-ns/op
toolchain: LLGoFullLTOGlobalDCE
( LLGO_COMMITTED_AT=2026-09-17T06:42:05+08:00 LLGO_BUILD_GO_VERSION=1.27.0 LLGO_BIN=/home/runner/work/benchmarks/benchmarks/.ci/llgo/llgo BENT_TIMING_LOG=/home/runner/work/benchmarks/benchmarks/.ci/bent-run/download-timings.log GOROOT_1_25_X64=/opt/hostedtoolcache/go/1.25.14/x64 LLGO_MAIN_INDEX=1661 LLGO_COMMIT=f5208c189edef8335ccc1f550854a0a07520f1c8 GO_VERSION=1.26.2 LLGO_REPOSITORY=xgo-dev/llgo GOROOT_1_24_X64=/opt/hostedtoolcache/go/1.24.13/x64 GOROOT_1_26_X64=/opt/hostedtoolcache/go/1.26.8/x64 BENT_REAL_GO=/opt/hostedtoolcache/go/1.26.2/x64/bin/go LLGO_ROOT=/home/runner/work/benchmarks/benchmarks/.ci/llgo LLGO_LTO_PLUGIN=/home/runner/work/benchmarks/benchmarks/.ci/llgo/ltoplugin/build/LLGOLTOPlugin.so GOPATH=/home/runner/work/benchmarks/benchmarks/.ci/bent-run/gopath GOOS=linux GOARCH=amd64 GO111MODULE=auto ROOT=/home/runner/work/benchmarks/benchmarks/.ci/bent-run GOROOT=/opt/hostedtoolcache/go/1.26.2/x64/ BENT_BENCH=iXGo BENT_CONFIG=LLGoFullLTOGlobalDCE BENT_I=0 GOCACHE=/home/runner/work/benchmarks/benchmarks/.ci/bent-run/build-cache/runs/cache-3352842711/go-build XDG_CACHE_HOME=/home/runner/work/benchmarks/benchmarks/.ci/bent-run/build-cache/runs/cache-3352842711/xdg LocalAppData=/home/runner/work/benchmarks/benchmarks/.ci/bent-run/build-cache/runs/cache-3352842711/local-app-data /home/runner/work/benchmarks/benchmarks/.ci/bent-run/benchsize /home/runner/work/benchmarks/benchmarks/.ci/bent-run/testbin/iXGo_LLGoFullLTOGlobalDCE IXGo )
goos: linux
goarch: amd64
pkg:
Unit total-bytes assume=exact
BenchmarkIXGo 1 29875256 total-bytes
Unit text-bytes assume=exact
BenchmarkIXGo 1 10311770 text-bytes
Unit data-bytes assume=exact
BenchmarkIXGo 1 10194192 data-bytes
Unit rodata-bytes assume=exact
BenchmarkIXGo 1 9135288 rodata-bytes
Unit pclntab-bytes assume=exact
BenchmarkIXGo 1 0 pclntab-bytes
Unit debug-bytes assume=exact
BenchmarkIXGo 1 0 debug-bytes

rm -rf /home/runner/work/benchmarks/benchmarks/.ci/bent-run/gopath/bin
(cd /home/runner/work/benchmarks/benchmarks/.ci/bent-run/build/toml; LLGO_COMMITTED_AT=2026-09-17T06:42:05+08:00 LLGO_BUILD_GO_VERSION=1.27.0 LLGO_BIN=/home/runner/work/benchmarks/benchmarks/.ci/llgo/llgo BENT_TIMING_LOG=/home/runner/work/benchmarks/benchmarks/.ci/bent-run/download-timings.log GOROOT_1_25_X64=/opt/hostedtoolcache/go/1.25.14/x64 LLGO_MAIN_INDEX=1661 LLGO_COMMIT=f5208c189edef8335ccc1f550854a0a07520f1c8 GO_VERSION=1.26.2 LLGO_REPOSITORY=xgo-dev/llgo GOROOT_1_24_X64=/opt/hostedtoolcache/go/1.24.13/x64 GOROOT_1_26_X64=/opt/hostedtoolcache/go/1.26.8/x64 BENT_REAL_GO=/opt/hostedtoolcache/go/1.26.2/x64/bin/go LLGO_ROOT=/home/runner/work/benchmarks/benchmarks/.ci/llgo LLGO_LTO_PLUGIN=/home/runner/work/benchmarks/benchmarks/.ci/llgo/ltoplugin/build/LLGOLTOPlugin.so GOPATH=/home/runner/work/benchmarks/benchmarks/.ci/bent-run/gopath GOOS=linux GOARCH=amd64 GO111MODULE=auto ROOT=/home/runner/work/benchmarks/benchmarks/.ci/bent-run GOROOT=/opt/hostedtoolcache/go/1.26.2/x64/ BENT_BENCH=toml BENT_CONFIG=LLGoFullLTOGlobalDCEPlugin BENT_I=0 GOCACHE=/home/runner/work/benchmarks/benchmarks/.ci/bent-run/build-cache/runs/cache-3083482085/go-build XDG_CACHE_HOME=/home/runner/work/benchmarks/benchmarks/.ci/bent-run/build-cache/runs/cache-3083482085/xdg LocalAppData=/home/runner/work/benchmarks/benchmarks/.ci/bent-run/build-cache/runs/cache-3083482085/local-app-data /home/runner/work/benchmarks/benchmarks/.ci/llgo/llgo test -c -o /home/runner/work/benchmarks/benchmarks/.ci/bent-run/testbin/toml_LLGoFullLTOGlobalDCEPlugin -lto=full -lto-pass-plugin=/home/runner/work/benchmarks/benchmarks/.ci/llgo/ltoplugin/build/LLGOLTOPlugin.so github.com/BurntSushi/toml )
goarch: amd64
toolchain: LLGoFullLTOGlobalDCEPlugin
BenchmarkToml 1 29644301920 build-real-ns/op 41676662000 build-user-ns/op 1176452000 build-sys-ns/op
toolchain: LLGoFullLTOGlobalDCEPlugin
( LLGO_COMMITTED_AT=2026-09-17T06:42:05+08:00 LLGO_BUILD_GO_VERSION=1.27.0 LLGO_BIN=/home/runner/work/benchmarks/benchmarks/.ci/llgo/llgo BENT_TIMING_LOG=/home/runner/work/benchmarks/benchmarks/.ci/bent-run/download-timings.log GOROOT_1_25_X64=/opt/hostedtoolcache/go/1.25.14/x64 LLGO_MAIN_INDEX=1661 LLGO_COMMIT=f5208c189edef8335ccc1f550854a0a07520f1c8 GO_VERSION=1.26.2 LLGO_REPOSITORY=xgo-dev/llgo GOROOT_1_24_X64=/opt/hostedtoolcache/go/1.24.13/x64 GOROOT_1_26_X64=/opt/hostedtoolcache/go/1.26.8/x64 BENT_REAL_GO=/opt/hostedtoolcache/go/1.26.2/x64/bin/go LLGO_ROOT=/home/runner/work/benchmarks/benchmarks/.ci/llgo LLGO_LTO_PLUGIN=/home/runner/work/benchmarks/benchmarks/.ci/llgo/ltoplugin/build/LLGOLTOPlugin.so GOPATH=/home/runner/work/benchmarks/benchmarks/.ci/bent-run/gopath GOOS=linux GOARCH=amd64 GO111MODULE=auto ROOT=/home/runner/work/benchmarks/benchmarks/.ci/bent-run GOROOT=/opt/hostedtoolcache/go/1.26.2/x64/ BENT_BENCH=toml BENT_CONFIG=LLGoFullLTOGlobalDCEPlugin BENT_I=0 GOCACHE=/home/runner/work/benchmarks/benchmarks/.ci/bent-run/build-cache/runs/cache-3083482085/go-build XDG_CACHE_HOME=/home/runner/work/benchmarks/benchmarks/.ci/bent-run/build-cache/runs/cache-3083482085/xdg LocalAppData=/home/runner/work/benchmarks/benchmarks/.ci/bent-run/build-cache/runs/cache-3083482085/local-app-data /home/runner/work/benchmarks/benchmarks/.ci/bent-run/benchsize /home/runner/work/benchmarks/benchmarks/.ci/bent-run/testbin/toml_LLGoFullLTOGlobalDCEPlugin Toml )
goos: linux
goarch: amd64
pkg:
Unit total-bytes assume=exact
BenchmarkToml 1 4870112 total-bytes
Unit text-bytes assume=exact
BenchmarkToml 1 1569973 text-bytes
Unit data-bytes assume=exact
BenchmarkToml 1 2082040 data-bytes
Unit rodata-bytes assume=exact
BenchmarkToml 1 1992944 rodata-bytes
Unit pclntab-bytes assume=exact
BenchmarkToml 1 0 pclntab-bytes
Unit debug-bytes assume=exact
BenchmarkToml 1 0 debug-bytes

rm -rf /home/runner/work/benchmarks/benchmarks/.ci/bent-run/gopath/bin
(cd /home/runner/work/benchmarks/benchmarks/.ci/bent-run/build/XGo; LLGO_COMMITTED_AT=2026-09-17T06:42:05+08:00 LLGO_BUILD_GO_VERSION=1.27.0 LLGO_BIN=/home/runner/work/benchmarks/benchmarks/.ci/llgo/llgo BENT_TIMING_LOG=/home/runner/work/benchmarks/benchmarks/.ci/bent-run/download-timings.log GOROOT_1_25_X64=/opt/hostedtoolcache/go/1.25.14/x64 LLGO_MAIN_INDEX=1661 LLGO_COMMIT=f5208c189edef8335ccc1f550854a0a07520f1c8 GO_VERSION=1.26.2 LLGO_REPOSITORY=xgo-dev/llgo GOROOT_1_24_X64=/opt/hostedtoolcache/go/1.24.13/x64 GOROOT_1_26_X64=/opt/hostedtoolcache/go/1.26.8/x64 BENT_REAL_GO=/opt/hostedtoolcache/go/1.26.2/x64/bin/go LLGO_ROOT=/home/runner/work/benchmarks/benchmarks/.ci/llgo LLGO_LTO_PLUGIN=/home/runner/work/benchmarks/benchmarks/.ci/llgo/ltoplugin/build/LLGOLTOPlugin.so GOPATH=/home/runner/work/benchmarks/benchmarks/.ci/bent-run/gopath GOOS=linux GOARCH=amd64 GO111MODULE=auto ROOT=/home/runner/work/benchmarks/benchmarks/.ci/bent-run GOROOT=/opt/hostedtoolcache/go/1.26.2/x64/ BENT_BENCH=XGo BENT_CONFIG=LLGoFullLTOGlobalDCE BENT_I=0 GOCACHE=/home/runner/work/benchmarks/benchmarks/.ci/bent-run/build-cache/runs/cache-1493711988/go-build XDG_CACHE_HOME=/home/runner/work/benchmarks/benchmarks/.ci/bent-run/build-cache/runs/cache-1493711988/xdg LocalAppData=/home/runner/work/benchmarks/benchmarks/.ci/bent-run/build-cache/runs/cache-1493711988/local-app-data /home/runner/work/benchmarks/benchmarks/.ci/llgo/llgo build -o /home/runner/work/benchmarks/benchmarks/.ci/bent-run/testbin/XGo_LLGoFullLTOGlobalDCE -lto=full github.com/goplus/xgo/cmd/xgo )
goarch: amd64
toolchain: LLGoFullLTOGlobalDCE
BenchmarkXGo 1 127025628082 build-real-ns/op 182172092000 build-user-ns/op 3482510000 build-sys-ns/op
toolchain: LLGoFullLTOGlobalDCE
( LLGO_COMMITTED_AT=2026-09-17T06:42:05+08:00 LLGO_BUILD_GO_VERSION=1.27.0 LLGO_BIN=/home/runner/work/benchmarks/benchmarks/.ci/llgo/llgo BENT_TIMING_LOG=/home/runner/work/benchmarks/benchmarks/.ci/bent-run/download-timings.log GOROOT_1_25_X64=/opt/hostedtoolcache/go/1.25.14/x64 LLGO_MAIN_INDEX=1661 LLGO_COMMIT=f5208c189edef8335ccc1f550854a0a07520f1c8 GO_VERSION=1.26.2 LLGO_REPOSITORY=xgo-dev/llgo GOROOT_1_24_X64=/opt/hostedtoolcache/go/1.24.13/x64 GOROOT_1_26_X64=/opt/hostedtoolcache/go/1.26.8/x64 BENT_REAL_GO=/opt/hostedtoolcache/go/1.26.2/x64/bin/go LLGO_ROOT=/home/runner/work/benchmarks/benchmarks/.ci/llgo LLGO_LTO_PLUGIN=/home/runner/work/benchmarks/benchmarks/.ci/llgo/ltoplugin/build/LLGOLTOPlugin.so GOPATH=/home/runner/work/benchmarks/benchmarks/.ci/bent-run/gopath GOOS=linux GOARCH=amd64 GO111MODULE=auto ROOT=/home/runner/work/benchmarks/benchmarks/.ci/bent-run GOROOT=/opt/hostedtoolcache/go/1.26.2/x64/ BENT_BENCH=XGo BENT_CONFIG=LLGoFullLTOGlobalDCE BENT_I=0 GOCACHE=/home/runner/work/benchmarks/benchmarks/.ci/bent-run/build-cache/runs/cache-1493711988/go-build XDG_CACHE_HOME=/home/runner/work/benchmarks/benchmarks/.ci/bent-run/build-cache/runs/cache-1493711988/xdg LocalAppData=/home/runner/work/benchmarks/benchmarks/.ci/bent-run/build-cache/runs/cache-1493711988/local-app-data /home/runner/work/benchmarks/benchmarks/.ci/bent-run/benchsize /home/runner/work/benchmarks/benchmarks/.ci/bent-run/testbin/XGo_LLGoFullLTOGlobalDCE XGo )
goos: linux
goarch: amd64
pkg:
Unit total-bytes assume=exact
BenchmarkXGo 1 16796416 total-bytes
Unit text-bytes assume=exact
BenchmarkXGo 1 5599168 text-bytes
Unit data-bytes assume=exact
BenchmarkXGo 1 5743144 data-bytes
Unit rodata-bytes assume=exact
BenchmarkXGo 1 5516848 rodata-bytes
Unit pclntab-bytes assume=exact
BenchmarkXGo 1 0 pclntab-bytes
Unit debug-bytes assume=exact
BenchmarkXGo 1 0 debug-bytes

rm -rf /home/runner/work/benchmarks/benchmarks/.ci/bent-run/gopath/bin
(cd /home/runner/work/benchmarks/benchmarks/.ci/bent-run/build/gorm_schema; LLGO_COMMITTED_AT=2026-09-17T06:42:05+08:00 LLGO_BUILD_GO_VERSION=1.27.0 LLGO_BIN=/home/runner/work/benchmarks/benchmarks/.ci/llgo/llgo BENT_TIMING_LOG=/home/runner/work/benchmarks/benchmarks/.ci/bent-run/download-timings.log GOROOT_1_25_X64=/opt/hostedtoolcache/go/1.25.14/x64 LLGO_MAIN_INDEX=1661 LLGO_COMMIT=f5208c189edef8335ccc1f550854a0a07520f1c8 GO_VERSION=1.26.2 LLGO_REPOSITORY=xgo-dev/llgo GOROOT_1_24_X64=/opt/hostedtoolcache/go/1.24.13/x64 GOROOT_1_26_X64=/opt/hostedtoolcache/go/1.26.8/x64 BENT_REAL_GO=/opt/hostedtoolcache/go/1.26.2/x64/bin/go LLGO_ROOT=/home/runner/work/benchmarks/benchmarks/.ci/llgo LLGO_LTO_PLUGIN=/home/runner/work/benchmarks/benchmarks/.ci/llgo/ltoplugin/build/LLGOLTOPlugin.so GOPATH=/home/runner/work/benchmarks/benchmarks/.ci/bent-run/gopath GOOS=linux GOARCH=amd64 GO111MODULE=auto ROOT=/home/runner/work/benchmarks/benchmarks/.ci/bent-run GOROOT=/opt/hostedtoolcache/go/1.26.2/x64/ BENT_BENCH=gorm_schema BENT_CONFIG=LLGoFullLTOGlobalDCE BENT_I=0 GOCACHE=/home/runner/work/benchmarks/benchmarks/.ci/bent-run/build-cache/runs/cache-311599611/go-build XDG_CACHE_HOME=/home/runner/work/benchmarks/benchmarks/.ci/bent-run/build-cache/runs/cache-311599611/xdg LocalAppData=/home/runner/work/benchmarks/benchmarks/.ci/bent-run/build-cache/runs/cache-311599611/local-app-data /home/runner/work/benchmarks/benchmarks/.ci/llgo/llgo test -c -o /home/runner/work/benchmarks/benchmarks/.ci/bent-run/testbin/gorm_schema_LLGoFullLTOGlobalDCE -lto=full gorm.io/gorm/schema )
goarch: amd64
toolchain: LLGoFullLTOGlobalDCE
BenchmarkGorm_schema 1 42198199964 build-real-ns/op 61296459000 build-user-ns/op 1474398000 build-sys-ns/op
toolchain: LLGoFullLTOGlobalDCE
( LLGO_COMMITTED_AT=2026-09-17T06:42:05+08:00 LLGO_BUILD_GO_VERSION=1.27.0 LLGO_BIN=/home/runner/work/benchmarks/benchmarks/.ci/llgo/llgo BENT_TIMING_LOG=/home/runner/work/benchmarks/benchmarks/.ci/bent-run/download-timings.log GOROOT_1_25_X64=/opt/hostedtoolcache/go/1.25.14/x64 LLGO_MAIN_INDEX=1661 LLGO_COMMIT=f5208c189edef8335ccc1f550854a0a07520f1c8 GO_VERSION=1.26.2 LLGO_REPOSITORY=xgo-dev/llgo GOROOT_1_24_X64=/opt/hostedtoolcache/go/1.24.13/x64 GOROOT_1_26_X64=/opt/hostedtoolcache/go/1.26.8/x64 BENT_REAL_GO=/opt/hostedtoolcache/go/1.26.2/x64/bin/go LLGO_ROOT=/home/runner/work/benchmarks/benchmarks/.ci/llgo LLGO_LTO_PLUGIN=/home/runner/work/benchmarks/benchmarks/.ci/llgo/ltoplugin/build/LLGOLTOPlugin.so GOPATH=/home/runner/work/benchmarks/benchmarks/.ci/bent-run/gopath GOOS=linux GOARCH=amd64 GO111MODULE=auto ROOT=/home/runner/work/benchmarks/benchmarks/.ci/bent-run GOROOT=/opt/hostedtoolcache/go/1.26.2/x64/ BENT_BENCH=gorm_schema BENT_CONFIG=LLGoFullLTOGlobalDCE BENT_I=0 GOCACHE=/home/runner/work/benchmarks/benchmarks/.ci/bent-run/build-cache/runs/cache-311599611/go-build XDG_CACHE_HOME=/home/runner/work/benchmarks/benchmarks/.ci/bent-run/build-cache/runs/cache-311599611/xdg LocalAppData=/home/runner/work/benchmarks/benchmarks/.ci/bent-run/build-cache/runs/cache-311599611/local-app-data /home/runner/work/benchmarks/benchmarks/.ci/bent-run/benchsize /home/runner/work/benchmarks/benchmarks/.ci/bent-run/testbin/gorm_schema_LLGoFullLTOGlobalDCE Gorm_schema )
goos: linux
goarch: amd64
pkg:
Unit total-bytes assume=exact
BenchmarkGorm_schema 1 6542864 total-bytes
Unit text-bytes assume=exact
BenchmarkGorm_schema 1 2233474 text-bytes
Unit data-bytes assume=exact
BenchmarkGorm_schema 1 2428424 data-bytes
Unit rodata-bytes assume=exact
BenchmarkGorm_schema 1 2301704 rodata-bytes
Unit pclntab-bytes assume=exact
BenchmarkGorm_schema 1 0 pclntab-bytes
Unit debug-bytes assume=exact
BenchmarkGorm_schema 1 0 debug-bytes

rm -rf /home/runner/work/benchmarks/benchmarks/.ci/bent-run/gopath/bin
(cd /home/runner/work/benchmarks/benchmarks/.ci/bent-run/build/etcdctl; LLGO_COMMITTED_AT=2026-09-17T06:42:05+08:00 LLGO_BUILD_GO_VERSION=1.27.0 LLGO_BIN=/home/runner/work/benchmarks/benchmarks/.ci/llgo/llgo BENT_TIMING_LOG=/home/runner/work/benchmarks/benchmarks/.ci/bent-run/download-timings.log GOROOT_1_25_X64=/opt/hostedtoolcache/go/1.25.14/x64 LLGO_MAIN_INDEX=1661 LLGO_COMMIT=f5208c189edef8335ccc1f550854a0a07520f1c8 GO_VERSION=1.26.2 LLGO_REPOSITORY=xgo-dev/llgo GOROOT_1_24_X64=/opt/hostedtoolcache/go/1.24.13/x64 GOROOT_1_26_X64=/opt/hostedtoolcache/go/1.26.8/x64 BENT_REAL_GO=/opt/hostedtoolcache/go/1.26.2/x64/bin/go LLGO_ROOT=/home/runner/work/benchmarks/benchmarks/.ci/llgo LLGO_LTO_PLUGIN=/home/runner/work/benchmarks/benchmarks/.ci/llgo/ltoplugin/build/LLGOLTOPlugin.so GOPATH=/home/runner/work/benchmarks/benchmarks/.ci/bent-run/gopath GOOS=linux GOARCH=amd64 GO111MODULE=auto ROOT=/home/runner/work/benchmarks/benchmarks/.ci/bent-run GOROOT=/opt/hostedtoolcache/go/1.26.2/x64/ BENT_BENCH=etcdctl BENT_CONFIG=LLGoNoLTO BENT_I=0 GOCACHE=/home/runner/work/benchmarks/benchmarks/.ci/bent-run/build-cache/runs/cache-1113613112/go-build XDG_CACHE_HOME=/home/runner/work/benchmarks/benchmarks/.ci/bent-run/build-cache/runs/cache-1113613112/xdg LocalAppData=/home/runner/work/benchmarks/benchmarks/.ci/bent-run/build-cache/runs/cache-1113613112/local-app-data /home/runner/work/benchmarks/benchmarks/.ci/llgo/llgo build -o /home/runner/work/benchmarks/benchmarks/.ci/bent-run/testbin/etcdctl_LLGoNoLTO go.etcd.io/etcd/etcdctl/v3 )
goarch: amd64
toolchain: LLGoNoLTO
BenchmarkEtcdctl 1 73112083611 build-real-ns/op 219513134000 build-user-ns/op 4448897000 build-sys-ns/op
toolchain: LLGoNoLTO
( LLGO_COMMITTED_AT=2026-09-17T06:42:05+08:00 LLGO_BUILD_GO_VERSION=1.27.0 LLGO_BIN=/home/runner/work/benchmarks/benchmarks/.ci/llgo/llgo BENT_TIMING_LOG=/home/runner/work/benchmarks/benchmarks/.ci/bent-run/download-timings.log GOROOT_1_25_X64=/opt/hostedtoolcache/go/1.25.14/x64 LLGO_MAIN_INDEX=1661 LLGO_COMMIT=f5208c189edef8335ccc1f550854a0a07520f1c8 GO_VERSION=1.26.2 LLGO_REPOSITORY=xgo-dev/llgo GOROOT_1_24_X64=/opt/hostedtoolcache/go/1.24.13/x64 GOROOT_1_26_X64=/opt/hostedtoolcache/go/1.26.8/x64 BENT_REAL_GO=/opt/hostedtoolcache/go/1.26.2/x64/bin/go LLGO_ROOT=/home/runner/work/benchmarks/benchmarks/.ci/llgo LLGO_LTO_PLUGIN=/home/runner/work/benchmarks/benchmarks/.ci/llgo/ltoplugin/build/LLGOLTOPlugin.so GOPATH=/home/runner/work/benchmarks/benchmarks/.ci/bent-run/gopath GOOS=linux GOARCH=amd64 GO111MODULE=auto ROOT=/home/runner/work/benchmarks/benchmarks/.ci/bent-run GOROOT=/opt/hostedtoolcache/go/1.26.2/x64/ BENT_BENCH=etcdctl BENT_CONFIG=LLGoNoLTO BENT_I=0 GOCACHE=/home/runner/work/benchmarks/benchmarks/.ci/bent-run/build-cache/runs/cache-1113613112/go-build XDG_CACHE_HOME=/home/runner/work/benchmarks/benchmarks/.ci/bent-run/build-cache/runs/cache-1113613112/xdg LocalAppData=/home/runner/work/benchmarks/benchmarks/.ci/bent-run/build-cache/runs/cache-1113613112/local-app-data /home/runner/work/benchmarks/benchmarks/.ci/bent-run/benchsize /home/runner/work/benchmarks/benchmarks/.ci/bent-run/testbin/etcdctl_LLGoNoLTO Etcdctl )
goos: linux
goarch: amd64
pkg:
Unit total-bytes assume=exact
BenchmarkEtcdctl 1 21827864 total-bytes
Unit text-bytes assume=exact
BenchmarkEtcdctl 1 7414795 text-bytes
Unit data-bytes assume=exact
BenchmarkEtcdctl 1 7659584 data-bytes
Unit rodata-bytes assume=exact
BenchmarkEtcdctl 1 4107304 rodata-bytes
Unit pclntab-bytes assume=exact
BenchmarkEtcdctl 1 0 pclntab-bytes
Unit debug-bytes assume=exact
BenchmarkEtcdctl 1 0 debug-bytes

rm -rf /home/runner/work/benchmarks/benchmarks/.ci/bent-run/gopath/bin
(cd /home/runner/work/benchmarks/benchmarks/.ci/bent-run/build/aws_restjson_v1; LLGO_COMMITTED_AT=2026-09-17T06:42:05+08:00 LLGO_BUILD_GO_VERSION=1.27.0 LLGO_BIN=/home/runner/work/benchmarks/benchmarks/.ci/llgo/llgo BENT_TIMING_LOG=/home/runner/work/benchmarks/benchmarks/.ci/bent-run/download-timings.log GOROOT_1_25_X64=/opt/hostedtoolcache/go/1.25.14/x64 LLGO_MAIN_INDEX=1661 LLGO_COMMIT=f5208c189edef8335ccc1f550854a0a07520f1c8 GO_VERSION=1.26.2 LLGO_REPOSITORY=xgo-dev/llgo GOROOT_1_24_X64=/opt/hostedtoolcache/go/1.24.13/x64 GOROOT_1_26_X64=/opt/hostedtoolcache/go/1.26.8/x64 BENT_REAL_GO=/opt/hostedtoolcache/go/1.26.2/x64/bin/go LLGO_ROOT=/home/runner/work/benchmarks/benchmarks/.ci/llgo LLGO_LTO_PLUGIN=/home/runner/work/benchmarks/benchmarks/.ci/llgo/ltoplugin/build/LLGOLTOPlugin.so GOPATH=/home/runner/work/benchmarks/benchmarks/.ci/bent-run/gopath GOOS=linux GOARCH=amd64 GO111MODULE=auto ROOT=/home/runner/work/benchmarks/benchmarks/.ci/bent-run GOROOT=/opt/hostedtoolcache/go/1.26.2/x64/ BENT_BENCH=aws_restjson BENT_CONFIG=LLGoDeadcodeDrop BENT_I=0 GOCACHE=/home/runner/work/benchmarks/benchmarks/.ci/bent-run/build-cache/runs/cache-3869672100/go-build XDG_CACHE_HOME=/home/runner/work/benchmarks/benchmarks/.ci/bent-run/build-cache/runs/cache-3869672100/xdg LocalAppData=/home/runner/work/benchmarks/benchmarks/.ci/bent-run/build-cache/runs/cache-3869672100/local-app-data /home/runner/work/benchmarks/benchmarks/.ci/llgo/llgo test -c -o /home/runner/work/benchmarks/benchmarks/.ci/bent-run/testbin/aws_restjson_v1_LLGoDeadcodeDrop -deadcodedrop github.com/aws/aws-sdk-go/private/protocol/restjson )
goarch: amd64
toolchain: LLGoDeadcodeDrop
BenchmarkAws_restjson 1 82769047183 build-real-ns/op 125598034000 build-user-ns/op 2261683000 build-sys-ns/op
toolchain: LLGoDeadcodeDrop
( LLGO_COMMITTED_AT=2026-09-17T06:42:05+08:00 LLGO_BUILD_GO_VERSION=1.27.0 LLGO_BIN=/home/runner/work/benchmarks/benchmarks/.ci/llgo/llgo BENT_TIMING_LOG=/home/runner/work/benchmarks/benchmarks/.ci/bent-run/download-timings.log GOROOT_1_25_X64=/opt/hostedtoolcache/go/1.25.14/x64 LLGO_MAIN_INDEX=1661 LLGO_COMMIT=f5208c189edef8335ccc1f550854a0a07520f1c8 GO_VERSION=1.26.2 LLGO_REPOSITORY=xgo-dev/llgo GOROOT_1_24_X64=/opt/hostedtoolcache/go/1.24.13/x64 GOROOT_1_26_X64=/opt/hostedtoolcache/go/1.26.8/x64 BENT_REAL_GO=/opt/hostedtoolcache/go/1.26.2/x64/bin/go LLGO_ROOT=/home/runner/work/benchmarks/benchmarks/.ci/llgo LLGO_LTO_PLUGIN=/home/runner/work/benchmarks/benchmarks/.ci/llgo/ltoplugin/build/LLGOLTOPlugin.so GOPATH=/home/runner/work/benchmarks/benchmarks/.ci/bent-run/gopath GOOS=linux GOARCH=amd64 GO111MODULE=auto ROOT=/home/runner/work/benchmarks/benchmarks/.ci/bent-run GOROOT=/opt/hostedtoolcache/go/1.26.2/x64/ BENT_BENCH=aws_restjson BENT_CONFIG=LLGoDeadcodeDrop BENT_I=0 GOCACHE=/home/runner/work/benchmarks/benchmarks/.ci/bent-run/build-cache/runs/cache-3869672100/go-build XDG_CACHE_HOME=/home/runner/work/benchmarks/benchmarks/.ci/bent-run/build-cache/runs/cache-3869672100/xdg LocalAppData=/home/runner/work/benchmarks/benchmarks/.ci/bent-run/build-cache/runs/cache-3869672100/local-app-data /home/runner/work/benchmarks/benchmarks/.ci/bent-run/benchsize /home/runner/work/benchmarks/benchmarks/.ci/bent-run/testbin/aws_restjson_v1_LLGoDeadcodeDrop Aws_restjson )
goos: linux
goarch: amd64
pkg:
Unit total-bytes assume=exact
BenchmarkAws_restjson 1 10533416 total-bytes
Unit text-bytes assume=exact
BenchmarkAws_restjson 1 3711348 text-bytes
Unit data-bytes assume=exact
BenchmarkAws_restjson 1 4023840 data-bytes
Unit rodata-bytes assume=exact
BenchmarkAws_restjson 1 2331432 rodata-bytes
Unit pclntab-bytes assume=exact
BenchmarkAws_restjson 1 0 pclntab-bytes
Unit debug-bytes assume=exact
BenchmarkAws_restjson 1 0 debug-bytes

rm -rf /home/runner/work/benchmarks/benchmarks/.ci/bent-run/gopath/bin
(cd /home/runner/work/benchmarks/benchmarks/.ci/bent-run/build/dustin_humanize; LLGO_COMMITTED_AT=2026-09-17T06:42:05+08:00 LLGO_BUILD_GO_VERSION=1.27.0 LLGO_BIN=/home/runner/work/benchmarks/benchmarks/.ci/llgo/llgo BENT_TIMING_LOG=/home/runner/work/benchmarks/benchmarks/.ci/bent-run/download-timings.log GOROOT_1_25_X64=/opt/hostedtoolcache/go/1.25.14/x64 LLGO_MAIN_INDEX=1661 LLGO_COMMIT=f5208c189edef8335ccc1f550854a0a07520f1c8 GO_VERSION=1.26.2 LLGO_REPOSITORY=xgo-dev/llgo GOROOT_1_24_X64=/opt/hostedtoolcache/go/1.24.13/x64 GOROOT_1_26_X64=/opt/hostedtoolcache/go/1.26.8/x64 BENT_REAL_GO=/opt/hostedtoolcache/go/1.26.2/x64/bin/go LLGO_ROOT=/home/runner/work/benchmarks/benchmarks/.ci/llgo LLGO_LTO_PLUGIN=/home/runner/work/benchmarks/benchmarks/.ci/llgo/ltoplugin/build/LLGOLTOPlugin.so GOPATH=/home/runner/work/benchmarks/benchmarks/.ci/bent-run/gopath GOOS=linux GOARCH=amd64 GO111MODULE=auto ROOT=/home/runner/work/benchmarks/benchmarks/.ci/bent-run GOROOT=/opt/hostedtoolcache/go/1.26.2/x64/ BENT_BENCH=dustin_humanize BENT_CONFIG=LLGoDeadcodeDrop BENT_I=0 GOCACHE=/home/runner/work/benchmarks/benchmarks/.ci/bent-run/build-cache/runs/cache-3396621837/go-build XDG_CACHE_HOME=/home/runner/work/benchmarks/benchmarks/.ci/bent-run/build-cache/runs/cache-3396621837/xdg LocalAppData=/home/runner/work/benchmarks/benchmarks/.ci/bent-run/build-cache/runs/cache-3396621837/local-app-data /home/runner/work/benchmarks/benchmarks/.ci/llgo/llgo test -c -o /home/runner/work/benchmarks/benchmarks/.ci/bent-run/testbin/dustin_humanize_LLGoDeadcodeDrop -deadcodedrop github.com/dustin/go-humanize )
goarch: amd64
toolchain: LLGoDeadcodeDrop
BenchmarkDustin_humanize 1 5841348458 build-real-ns/op 13022653000 build-user-ns/op 708815000 build-sys-ns/op
toolchain: LLGoDeadcodeDrop
( LLGO_COMMITTED_AT=2026-09-17T06:42:05+08:00 LLGO_BUILD_GO_VERSION=1.27.0 LLGO_BIN=/home/runner/work/benchmarks/benchmarks/.ci/llgo/llgo BENT_TIMING_LOG=/home/runner/work/benchmarks/benchmarks/.ci/bent-run/download-timings.log GOROOT_1_25_X64=/opt/hostedtoolcache/go/1.25.14/x64 LLGO_MAIN_INDEX=1661 LLGO_COMMIT=f5208c189edef8335ccc1f550854a0a07520f1c8 GO_VERSION=1.26.2 LLGO_REPOSITORY=xgo-dev/llgo GOROOT_1_24_X64=/opt/hostedtoolcache/go/1.24.13/x64 GOROOT_1_26_X64=/opt/hostedtoolcache/go/1.26.8/x64 BENT_REAL_GO=/opt/hostedtoolcache/go/1.26.2/x64/bin/go LLGO_ROOT=/home/runner/work/benchmarks/benchmarks/.ci/llgo LLGO_LTO_PLUGIN=/home/runner/work/benchmarks/benchmarks/.ci/llgo/ltoplugin/build/LLGOLTOPlugin.so GOPATH=/home/runner/work/benchmarks/benchmarks/.ci/bent-run/gopath GOOS=linux GOARCH=amd64 GO111MODULE=auto ROOT=/home/runner/work/benchmarks/benchmarks/.ci/bent-run GOROOT=/opt/hostedtoolcache/go/1.26.2/x64/ BENT_BENCH=dustin_humanize BENT_CONFIG=LLGoDeadcodeDrop BENT_I=0 GOCACHE=/home/runner/work/benchmarks/benchmarks/.ci/bent-run/build-cache/runs/cache-3396621837/go-build XDG_CACHE_HOME=/home/runner/work/benchmarks/benchmarks/.ci/bent-run/build-cache/runs/cache-3396621837/xdg LocalAppData=/home/runner/work/benchmarks/benchmarks/.ci/bent-run/build-cache/runs/cache-3396621837/local-app-data /home/runner/work/benchmarks/benchmarks/.ci/bent-run/benchsize /home/runner/work/benchmarks/benchmarks/.ci/bent-run/testbin/dustin_humanize_LLGoDeadcodeDrop Dustin_humanize )
goos: linux
goarch: amd64
pkg:
Unit total-bytes assume=exact
BenchmarkDustin_humanize 1 3396648 total-bytes
Unit text-bytes assume=exact
BenchmarkDustin_humanize 1 987358 text-bytes
Unit data-bytes assume=exact
BenchmarkDustin_humanize 1 1500824 data-bytes
Unit rodata-bytes assume=exact
BenchmarkDustin_humanize 1 891120 rodata-bytes
Unit pclntab-bytes assume=exact
BenchmarkDustin_humanize 1 0 pclntab-bytes
Unit debug-bytes assume=exact
BenchmarkDustin_humanize 1 0 debug-bytes

rm -rf /home/runner/work/benchmarks/benchmarks/.ci/bent-run/gopath/bin
(cd /home/runner/work/benchmarks/benchmarks/.ci/bent-run/build/etcdctl; LLGO_COMMITTED_AT=2026-09-17T06:42:05+08:00 LLGO_BUILD_GO_VERSION=1.27.0 LLGO_BIN=/home/runner/work/benchmarks/benchmarks/.ci/llgo/llgo BENT_TIMING_LOG=/home/runner/work/benchmarks/benchmarks/.ci/bent-run/download-timings.log GOROOT_1_25_X64=/opt/hostedtoolcache/go/1.25.14/x64 LLGO_MAIN_INDEX=1661 LLGO_COMMIT=f5208c189edef8335ccc1f550854a0a07520f1c8 GO_VERSION=1.26.2 LLGO_REPOSITORY=xgo-dev/llgo GOROOT_1_24_X64=/opt/hostedtoolcache/go/1.24.13/x64 GOROOT_1_26_X64=/opt/hostedtoolcache/go/1.26.8/x64 BENT_REAL_GO=/opt/hostedtoolcache/go/1.26.2/x64/bin/go LLGO_ROOT=/home/runner/work/benchmarks/benchmarks/.ci/llgo LLGO_LTO_PLUGIN=/home/runner/work/benchmarks/benchmarks/.ci/llgo/ltoplugin/build/LLGOLTOPlugin.so GOPATH=/home/runner/work/benchmarks/benchmarks/.ci/bent-run/gopath GOOS=linux GOARCH=amd64 GO111MODULE=auto ROOT=/home/runner/work/benchmarks/benchmarks/.ci/bent-run GOROOT=/opt/hostedtoolcache/go/1.26.2/x64/ BENT_BENCH=etcdctl BENT_CONFIG=LLGoFullLTONoGlobalDCE BENT_I=0 GOCACHE=/home/runner/work/benchmarks/benchmarks/.ci/bent-run/build-cache/runs/cache-3747251226/go-build XDG_CACHE_HOME=/home/runner/work/benchmarks/benchmarks/.ci/bent-run/build-cache/runs/cache-3747251226/xdg LocalAppData=/home/runner/work/benchmarks/benchmarks/.ci/bent-run/build-cache/runs/cache-3747251226/local-app-data /home/runner/work/benchmarks/benchmarks/.ci/llgo/llgo build -o /home/runner/work/benchmarks/benchmarks/.ci/bent-run/testbin/etcdctl_LLGoFullLTONoGlobalDCE -lto=full -globaldce=false go.etcd.io/etcd/etcdctl/v3 )
goarch: amd64
toolchain: LLGoFullLTONoGlobalDCE
BenchmarkEtcdctl 1 165179915327 build-real-ns/op 280495092000 build-user-ns/op 4733385000 build-sys-ns/op
toolchain: LLGoFullLTONoGlobalDCE
( LLGO_COMMITTED_AT=2026-09-17T06:42:05+08:00 LLGO_BUILD_GO_VERSION=1.27.0 LLGO_BIN=/home/runner/work/benchmarks/benchmarks/.ci/llgo/llgo BENT_TIMING_LOG=/home/runner/work/benchmarks/benchmarks/.ci/bent-run/download-timings.log GOROOT_1_25_X64=/opt/hostedtoolcache/go/1.25.14/x64 LLGO_MAIN_INDEX=1661 LLGO_COMMIT=f5208c189edef8335ccc1f550854a0a07520f1c8 GO_VERSION=1.26.2 LLGO_REPOSITORY=xgo-dev/llgo GOROOT_1_24_X64=/opt/hostedtoolcache/go/1.24.13/x64 GOROOT_1_26_X64=/opt/hostedtoolcache/go/1.26.8/x64 BENT_REAL_GO=/opt/hostedtoolcache/go/1.26.2/x64/bin/go LLGO_ROOT=/home/runner/work/benchmarks/benchmarks/.ci/llgo LLGO_LTO_PLUGIN=/home/runner/work/benchmarks/benchmarks/.ci/llgo/ltoplugin/build/LLGOLTOPlugin.so GOPATH=/home/runner/work/benchmarks/benchmarks/.ci/bent-run/gopath GOOS=linux GOARCH=amd64 GO111MODULE=auto ROOT=/home/runner/work/benchmarks/benchmarks/.ci/bent-run GOROOT=/opt/hostedtoolcache/go/1.26.2/x64/ BENT_BENCH=etcdctl BENT_CONFIG=LLGoFullLTONoGlobalDCE BENT_I=0 GOCACHE=/home/runner/work/benchmarks/benchmarks/.ci/bent-run/build-cache/runs/cache-3747251226/go-build XDG_CACHE_HOME=/home/runner/work/benchmarks/benchmarks/.ci/bent-run/build-cache/runs/cache-3747251226/xdg LocalAppData=/home/runner/work/benchmarks/benchmarks/.ci/bent-run/build-cache/runs/cache-3747251226/local-app-data /home/runner/work/benchmarks/benchmarks/.ci/bent-run/benchsize /home/runner/work/benchmarks/benchmarks/.ci/bent-run/testbin/etcdctl_LLGoFullLTONoGlobalDCE Etcdctl )
goos: linux
goarch: amd64
pkg:
Unit total-bytes assume=exact
BenchmarkEtcdctl 1 20994464 total-bytes
Unit text-bytes assume=exact
BenchmarkEtcdctl 1 7088331 text-bytes
Unit data-bytes assume=exact
BenchmarkEtcdctl 1 7519672 data-bytes
Unit rodata-bytes assume=exact
BenchmarkEtcdctl 1 6985584 rodata-bytes
Unit pclntab-bytes assume=exact
BenchmarkEtcdctl 1 0 pclntab-bytes
Unit debug-bytes assume=exact
BenchmarkEtcdctl 1 0 debug-bytes

rm -rf /home/runner/work/benchmarks/benchmarks/.ci/bent-run/gopath/bin
(cd /home/runner/work/benchmarks/benchmarks/.ci/bent-run/build/XGo; LLGO_COMMITTED_AT=2026-09-17T06:42:05+08:00 LLGO_BUILD_GO_VERSION=1.27.0 LLGO_BIN=/home/runner/work/benchmarks/benchmarks/.ci/llgo/llgo BENT_TIMING_LOG=/home/runner/work/benchmarks/benchmarks/.ci/bent-run/download-timings.log GOROOT_1_25_X64=/opt/hostedtoolcache/go/1.25.14/x64 LLGO_MAIN_INDEX=1661 LLGO_COMMIT=f5208c189edef8335ccc1f550854a0a07520f1c8 GO_VERSION=1.26.2 LLGO_REPOSITORY=xgo-dev/llgo GOROOT_1_24_X64=/opt/hostedtoolcache/go/1.24.13/x64 GOROOT_1_26_X64=/opt/hostedtoolcache/go/1.26.8/x64 BENT_REAL_GO=/opt/hostedtoolcache/go/1.26.2/x64/bin/go LLGO_ROOT=/home/runner/work/benchmarks/benchmarks/.ci/llgo LLGO_LTO_PLUGIN=/home/runner/work/benchmarks/benchmarks/.ci/llgo/ltoplugin/build/LLGOLTOPlugin.so GOPATH=/home/runner/work/benchmarks/benchmarks/.ci/bent-run/gopath GOOS=linux GOARCH=amd64 GO111MODULE=auto ROOT=/home/runner/work/benchmarks/benchmarks/.ci/bent-run GOROOT=/opt/hostedtoolcache/go/1.26.2/x64/ BENT_BENCH=XGo BENT_CONFIG=LLGoFullLTOGlobalDCEPlugin BENT_I=0 GOCACHE=/home/runner/work/benchmarks/benchmarks/.ci/bent-run/build-cache/runs/cache-3235627559/go-build XDG_CACHE_HOME=/home/runner/work/benchmarks/benchmarks/.ci/bent-run/build-cache/runs/cache-3235627559/xdg LocalAppData=/home/runner/work/benchmarks/benchmarks/.ci/bent-run/build-cache/runs/cache-3235627559/local-app-data /home/runner/work/benchmarks/benchmarks/.ci/llgo/llgo build -o /home/runner/work/benchmarks/benchmarks/.ci/bent-run/testbin/XGo_LLGoFullLTOGlobalDCEPlugin -lto=full -lto-pass-plugin=/home/runner/work/benchmarks/benchmarks/.ci/llgo/ltoplugin/build/LLGOLTOPlugin.so github.com/goplus/xgo/cmd/xgo )
goarch: amd64
toolchain: LLGoFullLTOGlobalDCEPlugin
BenchmarkXGo 1 124243603609 build-real-ns/op 177213520000 build-user-ns/op 3229724000 build-sys-ns/op
toolchain: LLGoFullLTOGlobalDCEPlugin
( LLGO_COMMITTED_AT=2026-09-17T06:42:05+08:00 LLGO_BUILD_GO_VERSION=1.27.0 LLGO_BIN=/home/runner/work/benchmarks/benchmarks/.ci/llgo/llgo BENT_TIMING_LOG=/home/runner/work/benchmarks/benchmarks/.ci/bent-run/download-timings.log GOROOT_1_25_X64=/opt/hostedtoolcache/go/1.25.14/x64 LLGO_MAIN_INDEX=1661 LLGO_COMMIT=f5208c189edef8335ccc1f550854a0a07520f1c8 GO_VERSION=1.26.2 LLGO_REPOSITORY=xgo-dev/llgo GOROOT_1_24_X64=/opt/hostedtoolcache/go/1.24.13/x64 GOROOT_1_26_X64=/opt/hostedtoolcache/go/1.26.8/x64 BENT_REAL_GO=/opt/hostedtoolcache/go/1.26.2/x64/bin/go LLGO_ROOT=/home/runner/work/benchmarks/benchmarks/.ci/llgo LLGO_LTO_PLUGIN=/home/runner/work/benchmarks/benchmarks/.ci/llgo/ltoplugin/build/LLGOLTOPlugin.so GOPATH=/home/runner/work/benchmarks/benchmarks/.ci/bent-run/gopath GOOS=linux GOARCH=amd64 GO111MODULE=auto ROOT=/home/runner/work/benchmarks/benchmarks/.ci/bent-run GOROOT=/opt/hostedtoolcache/go/1.26.2/x64/ BENT_BENCH=XGo BENT_CONFIG=LLGoFullLTOGlobalDCEPlugin BENT_I=0 GOCACHE=/home/runner/work/benchmarks/benchmarks/.ci/bent-run/build-cache/runs/cache-3235627559/go-build XDG_CACHE_HOME=/home/runner/work/benchmarks/benchmarks/.ci/bent-run/build-cache/runs/cache-3235627559/xdg LocalAppData=/home/runner/work/benchmarks/benchmarks/.ci/bent-run/build-cache/runs/cache-3235627559/local-app-data /home/runner/work/benchmarks/benchmarks/.ci/bent-run/benchsize /home/runner/work/benchmarks/benchmarks/.ci/bent-run/testbin/XGo_LLGoFullLTOGlobalDCEPlugin XGo )
goos: linux
goarch: amd64
pkg:
Unit total-bytes assume=exact
BenchmarkXGo 1 16690352 total-bytes
Unit text-bytes assume=exact
BenchmarkXGo 1 5599139 text-bytes
Unit data-bytes assume=exact
BenchmarkXGo 1 5742112 data-bytes
Unit rodata-bytes assume=exact
BenchmarkXGo 1 5515816 rodata-bytes
Unit pclntab-bytes assume=exact
BenchmarkXGo 1 0 pclntab-bytes
Unit debug-bytes assume=exact
BenchmarkXGo 1 0 debug-bytes

rm -rf /home/runner/work/benchmarks/benchmarks/.ci/bent-run/gopath/bin
(cd /home/runner/work/benchmarks/benchmarks/.ci/bent-run/build/XGo; LLGO_COMMITTED_AT=2026-09-17T06:42:05+08:00 LLGO_BUILD_GO_VERSION=1.27.0 LLGO_BIN=/home/runner/work/benchmarks/benchmarks/.ci/llgo/llgo BENT_TIMING_LOG=/home/runner/work/benchmarks/benchmarks/.ci/bent-run/download-timings.log GOROOT_1_25_X64=/opt/hostedtoolcache/go/1.25.14/x64 LLGO_MAIN_INDEX=1661 LLGO_COMMIT=f5208c189edef8335ccc1f550854a0a07520f1c8 GO_VERSION=1.26.2 LLGO_REPOSITORY=xgo-dev/llgo GOROOT_1_24_X64=/opt/hostedtoolcache/go/1.24.13/x64 GOROOT_1_26_X64=/opt/hostedtoolcache/go/1.26.8/x64 BENT_REAL_GO=/opt/hostedtoolcache/go/1.26.2/x64/bin/go LLGO_ROOT=/home/runner/work/benchmarks/benchmarks/.ci/llgo LLGO_LTO_PLUGIN=/home/runner/work/benchmarks/benchmarks/.ci/llgo/ltoplugin/build/LLGOLTOPlugin.so GOPATH=/home/runner/work/benchmarks/benchmarks/.ci/bent-run/gopath GOOS=linux GOARCH=amd64 GO111MODULE=auto ROOT=/home/runner/work/benchmarks/benchmarks/.ci/bent-run GOROOT=/opt/hostedtoolcache/go/1.26.2/x64/ BENT_BENCH=XGo BENT_CONFIG=LLGoDeadcodeDrop BENT_I=0 GOCACHE=/home/runner/work/benchmarks/benchmarks/.ci/bent-run/build-cache/runs/cache-14644982/go-build XDG_CACHE_HOME=/home/runner/work/benchmarks/benchmarks/.ci/bent-run/build-cache/runs/cache-14644982/xdg LocalAppData=/home/runner/work/benchmarks/benchmarks/.ci/bent-run/build-cache/runs/cache-14644982/local-app-data /home/runner/work/benchmarks/benchmarks/.ci/llgo/llgo build -o /home/runner/work/benchmarks/benchmarks/.ci/bent-run/testbin/XGo_LLGoDeadcodeDrop -deadcodedrop github.com/goplus/xgo/cmd/xgo )
goarch: amd64
toolchain: LLGoDeadcodeDrop
BenchmarkXGo 1 43752032789 build-real-ns/op 111417334000 build-user-ns/op 2830712000 build-sys-ns/op
toolchain: LLGoDeadcodeDrop
( LLGO_COMMITTED_AT=2026-09-17T06:42:05+08:00 LLGO_BUILD_GO_VERSION=1.27.0 LLGO_BIN=/home/runner/work/benchmarks/benchmarks/.ci/llgo/llgo BENT_TIMING_LOG=/home/runner/work/benchmarks/benchmarks/.ci/bent-run/download-timings.log GOROOT_1_25_X64=/opt/hostedtoolcache/go/1.25.14/x64 LLGO_MAIN_INDEX=1661 LLGO_COMMIT=f5208c189edef8335ccc1f550854a0a07520f1c8 GO_VERSION=1.26.2 LLGO_REPOSITORY=xgo-dev/llgo GOROOT_1_24_X64=/opt/hostedtoolcache/go/1.24.13/x64 GOROOT_1_26_X64=/opt/hostedtoolcache/go/1.26.8/x64 BENT_REAL_GO=/opt/hostedtoolcache/go/1.26.2/x64/bin/go LLGO_ROOT=/home/runner/work/benchmarks/benchmarks/.ci/llgo LLGO_LTO_PLUGIN=/home/runner/work/benchmarks/benchmarks/.ci/llgo/ltoplugin/build/LLGOLTOPlugin.so GOPATH=/home/runner/work/benchmarks/benchmarks/.ci/bent-run/gopath GOOS=linux GOARCH=amd64 GO111MODULE=auto ROOT=/home/runner/work/benchmarks/benchmarks/.ci/bent-run GOROOT=/opt/hostedtoolcache/go/1.26.2/x64/ BENT_BENCH=XGo BENT_CONFIG=LLGoDeadcodeDrop BENT_I=0 GOCACHE=/home/runner/work/benchmarks/benchmarks/.ci/bent-run/build-cache/runs/cache-14644982/go-build XDG_CACHE_HOME=/home/runner/work/benchmarks/benchmarks/.ci/bent-run/build-cache/runs/cache-14644982/xdg LocalAppData=/home/runner/work/benchmarks/benchmarks/.ci/bent-run/build-cache/runs/cache-14644982/local-app-data /home/runner/work/benchmarks/benchmarks/.ci/bent-run/benchsize /home/runner/work/benchmarks/benchmarks/.ci/bent-run/testbin/XGo_LLGoDeadcodeDrop XGo )
goos: linux
goarch: amd64
pkg:
Unit total-bytes assume=exact
BenchmarkXGo 1 15659448 total-bytes
Unit text-bytes assume=exact
BenchmarkXGo 1 5037332 text-bytes
Unit data-bytes assume=exact
BenchmarkXGo 1 5704064 data-bytes
Unit rodata-bytes assume=exact
BenchmarkXGo 1 3317752 rodata-bytes
Unit pclntab-bytes assume=exact
BenchmarkXGo 1 0 pclntab-bytes
Unit debug-bytes assume=exact
BenchmarkXGo 1 0 debug-bytes

rm -rf /home/runner/work/benchmarks/benchmarks/.ci/bent-run/gopath/bin
(cd /home/runner/work/benchmarks/benchmarks/.ci/bent-run/build/XGo; LLGO_COMMITTED_AT=2026-09-17T06:42:05+08:00 LLGO_BUILD_GO_VERSION=1.27.0 LLGO_BIN=/home/runner/work/benchmarks/benchmarks/.ci/llgo/llgo BENT_TIMING_LOG=/home/runner/work/benchmarks/benchmarks/.ci/bent-run/download-timings.log GOROOT_1_25_X64=/opt/hostedtoolcache/go/1.25.14/x64 LLGO_MAIN_INDEX=1661 LLGO_COMMIT=f5208c189edef8335ccc1f550854a0a07520f1c8 GO_VERSION=1.26.2 LLGO_REPOSITORY=xgo-dev/llgo GOROOT_1_24_X64=/opt/hostedtoolcache/go/1.24.13/x64 GOROOT_1_26_X64=/opt/hostedtoolcache/go/1.26.8/x64 BENT_REAL_GO=/opt/hostedtoolcache/go/1.26.2/x64/bin/go LLGO_ROOT=/home/runner/work/benchmarks/benchmarks/.ci/llgo LLGO_LTO_PLUGIN=/home/runner/work/benchmarks/benchmarks/.ci/llgo/ltoplugin/build/LLGOLTOPlugin.so GOPATH=/home/runner/work/benchmarks/benchmarks/.ci/bent-run/gopath GOOS=linux GOARCH=amd64 GO111MODULE=auto ROOT=/home/runner/work/benchmarks/benchmarks/.ci/bent-run GOROOT=/opt/hostedtoolcache/go/1.26.2/x64/ BENT_BENCH=XGo BENT_CONFIG=LLGoNoLTO BENT_I=0 GOCACHE=/home/runner/work/benchmarks/benchmarks/.ci/bent-run/build-cache/runs/cache-3225146620/go-build XDG_CACHE_HOME=/home/runner/work/benchmarks/benchmarks/.ci/bent-run/build-cache/runs/cache-3225146620/xdg LocalAppData=/home/runner/work/benchmarks/benchmarks/.ci/bent-run/build-cache/runs/cache-3225146620/local-app-data /home/runner/work/benchmarks/benchmarks/.ci/llgo/llgo build -o /home/runner/work/benchmarks/benchmarks/.ci/bent-run/testbin/XGo_LLGoNoLTO github.com/goplus/xgo/cmd/xgo )
goarch: amd64
toolchain: LLGoNoLTO
BenchmarkXGo 1 41807686959 build-real-ns/op 107938633000 build-user-ns/op 2843708000 build-sys-ns/op
toolchain: LLGoNoLTO
( LLGO_COMMITTED_AT=2026-09-17T06:42:05+08:00 LLGO_BUILD_GO_VERSION=1.27.0 LLGO_BIN=/home/runner/work/benchmarks/benchmarks/.ci/llgo/llgo BENT_TIMING_LOG=/home/runner/work/benchmarks/benchmarks/.ci/bent-run/download-timings.log GOROOT_1_25_X64=/opt/hostedtoolcache/go/1.25.14/x64 LLGO_MAIN_INDEX=1661 LLGO_COMMIT=f5208c189edef8335ccc1f550854a0a07520f1c8 GO_VERSION=1.26.2 LLGO_REPOSITORY=xgo-dev/llgo GOROOT_1_24_X64=/opt/hostedtoolcache/go/1.24.13/x64 GOROOT_1_26_X64=/opt/hostedtoolcache/go/1.26.8/x64 BENT_REAL_GO=/opt/hostedtoolcache/go/1.26.2/x64/bin/go LLGO_ROOT=/home/runner/work/benchmarks/benchmarks/.ci/llgo LLGO_LTO_PLUGIN=/home/runner/work/benchmarks/benchmarks/.ci/llgo/ltoplugin/build/LLGOLTOPlugin.so GOPATH=/home/runner/work/benchmarks/benchmarks/.ci/bent-run/gopath GOOS=linux GOARCH=amd64 GO111MODULE=auto ROOT=/home/runner/work/benchmarks/benchmarks/.ci/bent-run GOROOT=/opt/hostedtoolcache/go/1.26.2/x64/ BENT_BENCH=XGo BENT_CONFIG=LLGoNoLTO BENT_I=0 GOCACHE=/home/runner/work/benchmarks/benchmarks/.ci/bent-run/build-cache/runs/cache-3225146620/go-build XDG_CACHE_HOME=/home/runner/work/benchmarks/benchmarks/.ci/bent-run/build-cache/runs/cache-3225146620/xdg LocalAppData=/home/runner/work/benchmarks/benchmarks/.ci/bent-run/build-cache/runs/cache-3225146620/local-app-data /home/runner/work/benchmarks/benchmarks/.ci/bent-run/benchsize /home/runner/work/benchmarks/benchmarks/.ci/bent-run/testbin/XGo_LLGoNoLTO XGo )
goos: linux
goarch: amd64
pkg:
Unit total-bytes assume=exact
BenchmarkXGo 1 17855200 total-bytes
Unit text-bytes assume=exact
BenchmarkXGo 1 6145259 text-bytes
Unit data-bytes assume=exact
BenchmarkXGo 1 5754648 data-bytes
Unit rodata-bytes assume=exact
BenchmarkXGo 1 3348616 rodata-bytes
Unit pclntab-bytes assume=exact
BenchmarkXGo 1 0 pclntab-bytes
Unit debug-bytes assume=exact
BenchmarkXGo 1 0 debug-bytes

rm -rf /home/runner/work/benchmarks/benchmarks/.ci/bent-run/gopath/bin
(cd /home/runner/work/benchmarks/benchmarks/.ci/bent-run/build/aws_restjson_v1; LLGO_COMMITTED_AT=2026-09-17T06:42:05+08:00 LLGO_BUILD_GO_VERSION=1.27.0 LLGO_BIN=/home/runner/work/benchmarks/benchmarks/.ci/llgo/llgo BENT_TIMING_LOG=/home/runner/work/benchmarks/benchmarks/.ci/bent-run/download-timings.log GOROOT_1_25_X64=/opt/hostedtoolcache/go/1.25.14/x64 LLGO_MAIN_INDEX=1661 LLGO_COMMIT=f5208c189edef8335ccc1f550854a0a07520f1c8 GO_VERSION=1.26.2 LLGO_REPOSITORY=xgo-dev/llgo GOROOT_1_24_X64=/opt/hostedtoolcache/go/1.24.13/x64 GOROOT_1_26_X64=/opt/hostedtoolcache/go/1.26.8/x64 BENT_REAL_GO=/opt/hostedtoolcache/go/1.26.2/x64/bin/go LLGO_ROOT=/home/runner/work/benchmarks/benchmarks/.ci/llgo LLGO_LTO_PLUGIN=/home/runner/work/benchmarks/benchmarks/.ci/llgo/ltoplugin/build/LLGOLTOPlugin.so GOPATH=/home/runner/work/benchmarks/benchmarks/.ci/bent-run/gopath GOOS=linux GOARCH=amd64 GO111MODULE=auto ROOT=/home/runner/work/benchmarks/benchmarks/.ci/bent-run GOROOT=/opt/hostedtoolcache/go/1.26.2/x64/ BENT_BENCH=aws_restjson BENT_CONFIG=LLGoFullLTOGlobalDCE BENT_I=0 GOCACHE=/home/runner/work/benchmarks/benchmarks/.ci/bent-run/build-cache/runs/cache-2411817898/go-build XDG_CACHE_HOME=/home/runner/work/benchmarks/benchmarks/.ci/bent-run/build-cache/runs/cache-2411817898/xdg LocalAppData=/home/runner/work/benchmarks/benchmarks/.ci/bent-run/build-cache/runs/cache-2411817898/local-app-data /home/runner/work/benchmarks/benchmarks/.ci/llgo/llgo test -c -o /home/runner/work/benchmarks/benchmarks/.ci/bent-run/testbin/aws_restjson_v1_LLGoFullLTOGlobalDCE -lto=full github.com/aws/aws-sdk-go/private/protocol/restjson )
goarch: amd64
toolchain: LLGoFullLTOGlobalDCE
BenchmarkAws_restjson 1 107120456897 build-real-ns/op 143194091000 build-user-ns/op 2256457000 build-sys-ns/op
toolchain: LLGoFullLTOGlobalDCE
( LLGO_COMMITTED_AT=2026-09-17T06:42:05+08:00 LLGO_BUILD_GO_VERSION=1.27.0 LLGO_BIN=/home/runner/work/benchmarks/benchmarks/.ci/llgo/llgo BENT_TIMING_LOG=/home/runner/work/benchmarks/benchmarks/.ci/bent-run/download-timings.log GOROOT_1_25_X64=/opt/hostedtoolcache/go/1.25.14/x64 LLGO_MAIN_INDEX=1661 LLGO_COMMIT=f5208c189edef8335ccc1f550854a0a07520f1c8 GO_VERSION=1.26.2 LLGO_REPOSITORY=xgo-dev/llgo GOROOT_1_24_X64=/opt/hostedtoolcache/go/1.24.13/x64 GOROOT_1_26_X64=/opt/hostedtoolcache/go/1.26.8/x64 BENT_REAL_GO=/opt/hostedtoolcache/go/1.26.2/x64/bin/go LLGO_ROOT=/home/runner/work/benchmarks/benchmarks/.ci/llgo LLGO_LTO_PLUGIN=/home/runner/work/benchmarks/benchmarks/.ci/llgo/ltoplugin/build/LLGOLTOPlugin.so GOPATH=/home/runner/work/benchmarks/benchmarks/.ci/bent-run/gopath GOOS=linux GOARCH=amd64 GO111MODULE=auto ROOT=/home/runner/work/benchmarks/benchmarks/.ci/bent-run GOROOT=/opt/hostedtoolcache/go/1.26.2/x64/ BENT_BENCH=aws_restjson BENT_CONFIG=LLGoFullLTOGlobalDCE BENT_I=0 GOCACHE=/home/runner/work/benchmarks/benchmarks/.ci/bent-run/build-cache/runs/cache-2411817898/go-build XDG_CACHE_HOME=/home/runner/work/benchmarks/benchmarks/.ci/bent-run/build-cache/runs/cache-2411817898/xdg LocalAppData=/home/runner/work/benchmarks/benchmarks/.ci/bent-run/build-cache/runs/cache-2411817898/local-app-data /home/runner/work/benchmarks/benchmarks/.ci/bent-run/benchsize /home/runner/work/benchmarks/benchmarks/.ci/bent-run/testbin/aws_restjson_v1_LLGoFullLTOGlobalDCE Aws_restjson )
goos: linux
goarch: amd64
pkg:
Unit total-bytes assume=exact
BenchmarkAws_restjson 1 10357296 total-bytes
Unit text-bytes assume=exact
BenchmarkAws_restjson 1 3607696 text-bytes
Unit data-bytes assume=exact
BenchmarkAws_restjson 1 4025328 data-bytes
Unit rodata-bytes assume=exact
BenchmarkAws_restjson 1 3803200 rodata-bytes
Unit pclntab-bytes assume=exact
BenchmarkAws_restjson 1 0 pclntab-bytes
Unit debug-bytes assume=exact
BenchmarkAws_restjson 1 0 debug-bytes

rm -rf /home/runner/work/benchmarks/benchmarks/.ci/bent-run/gopath/bin
(cd /home/runner/work/benchmarks/benchmarks/.ci/bent-run/build/iXGo; LLGO_COMMITTED_AT=2026-09-17T06:42:05+08:00 LLGO_BUILD_GO_VERSION=1.27.0 LLGO_BIN=/home/runner/work/benchmarks/benchmarks/.ci/llgo/llgo BENT_TIMING_LOG=/home/runner/work/benchmarks/benchmarks/.ci/bent-run/download-timings.log GOROOT_1_25_X64=/opt/hostedtoolcache/go/1.25.14/x64 LLGO_MAIN_INDEX=1661 LLGO_COMMIT=f5208c189edef8335ccc1f550854a0a07520f1c8 GO_VERSION=1.26.2 LLGO_REPOSITORY=xgo-dev/llgo GOROOT_1_24_X64=/opt/hostedtoolcache/go/1.24.13/x64 GOROOT_1_26_X64=/opt/hostedtoolcache/go/1.26.8/x64 BENT_REAL_GO=/opt/hostedtoolcache/go/1.26.2/x64/bin/go LLGO_ROOT=/home/runner/work/benchmarks/benchmarks/.ci/llgo LLGO_LTO_PLUGIN=/home/runner/work/benchmarks/benchmarks/.ci/llgo/ltoplugin/build/LLGOLTOPlugin.so GOPATH=/home/runner/work/benchmarks/benchmarks/.ci/bent-run/gopath GOOS=linux GOARCH=amd64 GO111MODULE=auto ROOT=/home/runner/work/benchmarks/benchmarks/.ci/bent-run GOROOT=/opt/hostedtoolcache/go/1.26.2/x64/ BENT_BENCH=iXGo BENT_CONFIG=LLGoFullLTONoGlobalDCE BENT_I=0 GOCACHE=/home/runner/work/benchmarks/benchmarks/.ci/bent-run/build-cache/runs/cache-3025884930/go-build XDG_CACHE_HOME=/home/runner/work/benchmarks/benchmarks/.ci/bent-run/build-cache/runs/cache-3025884930/xdg LocalAppData=/home/runner/work/benchmarks/benchmarks/.ci/bent-run/build-cache/runs/cache-3025884930/local-app-data /home/runner/work/benchmarks/benchmarks/.ci/llgo/llgo build -o /home/runner/work/benchmarks/benchmarks/.ci/bent-run/testbin/iXGo_LLGoFullLTONoGlobalDCE -lto=full -globaldce=false github.com/goplus/ixgo/cmd/ixgo )
goarch: amd64
toolchain: LLGoFullLTONoGlobalDCE
BenchmarkIXGo 1 273554349220 build-real-ns/op 509515545000 build-user-ns/op 11363256000 build-sys-ns/op
toolchain: LLGoFullLTONoGlobalDCE
( LLGO_COMMITTED_AT=2026-09-17T06:42:05+08:00 LLGO_BUILD_GO_VERSION=1.27.0 LLGO_BIN=/home/runner/work/benchmarks/benchmarks/.ci/llgo/llgo BENT_TIMING_LOG=/home/runner/work/benchmarks/benchmarks/.ci/bent-run/download-timings.log GOROOT_1_25_X64=/opt/hostedtoolcache/go/1.25.14/x64 LLGO_MAIN_INDEX=1661 LLGO_COMMIT=f5208c189edef8335ccc1f550854a0a07520f1c8 GO_VERSION=1.26.2 LLGO_REPOSITORY=xgo-dev/llgo GOROOT_1_24_X64=/opt/hostedtoolcache/go/1.24.13/x64 GOROOT_1_26_X64=/opt/hostedtoolcache/go/1.26.8/x64 BENT_REAL_GO=/opt/hostedtoolcache/go/1.26.2/x64/bin/go LLGO_ROOT=/home/runner/work/benchmarks/benchmarks/.ci/llgo LLGO_LTO_PLUGIN=/home/runner/work/benchmarks/benchmarks/.ci/llgo/ltoplugin/build/LLGOLTOPlugin.so GOPATH=/home/runner/work/benchmarks/benchmarks/.ci/bent-run/gopath GOOS=linux GOARCH=amd64 GO111MODULE=auto ROOT=/home/runner/work/benchmarks/benchmarks/.ci/bent-run GOROOT=/opt/hostedtoolcache/go/1.26.2/x64/ BENT_BENCH=iXGo BENT_CONFIG=LLGoFullLTONoGlobalDCE BENT_I=0 GOCACHE=/home/runner/work/benchmarks/benchmarks/.ci/bent-run/build-cache/runs/cache-3025884930/go-build XDG_CACHE_HOME=/home/runner/work/benchmarks/benchmarks/.ci/bent-run/build-cache/runs/cache-3025884930/xdg LocalAppData=/home/runner/work/benchmarks/benchmarks/.ci/bent-run/build-cache/runs/cache-3025884930/local-app-data /home/runner/work/benchmarks/benchmarks/.ci/bent-run/benchsize /home/runner/work/benchmarks/benchmarks/.ci/bent-run/testbin/iXGo_LLGoFullLTONoGlobalDCE IXGo )
goos: linux
goarch: amd64
pkg:
Unit total-bytes assume=exact
BenchmarkIXGo 1 30173776 total-bytes
Unit text-bytes assume=exact
BenchmarkIXGo 1 10577756 text-bytes
Unit data-bytes assume=exact
BenchmarkIXGo 1 10165528 data-bytes
Unit rodata-bytes assume=exact
BenchmarkIXGo 1 9106624 rodata-bytes
Unit pclntab-bytes assume=exact
BenchmarkIXGo 1 0 pclntab-bytes
Unit debug-bytes assume=exact
BenchmarkIXGo 1 0 debug-bytes

rm -rf /home/runner/work/benchmarks/benchmarks/.ci/bent-run/gopath/bin
(cd /home/runner/work/benchmarks/benchmarks/.ci/bent-run/build/k8s_workqueue; LLGO_COMMITTED_AT=2026-09-17T06:42:05+08:00 LLGO_BUILD_GO_VERSION=1.27.0 LLGO_BIN=/home/runner/work/benchmarks/benchmarks/.ci/llgo/llgo BENT_TIMING_LOG=/home/runner/work/benchmarks/benchmarks/.ci/bent-run/download-timings.log GOROOT_1_25_X64=/opt/hostedtoolcache/go/1.25.14/x64 LLGO_MAIN_INDEX=1661 LLGO_COMMIT=f5208c189edef8335ccc1f550854a0a07520f1c8 GO_VERSION=1.26.2 LLGO_REPOSITORY=xgo-dev/llgo GOROOT_1_24_X64=/opt/hostedtoolcache/go/1.24.13/x64 GOROOT_1_26_X64=/opt/hostedtoolcache/go/1.26.8/x64 BENT_REAL_GO=/opt/hostedtoolcache/go/1.26.2/x64/bin/go LLGO_ROOT=/home/runner/work/benchmarks/benchmarks/.ci/llgo LLGO_LTO_PLUGIN=/home/runner/work/benchmarks/benchmarks/.ci/llgo/ltoplugin/build/LLGOLTOPlugin.so GOPATH=/home/runner/work/benchmarks/benchmarks/.ci/bent-run/gopath GOOS=linux GOARCH=amd64 GO111MODULE=auto ROOT=/home/runner/work/benchmarks/benchmarks/.ci/bent-run GOROOT=/opt/hostedtoolcache/go/1.26.2/x64/ BENT_BENCH=k8s_workqueue BENT_CONFIG=LLGoFullLTONoGlobalDCE BENT_I=0 GOCACHE=/home/runner/work/benchmarks/benchmarks/.ci/bent-run/build-cache/runs/cache-1070856018/go-build XDG_CACHE_HOME=/home/runner/work/benchmarks/benchmarks/.ci/bent-run/build-cache/runs/cache-1070856018/xdg LocalAppData=/home/runner/work/benchmarks/benchmarks/.ci/bent-run/build-cache/runs/cache-1070856018/local-app-data /home/runner/work/benchmarks/benchmarks/.ci/llgo/llgo test -c -o /home/runner/work/benchmarks/benchmarks/.ci/bent-run/testbin/k8s_workqueue_LLGoFullLTONoGlobalDCE -lto=full -globaldce=false k8s.io/client-go/util/workqueue )
goarch: amd64
toolchain: LLGoFullLTONoGlobalDCE
BenchmarkK8s_workqueue 1 80530213796 build-real-ns/op 101414902000 build-user-ns/op 1876941000 build-sys-ns/op
toolchain: LLGoFullLTONoGlobalDCE
( LLGO_COMMITTED_AT=2026-09-17T06:42:05+08:00 LLGO_BUILD_GO_VERSION=1.27.0 LLGO_BIN=/home/runner/work/benchmarks/benchmarks/.ci/llgo/llgo BENT_TIMING_LOG=/home/runner/work/benchmarks/benchmarks/.ci/bent-run/download-timings.log GOROOT_1_25_X64=/opt/hostedtoolcache/go/1.25.14/x64 LLGO_MAIN_INDEX=1661 LLGO_COMMIT=f5208c189edef8335ccc1f550854a0a07520f1c8 GO_VERSION=1.26.2 LLGO_REPOSITORY=xgo-dev/llgo GOROOT_1_24_X64=/opt/hostedtoolcache/go/1.24.13/x64 GOROOT_1_26_X64=/opt/hostedtoolcache/go/1.26.8/x64 BENT_REAL_GO=/opt/hostedtoolcache/go/1.26.2/x64/bin/go LLGO_ROOT=/home/runner/work/benchmarks/benchmarks/.ci/llgo LLGO_LTO_PLUGIN=/home/runner/work/benchmarks/benchmarks/.ci/llgo/ltoplugin/build/LLGOLTOPlugin.so GOPATH=/home/runner/work/benchmarks/benchmarks/.ci/bent-run/gopath GOOS=linux GOARCH=amd64 GO111MODULE=auto ROOT=/home/runner/work/benchmarks/benchmarks/.ci/bent-run GOROOT=/opt/hostedtoolcache/go/1.26.2/x64/ BENT_BENCH=k8s_workqueue BENT_CONFIG=LLGoFullLTONoGlobalDCE BENT_I=0 GOCACHE=/home/runner/work/benchmarks/benchmarks/.ci/bent-run/build-cache/runs/cache-1070856018/go-build XDG_CACHE_HOME=/home/runner/work/benchmarks/benchmarks/.ci/bent-run/build-cache/runs/cache-1070856018/xdg LocalAppData=/home/runner/work/benchmarks/benchmarks/.ci/bent-run/build-cache/runs/cache-1070856018/local-app-data /home/runner/work/benchmarks/benchmarks/.ci/bent-run/benchsize /home/runner/work/benchmarks/benchmarks/.ci/bent-run/testbin/k8s_workqueue_LLGoFullLTONoGlobalDCE K8s_workqueue )
goos: linux
goarch: amd64
pkg:
Unit total-bytes assume=exact
BenchmarkK8s_workqueue 1 10893272 total-bytes
Unit text-bytes assume=exact
BenchmarkK8s_workqueue 1 3932865 text-bytes
Unit data-bytes assume=exact
BenchmarkK8s_workqueue 1 3702792 data-bytes
Unit rodata-bytes assume=exact
BenchmarkK8s_workqueue 1 3484192 rodata-bytes
Unit pclntab-bytes assume=exact
BenchmarkK8s_workqueue 1 0 pclntab-bytes
Unit debug-bytes assume=exact
BenchmarkK8s_workqueue 1 0 debug-bytes

rm -rf /home/runner/work/benchmarks/benchmarks/.ci/bent-run/gopath/bin
(cd /home/runner/work/benchmarks/benchmarks/.ci/bent-run/build/XGo; LLGO_COMMITTED_AT=2026-09-17T06:42:05+08:00 LLGO_BUILD_GO_VERSION=1.27.0 LLGO_BIN=/home/runner/work/benchmarks/benchmarks/.ci/llgo/llgo BENT_TIMING_LOG=/home/runner/work/benchmarks/benchmarks/.ci/bent-run/download-timings.log GOROOT_1_25_X64=/opt/hostedtoolcache/go/1.25.14/x64 LLGO_MAIN_INDEX=1661 LLGO_COMMIT=f5208c189edef8335ccc1f550854a0a07520f1c8 GO_VERSION=1.26.2 LLGO_REPOSITORY=xgo-dev/llgo GOROOT_1_24_X64=/opt/hostedtoolcache/go/1.24.13/x64 GOROOT_1_26_X64=/opt/hostedtoolcache/go/1.26.8/x64 BENT_REAL_GO=/opt/hostedtoolcache/go/1.26.2/x64/bin/go LLGO_ROOT=/home/runner/work/benchmarks/benchmarks/.ci/llgo LLGO_LTO_PLUGIN=/home/runner/work/benchmarks/benchmarks/.ci/llgo/ltoplugin/build/LLGOLTOPlugin.so GOPATH=/home/runner/work/benchmarks/benchmarks/.ci/bent-run/gopath GOOS=linux GOARCH=amd64 GO111MODULE=auto ROOT=/home/runner/work/benchmarks/benchmarks/.ci/bent-run GOROOT=/home/runner/work/benchmarks/benchmarks/.ci/bent-run/goroots/Go BENT_BENCH=XGo BENT_CONFIG=Go BENT_I=0 GOCACHE=/home/runner/work/benchmarks/benchmarks/.ci/bent-run/build-cache/runs/cache-2084376656/go-build XDG_CACHE_HOME=/home/runner/work/benchmarks/benchmarks/.ci/bent-run/build-cache/runs/cache-2084376656/xdg LocalAppData=/home/runner/work/benchmarks/benchmarks/.ci/bent-run/build-cache/runs/cache-2084376656/local-app-data /home/runner/work/benchmarks/benchmarks/.ci/bent-run/goroots/Go/bin/go build -o /home/runner/work/benchmarks/benchmarks/.ci/bent-run/testbin/XGo_Go github.com/goplus/xgo/cmd/xgo )
goarch: amd64
toolchain: Go
BenchmarkXGo 1 6251909088 build-real-ns/op 18174020000 build-user-ns/op 1497037000 build-sys-ns/op
toolchain: Go
( LLGO_COMMITTED_AT=2026-09-17T06:42:05+08:00 LLGO_BUILD_GO_VERSION=1.27.0 LLGO_BIN=/home/runner/work/benchmarks/benchmarks/.ci/llgo/llgo BENT_TIMING_LOG=/home/runner/work/benchmarks/benchmarks/.ci/bent-run/download-timings.log GOROOT_1_25_X64=/opt/hostedtoolcache/go/1.25.14/x64 LLGO_MAIN_INDEX=1661 LLGO_COMMIT=f5208c189edef8335ccc1f550854a0a07520f1c8 GO_VERSION=1.26.2 LLGO_REPOSITORY=xgo-dev/llgo GOROOT_1_24_X64=/opt/hostedtoolcache/go/1.24.13/x64 GOROOT_1_26_X64=/opt/hostedtoolcache/go/1.26.8/x64 BENT_REAL_GO=/opt/hostedtoolcache/go/1.26.2/x64/bin/go LLGO_ROOT=/home/runner/work/benchmarks/benchmarks/.ci/llgo LLGO_LTO_PLUGIN=/home/runner/work/benchmarks/benchmarks/.ci/llgo/ltoplugin/build/LLGOLTOPlugin.so GOPATH=/home/runner/work/benchmarks/benchmarks/.ci/bent-run/gopath GOOS=linux GOARCH=amd64 GO111MODULE=auto ROOT=/home/runner/work/benchmarks/benchmarks/.ci/bent-run GOROOT=/home/runner/work/benchmarks/benchmarks/.ci/bent-run/goroots/Go BENT_BENCH=XGo BENT_CONFIG=Go BENT_I=0 GOCACHE=/home/runner/work/benchmarks/benchmarks/.ci/bent-run/build-cache/runs/cache-2084376656/go-build XDG_CACHE_HOME=/home/runner/work/benchmarks/benchmarks/.ci/bent-run/build-cache/runs/cache-2084376656/xdg LocalAppData=/home/runner/work/benchmarks/benchmarks/.ci/bent-run/build-cache/runs/cache-2084376656/local-app-data /home/runner/work/benchmarks/benchmarks/.ci/bent-run/benchsize /home/runner/work/benchmarks/benchmarks/.ci/bent-run/testbin/XGo_Go XGo )
goos: linux
goarch: amd64
pkg:
Unit total-bytes assume=exact
BenchmarkXGo 1 18662581 total-bytes
Unit text-bytes assume=exact
BenchmarkXGo 1 6216337 text-bytes
Unit data-bytes assume=exact
BenchmarkXGo 1 2077932 data-bytes
Unit rodata-bytes assume=exact
BenchmarkXGo 1 1655417 rodata-bytes
Unit pclntab-bytes assume=exact
BenchmarkXGo 1 4599299 pclntab-bytes
Unit debug-bytes assume=exact
BenchmarkXGo 1 4165037 debug-bytes

rm -rf /home/runner/work/benchmarks/benchmarks/.ci/bent-run/gopath/bin
(cd /home/runner/work/benchmarks/benchmarks/.ci/bent-run/build/dustin_humanize; LLGO_COMMITTED_AT=2026-09-17T06:42:05+08:00 LLGO_BUILD_GO_VERSION=1.27.0 LLGO_BIN=/home/runner/work/benchmarks/benchmarks/.ci/llgo/llgo BENT_TIMING_LOG=/home/runner/work/benchmarks/benchmarks/.ci/bent-run/download-timings.log GOROOT_1_25_X64=/opt/hostedtoolcache/go/1.25.14/x64 LLGO_MAIN_INDEX=1661 LLGO_COMMIT=f5208c189edef8335ccc1f550854a0a07520f1c8 GO_VERSION=1.26.2 LLGO_REPOSITORY=xgo-dev/llgo GOROOT_1_24_X64=/opt/hostedtoolcache/go/1.24.13/x64 GOROOT_1_26_X64=/opt/hostedtoolcache/go/1.26.8/x64 BENT_REAL_GO=/opt/hostedtoolcache/go/1.26.2/x64/bin/go LLGO_ROOT=/home/runner/work/benchmarks/benchmarks/.ci/llgo LLGO_LTO_PLUGIN=/home/runner/work/benchmarks/benchmarks/.ci/llgo/ltoplugin/build/LLGOLTOPlugin.so GOPATH=/home/runner/work/benchmarks/benchmarks/.ci/bent-run/gopath GOOS=linux GOARCH=amd64 GO111MODULE=auto ROOT=/home/runner/work/benchmarks/benchmarks/.ci/bent-run GOROOT=/opt/hostedtoolcache/go/1.26.2/x64/ BENT_BENCH=dustin_humanize BENT_CONFIG=LLGoFullLTOGlobalDCE BENT_I=0 GOCACHE=/home/runner/work/benchmarks/benchmarks/.ci/bent-run/build-cache/runs/cache-3864543380/go-build XDG_CACHE_HOME=/home/runner/work/benchmarks/benchmarks/.ci/bent-run/build-cache/runs/cache-3864543380/xdg LocalAppData=/home/runner/work/benchmarks/benchmarks/.ci/bent-run/build-cache/runs/cache-3864543380/local-app-data /home/runner/work/benchmarks/benchmarks/.ci/llgo/llgo test -c -o /home/runner/work/benchmarks/benchmarks/.ci/bent-run/testbin/dustin_humanize_LLGoFullLTOGlobalDCE -lto=full github.com/dustin/go-humanize )
goarch: amd64
toolchain: LLGoFullLTOGlobalDCE
BenchmarkDustin_humanize 1 17934607408 build-real-ns/op 24589786000 build-user-ns/op 872236000 build-sys-ns/op
toolchain: LLGoFullLTOGlobalDCE
( LLGO_COMMITTED_AT=2026-09-17T06:42:05+08:00 LLGO_BUILD_GO_VERSION=1.27.0 LLGO_BIN=/home/runner/work/benchmarks/benchmarks/.ci/llgo/llgo BENT_TIMING_LOG=/home/runner/work/benchmarks/benchmarks/.ci/bent-run/download-timings.log GOROOT_1_25_X64=/opt/hostedtoolcache/go/1.25.14/x64 LLGO_MAIN_INDEX=1661 LLGO_COMMIT=f5208c189edef8335ccc1f550854a0a07520f1c8 GO_VERSION=1.26.2 LLGO_REPOSITORY=xgo-dev/llgo GOROOT_1_24_X64=/opt/hostedtoolcache/go/1.24.13/x64 GOROOT_1_26_X64=/opt/hostedtoolcache/go/1.26.8/x64 BENT_REAL_GO=/opt/hostedtoolcache/go/1.26.2/x64/bin/go LLGO_ROOT=/home/runner/work/benchmarks/benchmarks/.ci/llgo LLGO_LTO_PLUGIN=/home/runner/work/benchmarks/benchmarks/.ci/llgo/ltoplugin/build/LLGOLTOPlugin.so GOPATH=/home/runner/work/benchmarks/benchmarks/.ci/bent-run/gopath GOOS=linux GOARCH=amd64 GO111MODULE=auto ROOT=/home/runner/work/benchmarks/benchmarks/.ci/bent-run GOROOT=/opt/hostedtoolcache/go/1.26.2/x64/ BENT_BENCH=dustin_humanize BENT_CONFIG=LLGoFullLTOGlobalDCE BENT_I=0 GOCACHE=/home/runner/work/benchmarks/benchmarks/.ci/bent-run/build-cache/runs/cache-3864543380/go-build XDG_CACHE_HOME=/home/runner/work/benchmarks/benchmarks/.ci/bent-run/build-cache/runs/cache-3864543380/xdg LocalAppData=/home/runner/work/benchmarks/benchmarks/.ci/bent-run/build-cache/runs/cache-3864543380/local-app-data /home/runner/work/benchmarks/benchmarks/.ci/bent-run/benchsize /home/runner/work/benchmarks/benchmarks/.ci/bent-run/testbin/dustin_humanize_LLGoFullLTOGlobalDCE Dustin_humanize )
goos: linux
goarch: amd64
pkg:
Unit total-bytes assume=exact
BenchmarkDustin_humanize 1 3290696 total-bytes
Unit text-bytes assume=exact
BenchmarkDustin_humanize 1 940704 text-bytes
Unit data-bytes assume=exact
BenchmarkDustin_humanize 1 1503360 data-bytes
Unit rodata-bytes assume=exact
BenchmarkDustin_humanize 1 1415208 rodata-bytes
Unit pclntab-bytes assume=exact
BenchmarkDustin_humanize 1 0 pclntab-bytes
Unit debug-bytes assume=exact
BenchmarkDustin_humanize 1 0 debug-bytes

rm -rf /home/runner/work/benchmarks/benchmarks/.ci/bent-run/gopath/bin
(cd /home/runner/work/benchmarks/benchmarks/.ci/bent-run/build/gorm_schema; LLGO_COMMITTED_AT=2026-09-17T06:42:05+08:00 LLGO_BUILD_GO_VERSION=1.27.0 LLGO_BIN=/home/runner/work/benchmarks/benchmarks/.ci/llgo/llgo BENT_TIMING_LOG=/home/runner/work/benchmarks/benchmarks/.ci/bent-run/download-timings.log GOROOT_1_25_X64=/opt/hostedtoolcache/go/1.25.14/x64 LLGO_MAIN_INDEX=1661 LLGO_COMMIT=f5208c189edef8335ccc1f550854a0a07520f1c8 GO_VERSION=1.26.2 LLGO_REPOSITORY=xgo-dev/llgo GOROOT_1_24_X64=/opt/hostedtoolcache/go/1.24.13/x64 GOROOT_1_26_X64=/opt/hostedtoolcache/go/1.26.8/x64 BENT_REAL_GO=/opt/hostedtoolcache/go/1.26.2/x64/bin/go LLGO_ROOT=/home/runner/work/benchmarks/benchmarks/.ci/llgo LLGO_LTO_PLUGIN=/home/runner/work/benchmarks/benchmarks/.ci/llgo/ltoplugin/build/LLGOLTOPlugin.so GOPATH=/home/runner/work/benchmarks/benchmarks/.ci/bent-run/gopath GOOS=linux GOARCH=amd64 GO111MODULE=auto ROOT=/home/runner/work/benchmarks/benchmarks/.ci/bent-run GOROOT=/opt/hostedtoolcache/go/1.26.2/x64/ BENT_BENCH=gorm_schema BENT_CONFIG=LLGoDeadcodeDrop BENT_I=0 GOCACHE=/home/runner/work/benchmarks/benchmarks/.ci/bent-run/build-cache/runs/cache-2499849813/go-build XDG_CACHE_HOME=/home/runner/work/benchmarks/benchmarks/.ci/bent-run/build-cache/runs/cache-2499849813/xdg LocalAppData=/home/runner/work/benchmarks/benchmarks/.ci/bent-run/build-cache/runs/cache-2499849813/local-app-data /home/runner/work/benchmarks/benchmarks/.ci/llgo/llgo test -c -o /home/runner/work/benchmarks/benchmarks/.ci/bent-run/testbin/gorm_schema_LLGoDeadcodeDrop -deadcodedrop gorm.io/gorm/schema )
goarch: amd64
toolchain: LLGoDeadcodeDrop
BenchmarkGorm_schema 1 13658689500 build-real-ns/op 39318284000 build-user-ns/op 1225878000 build-sys-ns/op
toolchain: LLGoDeadcodeDrop
( LLGO_COMMITTED_AT=2026-09-17T06:42:05+08:00 LLGO_BUILD_GO_VERSION=1.27.0 LLGO_BIN=/home/runner/work/benchmarks/benchmarks/.ci/llgo/llgo BENT_TIMING_LOG=/home/runner/work/benchmarks/benchmarks/.ci/bent-run/download-timings.log GOROOT_1_25_X64=/opt/hostedtoolcache/go/1.25.14/x64 LLGO_MAIN_INDEX=1661 LLGO_COMMIT=f5208c189edef8335ccc1f550854a0a07520f1c8 GO_VERSION=1.26.2 LLGO_REPOSITORY=xgo-dev/llgo GOROOT_1_24_X64=/opt/hostedtoolcache/go/1.24.13/x64 GOROOT_1_26_X64=/opt/hostedtoolcache/go/1.26.8/x64 BENT_REAL_GO=/opt/hostedtoolcache/go/1.26.2/x64/bin/go LLGO_ROOT=/home/runner/work/benchmarks/benchmarks/.ci/llgo LLGO_LTO_PLUGIN=/home/runner/work/benchmarks/benchmarks/.ci/llgo/ltoplugin/build/LLGOLTOPlugin.so GOPATH=/home/runner/work/benchmarks/benchmarks/.ci/bent-run/gopath GOOS=linux GOARCH=amd64 GO111MODULE=auto ROOT=/home/runner/work/benchmarks/benchmarks/.ci/bent-run GOROOT=/opt/hostedtoolcache/go/1.26.2/x64/ BENT_BENCH=gorm_schema BENT_CONFIG=LLGoDeadcodeDrop BENT_I=0 GOCACHE=/home/runner/work/benchmarks/benchmarks/.ci/bent-run/build-cache/runs/cache-2499849813/go-build XDG_CACHE_HOME=/home/runner/work/benchmarks/benchmarks/.ci/bent-run/build-cache/runs/cache-2499849813/xdg LocalAppData=/home/runner/work/benchmarks/benchmarks/.ci/bent-run/build-cache/runs/cache-2499849813/local-app-data /home/runner/work/benchmarks/benchmarks/.ci/bent-run/benchsize /home/runner/work/benchmarks/benchmarks/.ci/bent-run/testbin/gorm_schema_LLGoDeadcodeDrop Gorm_schema )
goos: linux
goarch: amd64
pkg:
Unit total-bytes assume=exact
BenchmarkGorm_schema 1 6474648 total-bytes
Unit text-bytes assume=exact
BenchmarkGorm_schema 1 2136663 text-bytes
Unit data-bytes assume=exact
BenchmarkGorm_schema 1 2418376 data-bytes
Unit rodata-bytes assume=exact
BenchmarkGorm_schema 1 1348320 rodata-bytes
Unit pclntab-bytes assume=exact
BenchmarkGorm_schema 1 0 pclntab-bytes
Unit debug-bytes assume=exact
BenchmarkGorm_schema 1 0 debug-bytes

rm -rf /home/runner/work/benchmarks/benchmarks/.ci/bent-run/gopath/bin
(cd /home/runner/work/benchmarks/benchmarks/.ci/bent-run/build/etcdctl; LLGO_COMMITTED_AT=2026-09-17T06:42:05+08:00 LLGO_BUILD_GO_VERSION=1.27.0 LLGO_BIN=/home/runner/work/benchmarks/benchmarks/.ci/llgo/llgo BENT_TIMING_LOG=/home/runner/work/benchmarks/benchmarks/.ci/bent-run/download-timings.log GOROOT_1_25_X64=/opt/hostedtoolcache/go/1.25.14/x64 LLGO_MAIN_INDEX=1661 LLGO_COMMIT=f5208c189edef8335ccc1f550854a0a07520f1c8 GO_VERSION=1.26.2 LLGO_REPOSITORY=xgo-dev/llgo GOROOT_1_24_X64=/opt/hostedtoolcache/go/1.24.13/x64 GOROOT_1_26_X64=/opt/hostedtoolcache/go/1.26.8/x64 BENT_REAL_GO=/opt/hostedtoolcache/go/1.26.2/x64/bin/go LLGO_ROOT=/home/runner/work/benchmarks/benchmarks/.ci/llgo LLGO_LTO_PLUGIN=/home/runner/work/benchmarks/benchmarks/.ci/llgo/ltoplugin/build/LLGOLTOPlugin.so GOPATH=/home/runner/work/benchmarks/benchmarks/.ci/bent-run/gopath GOOS=linux GOARCH=amd64 GO111MODULE=auto ROOT=/home/runner/work/benchmarks/benchmarks/.ci/bent-run GOROOT=/opt/hostedtoolcache/go/1.26.2/x64/ BENT_BENCH=etcdctl BENT_CONFIG=LLGoDeadcodeDrop BENT_I=0 GOCACHE=/home/runner/work/benchmarks/benchmarks/.ci/bent-run/build-cache/runs/cache-1612080570/go-build XDG_CACHE_HOME=/home/runner/work/benchmarks/benchmarks/.ci/bent-run/build-cache/runs/cache-1612080570/xdg LocalAppData=/home/runner/work/benchmarks/benchmarks/.ci/bent-run/build-cache/runs/cache-1612080570/local-app-data /home/runner/work/benchmarks/benchmarks/.ci/llgo/llgo build -o /home/runner/work/benchmarks/benchmarks/.ci/bent-run/testbin/etcdctl_LLGoDeadcodeDrop -deadcodedrop go.etcd.io/etcd/etcdctl/v3 )
goarch: amd64
toolchain: LLGoDeadcodeDrop
BenchmarkEtcdctl 1 72715435396 build-real-ns/op 219855679000 build-user-ns/op 4365938000 build-sys-ns/op
toolchain: LLGoDeadcodeDrop
( LLGO_COMMITTED_AT=2026-09-17T06:42:05+08:00 LLGO_BUILD_GO_VERSION=1.27.0 LLGO_BIN=/home/runner/work/benchmarks/benchmarks/.ci/llgo/llgo BENT_TIMING_LOG=/home/runner/work/benchmarks/benchmarks/.ci/bent-run/download-timings.log GOROOT_1_25_X64=/opt/hostedtoolcache/go/1.25.14/x64 LLGO_MAIN_INDEX=1661 LLGO_COMMIT=f5208c189edef8335ccc1f550854a0a07520f1c8 GO_VERSION=1.26.2 LLGO_REPOSITORY=xgo-dev/llgo GOROOT_1_24_X64=/opt/hostedtoolcache/go/1.24.13/x64 GOROOT_1_26_X64=/opt/hostedtoolcache/go/1.26.8/x64 BENT_REAL_GO=/opt/hostedtoolcache/go/1.26.2/x64/bin/go LLGO_ROOT=/home/runner/work/benchmarks/benchmarks/.ci/llgo LLGO_LTO_PLUGIN=/home/runner/work/benchmarks/benchmarks/.ci/llgo/ltoplugin/build/LLGOLTOPlugin.so GOPATH=/home/runner/work/benchmarks/benchmarks/.ci/bent-run/gopath GOOS=linux GOARCH=amd64 GO111MODULE=auto ROOT=/home/runner/work/benchmarks/benchmarks/.ci/bent-run GOROOT=/opt/hostedtoolcache/go/1.26.2/x64/ BENT_BENCH=etcdctl BENT_CONFIG=LLGoDeadcodeDrop BENT_I=0 GOCACHE=/home/runner/work/benchmarks/benchmarks/.ci/bent-run/build-cache/runs/cache-1612080570/go-build XDG_CACHE_HOME=/home/runner/work/benchmarks/benchmarks/.ci/bent-run/build-cache/runs/cache-1612080570/xdg LocalAppData=/home/runner/work/benchmarks/benchmarks/.ci/bent-run/build-cache/runs/cache-1612080570/local-app-data /home/runner/work/benchmarks/benchmarks/.ci/bent-run/benchsize /home/runner/work/benchmarks/benchmarks/.ci/bent-run/testbin/etcdctl_LLGoDeadcodeDrop Etcdctl )
goos: linux
goarch: amd64
pkg:
Unit total-bytes assume=exact
BenchmarkEtcdctl 1 20542640 total-bytes
Unit text-bytes assume=exact
BenchmarkEtcdctl 1 6753306 text-bytes
Unit data-bytes assume=exact
BenchmarkEtcdctl 1 7646688 data-bytes
Unit rodata-bytes assume=exact
BenchmarkEtcdctl 1 4102424 rodata-bytes
Unit pclntab-bytes assume=exact
BenchmarkEtcdctl 1 0 pclntab-bytes
Unit debug-bytes assume=exact
BenchmarkEtcdctl 1 0 debug-bytes

rm -rf /home/runner/work/benchmarks/benchmarks/.ci/bent-run/gopath/bin
(cd /home/runner/work/benchmarks/benchmarks/.ci/bent-run/build/gorm_schema; LLGO_COMMITTED_AT=2026-09-17T06:42:05+08:00 LLGO_BUILD_GO_VERSION=1.27.0 LLGO_BIN=/home/runner/work/benchmarks/benchmarks/.ci/llgo/llgo BENT_TIMING_LOG=/home/runner/work/benchmarks/benchmarks/.ci/bent-run/download-timings.log GOROOT_1_25_X64=/opt/hostedtoolcache/go/1.25.14/x64 LLGO_MAIN_INDEX=1661 LLGO_COMMIT=f5208c189edef8335ccc1f550854a0a07520f1c8 GO_VERSION=1.26.2 LLGO_REPOSITORY=xgo-dev/llgo GOROOT_1_24_X64=/opt/hostedtoolcache/go/1.24.13/x64 GOROOT_1_26_X64=/opt/hostedtoolcache/go/1.26.8/x64 BENT_REAL_GO=/opt/hostedtoolcache/go/1.26.2/x64/bin/go LLGO_ROOT=/home/runner/work/benchmarks/benchmarks/.ci/llgo LLGO_LTO_PLUGIN=/home/runner/work/benchmarks/benchmarks/.ci/llgo/ltoplugin/build/LLGOLTOPlugin.so GOPATH=/home/runner/work/benchmarks/benchmarks/.ci/bent-run/gopath GOOS=linux GOARCH=amd64 GO111MODULE=auto ROOT=/home/runner/work/benchmarks/benchmarks/.ci/bent-run GOROOT=/home/runner/work/benchmarks/benchmarks/.ci/bent-run/goroots/Go BENT_BENCH=gorm_schema BENT_CONFIG=Go BENT_I=0 GOCACHE=/home/runner/work/benchmarks/benchmarks/.ci/bent-run/build-cache/runs/cache-2007848687/go-build XDG_CACHE_HOME=/home/runner/work/benchmarks/benchmarks/.ci/bent-run/build-cache/runs/cache-2007848687/xdg LocalAppData=/home/runner/work/benchmarks/benchmarks/.ci/bent-run/build-cache/runs/cache-2007848687/local-app-data /home/runner/work/benchmarks/benchmarks/.ci/bent-run/goroots/Go/bin/go test -vet=off -c -o /home/runner/work/benchmarks/benchmarks/.ci/bent-run/testbin/gorm_schema_Go gorm.io/gorm/schema )
goarch: amd64
toolchain: Go
BenchmarkGorm_schema 1 2224262413 build-real-ns/op 5366576000 build-user-ns/op 427350000 build-sys-ns/op
toolchain: Go
( LLGO_COMMITTED_AT=2026-09-17T06:42:05+08:00 LLGO_BUILD_GO_VERSION=1.27.0 LLGO_BIN=/home/runner/work/benchmarks/benchmarks/.ci/llgo/llgo BENT_TIMING_LOG=/home/runner/work/benchmarks/benchmarks/.ci/bent-run/download-timings.log GOROOT_1_25_X64=/opt/hostedtoolcache/go/1.25.14/x64 LLGO_MAIN_INDEX=1661 LLGO_COMMIT=f5208c189edef8335ccc1f550854a0a07520f1c8 GO_VERSION=1.26.2 LLGO_REPOSITORY=xgo-dev/llgo GOROOT_1_24_X64=/opt/hostedtoolcache/go/1.24.13/x64 GOROOT_1_26_X64=/opt/hostedtoolcache/go/1.26.8/x64 BENT_REAL_GO=/opt/hostedtoolcache/go/1.26.2/x64/bin/go LLGO_ROOT=/home/runner/work/benchmarks/benchmarks/.ci/llgo LLGO_LTO_PLUGIN=/home/runner/work/benchmarks/benchmarks/.ci/llgo/ltoplugin/build/LLGOLTOPlugin.so GOPATH=/home/runner/work/benchmarks/benchmarks/.ci/bent-run/gopath GOOS=linux GOARCH=amd64 GO111MODULE=auto ROOT=/home/runner/work/benchmarks/benchmarks/.ci/bent-run GOROOT=/home/runner/work/benchmarks/benchmarks/.ci/bent-run/goroots/Go BENT_BENCH=gorm_schema BENT_CONFIG=Go BENT_I=0 GOCACHE=/home/runner/work/benchmarks/benchmarks/.ci/bent-run/build-cache/runs/cache-2007848687/go-build XDG_CACHE_HOME=/home/runner/work/benchmarks/benchmarks/.ci/bent-run/build-cache/runs/cache-2007848687/xdg LocalAppData=/home/runner/work/benchmarks/benchmarks/.ci/bent-run/build-cache/runs/cache-2007848687/local-app-data /home/runner/work/benchmarks/benchmarks/.ci/bent-run/benchsize /home/runner/work/benchmarks/benchmarks/.ci/bent-run/testbin/gorm_schema_Go Gorm_schema )
goos: linux
goarch: amd64
pkg:
Unit total-bytes assume=exact
BenchmarkGorm_schema 1 9421683 total-bytes
Unit text-bytes assume=exact
BenchmarkGorm_schema 1 3020785 text-bytes
Unit data-bytes assume=exact
BenchmarkGorm_schema 1 1135284 data-bytes
Unit rodata-bytes assume=exact
BenchmarkGorm_schema 1 883937 rodata-bytes
Unit pclntab-bytes assume=exact
BenchmarkGorm_schema 1 2425080 pclntab-bytes
Unit debug-bytes assume=exact
BenchmarkGorm_schema 1 2007428 debug-bytes

rm -rf /home/runner/work/benchmarks/benchmarks/.ci/bent-run/gopath/bin
(cd /home/runner/work/benchmarks/benchmarks/.ci/bent-run/build/k8s_workqueue; LLGO_COMMITTED_AT=2026-09-17T06:42:05+08:00 LLGO_BUILD_GO_VERSION=1.27.0 LLGO_BIN=/home/runner/work/benchmarks/benchmarks/.ci/llgo/llgo BENT_TIMING_LOG=/home/runner/work/benchmarks/benchmarks/.ci/bent-run/download-timings.log GOROOT_1_25_X64=/opt/hostedtoolcache/go/1.25.14/x64 LLGO_MAIN_INDEX=1661 LLGO_COMMIT=f5208c189edef8335ccc1f550854a0a07520f1c8 GO_VERSION=1.26.2 LLGO_REPOSITORY=xgo-dev/llgo GOROOT_1_24_X64=/opt/hostedtoolcache/go/1.24.13/x64 GOROOT_1_26_X64=/opt/hostedtoolcache/go/1.26.8/x64 BENT_REAL_GO=/opt/hostedtoolcache/go/1.26.2/x64/bin/go LLGO_ROOT=/home/runner/work/benchmarks/benchmarks/.ci/llgo LLGO_LTO_PLUGIN=/home/runner/work/benchmarks/benchmarks/.ci/llgo/ltoplugin/build/LLGOLTOPlugin.so GOPATH=/home/runner/work/benchmarks/benchmarks/.ci/bent-run/gopath GOOS=linux GOARCH=amd64 GO111MODULE=auto ROOT=/home/runner/work/benchmarks/benchmarks/.ci/bent-run GOROOT=/home/runner/work/benchmarks/benchmarks/.ci/bent-run/goroots/Go BENT_BENCH=k8s_workqueue BENT_CONFIG=Go BENT_I=0 GOCACHE=/home/runner/work/benchmarks/benchmarks/.ci/bent-run/build-cache/runs/cache-384452107/go-build XDG_CACHE_HOME=/home/runner/work/benchmarks/benchmarks/.ci/bent-run/build-cache/runs/cache-384452107/xdg LocalAppData=/home/runner/work/benchmarks/benchmarks/.ci/bent-run/build-cache/runs/cache-384452107/local-app-data /home/runner/work/benchmarks/benchmarks/.ci/bent-run/goroots/Go/bin/go test -vet=off -c -o /home/runner/work/benchmarks/benchmarks/.ci/bent-run/testbin/k8s_workqueue_Go k8s.io/client-go/util/workqueue )
goarch: amd64
toolchain: Go
BenchmarkK8s_workqueue 1 1673700796 build-real-ns/op 4255818000 build-user-ns/op 476062000 build-sys-ns/op
toolchain: Go
( LLGO_COMMITTED_AT=2026-09-17T06:42:05+08:00 LLGO_BUILD_GO_VERSION=1.27.0 LLGO_BIN=/home/runner/work/benchmarks/benchmarks/.ci/llgo/llgo BENT_TIMING_LOG=/home/runner/work/benchmarks/benchmarks/.ci/bent-run/download-timings.log GOROOT_1_25_X64=/opt/hostedtoolcache/go/1.25.14/x64 LLGO_MAIN_INDEX=1661 LLGO_COMMIT=f5208c189edef8335ccc1f550854a0a07520f1c8 GO_VERSION=1.26.2 LLGO_REPOSITORY=xgo-dev/llgo GOROOT_1_24_X64=/opt/hostedtoolcache/go/1.24.13/x64 GOROOT_1_26_X64=/opt/hostedtoolcache/go/1.26.8/x64 BENT_REAL_GO=/opt/hostedtoolcache/go/1.26.2/x64/bin/go LLGO_ROOT=/home/runner/work/benchmarks/benchmarks/.ci/llgo LLGO_LTO_PLUGIN=/home/runner/work/benchmarks/benchmarks/.ci/llgo/ltoplugin/build/LLGOLTOPlugin.so GOPATH=/home/runner/work/benchmarks/benchmarks/.ci/bent-run/gopath GOOS=linux GOARCH=amd64 GO111MODULE=auto ROOT=/home/runner/work/benchmarks/benchmarks/.ci/bent-run GOROOT=/home/runner/work/benchmarks/benchmarks/.ci/bent-run/goroots/Go BENT_BENCH=k8s_workqueue BENT_CONFIG=Go BENT_I=0 GOCACHE=/home/runner/work/benchmarks/benchmarks/.ci/bent-run/build-cache/runs/cache-384452107/go-build XDG_CACHE_HOME=/home/runner/work/benchmarks/benchmarks/.ci/bent-run/build-cache/runs/cache-384452107/xdg LocalAppData=/home/runner/work/benchmarks/benchmarks/.ci/bent-run/build-cache/runs/cache-384452107/local-app-data /home/runner/work/benchmarks/benchmarks/.ci/bent-run/benchsize /home/runner/work/benchmarks/benchmarks/.ci/bent-run/testbin/k8s_workqueue_Go K8s_workqueue )
goos: linux
goarch: amd64
pkg:
Unit total-bytes assume=exact
BenchmarkK8s_workqueue 1 10681819 total-bytes
Unit text-bytes assume=exact
BenchmarkK8s_workqueue 1 3305809 text-bytes
Unit data-bytes assume=exact
BenchmarkK8s_workqueue 1 1280748 data-bytes
Unit rodata-bytes assume=exact
BenchmarkK8s_workqueue 1 916057 rodata-bytes
Unit pclntab-bytes assume=exact
BenchmarkK8s_workqueue 1 2794874 pclntab-bytes
Unit debug-bytes assume=exact
BenchmarkK8s_workqueue 1 2323654 debug-bytes

rm -rf /home/runner/work/benchmarks/benchmarks/.ci/bent-run/gopath/bin
(cd /home/runner/work/benchmarks/benchmarks/.ci/bent-run/build/dustin_humanize; LLGO_COMMITTED_AT=2026-09-17T06:42:05+08:00 LLGO_BUILD_GO_VERSION=1.27.0 LLGO_BIN=/home/runner/work/benchmarks/benchmarks/.ci/llgo/llgo BENT_TIMING_LOG=/home/runner/work/benchmarks/benchmarks/.ci/bent-run/download-timings.log GOROOT_1_25_X64=/opt/hostedtoolcache/go/1.25.14/x64 LLGO_MAIN_INDEX=1661 LLGO_COMMIT=f5208c189edef8335ccc1f550854a0a07520f1c8 GO_VERSION=1.26.2 LLGO_REPOSITORY=xgo-dev/llgo GOROOT_1_24_X64=/opt/hostedtoolcache/go/1.24.13/x64 GOROOT_1_26_X64=/opt/hostedtoolcache/go/1.26.8/x64 BENT_REAL_GO=/opt/hostedtoolcache/go/1.26.2/x64/bin/go LLGO_ROOT=/home/runner/work/benchmarks/benchmarks/.ci/llgo LLGO_LTO_PLUGIN=/home/runner/work/benchmarks/benchmarks/.ci/llgo/ltoplugin/build/LLGOLTOPlugin.so GOPATH=/home/runner/work/benchmarks/benchmarks/.ci/bent-run/gopath GOOS=linux GOARCH=amd64 GO111MODULE=auto ROOT=/home/runner/work/benchmarks/benchmarks/.ci/bent-run GOROOT=/opt/hostedtoolcache/go/1.26.2/x64/ BENT_BENCH=dustin_humanize BENT_CONFIG=LLGoNoLTO BENT_I=0 GOCACHE=/home/runner/work/benchmarks/benchmarks/.ci/bent-run/build-cache/runs/cache-1030823928/go-build XDG_CACHE_HOME=/home/runner/work/benchmarks/benchmarks/.ci/bent-run/build-cache/runs/cache-1030823928/xdg LocalAppData=/home/runner/work/benchmarks/benchmarks/.ci/bent-run/build-cache/runs/cache-1030823928/local-app-data /home/runner/work/benchmarks/benchmarks/.ci/llgo/llgo test -c -o /home/runner/work/benchmarks/benchmarks/.ci/bent-run/testbin/dustin_humanize_LLGoNoLTO github.com/dustin/go-humanize )
goarch: amd64
toolchain: LLGoNoLTO
BenchmarkDustin_humanize 1 5917907217 build-real-ns/op 13300569000 build-user-ns/op 744879000 build-sys-ns/op
toolchain: LLGoNoLTO
( LLGO_COMMITTED_AT=2026-09-17T06:42:05+08:00 LLGO_BUILD_GO_VERSION=1.27.0 LLGO_BIN=/home/runner/work/benchmarks/benchmarks/.ci/llgo/llgo BENT_TIMING_LOG=/home/runner/work/benchmarks/benchmarks/.ci/bent-run/download-timings.log GOROOT_1_25_X64=/opt/hostedtoolcache/go/1.25.14/x64 LLGO_MAIN_INDEX=1661 LLGO_COMMIT=f5208c189edef8335ccc1f550854a0a07520f1c8 GO_VERSION=1.26.2 LLGO_REPOSITORY=xgo-dev/llgo GOROOT_1_24_X64=/opt/hostedtoolcache/go/1.24.13/x64 GOROOT_1_26_X64=/opt/hostedtoolcache/go/1.26.8/x64 BENT_REAL_GO=/opt/hostedtoolcache/go/1.26.2/x64/bin/go LLGO_ROOT=/home/runner/work/benchmarks/benchmarks/.ci/llgo LLGO_LTO_PLUGIN=/home/runner/work/benchmarks/benchmarks/.ci/llgo/ltoplugin/build/LLGOLTOPlugin.so GOPATH=/home/runner/work/benchmarks/benchmarks/.ci/bent-run/gopath GOOS=linux GOARCH=amd64 GO111MODULE=auto ROOT=/home/runner/work/benchmarks/benchmarks/.ci/bent-run GOROOT=/opt/hostedtoolcache/go/1.26.2/x64/ BENT_BENCH=dustin_humanize BENT_CONFIG=LLGoNoLTO BENT_I=0 GOCACHE=/home/runner/work/benchmarks/benchmarks/.ci/bent-run/build-cache/runs/cache-1030823928/go-build XDG_CACHE_HOME=/home/runner/work/benchmarks/benchmarks/.ci/bent-run/build-cache/runs/cache-1030823928/xdg LocalAppData=/home/runner/work/benchmarks/benchmarks/.ci/bent-run/build-cache/runs/cache-1030823928/local-app-data /home/runner/work/benchmarks/benchmarks/.ci/bent-run/benchsize /home/runner/work/benchmarks/benchmarks/.ci/bent-run/testbin/dustin_humanize_LLGoNoLTO Dustin_humanize )
goos: linux
goarch: amd64
pkg:
Unit total-bytes assume=exact
BenchmarkDustin_humanize 1 4730704 total-bytes
Unit text-bytes assume=exact
BenchmarkDustin_humanize 1 1793208 text-bytes
Unit data-bytes assume=exact
BenchmarkDustin_humanize 1 1549232 data-bytes
Unit rodata-bytes assume=exact
BenchmarkDustin_humanize 1 921080 rodata-bytes
Unit pclntab-bytes assume=exact
BenchmarkDustin_humanize 1 0 pclntab-bytes
Unit debug-bytes assume=exact
BenchmarkDustin_humanize 1 0 debug-bytes

rm -rf /home/runner/work/benchmarks/benchmarks/.ci/bent-run/gopath/bin
(cd /home/runner/work/benchmarks/benchmarks/.ci/bent-run/build/toml; LLGO_COMMITTED_AT=2026-09-17T06:42:05+08:00 LLGO_BUILD_GO_VERSION=1.27.0 LLGO_BIN=/home/runner/work/benchmarks/benchmarks/.ci/llgo/llgo BENT_TIMING_LOG=/home/runner/work/benchmarks/benchmarks/.ci/bent-run/download-timings.log GOROOT_1_25_X64=/opt/hostedtoolcache/go/1.25.14/x64 LLGO_MAIN_INDEX=1661 LLGO_COMMIT=f5208c189edef8335ccc1f550854a0a07520f1c8 GO_VERSION=1.26.2 LLGO_REPOSITORY=xgo-dev/llgo GOROOT_1_24_X64=/opt/hostedtoolcache/go/1.24.13/x64 GOROOT_1_26_X64=/opt/hostedtoolcache/go/1.26.8/x64 BENT_REAL_GO=/opt/hostedtoolcache/go/1.26.2/x64/bin/go LLGO_ROOT=/home/runner/work/benchmarks/benchmarks/.ci/llgo LLGO_LTO_PLUGIN=/home/runner/work/benchmarks/benchmarks/.ci/llgo/ltoplugin/build/LLGOLTOPlugin.so GOPATH=/home/runner/work/benchmarks/benchmarks/.ci/bent-run/gopath GOOS=linux GOARCH=amd64 GO111MODULE=auto ROOT=/home/runner/work/benchmarks/benchmarks/.ci/bent-run GOROOT=/opt/hostedtoolcache/go/1.26.2/x64/ BENT_BENCH=toml BENT_CONFIG=LLGoDeadcodeDrop BENT_I=0 GOCACHE=/home/runner/work/benchmarks/benchmarks/.ci/bent-run/build-cache/runs/cache-4253588636/go-build XDG_CACHE_HOME=/home/runner/work/benchmarks/benchmarks/.ci/bent-run/build-cache/runs/cache-4253588636/xdg LocalAppData=/home/runner/work/benchmarks/benchmarks/.ci/bent-run/build-cache/runs/cache-4253588636/local-app-data /home/runner/work/benchmarks/benchmarks/.ci/llgo/llgo test -c -o /home/runner/work/benchmarks/benchmarks/.ci/bent-run/testbin/toml_LLGoDeadcodeDrop -deadcodedrop github.com/BurntSushi/toml )
goarch: amd64
toolchain: LLGoDeadcodeDrop
BenchmarkToml 1 9290614628 build-real-ns/op 23816241000 build-user-ns/op 1014632000 build-sys-ns/op
toolchain: LLGoDeadcodeDrop
( LLGO_COMMITTED_AT=2026-09-17T06:42:05+08:00 LLGO_BUILD_GO_VERSION=1.27.0 LLGO_BIN=/home/runner/work/benchmarks/benchmarks/.ci/llgo/llgo BENT_TIMING_LOG=/home/runner/work/benchmarks/benchmarks/.ci/bent-run/download-timings.log GOROOT_1_25_X64=/opt/hostedtoolcache/go/1.25.14/x64 LLGO_MAIN_INDEX=1661 LLGO_COMMIT=f5208c189edef8335ccc1f550854a0a07520f1c8 GO_VERSION=1.26.2 LLGO_REPOSITORY=xgo-dev/llgo GOROOT_1_24_X64=/opt/hostedtoolcache/go/1.24.13/x64 GOROOT_1_26_X64=/opt/hostedtoolcache/go/1.26.8/x64 BENT_REAL_GO=/opt/hostedtoolcache/go/1.26.2/x64/bin/go LLGO_ROOT=/home/runner/work/benchmarks/benchmarks/.ci/llgo LLGO_LTO_PLUGIN=/home/runner/work/benchmarks/benchmarks/.ci/llgo/ltoplugin/build/LLGOLTOPlugin.so GOPATH=/home/runner/work/benchmarks/benchmarks/.ci/bent-run/gopath GOOS=linux GOARCH=amd64 GO111MODULE=auto ROOT=/home/runner/work/benchmarks/benchmarks/.ci/bent-run GOROOT=/opt/hostedtoolcache/go/1.26.2/x64/ BENT_BENCH=toml BENT_CONFIG=LLGoDeadcodeDrop BENT_I=0 GOCACHE=/home/runner/work/benchmarks/benchmarks/.ci/bent-run/build-cache/runs/cache-4253588636/go-build XDG_CACHE_HOME=/home/runner/work/benchmarks/benchmarks/.ci/bent-run/build-cache/runs/cache-4253588636/xdg LocalAppData=/home/runner/work/benchmarks/benchmarks/.ci/bent-run/build-cache/runs/cache-4253588636/local-app-data /home/runner/work/benchmarks/benchmarks/.ci/bent-run/benchsize /home/runner/work/benchmarks/benchmarks/.ci/bent-run/testbin/toml_LLGoDeadcodeDrop Toml )
goos: linux
goarch: amd64
pkg:
Unit total-bytes assume=exact
BenchmarkToml 1 5053232 total-bytes
Unit text-bytes assume=exact
BenchmarkToml 1 1632207 text-bytes
Unit data-bytes assume=exact
BenchmarkToml 1 2079112 data-bytes
Unit rodata-bytes assume=exact
BenchmarkToml 1 1285608 rodata-bytes
Unit pclntab-bytes assume=exact
BenchmarkToml 1 0 pclntab-bytes
Unit debug-bytes assume=exact
BenchmarkToml 1 0 debug-bytes

rm -rf /home/runner/work/benchmarks/benchmarks/.ci/bent-run/gopath/bin
(cd /home/runner/work/benchmarks/benchmarks/.ci/bent-run/build/uber_zap; LLGO_COMMITTED_AT=2026-09-17T06:42:05+08:00 LLGO_BUILD_GO_VERSION=1.27.0 LLGO_BIN=/home/runner/work/benchmarks/benchmarks/.ci/llgo/llgo BENT_TIMING_LOG=/home/runner/work/benchmarks/benchmarks/.ci/bent-run/download-timings.log GOROOT_1_25_X64=/opt/hostedtoolcache/go/1.25.14/x64 LLGO_MAIN_INDEX=1661 LLGO_COMMIT=f5208c189edef8335ccc1f550854a0a07520f1c8 GO_VERSION=1.26.2 LLGO_REPOSITORY=xgo-dev/llgo GOROOT_1_24_X64=/opt/hostedtoolcache/go/1.24.13/x64 GOROOT_1_26_X64=/opt/hostedtoolcache/go/1.26.8/x64 BENT_REAL_GO=/opt/hostedtoolcache/go/1.26.2/x64/bin/go LLGO_ROOT=/home/runner/work/benchmarks/benchmarks/.ci/llgo LLGO_LTO_PLUGIN=/home/runner/work/benchmarks/benchmarks/.ci/llgo/ltoplugin/build/LLGOLTOPlugin.so GOPATH=/home/runner/work/benchmarks/benchmarks/.ci/bent-run/gopath GOOS=linux GOARCH=amd64 GO111MODULE=auto ROOT=/home/runner/work/benchmarks/benchmarks/.ci/bent-run GOROOT=/opt/hostedtoolcache/go/1.26.2/x64/ BENT_BENCH=uber_zap BENT_CONFIG=LLGoFullLTOGlobalDCE BENT_I=0 GOCACHE=/home/runner/work/benchmarks/benchmarks/.ci/bent-run/build-cache/runs/cache-3071945652/go-build XDG_CACHE_HOME=/home/runner/work/benchmarks/benchmarks/.ci/bent-run/build-cache/runs/cache-3071945652/xdg LocalAppData=/home/runner/work/benchmarks/benchmarks/.ci/bent-run/build-cache/runs/cache-3071945652/local-app-data /home/runner/work/benchmarks/benchmarks/.ci/llgo/llgo test -c -o /home/runner/work/benchmarks/benchmarks/.ci/bent-run/testbin/uber_zap_LLGoFullLTOGlobalDCE -lto=full go.uber.org/zap/zapcore )
goarch: amd64
toolchain: LLGoFullLTOGlobalDCE
BenchmarkUber_zap 1 72251888117 build-real-ns/op 97258265000 build-user-ns/op 1745308000 build-sys-ns/op
toolchain: LLGoFullLTOGlobalDCE
( LLGO_COMMITTED_AT=2026-09-17T06:42:05+08:00 LLGO_BUILD_GO_VERSION=1.27.0 LLGO_BIN=/home/runner/work/benchmarks/benchmarks/.ci/llgo/llgo BENT_TIMING_LOG=/home/runner/work/benchmarks/benchmarks/.ci/bent-run/download-timings.log GOROOT_1_25_X64=/opt/hostedtoolcache/go/1.25.14/x64 LLGO_MAIN_INDEX=1661 LLGO_COMMIT=f5208c189edef8335ccc1f550854a0a07520f1c8 GO_VERSION=1.26.2 LLGO_REPOSITORY=xgo-dev/llgo GOROOT_1_24_X64=/opt/hostedtoolcache/go/1.24.13/x64 GOROOT_1_26_X64=/opt/hostedtoolcache/go/1.26.8/x64 BENT_REAL_GO=/opt/hostedtoolcache/go/1.26.2/x64/bin/go LLGO_ROOT=/home/runner/work/benchmarks/benchmarks/.ci/llgo LLGO_LTO_PLUGIN=/home/runner/work/benchmarks/benchmarks/.ci/llgo/ltoplugin/build/LLGOLTOPlugin.so GOPATH=/home/runner/work/benchmarks/benchmarks/.ci/bent-run/gopath GOOS=linux GOARCH=amd64 GO111MODULE=auto ROOT=/home/runner/work/benchmarks/benchmarks/.ci/bent-run GOROOT=/opt/hostedtoolcache/go/1.26.2/x64/ BENT_BENCH=uber_zap BENT_CONFIG=LLGoFullLTOGlobalDCE BENT_I=0 GOCACHE=/home/runner/work/benchmarks/benchmarks/.ci/bent-run/build-cache/runs/cache-3071945652/go-build XDG_CACHE_HOME=/home/runner/work/benchmarks/benchmarks/.ci/bent-run/build-cache/runs/cache-3071945652/xdg LocalAppData=/home/runner/work/benchmarks/benchmarks/.ci/bent-run/build-cache/runs/cache-3071945652/local-app-data /home/runner/work/benchmarks/benchmarks/.ci/bent-run/benchsize /home/runner/work/benchmarks/benchmarks/.ci/bent-run/testbin/uber_zap_LLGoFullLTOGlobalDCE Uber_zap )
goos: linux
goarch: amd64
pkg:
Unit total-bytes assume=exact
BenchmarkUber_zap 1 9575160 total-bytes
Unit text-bytes assume=exact
BenchmarkUber_zap 1 3212181 text-bytes
Unit data-bytes assume=exact
BenchmarkUber_zap 1 3754656 data-bytes
Unit rodata-bytes assume=exact
BenchmarkUber_zap 1 3531408 rodata-bytes
Unit pclntab-bytes assume=exact
BenchmarkUber_zap 1 0 pclntab-bytes
Unit debug-bytes assume=exact
BenchmarkUber_zap 1 0 debug-bytes

rm -rf /home/runner/work/benchmarks/benchmarks/.ci/bent-run/gopath/bin
(cd /home/runner/work/benchmarks/benchmarks/.ci/bent-run/build/k8s_workqueue; LLGO_COMMITTED_AT=2026-09-17T06:42:05+08:00 LLGO_BUILD_GO_VERSION=1.27.0 LLGO_BIN=/home/runner/work/benchmarks/benchmarks/.ci/llgo/llgo BENT_TIMING_LOG=/home/runner/work/benchmarks/benchmarks/.ci/bent-run/download-timings.log GOROOT_1_25_X64=/opt/hostedtoolcache/go/1.25.14/x64 LLGO_MAIN_INDEX=1661 LLGO_COMMIT=f5208c189edef8335ccc1f550854a0a07520f1c8 GO_VERSION=1.26.2 LLGO_REPOSITORY=xgo-dev/llgo GOROOT_1_24_X64=/opt/hostedtoolcache/go/1.24.13/x64 GOROOT_1_26_X64=/opt/hostedtoolcache/go/1.26.8/x64 BENT_REAL_GO=/opt/hostedtoolcache/go/1.26.2/x64/bin/go LLGO_ROOT=/home/runner/work/benchmarks/benchmarks/.ci/llgo LLGO_LTO_PLUGIN=/home/runner/work/benchmarks/benchmarks/.ci/llgo/ltoplugin/build/LLGOLTOPlugin.so GOPATH=/home/runner/work/benchmarks/benchmarks/.ci/bent-run/gopath GOOS=linux GOARCH=amd64 GO111MODULE=auto ROOT=/home/runner/work/benchmarks/benchmarks/.ci/bent-run GOROOT=/opt/hostedtoolcache/go/1.26.2/x64/ BENT_BENCH=k8s_workqueue BENT_CONFIG=LLGoFullLTOGlobalDCEPlugin BENT_I=0 GOCACHE=/home/runner/work/benchmarks/benchmarks/.ci/bent-run/build-cache/runs/cache-1221626175/go-build XDG_CACHE_HOME=/home/runner/work/benchmarks/benchmarks/.ci/bent-run/build-cache/runs/cache-1221626175/xdg LocalAppData=/home/runner/work/benchmarks/benchmarks/.ci/bent-run/build-cache/runs/cache-1221626175/local-app-data /home/runner/work/benchmarks/benchmarks/.ci/llgo/llgo test -c -o /home/runner/work/benchmarks/benchmarks/.ci/bent-run/testbin/k8s_workqueue_LLGoFullLTOGlobalDCEPlugin -lto=full -lto-pass-plugin=/home/runner/work/benchmarks/benchmarks/.ci/llgo/ltoplugin/build/LLGOLTOPlugin.so k8s.io/client-go/util/workqueue )
goarch: amd64
toolchain: LLGoFullLTOGlobalDCEPlugin
BenchmarkK8s_workqueue 1 66452698452 build-real-ns/op 89002842000 build-user-ns/op 1795641000 build-sys-ns/op
toolchain: LLGoFullLTOGlobalDCEPlugin
( LLGO_COMMITTED_AT=2026-09-17T06:42:05+08:00 LLGO_BUILD_GO_VERSION=1.27.0 LLGO_BIN=/home/runner/work/benchmarks/benchmarks/.ci/llgo/llgo BENT_TIMING_LOG=/home/runner/work/benchmarks/benchmarks/.ci/bent-run/download-timings.log GOROOT_1_25_X64=/opt/hostedtoolcache/go/1.25.14/x64 LLGO_MAIN_INDEX=1661 LLGO_COMMIT=f5208c189edef8335ccc1f550854a0a07520f1c8 GO_VERSION=1.26.2 LLGO_REPOSITORY=xgo-dev/llgo GOROOT_1_24_X64=/opt/hostedtoolcache/go/1.24.13/x64 GOROOT_1_26_X64=/opt/hostedtoolcache/go/1.26.8/x64 BENT_REAL_GO=/opt/hostedtoolcache/go/1.26.2/x64/bin/go LLGO_ROOT=/home/runner/work/benchmarks/benchmarks/.ci/llgo LLGO_LTO_PLUGIN=/home/runner/work/benchmarks/benchmarks/.ci/llgo/ltoplugin/build/LLGOLTOPlugin.so GOPATH=/home/runner/work/benchmarks/benchmarks/.ci/bent-run/gopath GOOS=linux GOARCH=amd64 GO111MODULE=auto ROOT=/home/runner/work/benchmarks/benchmarks/.ci/bent-run GOROOT=/opt/hostedtoolcache/go/1.26.2/x64/ BENT_BENCH=k8s_workqueue BENT_CONFIG=LLGoFullLTOGlobalDCEPlugin BENT_I=0 GOCACHE=/home/runner/work/benchmarks/benchmarks/.ci/bent-run/build-cache/runs/cache-1221626175/go-build XDG_CACHE_HOME=/home/runner/work/benchmarks/benchmarks/.ci/bent-run/build-cache/runs/cache-1221626175/xdg LocalAppData=/home/runner/work/benchmarks/benchmarks/.ci/bent-run/build-cache/runs/cache-1221626175/local-app-data /home/runner/work/benchmarks/benchmarks/.ci/bent-run/benchsize /home/runner/work/benchmarks/benchmarks/.ci/bent-run/testbin/k8s_workqueue_LLGoFullLTOGlobalDCEPlugin K8s_workqueue )
goos: linux
goarch: amd64
pkg:
Unit total-bytes assume=exact
BenchmarkK8s_workqueue 1 8696248 total-bytes
Unit text-bytes assume=exact
BenchmarkK8s_workqueue 1 2777346 text-bytes
Unit data-bytes assume=exact
BenchmarkK8s_workqueue 1 3649760 data-bytes
Unit rodata-bytes assume=exact
BenchmarkK8s_workqueue 1 3431320 rodata-bytes
Unit pclntab-bytes assume=exact
BenchmarkK8s_workqueue 1 0 pclntab-bytes
Unit debug-bytes assume=exact
BenchmarkK8s_workqueue 1 0 debug-bytes

rm -rf /home/runner/work/benchmarks/benchmarks/.ci/bent-run/gopath/bin
(cd /home/runner/work/benchmarks/benchmarks/.ci/bent-run/build/uber_zap; LLGO_COMMITTED_AT=2026-09-17T06:42:05+08:00 LLGO_BUILD_GO_VERSION=1.27.0 LLGO_BIN=/home/runner/work/benchmarks/benchmarks/.ci/llgo/llgo BENT_TIMING_LOG=/home/runner/work/benchmarks/benchmarks/.ci/bent-run/download-timings.log GOROOT_1_25_X64=/opt/hostedtoolcache/go/1.25.14/x64 LLGO_MAIN_INDEX=1661 LLGO_COMMIT=f5208c189edef8335ccc1f550854a0a07520f1c8 GO_VERSION=1.26.2 LLGO_REPOSITORY=xgo-dev/llgo GOROOT_1_24_X64=/opt/hostedtoolcache/go/1.24.13/x64 GOROOT_1_26_X64=/opt/hostedtoolcache/go/1.26.8/x64 BENT_REAL_GO=/opt/hostedtoolcache/go/1.26.2/x64/bin/go LLGO_ROOT=/home/runner/work/benchmarks/benchmarks/.ci/llgo LLGO_LTO_PLUGIN=/home/runner/work/benchmarks/benchmarks/.ci/llgo/ltoplugin/build/LLGOLTOPlugin.so GOPATH=/home/runner/work/benchmarks/benchmarks/.ci/bent-run/gopath GOOS=linux GOARCH=amd64 GO111MODULE=auto ROOT=/home/runner/work/benchmarks/benchmarks/.ci/bent-run GOROOT=/opt/hostedtoolcache/go/1.26.2/x64/ BENT_BENCH=uber_zap BENT_CONFIG=LLGoFullLTONoGlobalDCE BENT_I=0 GOCACHE=/home/runner/work/benchmarks/benchmarks/.ci/bent-run/build-cache/runs/cache-1320205362/go-build XDG_CACHE_HOME=/home/runner/work/benchmarks/benchmarks/.ci/bent-run/build-cache/runs/cache-1320205362/xdg LocalAppData=/home/runner/work/benchmarks/benchmarks/.ci/bent-run/build-cache/runs/cache-1320205362/local-app-data /home/runner/work/benchmarks/benchmarks/.ci/llgo/llgo test -c -o /home/runner/work/benchmarks/benchmarks/.ci/bent-run/testbin/uber_zap_LLGoFullLTONoGlobalDCE -lto=full -globaldce=false go.uber.org/zap/zapcore )
goarch: amd64
toolchain: LLGoFullLTONoGlobalDCE
BenchmarkUber_zap 1 84067232009 build-real-ns/op 109507355000 build-user-ns/op 1767277000 build-sys-ns/op
toolchain: LLGoFullLTONoGlobalDCE
( LLGO_COMMITTED_AT=2026-09-17T06:42:05+08:00 LLGO_BUILD_GO_VERSION=1.27.0 LLGO_BIN=/home/runner/work/benchmarks/benchmarks/.ci/llgo/llgo BENT_TIMING_LOG=/home/runner/work/benchmarks/benchmarks/.ci/bent-run/download-timings.log GOROOT_1_25_X64=/opt/hostedtoolcache/go/1.25.14/x64 LLGO_MAIN_INDEX=1661 LLGO_COMMIT=f5208c189edef8335ccc1f550854a0a07520f1c8 GO_VERSION=1.26.2 LLGO_REPOSITORY=xgo-dev/llgo GOROOT_1_24_X64=/opt/hostedtoolcache/go/1.24.13/x64 GOROOT_1_26_X64=/opt/hostedtoolcache/go/1.26.8/x64 BENT_REAL_GO=/opt/hostedtoolcache/go/1.26.2/x64/bin/go LLGO_ROOT=/home/runner/work/benchmarks/benchmarks/.ci/llgo LLGO_LTO_PLUGIN=/home/runner/work/benchmarks/benchmarks/.ci/llgo/ltoplugin/build/LLGOLTOPlugin.so GOPATH=/home/runner/work/benchmarks/benchmarks/.ci/bent-run/gopath GOOS=linux GOARCH=amd64 GO111MODULE=auto ROOT=/home/runner/work/benchmarks/benchmarks/.ci/bent-run GOROOT=/opt/hostedtoolcache/go/1.26.2/x64/ BENT_BENCH=uber_zap BENT_CONFIG=LLGoFullLTONoGlobalDCE BENT_I=0 GOCACHE=/home/runner/work/benchmarks/benchmarks/.ci/bent-run/build-cache/runs/cache-1320205362/go-build XDG_CACHE_HOME=/home/runner/work/benchmarks/benchmarks/.ci/bent-run/build-cache/runs/cache-1320205362/xdg LocalAppData=/home/runner/work/benchmarks/benchmarks/.ci/bent-run/build-cache/runs/cache-1320205362/local-app-data /home/runner/work/benchmarks/benchmarks/.ci/bent-run/benchsize /home/runner/work/benchmarks/benchmarks/.ci/bent-run/testbin/uber_zap_LLGoFullLTONoGlobalDCE Uber_zap )
goos: linux
goarch: amd64
pkg:
Unit total-bytes assume=exact
BenchmarkUber_zap 1 11142440 total-bytes
Unit text-bytes assume=exact
BenchmarkUber_zap 1 4065546 text-bytes
Unit data-bytes assume=exact
BenchmarkUber_zap 1 3784352 data-bytes
Unit rodata-bytes assume=exact
BenchmarkUber_zap 1 3561008 rodata-bytes
Unit pclntab-bytes assume=exact
BenchmarkUber_zap 1 0 pclntab-bytes
Unit debug-bytes assume=exact
BenchmarkUber_zap 1 0 debug-bytes

rm -rf /home/runner/work/benchmarks/benchmarks/.ci/bent-run/gopath/bin
(cd /home/runner/work/benchmarks/benchmarks/.ci/bent-run/build/k8s_workqueue; LLGO_COMMITTED_AT=2026-09-17T06:42:05+08:00 LLGO_BUILD_GO_VERSION=1.27.0 LLGO_BIN=/home/runner/work/benchmarks/benchmarks/.ci/llgo/llgo BENT_TIMING_LOG=/home/runner/work/benchmarks/benchmarks/.ci/bent-run/download-timings.log GOROOT_1_25_X64=/opt/hostedtoolcache/go/1.25.14/x64 LLGO_MAIN_INDEX=1661 LLGO_COMMIT=f5208c189edef8335ccc1f550854a0a07520f1c8 GO_VERSION=1.26.2 LLGO_REPOSITORY=xgo-dev/llgo GOROOT_1_24_X64=/opt/hostedtoolcache/go/1.24.13/x64 GOROOT_1_26_X64=/opt/hostedtoolcache/go/1.26.8/x64 BENT_REAL_GO=/opt/hostedtoolcache/go/1.26.2/x64/bin/go LLGO_ROOT=/home/runner/work/benchmarks/benchmarks/.ci/llgo LLGO_LTO_PLUGIN=/home/runner/work/benchmarks/benchmarks/.ci/llgo/ltoplugin/build/LLGOLTOPlugin.so GOPATH=/home/runner/work/benchmarks/benchmarks/.ci/bent-run/gopath GOOS=linux GOARCH=amd64 GO111MODULE=auto ROOT=/home/runner/work/benchmarks/benchmarks/.ci/bent-run GOROOT=/opt/hostedtoolcache/go/1.26.2/x64/ BENT_BENCH=k8s_workqueue BENT_CONFIG=LLGoNoLTO BENT_I=0 GOCACHE=/home/runner/work/benchmarks/benchmarks/.ci/bent-run/build-cache/runs/cache-1281962436/go-build XDG_CACHE_HOME=/home/runner/work/benchmarks/benchmarks/.ci/bent-run/build-cache/runs/cache-1281962436/xdg LocalAppData=/home/runner/work/benchmarks/benchmarks/.ci/bent-run/build-cache/runs/cache-1281962436/local-app-data /home/runner/work/benchmarks/benchmarks/.ci/llgo/llgo test -c -o /home/runner/work/benchmarks/benchmarks/.ci/bent-run/testbin/k8s_workqueue_LLGoNoLTO k8s.io/client-go/util/workqueue )
goarch: amd64
toolchain: LLGoNoLTO
BenchmarkK8s_workqueue 1 24379683398 build-real-ns/op 50835643000 build-user-ns/op 1500377000 build-sys-ns/op
toolchain: LLGoNoLTO
( LLGO_COMMITTED_AT=2026-09-17T06:42:05+08:00 LLGO_BUILD_GO_VERSION=1.27.0 LLGO_BIN=/home/runner/work/benchmarks/benchmarks/.ci/llgo/llgo BENT_TIMING_LOG=/home/runner/work/benchmarks/benchmarks/.ci/bent-run/download-timings.log GOROOT_1_25_X64=/opt/hostedtoolcache/go/1.25.14/x64 LLGO_MAIN_INDEX=1661 LLGO_COMMIT=f5208c189edef8335ccc1f550854a0a07520f1c8 GO_VERSION=1.26.2 LLGO_REPOSITORY=xgo-dev/llgo GOROOT_1_24_X64=/opt/hostedtoolcache/go/1.24.13/x64 GOROOT_1_26_X64=/opt/hostedtoolcache/go/1.26.8/x64 BENT_REAL_GO=/opt/hostedtoolcache/go/1.26.2/x64/bin/go LLGO_ROOT=/home/runner/work/benchmarks/benchmarks/.ci/llgo LLGO_LTO_PLUGIN=/home/runner/work/benchmarks/benchmarks/.ci/llgo/ltoplugin/build/LLGOLTOPlugin.so GOPATH=/home/runner/work/benchmarks/benchmarks/.ci/bent-run/gopath GOOS=linux GOARCH=amd64 GO111MODULE=auto ROOT=/home/runner/work/benchmarks/benchmarks/.ci/bent-run GOROOT=/opt/hostedtoolcache/go/1.26.2/x64/ BENT_BENCH=k8s_workqueue BENT_CONFIG=LLGoNoLTO BENT_I=0 GOCACHE=/home/runner/work/benchmarks/benchmarks/.ci/bent-run/build-cache/runs/cache-1281962436/go-build XDG_CACHE_HOME=/home/runner/work/benchmarks/benchmarks/.ci/bent-run/build-cache/runs/cache-1281962436/xdg LocalAppData=/home/runner/work/benchmarks/benchmarks/.ci/bent-run/build-cache/runs/cache-1281962436/local-app-data /home/runner/work/benchmarks/benchmarks/.ci/bent-run/benchsize /home/runner/work/benchmarks/benchmarks/.ci/bent-run/testbin/k8s_workqueue_LLGoNoLTO K8s_workqueue )
goos: linux
goarch: amd64
pkg:
Unit total-bytes assume=exact
BenchmarkK8s_workqueue 1 11407008 total-bytes
Unit text-bytes assume=exact
BenchmarkK8s_workqueue 1 4166345 text-bytes
Unit data-bytes assume=exact
BenchmarkK8s_workqueue 1 3713848 data-bytes
Unit rodata-bytes assume=exact
BenchmarkK8s_workqueue 1 2105384 rodata-bytes
Unit pclntab-bytes assume=exact
BenchmarkK8s_workqueue 1 0 pclntab-bytes
Unit debug-bytes assume=exact
BenchmarkK8s_workqueue 1 0 debug-bytes

rm -rf /home/runner/work/benchmarks/benchmarks/.ci/bent-run/gopath/bin
(cd /home/runner/work/benchmarks/benchmarks/.ci/bent-run/build/iXGo; LLGO_COMMITTED_AT=2026-09-17T06:42:05+08:00 LLGO_BUILD_GO_VERSION=1.27.0 LLGO_BIN=/home/runner/work/benchmarks/benchmarks/.ci/llgo/llgo BENT_TIMING_LOG=/home/runner/work/benchmarks/benchmarks/.ci/bent-run/download-timings.log GOROOT_1_25_X64=/opt/hostedtoolcache/go/1.25.14/x64 LLGO_MAIN_INDEX=1661 LLGO_COMMIT=f5208c189edef8335ccc1f550854a0a07520f1c8 GO_VERSION=1.26.2 LLGO_REPOSITORY=xgo-dev/llgo GOROOT_1_24_X64=/opt/hostedtoolcache/go/1.24.13/x64 GOROOT_1_26_X64=/opt/hostedtoolcache/go/1.26.8/x64 BENT_REAL_GO=/opt/hostedtoolcache/go/1.26.2/x64/bin/go LLGO_ROOT=/home/runner/work/benchmarks/benchmarks/.ci/llgo LLGO_LTO_PLUGIN=/home/runner/work/benchmarks/benchmarks/.ci/llgo/ltoplugin/build/LLGOLTOPlugin.so GOPATH=/home/runner/work/benchmarks/benchmarks/.ci/bent-run/gopath GOOS=linux GOARCH=amd64 GO111MODULE=auto ROOT=/home/runner/work/benchmarks/benchmarks/.ci/bent-run GOROOT=/opt/hostedtoolcache/go/1.26.2/x64/ BENT_BENCH=iXGo BENT_CONFIG=LLGoFullLTOGlobalDCEPlugin BENT_I=0 GOCACHE=/home/runner/work/benchmarks/benchmarks/.ci/bent-run/build-cache/runs/cache-4082741568/go-build XDG_CACHE_HOME=/home/runner/work/benchmarks/benchmarks/.ci/bent-run/build-cache/runs/cache-4082741568/xdg LocalAppData=/home/runner/work/benchmarks/benchmarks/.ci/bent-run/build-cache/runs/cache-4082741568/local-app-data /home/runner/work/benchmarks/benchmarks/.ci/llgo/llgo build -o /home/runner/work/benchmarks/benchmarks/.ci/bent-run/testbin/iXGo_LLGoFullLTOGlobalDCEPlugin -lto=full -lto-pass-plugin=/home/runner/work/benchmarks/benchmarks/.ci/llgo/ltoplugin/build/LLGOLTOPlugin.so github.com/goplus/ixgo/cmd/ixgo )
goarch: amd64
toolchain: LLGoFullLTOGlobalDCEPlugin
BenchmarkIXGo 1 289723506904 build-real-ns/op 533658788000 build-user-ns/op 13558687000 build-sys-ns/op
toolchain: LLGoFullLTOGlobalDCEPlugin
( LLGO_COMMITTED_AT=2026-09-17T06:42:05+08:00 LLGO_BUILD_GO_VERSION=1.27.0 LLGO_BIN=/home/runner/work/benchmarks/benchmarks/.ci/llgo/llgo BENT_TIMING_LOG=/home/runner/work/benchmarks/benchmarks/.ci/bent-run/download-timings.log GOROOT_1_25_X64=/opt/hostedtoolcache/go/1.25.14/x64 LLGO_MAIN_INDEX=1661 LLGO_COMMIT=f5208c189edef8335ccc1f550854a0a07520f1c8 GO_VERSION=1.26.2 LLGO_REPOSITORY=xgo-dev/llgo GOROOT_1_24_X64=/opt/hostedtoolcache/go/1.24.13/x64 GOROOT_1_26_X64=/opt/hostedtoolcache/go/1.26.8/x64 BENT_REAL_GO=/opt/hostedtoolcache/go/1.26.2/x64/bin/go LLGO_ROOT=/home/runner/work/benchmarks/benchmarks/.ci/llgo LLGO_LTO_PLUGIN=/home/runner/work/benchmarks/benchmarks/.ci/llgo/ltoplugin/build/LLGOLTOPlugin.so GOPATH=/home/runner/work/benchmarks/benchmarks/.ci/bent-run/gopath GOOS=linux GOARCH=amd64 GO111MODULE=auto ROOT=/home/runner/work/benchmarks/benchmarks/.ci/bent-run GOROOT=/opt/hostedtoolcache/go/1.26.2/x64/ BENT_BENCH=iXGo BENT_CONFIG=LLGoFullLTOGlobalDCEPlugin BENT_I=0 GOCACHE=/home/runner/work/benchmarks/benchmarks/.ci/bent-run/build-cache/runs/cache-4082741568/go-build XDG_CACHE_HOME=/home/runner/work/benchmarks/benchmarks/.ci/bent-run/build-cache/runs/cache-4082741568/xdg LocalAppData=/home/runner/work/benchmarks/benchmarks/.ci/bent-run/build-cache/runs/cache-4082741568/local-app-data /home/runner/work/benchmarks/benchmarks/.ci/bent-run/benchsize /home/runner/work/benchmarks/benchmarks/.ci/bent-run/testbin/iXGo_LLGoFullLTOGlobalDCEPlugin IXGo )
goos: linux
goarch: amd64
pkg:
Unit total-bytes assume=exact
BenchmarkIXGo 1 29739888 total-bytes
Unit text-bytes assume=exact
BenchmarkIXGo 1 10313163 text-bytes
Unit data-bytes assume=exact
BenchmarkIXGo 1 10192816 data-bytes
Unit rodata-bytes assume=exact
BenchmarkIXGo 1 9133912 rodata-bytes
Unit pclntab-bytes assume=exact
BenchmarkIXGo 1 0 pclntab-bytes
Unit debug-bytes assume=exact
BenchmarkIXGo 1 0 debug-bytes

rm -rf /home/runner/work/benchmarks/benchmarks/.ci/bent-run/gopath/bin
(cd /home/runner/work/benchmarks/benchmarks/.ci/bent-run/build/aws_restjson_v1; LLGO_COMMITTED_AT=2026-09-17T06:42:05+08:00 LLGO_BUILD_GO_VERSION=1.27.0 LLGO_BIN=/home/runner/work/benchmarks/benchmarks/.ci/llgo/llgo BENT_TIMING_LOG=/home/runner/work/benchmarks/benchmarks/.ci/bent-run/download-timings.log GOROOT_1_25_X64=/opt/hostedtoolcache/go/1.25.14/x64 LLGO_MAIN_INDEX=1661 LLGO_COMMIT=f5208c189edef8335ccc1f550854a0a07520f1c8 GO_VERSION=1.26.2 LLGO_REPOSITORY=xgo-dev/llgo GOROOT_1_24_X64=/opt/hostedtoolcache/go/1.24.13/x64 GOROOT_1_26_X64=/opt/hostedtoolcache/go/1.26.8/x64 BENT_REAL_GO=/opt/hostedtoolcache/go/1.26.2/x64/bin/go LLGO_ROOT=/home/runner/work/benchmarks/benchmarks/.ci/llgo LLGO_LTO_PLUGIN=/home/runner/work/benchmarks/benchmarks/.ci/llgo/ltoplugin/build/LLGOLTOPlugin.so GOPATH=/home/runner/work/benchmarks/benchmarks/.ci/bent-run/gopath GOOS=linux GOARCH=amd64 GO111MODULE=auto ROOT=/home/runner/work/benchmarks/benchmarks/.ci/bent-run GOROOT=/home/runner/work/benchmarks/benchmarks/.ci/bent-run/goroots/Go BENT_BENCH=aws_restjson BENT_CONFIG=Go BENT_I=0 GOCACHE=/home/runner/work/benchmarks/benchmarks/.ci/bent-run/build-cache/runs/cache-1374755383/go-build XDG_CACHE_HOME=/home/runner/work/benchmarks/benchmarks/.ci/bent-run/build-cache/runs/cache-1374755383/xdg LocalAppData=/home/runner/work/benchmarks/benchmarks/.ci/bent-run/build-cache/runs/cache-1374755383/local-app-data /home/runner/work/benchmarks/benchmarks/.ci/bent-run/goroots/Go/bin/go test -vet=off -c -o /home/runner/work/benchmarks/benchmarks/.ci/bent-run/testbin/aws_restjson_v1_Go github.com/aws/aws-sdk-go/private/protocol/restjson )
goarch: amd64
toolchain: Go
BenchmarkAws_restjson 1 4387037202 build-real-ns/op 7994373000 build-user-ns/op 978882000 build-sys-ns/op
toolchain: Go
( LLGO_COMMITTED_AT=2026-09-17T06:42:05+08:00 LLGO_BUILD_GO_VERSION=1.27.0 LLGO_BIN=/home/runner/work/benchmarks/benchmarks/.ci/llgo/llgo BENT_TIMING_LOG=/home/runner/work/benchmarks/benchmarks/.ci/bent-run/download-timings.log GOROOT_1_25_X64=/opt/hostedtoolcache/go/1.25.14/x64 LLGO_MAIN_INDEX=1661 LLGO_COMMIT=f5208c189edef8335ccc1f550854a0a07520f1c8 GO_VERSION=1.26.2 LLGO_REPOSITORY=xgo-dev/llgo GOROOT_1_24_X64=/opt/hostedtoolcache/go/1.24.13/x64 GOROOT_1_26_X64=/opt/hostedtoolcache/go/1.26.8/x64 BENT_REAL_GO=/opt/hostedtoolcache/go/1.26.2/x64/bin/go LLGO_ROOT=/home/runner/work/benchmarks/benchmarks/.ci/llgo LLGO_LTO_PLUGIN=/home/runner/work/benchmarks/benchmarks/.ci/llgo/ltoplugin/build/LLGOLTOPlugin.so GOPATH=/home/runner/work/benchmarks/benchmarks/.ci/bent-run/gopath GOOS=linux GOARCH=amd64 GO111MODULE=auto ROOT=/home/runner/work/benchmarks/benchmarks/.ci/bent-run GOROOT=/home/runner/work/benchmarks/benchmarks/.ci/bent-run/goroots/Go BENT_BENCH=aws_restjson BENT_CONFIG=Go BENT_I=0 GOCACHE=/home/runner/work/benchmarks/benchmarks/.ci/bent-run/build-cache/runs/cache-1374755383/go-build XDG_CACHE_HOME=/home/runner/work/benchmarks/benchmarks/.ci/bent-run/build-cache/runs/cache-1374755383/xdg LocalAppData=/home/runner/work/benchmarks/benchmarks/.ci/bent-run/build-cache/runs/cache-1374755383/local-app-data /home/runner/work/benchmarks/benchmarks/.ci/bent-run/benchsize /home/runner/work/benchmarks/benchmarks/.ci/bent-run/testbin/aws_restjson_v1_Go Aws_restjson )
goos: linux
goarch: amd64
pkg:
Unit total-bytes assume=exact
BenchmarkAws_restjson 1 14635492 total-bytes
Unit text-bytes assume=exact
BenchmarkAws_restjson 1 5291601 text-bytes
Unit data-bytes assume=exact
BenchmarkAws_restjson 1 1732332 data-bytes
Unit rodata-bytes assume=exact
BenchmarkAws_restjson 1 1341145 rodata-bytes
Unit pclntab-bytes assume=exact
BenchmarkAws_restjson 1 3738191 pclntab-bytes
Unit debug-bytes assume=exact
BenchmarkAws_restjson 1 2731179 debug-bytes

rm -rf /home/runner/work/benchmarks/benchmarks/.ci/bent-run/gopath/bin
(cd /home/runner/work/benchmarks/benchmarks/.ci/bent-run/build/uber_zap; LLGO_COMMITTED_AT=2026-09-17T06:42:05+08:00 LLGO_BUILD_GO_VERSION=1.27.0 LLGO_BIN=/home/runner/work/benchmarks/benchmarks/.ci/llgo/llgo BENT_TIMING_LOG=/home/runner/work/benchmarks/benchmarks/.ci/bent-run/download-timings.log GOROOT_1_25_X64=/opt/hostedtoolcache/go/1.25.14/x64 LLGO_MAIN_INDEX=1661 LLGO_COMMIT=f5208c189edef8335ccc1f550854a0a07520f1c8 GO_VERSION=1.26.2 LLGO_REPOSITORY=xgo-dev/llgo GOROOT_1_24_X64=/opt/hostedtoolcache/go/1.24.13/x64 GOROOT_1_26_X64=/opt/hostedtoolcache/go/1.26.8/x64 BENT_REAL_GO=/opt/hostedtoolcache/go/1.26.2/x64/bin/go LLGO_ROOT=/home/runner/work/benchmarks/benchmarks/.ci/llgo LLGO_LTO_PLUGIN=/home/runner/work/benchmarks/benchmarks/.ci/llgo/ltoplugin/build/LLGOLTOPlugin.so GOPATH=/home/runner/work/benchmarks/benchmarks/.ci/bent-run/gopath GOOS=linux GOARCH=amd64 GO111MODULE=auto ROOT=/home/runner/work/benchmarks/benchmarks/.ci/bent-run GOROOT=/home/runner/work/benchmarks/benchmarks/.ci/bent-run/goroots/Go BENT_BENCH=uber_zap BENT_CONFIG=Go BENT_I=0 GOCACHE=/home/runner/work/benchmarks/benchmarks/.ci/bent-run/build-cache/runs/cache-384037476/go-build XDG_CACHE_HOME=/home/runner/work/benchmarks/benchmarks/.ci/bent-run/build-cache/runs/cache-384037476/xdg LocalAppData=/home/runner/work/benchmarks/benchmarks/.ci/bent-run/build-cache/runs/cache-384037476/local-app-data /home/runner/work/benchmarks/benchmarks/.ci/bent-run/goroots/Go/bin/go test -vet=off -c -o /home/runner/work/benchmarks/benchmarks/.ci/bent-run/testbin/uber_zap_Go go.uber.org/zap/zapcore )
goarch: amd64
toolchain: Go
BenchmarkUber_zap 1 2302794364 build-real-ns/op 5200537000 build-user-ns/op 486044000 build-sys-ns/op
toolchain: Go
( LLGO_COMMITTED_AT=2026-09-17T06:42:05+08:00 LLGO_BUILD_GO_VERSION=1.27.0 LLGO_BIN=/home/runner/work/benchmarks/benchmarks/.ci/llgo/llgo BENT_TIMING_LOG=/home/runner/work/benchmarks/benchmarks/.ci/bent-run/download-timings.log GOROOT_1_25_X64=/opt/hostedtoolcache/go/1.25.14/x64 LLGO_MAIN_INDEX=1661 LLGO_COMMIT=f5208c189edef8335ccc1f550854a0a07520f1c8 GO_VERSION=1.26.2 LLGO_REPOSITORY=xgo-dev/llgo GOROOT_1_24_X64=/opt/hostedtoolcache/go/1.24.13/x64 GOROOT_1_26_X64=/opt/hostedtoolcache/go/1.26.8/x64 BENT_REAL_GO=/opt/hostedtoolcache/go/1.26.2/x64/bin/go LLGO_ROOT=/home/runner/work/benchmarks/benchmarks/.ci/llgo LLGO_LTO_PLUGIN=/home/runner/work/benchmarks/benchmarks/.ci/llgo/ltoplugin/build/LLGOLTOPlugin.so GOPATH=/home/runner/work/benchmarks/benchmarks/.ci/bent-run/gopath GOOS=linux GOARCH=amd64 GO111MODULE=auto ROOT=/home/runner/work/benchmarks/benchmarks/.ci/bent-run GOROOT=/home/runner/work/benchmarks/benchmarks/.ci/bent-run/goroots/Go BENT_BENCH=uber_zap BENT_CONFIG=Go BENT_I=0 GOCACHE=/home/runner/work/benchmarks/benchmarks/.ci/bent-run/build-cache/runs/cache-384037476/go-build XDG_CACHE_HOME=/home/runner/work/benchmarks/benchmarks/.ci/bent-run/build-cache/runs/cache-384037476/xdg LocalAppData=/home/runner/work/benchmarks/benchmarks/.ci/bent-run/build-cache/runs/cache-384037476/local-app-data /home/runner/work/benchmarks/benchmarks/.ci/bent-run/benchsize /home/runner/work/benchmarks/benchmarks/.ci/bent-run/testbin/uber_zap_Go Uber_zap )
goos: linux
goarch: amd64
pkg:
Unit total-bytes assume=exact
BenchmarkUber_zap 1 10024992 total-bytes
Unit text-bytes assume=exact
BenchmarkUber_zap 1 3188785 text-bytes
Unit data-bytes assume=exact
BenchmarkUber_zap 1 1281612 data-bytes
Unit rodata-bytes assume=exact
BenchmarkUber_zap 1 914713 rodata-bytes
Unit pclntab-bytes assume=exact
BenchmarkUber_zap 1 2515781 pclntab-bytes
Unit debug-bytes assume=exact
BenchmarkUber_zap 1 2158037 debug-bytes

rm -rf /home/runner/work/benchmarks/benchmarks/.ci/bent-run/gopath/bin
(cd /home/runner/work/benchmarks/benchmarks/.ci/bent-run/build/XGo; LLGO_COMMITTED_AT=2026-09-17T06:42:05+08:00 LLGO_BUILD_GO_VERSION=1.27.0 LLGO_BIN=/home/runner/work/benchmarks/benchmarks/.ci/llgo/llgo BENT_TIMING_LOG=/home/runner/work/benchmarks/benchmarks/.ci/bent-run/download-timings.log GOROOT_1_25_X64=/opt/hostedtoolcache/go/1.25.14/x64 LLGO_MAIN_INDEX=1661 LLGO_COMMIT=f5208c189edef8335ccc1f550854a0a07520f1c8 GO_VERSION=1.26.2 LLGO_REPOSITORY=xgo-dev/llgo GOROOT_1_24_X64=/opt/hostedtoolcache/go/1.24.13/x64 GOROOT_1_26_X64=/opt/hostedtoolcache/go/1.26.8/x64 BENT_REAL_GO=/opt/hostedtoolcache/go/1.26.2/x64/bin/go LLGO_ROOT=/home/runner/work/benchmarks/benchmarks/.ci/llgo LLGO_LTO_PLUGIN=/home/runner/work/benchmarks/benchmarks/.ci/llgo/ltoplugin/build/LLGOLTOPlugin.so GOPATH=/home/runner/work/benchmarks/benchmarks/.ci/bent-run/gopath GOOS=linux GOARCH=amd64 GO111MODULE=auto ROOT=/home/runner/work/benchmarks/benchmarks/.ci/bent-run GOROOT=/opt/hostedtoolcache/go/1.26.2/x64/ BENT_BENCH=XGo BENT_CONFIG=LLGoFullLTONoGlobalDCE BENT_I=0 GOCACHE=/home/runner/work/benchmarks/benchmarks/.ci/bent-run/build-cache/runs/cache-2726495085/go-build XDG_CACHE_HOME=/home/runner/work/benchmarks/benchmarks/.ci/bent-run/build-cache/runs/cache-2726495085/xdg LocalAppData=/home/runner/work/benchmarks/benchmarks/.ci/bent-run/build-cache/runs/cache-2726495085/local-app-data /home/runner/work/benchmarks/benchmarks/.ci/llgo/llgo build -o /home/runner/work/benchmarks/benchmarks/.ci/bent-run/testbin/XGo_LLGoFullLTONoGlobalDCE -lto=full -globaldce=false github.com/goplus/xgo/cmd/xgo )
goarch: amd64
toolchain: LLGoFullLTONoGlobalDCE
BenchmarkXGo 1 130053035829 build-real-ns/op 184373384000 build-user-ns/op 3364345000 build-sys-ns/op
toolchain: LLGoFullLTONoGlobalDCE
( LLGO_COMMITTED_AT=2026-09-17T06:42:05+08:00 LLGO_BUILD_GO_VERSION=1.27.0 LLGO_BIN=/home/runner/work/benchmarks/benchmarks/.ci/llgo/llgo BENT_TIMING_LOG=/home/runner/work/benchmarks/benchmarks/.ci/bent-run/download-timings.log GOROOT_1_25_X64=/opt/hostedtoolcache/go/1.25.14/x64 LLGO_MAIN_INDEX=1661 LLGO_COMMIT=f5208c189edef8335ccc1f550854a0a07520f1c8 GO_VERSION=1.26.2 LLGO_REPOSITORY=xgo-dev/llgo GOROOT_1_24_X64=/opt/hostedtoolcache/go/1.24.13/x64 GOROOT_1_26_X64=/opt/hostedtoolcache/go/1.26.8/x64 BENT_REAL_GO=/opt/hostedtoolcache/go/1.26.2/x64/bin/go LLGO_ROOT=/home/runner/work/benchmarks/benchmarks/.ci/llgo LLGO_LTO_PLUGIN=/home/runner/work/benchmarks/benchmarks/.ci/llgo/ltoplugin/build/LLGOLTOPlugin.so GOPATH=/home/runner/work/benchmarks/benchmarks/.ci/bent-run/gopath GOOS=linux GOARCH=amd64 GO111MODULE=auto ROOT=/home/runner/work/benchmarks/benchmarks/.ci/bent-run GOROOT=/opt/hostedtoolcache/go/1.26.2/x64/ BENT_BENCH=XGo BENT_CONFIG=LLGoFullLTONoGlobalDCE BENT_I=0 GOCACHE=/home/runner/work/benchmarks/benchmarks/.ci/bent-run/build-cache/runs/cache-2726495085/go-build XDG_CACHE_HOME=/home/runner/work/benchmarks/benchmarks/.ci/bent-run/build-cache/runs/cache-2726495085/xdg LocalAppData=/home/runner/work/benchmarks/benchmarks/.ci/bent-run/build-cache/runs/cache-2726495085/local-app-data /home/runner/work/benchmarks/benchmarks/.ci/bent-run/benchsize /home/runner/work/benchmarks/benchmarks/.ci/bent-run/testbin/XGo_LLGoFullLTONoGlobalDCE XGo )
goos: linux
goarch: amd64
pkg:
Unit total-bytes assume=exact
BenchmarkXGo 1 17103432 total-bytes
Unit text-bytes assume=exact
BenchmarkXGo 1 5768370 text-bytes
Unit data-bytes assume=exact
BenchmarkXGo 1 5722592 data-bytes
Unit rodata-bytes assume=exact
BenchmarkXGo 1 5496296 rodata-bytes
Unit pclntab-bytes assume=exact
BenchmarkXGo 1 0 pclntab-bytes
Unit debug-bytes assume=exact
BenchmarkXGo 1 0 debug-bytes

rm -rf /home/runner/work/benchmarks/benchmarks/.ci/bent-run/gopath/bin
(cd /home/runner/work/benchmarks/benchmarks/.ci/bent-run/build/toml; LLGO_COMMITTED_AT=2026-09-17T06:42:05+08:00 LLGO_BUILD_GO_VERSION=1.27.0 LLGO_BIN=/home/runner/work/benchmarks/benchmarks/.ci/llgo/llgo BENT_TIMING_LOG=/home/runner/work/benchmarks/benchmarks/.ci/bent-run/download-timings.log GOROOT_1_25_X64=/opt/hostedtoolcache/go/1.25.14/x64 LLGO_MAIN_INDEX=1661 LLGO_COMMIT=f5208c189edef8335ccc1f550854a0a07520f1c8 GO_VERSION=1.26.2 LLGO_REPOSITORY=xgo-dev/llgo GOROOT_1_24_X64=/opt/hostedtoolcache/go/1.24.13/x64 GOROOT_1_26_X64=/opt/hostedtoolcache/go/1.26.8/x64 BENT_REAL_GO=/opt/hostedtoolcache/go/1.26.2/x64/bin/go LLGO_ROOT=/home/runner/work/benchmarks/benchmarks/.ci/llgo LLGO_LTO_PLUGIN=/home/runner/work/benchmarks/benchmarks/.ci/llgo/ltoplugin/build/LLGOLTOPlugin.so GOPATH=/home/runner/work/benchmarks/benchmarks/.ci/bent-run/gopath GOOS=linux GOARCH=amd64 GO111MODULE=auto ROOT=/home/runner/work/benchmarks/benchmarks/.ci/bent-run GOROOT=/home/runner/work/benchmarks/benchmarks/.ci/bent-run/goroots/Go BENT_BENCH=toml BENT_CONFIG=Go BENT_I=0 GOCACHE=/home/runner/work/benchmarks/benchmarks/.ci/bent-run/build-cache/runs/cache-3560136526/go-build XDG_CACHE_HOME=/home/runner/work/benchmarks/benchmarks/.ci/bent-run/build-cache/runs/cache-3560136526/xdg LocalAppData=/home/runner/work/benchmarks/benchmarks/.ci/bent-run/build-cache/runs/cache-3560136526/local-app-data /home/runner/work/benchmarks/benchmarks/.ci/bent-run/goroots/Go/bin/go test -vet=off -c -o /home/runner/work/benchmarks/benchmarks/.ci/bent-run/testbin/toml_Go github.com/BurntSushi/toml )
goarch: amd64
toolchain: Go
BenchmarkToml 1 1090222596 build-real-ns/op 1853265000 build-user-ns/op 233486000 build-sys-ns/op
toolchain: Go
( LLGO_COMMITTED_AT=2026-09-17T06:42:05+08:00 LLGO_BUILD_GO_VERSION=1.27.0 LLGO_BIN=/home/runner/work/benchmarks/benchmarks/.ci/llgo/llgo BENT_TIMING_LOG=/home/runner/work/benchmarks/benchmarks/.ci/bent-run/download-timings.log GOROOT_1_25_X64=/opt/hostedtoolcache/go/1.25.14/x64 LLGO_MAIN_INDEX=1661 LLGO_COMMIT=f5208c189edef8335ccc1f550854a0a07520f1c8 GO_VERSION=1.26.2 LLGO_REPOSITORY=xgo-dev/llgo GOROOT_1_24_X64=/opt/hostedtoolcache/go/1.24.13/x64 GOROOT_1_26_X64=/opt/hostedtoolcache/go/1.26.8/x64 BENT_REAL_GO=/opt/hostedtoolcache/go/1.26.2/x64/bin/go LLGO_ROOT=/home/runner/work/benchmarks/benchmarks/.ci/llgo LLGO_LTO_PLUGIN=/home/runner/work/benchmarks/benchmarks/.ci/llgo/ltoplugin/build/LLGOLTOPlugin.so GOPATH=/home/runner/work/benchmarks/benchmarks/.ci/bent-run/gopath GOOS=linux GOARCH=amd64 GO111MODULE=auto ROOT=/home/runner/work/benchmarks/benchmarks/.ci/bent-run GOROOT=/home/runner/work/benchmarks/benchmarks/.ci/bent-run/goroots/Go BENT_BENCH=toml BENT_CONFIG=Go BENT_I=0 GOCACHE=/home/runner/work/benchmarks/benchmarks/.ci/bent-run/build-cache/runs/cache-3560136526/go-build XDG_CACHE_HOME=/home/runner/work/benchmarks/benchmarks/.ci/bent-run/build-cache/runs/cache-3560136526/xdg LocalAppData=/home/runner/work/benchmarks/benchmarks/.ci/bent-run/build-cache/runs/cache-3560136526/local-app-data /home/runner/work/benchmarks/benchmarks/.ci/bent-run/benchsize /home/runner/work/benchmarks/benchmarks/.ci/bent-run/testbin/toml_Go Toml )
goos: linux
goarch: amd64
pkg:
Unit total-bytes assume=exact
BenchmarkToml 1 7324958 total-bytes
Unit text-bytes assume=exact
BenchmarkToml 1 2270513 text-bytes
Unit data-bytes assume=exact
BenchmarkToml 1 1054996 data-bytes
Unit rodata-bytes assume=exact
BenchmarkToml 1 905569 rodata-bytes
Unit pclntab-bytes assume=exact
BenchmarkToml 1 1818042 pclntab-bytes
Unit debug-bytes assume=exact
BenchmarkToml 1 1575478 debug-bytes

rm -rf /home/runner/work/benchmarks/benchmarks/.ci/bent-run/gopath/bin
(cd /home/runner/work/benchmarks/benchmarks/.ci/bent-run/build/dustin_humanize; LLGO_COMMITTED_AT=2026-09-17T06:42:05+08:00 LLGO_BUILD_GO_VERSION=1.27.0 LLGO_BIN=/home/runner/work/benchmarks/benchmarks/.ci/llgo/llgo BENT_TIMING_LOG=/home/runner/work/benchmarks/benchmarks/.ci/bent-run/download-timings.log GOROOT_1_25_X64=/opt/hostedtoolcache/go/1.25.14/x64 LLGO_MAIN_INDEX=1661 LLGO_COMMIT=f5208c189edef8335ccc1f550854a0a07520f1c8 GO_VERSION=1.26.2 LLGO_REPOSITORY=xgo-dev/llgo GOROOT_1_24_X64=/opt/hostedtoolcache/go/1.24.13/x64 GOROOT_1_26_X64=/opt/hostedtoolcache/go/1.26.8/x64 BENT_REAL_GO=/opt/hostedtoolcache/go/1.26.2/x64/bin/go LLGO_ROOT=/home/runner/work/benchmarks/benchmarks/.ci/llgo LLGO_LTO_PLUGIN=/home/runner/work/benchmarks/benchmarks/.ci/llgo/ltoplugin/build/LLGOLTOPlugin.so GOPATH=/home/runner/work/benchmarks/benchmarks/.ci/bent-run/gopath GOOS=linux GOARCH=amd64 GO111MODULE=auto ROOT=/home/runner/work/benchmarks/benchmarks/.ci/bent-run GOROOT=/home/runner/work/benchmarks/benchmarks/.ci/bent-run/goroots/Go BENT_BENCH=dustin_humanize BENT_CONFIG=Go BENT_I=0 GOCACHE=/home/runner/work/benchmarks/benchmarks/.ci/bent-run/build-cache/runs/cache-1473993259/go-build XDG_CACHE_HOME=/home/runner/work/benchmarks/benchmarks/.ci/bent-run/build-cache/runs/cache-1473993259/xdg LocalAppData=/home/runner/work/benchmarks/benchmarks/.ci/bent-run/build-cache/runs/cache-1473993259/local-app-data /home/runner/work/benchmarks/benchmarks/.ci/bent-run/goroots/Go/bin/go test -vet=off -c -o /home/runner/work/benchmarks/benchmarks/.ci/bent-run/testbin/dustin_humanize_Go github.com/dustin/go-humanize )
goarch: amd64
toolchain: Go
BenchmarkDustin_humanize 1 384363608 build-real-ns/op 647255000 build-user-ns/op 167782000 build-sys-ns/op
toolchain: Go
( LLGO_COMMITTED_AT=2026-09-17T06:42:05+08:00 LLGO_BUILD_GO_VERSION=1.27.0 LLGO_BIN=/home/runner/work/benchmarks/benchmarks/.ci/llgo/llgo BENT_TIMING_LOG=/home/runner/work/benchmarks/benchmarks/.ci/bent-run/download-timings.log GOROOT_1_25_X64=/opt/hostedtoolcache/go/1.25.14/x64 LLGO_MAIN_INDEX=1661 LLGO_COMMIT=f5208c189edef8335ccc1f550854a0a07520f1c8 GO_VERSION=1.26.2 LLGO_REPOSITORY=xgo-dev/llgo GOROOT_1_24_X64=/opt/hostedtoolcache/go/1.24.13/x64 GOROOT_1_26_X64=/opt/hostedtoolcache/go/1.26.8/x64 BENT_REAL_GO=/opt/hostedtoolcache/go/1.26.2/x64/bin/go LLGO_ROOT=/home/runner/work/benchmarks/benchmarks/.ci/llgo LLGO_LTO_PLUGIN=/home/runner/work/benchmarks/benchmarks/.ci/llgo/ltoplugin/build/LLGOLTOPlugin.so GOPATH=/home/runner/work/benchmarks/benchmarks/.ci/bent-run/gopath GOOS=linux GOARCH=amd64 GO111MODULE=auto ROOT=/home/runner/work/benchmarks/benchmarks/.ci/bent-run GOROOT=/home/runner/work/benchmarks/benchmarks/.ci/bent-run/goroots/Go BENT_BENCH=dustin_humanize BENT_CONFIG=Go BENT_I=0 GOCACHE=/home/runner/work/benchmarks/benchmarks/.ci/bent-run/build-cache/runs/cache-1473993259/go-build XDG_CACHE_HOME=/home/runner/work/benchmarks/benchmarks/.ci/bent-run/build-cache/runs/cache-1473993259/xdg LocalAppData=/home/runner/work/benchmarks/benchmarks/.ci/bent-run/build-cache/runs/cache-1473993259/local-app-data /home/runner/work/benchmarks/benchmarks/.ci/bent-run/benchsize /home/runner/work/benchmarks/benchmarks/.ci/bent-run/testbin/dustin_humanize_Go Dustin_humanize )
goos: linux
goarch: amd64
pkg:
Unit total-bytes assume=exact
BenchmarkDustin_humanize 1 4999034 total-bytes
Unit text-bytes assume=exact
BenchmarkDustin_humanize 1 1533553 text-bytes
Unit data-bytes assume=exact
BenchmarkDustin_humanize 1 574420 data-bytes
Unit rodata-bytes assume=exact
BenchmarkDustin_humanize 1 429793 rodata-bytes
Unit pclntab-bytes assume=exact
BenchmarkDustin_humanize 1 1310667 pclntab-bytes
Unit debug-bytes assume=exact
BenchmarkDustin_humanize 1 1154248 debug-bytes

rm -rf /home/runner/work/benchmarks/benchmarks/.ci/bent-run/gopath/bin
(cd /home/runner/work/benchmarks/benchmarks/.ci/bent-run/build/dustin_humanize; LLGO_COMMITTED_AT=2026-09-17T06:42:05+08:00 LLGO_BUILD_GO_VERSION=1.27.0 LLGO_BIN=/home/runner/work/benchmarks/benchmarks/.ci/llgo/llgo BENT_TIMING_LOG=/home/runner/work/benchmarks/benchmarks/.ci/bent-run/download-timings.log GOROOT_1_25_X64=/opt/hostedtoolcache/go/1.25.14/x64 LLGO_MAIN_INDEX=1661 LLGO_COMMIT=f5208c189edef8335ccc1f550854a0a07520f1c8 GO_VERSION=1.26.2 LLGO_REPOSITORY=xgo-dev/llgo GOROOT_1_24_X64=/opt/hostedtoolcache/go/1.24.13/x64 GOROOT_1_26_X64=/opt/hostedtoolcache/go/1.26.8/x64 BENT_REAL_GO=/opt/hostedtoolcache/go/1.26.2/x64/bin/go LLGO_ROOT=/home/runner/work/benchmarks/benchmarks/.ci/llgo LLGO_LTO_PLUGIN=/home/runner/work/benchmarks/benchmarks/.ci/llgo/ltoplugin/build/LLGOLTOPlugin.so GOPATH=/home/runner/work/benchmarks/benchmarks/.ci/bent-run/gopath GOOS=linux GOARCH=amd64 GO111MODULE=auto ROOT=/home/runner/work/benchmarks/benchmarks/.ci/bent-run GOROOT=/opt/hostedtoolcache/go/1.26.2/x64/ BENT_BENCH=dustin_humanize BENT_CONFIG=LLGoFullLTOGlobalDCEPlugin BENT_I=0 GOCACHE=/home/runner/work/benchmarks/benchmarks/.ci/bent-run/build-cache/runs/cache-2372742789/go-build XDG_CACHE_HOME=/home/runner/work/benchmarks/benchmarks/.ci/bent-run/build-cache/runs/cache-2372742789/xdg LocalAppData=/home/runner/work/benchmarks/benchmarks/.ci/bent-run/build-cache/runs/cache-2372742789/local-app-data /home/runner/work/benchmarks/benchmarks/.ci/llgo/llgo test -c -o /home/runner/work/benchmarks/benchmarks/.ci/bent-run/testbin/dustin_humanize_LLGoFullLTOGlobalDCEPlugin -lto=full -lto-pass-plugin=/home/runner/work/benchmarks/benchmarks/.ci/llgo/ltoplugin/build/LLGOLTOPlugin.so github.com/dustin/go-humanize )
goarch: amd64
toolchain: LLGoFullLTOGlobalDCEPlugin
BenchmarkDustin_humanize 1 18349478630 build-real-ns/op 25188007000 build-user-ns/op 886465000 build-sys-ns/op
toolchain: LLGoFullLTOGlobalDCEPlugin
( LLGO_COMMITTED_AT=2026-09-17T06:42:05+08:00 LLGO_BUILD_GO_VERSION=1.27.0 LLGO_BIN=/home/runner/work/benchmarks/benchmarks/.ci/llgo/llgo BENT_TIMING_LOG=/home/runner/work/benchmarks/benchmarks/.ci/bent-run/download-timings.log GOROOT_1_25_X64=/opt/hostedtoolcache/go/1.25.14/x64 LLGO_MAIN_INDEX=1661 LLGO_COMMIT=f5208c189edef8335ccc1f550854a0a07520f1c8 GO_VERSION=1.26.2 LLGO_REPOSITORY=xgo-dev/llgo GOROOT_1_24_X64=/opt/hostedtoolcache/go/1.24.13/x64 GOROOT_1_26_X64=/opt/hostedtoolcache/go/1.26.8/x64 BENT_REAL_GO=/opt/hostedtoolcache/go/1.26.2/x64/bin/go LLGO_ROOT=/home/runner/work/benchmarks/benchmarks/.ci/llgo LLGO_LTO_PLUGIN=/home/runner/work/benchmarks/benchmarks/.ci/llgo/ltoplugin/build/LLGOLTOPlugin.so GOPATH=/home/runner/work/benchmarks/benchmarks/.ci/bent-run/gopath GOOS=linux GOARCH=amd64 GO111MODULE=auto ROOT=/home/runner/work/benchmarks/benchmarks/.ci/bent-run GOROOT=/opt/hostedtoolcache/go/1.26.2/x64/ BENT_BENCH=dustin_humanize BENT_CONFIG=LLGoFullLTOGlobalDCEPlugin BENT_I=0 GOCACHE=/home/runner/work/benchmarks/benchmarks/.ci/bent-run/build-cache/runs/cache-2372742789/go-build XDG_CACHE_HOME=/home/runner/work/benchmarks/benchmarks/.ci/bent-run/build-cache/runs/cache-2372742789/xdg LocalAppData=/home/runner/work/benchmarks/benchmarks/.ci/bent-run/build-cache/runs/cache-2372742789/local-app-data /home/runner/work/benchmarks/benchmarks/.ci/bent-run/benchsize /home/runner/work/benchmarks/benchmarks/.ci/bent-run/testbin/dustin_humanize_LLGoFullLTOGlobalDCEPlugin Dustin_humanize )
goos: linux
goarch: amd64
pkg:
Unit total-bytes assume=exact
BenchmarkDustin_humanize 1 3246912 total-bytes
Unit text-bytes assume=exact
BenchmarkDustin_humanize 1 936730 text-bytes
Unit data-bytes assume=exact
BenchmarkDustin_humanize 1 1502792 data-bytes
Unit rodata-bytes assume=exact
BenchmarkDustin_humanize 1 1414640 rodata-bytes
Unit pclntab-bytes assume=exact
BenchmarkDustin_humanize 1 0 pclntab-bytes
Unit debug-bytes assume=exact
BenchmarkDustin_humanize 1 0 debug-bytes

rm -rf /home/runner/work/benchmarks/benchmarks/.ci/bent-run/gopath/bin
(cd /home/runner/work/benchmarks/benchmarks/.ci/bent-run/build/k8s_workqueue; LLGO_COMMITTED_AT=2026-09-17T06:42:05+08:00 LLGO_BUILD_GO_VERSION=1.27.0 LLGO_BIN=/home/runner/work/benchmarks/benchmarks/.ci/llgo/llgo BENT_TIMING_LOG=/home/runner/work/benchmarks/benchmarks/.ci/bent-run/download-timings.log GOROOT_1_25_X64=/opt/hostedtoolcache/go/1.25.14/x64 LLGO_MAIN_INDEX=1661 LLGO_COMMIT=f5208c189edef8335ccc1f550854a0a07520f1c8 GO_VERSION=1.26.2 LLGO_REPOSITORY=xgo-dev/llgo GOROOT_1_24_X64=/opt/hostedtoolcache/go/1.24.13/x64 GOROOT_1_26_X64=/opt/hostedtoolcache/go/1.26.8/x64 BENT_REAL_GO=/opt/hostedtoolcache/go/1.26.2/x64/bin/go LLGO_ROOT=/home/runner/work/benchmarks/benchmarks/.ci/llgo LLGO_LTO_PLUGIN=/home/runner/work/benchmarks/benchmarks/.ci/llgo/ltoplugin/build/LLGOLTOPlugin.so GOPATH=/home/runner/work/benchmarks/benchmarks/.ci/bent-run/gopath GOOS=linux GOARCH=amd64 GO111MODULE=auto ROOT=/home/runner/work/benchmarks/benchmarks/.ci/bent-run GOROOT=/opt/hostedtoolcache/go/1.26.2/x64/ BENT_BENCH=k8s_workqueue BENT_CONFIG=LLGoDeadcodeDrop BENT_I=0 GOCACHE=/home/runner/work/benchmarks/benchmarks/.ci/bent-run/build-cache/runs/cache-1052573804/go-build XDG_CACHE_HOME=/home/runner/work/benchmarks/benchmarks/.ci/bent-run/build-cache/runs/cache-1052573804/xdg LocalAppData=/home/runner/work/benchmarks/benchmarks/.ci/bent-run/build-cache/runs/cache-1052573804/local-app-data /home/runner/work/benchmarks/benchmarks/.ci/llgo/llgo test -c -o /home/runner/work/benchmarks/benchmarks/.ci/bent-run/testbin/k8s_workqueue_LLGoDeadcodeDrop -deadcodedrop k8s.io/client-go/util/workqueue )
goarch: amd64
toolchain: LLGoDeadcodeDrop
BenchmarkK8s_workqueue 1 24488514508 build-real-ns/op 50422939000 build-user-ns/op 1649057000 build-sys-ns/op
toolchain: LLGoDeadcodeDrop
( LLGO_COMMITTED_AT=2026-09-17T06:42:05+08:00 LLGO_BUILD_GO_VERSION=1.27.0 LLGO_BIN=/home/runner/work/benchmarks/benchmarks/.ci/llgo/llgo BENT_TIMING_LOG=/home/runner/work/benchmarks/benchmarks/.ci/bent-run/download-timings.log GOROOT_1_25_X64=/opt/hostedtoolcache/go/1.25.14/x64 LLGO_MAIN_INDEX=1661 LLGO_COMMIT=f5208c189edef8335ccc1f550854a0a07520f1c8 GO_VERSION=1.26.2 LLGO_REPOSITORY=xgo-dev/llgo GOROOT_1_24_X64=/opt/hostedtoolcache/go/1.24.13/x64 GOROOT_1_26_X64=/opt/hostedtoolcache/go/1.26.8/x64 BENT_REAL_GO=/opt/hostedtoolcache/go/1.26.2/x64/bin/go LLGO_ROOT=/home/runner/work/benchmarks/benchmarks/.ci/llgo LLGO_LTO_PLUGIN=/home/runner/work/benchmarks/benchmarks/.ci/llgo/ltoplugin/build/LLGOLTOPlugin.so GOPATH=/home/runner/work/benchmarks/benchmarks/.ci/bent-run/gopath GOOS=linux GOARCH=amd64 GO111MODULE=auto ROOT=/home/runner/work/benchmarks/benchmarks/.ci/bent-run GOROOT=/opt/hostedtoolcache/go/1.26.2/x64/ BENT_BENCH=k8s_workqueue BENT_CONFIG=LLGoDeadcodeDrop BENT_I=0 GOCACHE=/home/runner/work/benchmarks/benchmarks/.ci/bent-run/build-cache/runs/cache-1052573804/go-build XDG_CACHE_HOME=/home/runner/work/benchmarks/benchmarks/.ci/bent-run/build-cache/runs/cache-1052573804/xdg LocalAppData=/home/runner/work/benchmarks/benchmarks/.ci/bent-run/build-cache/runs/cache-1052573804/local-app-data /home/runner/work/benchmarks/benchmarks/.ci/bent-run/benchsize /home/runner/work/benchmarks/benchmarks/.ci/bent-run/testbin/k8s_workqueue_LLGoDeadcodeDrop K8s_workqueue )
goos: linux
goarch: amd64
pkg:
Unit total-bytes assume=exact
BenchmarkK8s_workqueue 1 10691176 total-bytes
Unit text-bytes assume=exact
BenchmarkK8s_workqueue 1 3792553 text-bytes
Unit data-bytes assume=exact
BenchmarkK8s_workqueue 1 3702504 data-bytes
Unit rodata-bytes assume=exact
BenchmarkK8s_workqueue 1 2100760 rodata-bytes
Unit pclntab-bytes assume=exact
BenchmarkK8s_workqueue 1 0 pclntab-bytes
Unit debug-bytes assume=exact
BenchmarkK8s_workqueue 1 0 debug-bytes

rm -rf /home/runner/work/benchmarks/benchmarks/.ci/bent-run/gopath/bin
(cd /home/runner/work/benchmarks/benchmarks/.ci/bent-run/build/k8s_workqueue; LLGO_COMMITTED_AT=2026-09-17T06:42:05+08:00 LLGO_BUILD_GO_VERSION=1.27.0 LLGO_BIN=/home/runner/work/benchmarks/benchmarks/.ci/llgo/llgo BENT_TIMING_LOG=/home/runner/work/benchmarks/benchmarks/.ci/bent-run/download-timings.log GOROOT_1_25_X64=/opt/hostedtoolcache/go/1.25.14/x64 LLGO_MAIN_INDEX=1661 LLGO_COMMIT=f5208c189edef8335ccc1f550854a0a07520f1c8 GO_VERSION=1.26.2 LLGO_REPOSITORY=xgo-dev/llgo GOROOT_1_24_X64=/opt/hostedtoolcache/go/1.24.13/x64 GOROOT_1_26_X64=/opt/hostedtoolcache/go/1.26.8/x64 BENT_REAL_GO=/opt/hostedtoolcache/go/1.26.2/x64/bin/go LLGO_ROOT=/home/runner/work/benchmarks/benchmarks/.ci/llgo LLGO_LTO_PLUGIN=/home/runner/work/benchmarks/benchmarks/.ci/llgo/ltoplugin/build/LLGOLTOPlugin.so GOPATH=/home/runner/work/benchmarks/benchmarks/.ci/bent-run/gopath GOOS=linux GOARCH=amd64 GO111MODULE=auto ROOT=/home/runner/work/benchmarks/benchmarks/.ci/bent-run GOROOT=/opt/hostedtoolcache/go/1.26.2/x64/ BENT_BENCH=k8s_workqueue BENT_CONFIG=LLGoFullLTOGlobalDCE BENT_I=0 GOCACHE=/home/runner/work/benchmarks/benchmarks/.ci/bent-run/build-cache/runs/cache-2459192396/go-build XDG_CACHE_HOME=/home/runner/work/benchmarks/benchmarks/.ci/bent-run/build-cache/runs/cache-2459192396/xdg LocalAppData=/home/runner/work/benchmarks/benchmarks/.ci/bent-run/build-cache/runs/cache-2459192396/local-app-data /home/runner/work/benchmarks/benchmarks/.ci/llgo/llgo test -c -o /home/runner/work/benchmarks/benchmarks/.ci/bent-run/testbin/k8s_workqueue_LLGoFullLTOGlobalDCE -lto=full k8s.io/client-go/util/workqueue )
goarch: amd64
toolchain: LLGoFullLTOGlobalDCE
BenchmarkK8s_workqueue 1 80566722394 build-real-ns/op 102543341000 build-user-ns/op 1789969000 build-sys-ns/op
toolchain: LLGoFullLTOGlobalDCE
( LLGO_COMMITTED_AT=2026-09-17T06:42:05+08:00 LLGO_BUILD_GO_VERSION=1.27.0 LLGO_BIN=/home/runner/work/benchmarks/benchmarks/.ci/llgo/llgo BENT_TIMING_LOG=/home/runner/work/benchmarks/benchmarks/.ci/bent-run/download-timings.log GOROOT_1_25_X64=/opt/hostedtoolcache/go/1.25.14/x64 LLGO_MAIN_INDEX=1661 LLGO_COMMIT=f5208c189edef8335ccc1f550854a0a07520f1c8 GO_VERSION=1.26.2 LLGO_REPOSITORY=xgo-dev/llgo GOROOT_1_24_X64=/opt/hostedtoolcache/go/1.24.13/x64 GOROOT_1_26_X64=/opt/hostedtoolcache/go/1.26.8/x64 BENT_REAL_GO=/opt/hostedtoolcache/go/1.26.2/x64/bin/go LLGO_ROOT=/home/runner/work/benchmarks/benchmarks/.ci/llgo LLGO_LTO_PLUGIN=/home/runner/work/benchmarks/benchmarks/.ci/llgo/ltoplugin/build/LLGOLTOPlugin.so GOPATH=/home/runner/work/benchmarks/benchmarks/.ci/bent-run/gopath GOOS=linux GOARCH=amd64 GO111MODULE=auto ROOT=/home/runner/work/benchmarks/benchmarks/.ci/bent-run GOROOT=/opt/hostedtoolcache/go/1.26.2/x64/ BENT_BENCH=k8s_workqueue BENT_CONFIG=LLGoFullLTOGlobalDCE BENT_I=0 GOCACHE=/home/runner/work/benchmarks/benchmarks/.ci/bent-run/build-cache/runs/cache-2459192396/go-build XDG_CACHE_HOME=/home/runner/work/benchmarks/benchmarks/.ci/bent-run/build-cache/runs/cache-2459192396/xdg LocalAppData=/home/runner/work/benchmarks/benchmarks/.ci/bent-run/build-cache/runs/cache-2459192396/local-app-data /home/runner/work/benchmarks/benchmarks/.ci/bent-run/benchsize /home/runner/work/benchmarks/benchmarks/.ci/bent-run/testbin/k8s_workqueue_LLGoFullLTOGlobalDCE K8s_workqueue )
goos: linux
goarch: amd64
pkg:
Unit total-bytes assume=exact
BenchmarkK8s_workqueue 1 10800456 total-bytes
Unit text-bytes assume=exact
BenchmarkK8s_workqueue 1 3829219 text-bytes
Unit data-bytes assume=exact
BenchmarkK8s_workqueue 1 3714520 data-bytes
Unit rodata-bytes assume=exact
BenchmarkK8s_workqueue 1 3495920 rodata-bytes
Unit pclntab-bytes assume=exact
BenchmarkK8s_workqueue 1 0 pclntab-bytes
Unit debug-bytes assume=exact
BenchmarkK8s_workqueue 1 0 debug-bytes

rm -rf /home/runner/work/benchmarks/benchmarks/.ci/bent-run/gopath/bin
(cd /home/runner/work/benchmarks/benchmarks/.ci/bent-run/build/toml; LLGO_COMMITTED_AT=2026-09-17T06:42:05+08:00 LLGO_BUILD_GO_VERSION=1.27.0 LLGO_BIN=/home/runner/work/benchmarks/benchmarks/.ci/llgo/llgo BENT_TIMING_LOG=/home/runner/work/benchmarks/benchmarks/.ci/bent-run/download-timings.log GOROOT_1_25_X64=/opt/hostedtoolcache/go/1.25.14/x64 LLGO_MAIN_INDEX=1661 LLGO_COMMIT=f5208c189edef8335ccc1f550854a0a07520f1c8 GO_VERSION=1.26.2 LLGO_REPOSITORY=xgo-dev/llgo GOROOT_1_24_X64=/opt/hostedtoolcache/go/1.24.13/x64 GOROOT_1_26_X64=/opt/hostedtoolcache/go/1.26.8/x64 BENT_REAL_GO=/opt/hostedtoolcache/go/1.26.2/x64/bin/go LLGO_ROOT=/home/runner/work/benchmarks/benchmarks/.ci/llgo LLGO_LTO_PLUGIN=/home/runner/work/benchmarks/benchmarks/.ci/llgo/ltoplugin/build/LLGOLTOPlugin.so GOPATH=/home/runner/work/benchmarks/benchmarks/.ci/bent-run/gopath GOOS=linux GOARCH=amd64 GO111MODULE=auto ROOT=/home/runner/work/benchmarks/benchmarks/.ci/bent-run GOROOT=/opt/hostedtoolcache/go/1.26.2/x64/ BENT_BENCH=toml BENT_CONFIG=LLGoNoLTO BENT_I=0 GOCACHE=/home/runner/work/benchmarks/benchmarks/.ci/bent-run/build-cache/runs/cache-2857551350/go-build XDG_CACHE_HOME=/home/runner/work/benchmarks/benchmarks/.ci/bent-run/build-cache/runs/cache-2857551350/xdg LocalAppData=/home/runner/work/benchmarks/benchmarks/.ci/bent-run/build-cache/runs/cache-2857551350/local-app-data /home/runner/work/benchmarks/benchmarks/.ci/llgo/llgo test -c -o /home/runner/work/benchmarks/benchmarks/.ci/bent-run/testbin/toml_LLGoNoLTO github.com/BurntSushi/toml )
goarch: amd64
toolchain: LLGoNoLTO
BenchmarkToml 1 9044594011 build-real-ns/op 23183978000 build-user-ns/op 919132000 build-sys-ns/op
toolchain: LLGoNoLTO
( LLGO_COMMITTED_AT=2026-09-17T06:42:05+08:00 LLGO_BUILD_GO_VERSION=1.27.0 LLGO_BIN=/home/runner/work/benchmarks/benchmarks/.ci/llgo/llgo BENT_TIMING_LOG=/home/runner/work/benchmarks/benchmarks/.ci/bent-run/download-timings.log GOROOT_1_25_X64=/opt/hostedtoolcache/go/1.25.14/x64 LLGO_MAIN_INDEX=1661 LLGO_COMMIT=f5208c189edef8335ccc1f550854a0a07520f1c8 GO_VERSION=1.26.2 LLGO_REPOSITORY=xgo-dev/llgo GOROOT_1_24_X64=/opt/hostedtoolcache/go/1.24.13/x64 GOROOT_1_26_X64=/opt/hostedtoolcache/go/1.26.8/x64 BENT_REAL_GO=/opt/hostedtoolcache/go/1.26.2/x64/bin/go LLGO_ROOT=/home/runner/work/benchmarks/benchmarks/.ci/llgo LLGO_LTO_PLUGIN=/home/runner/work/benchmarks/benchmarks/.ci/llgo/ltoplugin/build/LLGOLTOPlugin.so GOPATH=/home/runner/work/benchmarks/benchmarks/.ci/bent-run/gopath GOOS=linux GOARCH=amd64 GO111MODULE=auto ROOT=/home/runner/work/benchmarks/benchmarks/.ci/bent-run GOROOT=/opt/hostedtoolcache/go/1.26.2/x64/ BENT_BENCH=toml BENT_CONFIG=LLGoNoLTO BENT_I=0 GOCACHE=/home/runner/work/benchmarks/benchmarks/.ci/bent-run/build-cache/runs/cache-2857551350/go-build XDG_CACHE_HOME=/home/runner/work/benchmarks/benchmarks/.ci/bent-run/build-cache/runs/cache-2857551350/xdg LocalAppData=/home/runner/work/benchmarks/benchmarks/.ci/bent-run/build-cache/runs/cache-2857551350/local-app-data /home/runner/work/benchmarks/benchmarks/.ci/bent-run/benchsize /home/runner/work/benchmarks/benchmarks/.ci/bent-run/testbin/toml_LLGoNoLTO Toml )
goos: linux
goarch: amd64
pkg:
Unit total-bytes assume=exact
BenchmarkToml 1 6193232 total-bytes
Unit text-bytes assume=exact
BenchmarkToml 1 2337147 text-bytes
Unit data-bytes assume=exact
BenchmarkToml 1 2108312 data-bytes
Unit rodata-bytes assume=exact
BenchmarkToml 1 1303568 rodata-bytes
Unit pclntab-bytes assume=exact
BenchmarkToml 1 0 pclntab-bytes
Unit debug-bytes assume=exact
BenchmarkToml 1 0 debug-bytes

rm -rf /home/runner/work/benchmarks/benchmarks/.ci/bent-run/gopath/bin
(cd /home/runner/work/benchmarks/benchmarks/.ci/bent-run/build/aws_restjson_v1; LLGO_COMMITTED_AT=2026-09-17T06:42:05+08:00 LLGO_BUILD_GO_VERSION=1.27.0 LLGO_BIN=/home/runner/work/benchmarks/benchmarks/.ci/llgo/llgo BENT_TIMING_LOG=/home/runner/work/benchmarks/benchmarks/.ci/bent-run/download-timings.log GOROOT_1_25_X64=/opt/hostedtoolcache/go/1.25.14/x64 LLGO_MAIN_INDEX=1661 LLGO_COMMIT=f5208c189edef8335ccc1f550854a0a07520f1c8 GO_VERSION=1.26.2 LLGO_REPOSITORY=xgo-dev/llgo GOROOT_1_24_X64=/opt/hostedtoolcache/go/1.24.13/x64 GOROOT_1_26_X64=/opt/hostedtoolcache/go/1.26.8/x64 BENT_REAL_GO=/opt/hostedtoolcache/go/1.26.2/x64/bin/go LLGO_ROOT=/home/runner/work/benchmarks/benchmarks/.ci/llgo LLGO_LTO_PLUGIN=/home/runner/work/benchmarks/benchmarks/.ci/llgo/ltoplugin/build/LLGOLTOPlugin.so GOPATH=/home/runner/work/benchmarks/benchmarks/.ci/bent-run/gopath GOOS=linux GOARCH=amd64 GO111MODULE=auto ROOT=/home/runner/work/benchmarks/benchmarks/.ci/bent-run GOROOT=/opt/hostedtoolcache/go/1.26.2/x64/ BENT_BENCH=aws_restjson BENT_CONFIG=LLGoNoLTO BENT_I=0 GOCACHE=/home/runner/work/benchmarks/benchmarks/.ci/bent-run/build-cache/runs/cache-2529271476/go-build XDG_CACHE_HOME=/home/runner/work/benchmarks/benchmarks/.ci/bent-run/build-cache/runs/cache-2529271476/xdg LocalAppData=/home/runner/work/benchmarks/benchmarks/.ci/bent-run/build-cache/runs/cache-2529271476/local-app-data /home/runner/work/benchmarks/benchmarks/.ci/llgo/llgo test -c -o /home/runner/work/benchmarks/benchmarks/.ci/bent-run/testbin/aws_restjson_v1_LLGoNoLTO github.com/aws/aws-sdk-go/private/protocol/restjson )
goarch: amd64
toolchain: LLGoNoLTO
BenchmarkAws_restjson 1 60645957076 build-real-ns/op 102918863000 build-user-ns/op 1953967000 build-sys-ns/op
toolchain: LLGoNoLTO
( LLGO_COMMITTED_AT=2026-09-17T06:42:05+08:00 LLGO_BUILD_GO_VERSION=1.27.0 LLGO_BIN=/home/runner/work/benchmarks/benchmarks/.ci/llgo/llgo BENT_TIMING_LOG=/home/runner/work/benchmarks/benchmarks/.ci/bent-run/download-timings.log GOROOT_1_25_X64=/opt/hostedtoolcache/go/1.25.14/x64 LLGO_MAIN_INDEX=1661 LLGO_COMMIT=f5208c189edef8335ccc1f550854a0a07520f1c8 GO_VERSION=1.26.2 LLGO_REPOSITORY=xgo-dev/llgo GOROOT_1_24_X64=/opt/hostedtoolcache/go/1.24.13/x64 GOROOT_1_26_X64=/opt/hostedtoolcache/go/1.26.8/x64 BENT_REAL_GO=/opt/hostedtoolcache/go/1.26.2/x64/bin/go LLGO_ROOT=/home/runner/work/benchmarks/benchmarks/.ci/llgo LLGO_LTO_PLUGIN=/home/runner/work/benchmarks/benchmarks/.ci/llgo/ltoplugin/build/LLGOLTOPlugin.so GOPATH=/home/runner/work/benchmarks/benchmarks/.ci/bent-run/gopath GOOS=linux GOARCH=amd64 GO111MODULE=auto ROOT=/home/runner/work/benchmarks/benchmarks/.ci/bent-run GOROOT=/opt/hostedtoolcache/go/1.26.2/x64/ BENT_BENCH=aws_restjson BENT_CONFIG=LLGoNoLTO BENT_I=0 GOCACHE=/home/runner/work/benchmarks/benchmarks/.ci/bent-run/build-cache/runs/cache-2529271476/go-build XDG_CACHE_HOME=/home/runner/work/benchmarks/benchmarks/.ci/bent-run/build-cache/runs/cache-2529271476/xdg LocalAppData=/home/runner/work/benchmarks/benchmarks/.ci/bent-run/build-cache/runs/cache-2529271476/local-app-data /home/runner/work/benchmarks/benchmarks/.ci/bent-run/benchsize /home/runner/work/benchmarks/benchmarks/.ci/bent-run/testbin/aws_restjson_v1_LLGoNoLTO Aws_restjson )
goos: linux
goarch: amd64
pkg:
Unit total-bytes assume=exact
BenchmarkAws_restjson 1 12905600 total-bytes
Unit text-bytes assume=exact
BenchmarkAws_restjson 1 5003264 text-bytes
Unit data-bytes assume=exact
BenchmarkAws_restjson 1 4085912 data-bytes
Unit rodata-bytes assume=exact
BenchmarkAws_restjson 1 2372672 rodata-bytes
Unit pclntab-bytes assume=exact
BenchmarkAws_restjson 1 0 pclntab-bytes
Unit debug-bytes assume=exact
BenchmarkAws_restjson 1 0 debug-bytes

rm -rf /home/runner/work/benchmarks/benchmarks/.ci/bent-run/gopath/bin
(cd /home/runner/work/benchmarks/benchmarks/.ci/bent-run/build/aws_restjson_v1; LLGO_COMMITTED_AT=2026-09-17T06:42:05+08:00 LLGO_BUILD_GO_VERSION=1.27.0 LLGO_BIN=/home/runner/work/benchmarks/benchmarks/.ci/llgo/llgo BENT_TIMING_LOG=/home/runner/work/benchmarks/benchmarks/.ci/bent-run/download-timings.log GOROOT_1_25_X64=/opt/hostedtoolcache/go/1.25.14/x64 LLGO_MAIN_INDEX=1661 LLGO_COMMIT=f5208c189edef8335ccc1f550854a0a07520f1c8 GO_VERSION=1.26.2 LLGO_REPOSITORY=xgo-dev/llgo GOROOT_1_24_X64=/opt/hostedtoolcache/go/1.24.13/x64 GOROOT_1_26_X64=/opt/hostedtoolcache/go/1.26.8/x64 BENT_REAL_GO=/opt/hostedtoolcache/go/1.26.2/x64/bin/go LLGO_ROOT=/home/runner/work/benchmarks/benchmarks/.ci/llgo LLGO_LTO_PLUGIN=/home/runner/work/benchmarks/benchmarks/.ci/llgo/ltoplugin/build/LLGOLTOPlugin.so GOPATH=/home/runner/work/benchmarks/benchmarks/.ci/bent-run/gopath GOOS=linux GOARCH=amd64 GO111MODULE=auto ROOT=/home/runner/work/benchmarks/benchmarks/.ci/bent-run GOROOT=/opt/hostedtoolcache/go/1.26.2/x64/ BENT_BENCH=aws_restjson BENT_CONFIG=LLGoFullLTOGlobalDCEPlugin BENT_I=0 GOCACHE=/home/runner/work/benchmarks/benchmarks/.ci/bent-run/build-cache/runs/cache-878857206/go-build XDG_CACHE_HOME=/home/runner/work/benchmarks/benchmarks/.ci/bent-run/build-cache/runs/cache-878857206/xdg LocalAppData=/home/runner/work/benchmarks/benchmarks/.ci/bent-run/build-cache/runs/cache-878857206/local-app-data /home/runner/work/benchmarks/benchmarks/.ci/llgo/llgo test -c -o /home/runner/work/benchmarks/benchmarks/.ci/bent-run/testbin/aws_restjson_v1_LLGoFullLTOGlobalDCEPlugin -lto=full -lto-pass-plugin=/home/runner/work/benchmarks/benchmarks/.ci/llgo/ltoplugin/build/LLGOLTOPlugin.so github.com/aws/aws-sdk-go/private/protocol/restjson )
goarch: amd64
toolchain: LLGoFullLTOGlobalDCEPlugin
BenchmarkAws_restjson 1 106908603618 build-real-ns/op 143217684000 build-user-ns/op 2294251000 build-sys-ns/op
toolchain: LLGoFullLTOGlobalDCEPlugin
( LLGO_COMMITTED_AT=2026-09-17T06:42:05+08:00 LLGO_BUILD_GO_VERSION=1.27.0 LLGO_BIN=/home/runner/work/benchmarks/benchmarks/.ci/llgo/llgo BENT_TIMING_LOG=/home/runner/work/benchmarks/benchmarks/.ci/bent-run/download-timings.log GOROOT_1_25_X64=/opt/hostedtoolcache/go/1.25.14/x64 LLGO_MAIN_INDEX=1661 LLGO_COMMIT=f5208c189edef8335ccc1f550854a0a07520f1c8 GO_VERSION=1.26.2 LLGO_REPOSITORY=xgo-dev/llgo GOROOT_1_24_X64=/opt/hostedtoolcache/go/1.24.13/x64 GOROOT_1_26_X64=/opt/hostedtoolcache/go/1.26.8/x64 BENT_REAL_GO=/opt/hostedtoolcache/go/1.26.2/x64/bin/go LLGO_ROOT=/home/runner/work/benchmarks/benchmarks/.ci/llgo LLGO_LTO_PLUGIN=/home/runner/work/benchmarks/benchmarks/.ci/llgo/ltoplugin/build/LLGOLTOPlugin.so GOPATH=/home/runner/work/benchmarks/benchmarks/.ci/bent-run/gopath GOOS=linux GOARCH=amd64 GO111MODULE=auto ROOT=/home/runner/work/benchmarks/benchmarks/.ci/bent-run GOROOT=/opt/hostedtoolcache/go/1.26.2/x64/ BENT_BENCH=aws_restjson BENT_CONFIG=LLGoFullLTOGlobalDCEPlugin BENT_I=0 GOCACHE=/home/runner/work/benchmarks/benchmarks/.ci/bent-run/build-cache/runs/cache-878857206/go-build XDG_CACHE_HOME=/home/runner/work/benchmarks/benchmarks/.ci/bent-run/build-cache/runs/cache-878857206/xdg LocalAppData=/home/runner/work/benchmarks/benchmarks/.ci/bent-run/build-cache/runs/cache-878857206/local-app-data /home/runner/work/benchmarks/benchmarks/.ci/bent-run/benchsize /home/runner/work/benchmarks/benchmarks/.ci/bent-run/testbin/aws_restjson_v1_LLGoFullLTOGlobalDCEPlugin Aws_restjson )
goos: linux
goarch: amd64
pkg:
Unit total-bytes assume=exact
BenchmarkAws_restjson 1 10244624 total-bytes
Unit text-bytes assume=exact
BenchmarkAws_restjson 1 3596465 text-bytes
Unit data-bytes assume=exact
BenchmarkAws_restjson 1 4024064 data-bytes
Unit rodata-bytes assume=exact
BenchmarkAws_restjson 1 3801936 rodata-bytes
Unit pclntab-bytes assume=exact
BenchmarkAws_restjson 1 0 pclntab-bytes
Unit debug-bytes assume=exact
BenchmarkAws_restjson 1 0 debug-bytes

rm -rf /home/runner/work/benchmarks/benchmarks/.ci/bent-run/gopath/bin
(cd /home/runner/work/benchmarks/benchmarks/.ci/bent-run/build/gorm_schema; LLGO_COMMITTED_AT=2026-09-17T06:42:05+08:00 LLGO_BUILD_GO_VERSION=1.27.0 LLGO_BIN=/home/runner/work/benchmarks/benchmarks/.ci/llgo/llgo BENT_TIMING_LOG=/home/runner/work/benchmarks/benchmarks/.ci/bent-run/download-timings.log GOROOT_1_25_X64=/opt/hostedtoolcache/go/1.25.14/x64 LLGO_MAIN_INDEX=1661 LLGO_COMMIT=f5208c189edef8335ccc1f550854a0a07520f1c8 GO_VERSION=1.26.2 LLGO_REPOSITORY=xgo-dev/llgo GOROOT_1_24_X64=/opt/hostedtoolcache/go/1.24.13/x64 GOROOT_1_26_X64=/opt/hostedtoolcache/go/1.26.8/x64 BENT_REAL_GO=/opt/hostedtoolcache/go/1.26.2/x64/bin/go LLGO_ROOT=/home/runner/work/benchmarks/benchmarks/.ci/llgo LLGO_LTO_PLUGIN=/home/runner/work/benchmarks/benchmarks/.ci/llgo/ltoplugin/build/LLGOLTOPlugin.so GOPATH=/home/runner/work/benchmarks/benchmarks/.ci/bent-run/gopath GOOS=linux GOARCH=amd64 GO111MODULE=auto ROOT=/home/runner/work/benchmarks/benchmarks/.ci/bent-run GOROOT=/opt/hostedtoolcache/go/1.26.2/x64/ BENT_BENCH=gorm_schema BENT_CONFIG=LLGoFullLTONoGlobalDCE BENT_I=0 GOCACHE=/home/runner/work/benchmarks/benchmarks/.ci/bent-run/build-cache/runs/cache-885591134/go-build XDG_CACHE_HOME=/home/runner/work/benchmarks/benchmarks/.ci/bent-run/build-cache/runs/cache-885591134/xdg LocalAppData=/home/runner/work/benchmarks/benchmarks/.ci/bent-run/build-cache/runs/cache-885591134/local-app-data /home/runner/work/benchmarks/benchmarks/.ci/llgo/llgo test -c -o /home/runner/work/benchmarks/benchmarks/.ci/bent-run/testbin/gorm_schema_LLGoFullLTONoGlobalDCE -lto=full -globaldce=false gorm.io/gorm/schema )
goarch: amd64
toolchain: LLGoFullLTONoGlobalDCE
BenchmarkGorm_schema 1 43186700369 build-real-ns/op 61955813000 build-user-ns/op 1357479000 build-sys-ns/op
toolchain: LLGoFullLTONoGlobalDCE
( LLGO_COMMITTED_AT=2026-09-17T06:42:05+08:00 LLGO_BUILD_GO_VERSION=1.27.0 LLGO_BIN=/home/runner/work/benchmarks/benchmarks/.ci/llgo/llgo BENT_TIMING_LOG=/home/runner/work/benchmarks/benchmarks/.ci/bent-run/download-timings.log GOROOT_1_25_X64=/opt/hostedtoolcache/go/1.25.14/x64 LLGO_MAIN_INDEX=1661 LLGO_COMMIT=f5208c189edef8335ccc1f550854a0a07520f1c8 GO_VERSION=1.26.2 LLGO_REPOSITORY=xgo-dev/llgo GOROOT_1_24_X64=/opt/hostedtoolcache/go/1.24.13/x64 GOROOT_1_26_X64=/opt/hostedtoolcache/go/1.26.8/x64 BENT_REAL_GO=/opt/hostedtoolcache/go/1.26.2/x64/bin/go LLGO_ROOT=/home/runner/work/benchmarks/benchmarks/.ci/llgo LLGO_LTO_PLUGIN=/home/runner/work/benchmarks/benchmarks/.ci/llgo/ltoplugin/build/LLGOLTOPlugin.so GOPATH=/home/runner/work/benchmarks/benchmarks/.ci/bent-run/gopath GOOS=linux GOARCH=amd64 GO111MODULE=auto ROOT=/home/runner/work/benchmarks/benchmarks/.ci/bent-run GOROOT=/opt/hostedtoolcache/go/1.26.2/x64/ BENT_BENCH=gorm_schema BENT_CONFIG=LLGoFullLTONoGlobalDCE BENT_I=0 GOCACHE=/home/runner/work/benchmarks/benchmarks/.ci/bent-run/build-cache/runs/cache-885591134/go-build XDG_CACHE_HOME=/home/runner/work/benchmarks/benchmarks/.ci/bent-run/build-cache/runs/cache-885591134/xdg LocalAppData=/home/runner/work/benchmarks/benchmarks/.ci/bent-run/build-cache/runs/cache-885591134/local-app-data /home/runner/work/benchmarks/benchmarks/.ci/bent-run/benchsize /home/runner/work/benchmarks/benchmarks/.ci/bent-run/testbin/gorm_schema_LLGoFullLTONoGlobalDCE Gorm_schema )
goos: linux
goarch: amd64
pkg:
Unit total-bytes assume=exact
BenchmarkGorm_schema 1 6714888 total-bytes
Unit text-bytes assume=exact
BenchmarkGorm_schema 1 2344845 text-bytes
Unit data-bytes assume=exact
BenchmarkGorm_schema 1 2422472 data-bytes
Unit rodata-bytes assume=exact
BenchmarkGorm_schema 1 2295744 rodata-bytes
Unit pclntab-bytes assume=exact
BenchmarkGorm_schema 1 0 pclntab-bytes
Unit debug-bytes assume=exact
BenchmarkGorm_schema 1 0 debug-bytes

rm -rf /home/runner/work/benchmarks/benchmarks/.ci/bent-run/gopath/bin
(cd /home/runner/work/benchmarks/benchmarks/.ci/bent-run/build/toml; LLGO_COMMITTED_AT=2026-09-17T06:42:05+08:00 LLGO_BUILD_GO_VERSION=1.27.0 LLGO_BIN=/home/runner/work/benchmarks/benchmarks/.ci/llgo/llgo BENT_TIMING_LOG=/home/runner/work/benchmarks/benchmarks/.ci/bent-run/download-timings.log GOROOT_1_25_X64=/opt/hostedtoolcache/go/1.25.14/x64 LLGO_MAIN_INDEX=1661 LLGO_COMMIT=f5208c189edef8335ccc1f550854a0a07520f1c8 GO_VERSION=1.26.2 LLGO_REPOSITORY=xgo-dev/llgo GOROOT_1_24_X64=/opt/hostedtoolcache/go/1.24.13/x64 GOROOT_1_26_X64=/opt/hostedtoolcache/go/1.26.8/x64 BENT_REAL_GO=/opt/hostedtoolcache/go/1.26.2/x64/bin/go LLGO_ROOT=/home/runner/work/benchmarks/benchmarks/.ci/llgo LLGO_LTO_PLUGIN=/home/runner/work/benchmarks/benchmarks/.ci/llgo/ltoplugin/build/LLGOLTOPlugin.so GOPATH=/home/runner/work/benchmarks/benchmarks/.ci/bent-run/gopath GOOS=linux GOARCH=amd64 GO111MODULE=auto ROOT=/home/runner/work/benchmarks/benchmarks/.ci/bent-run GOROOT=/opt/hostedtoolcache/go/1.26.2/x64/ BENT_BENCH=toml BENT_CONFIG=LLGoFullLTOGlobalDCE BENT_I=0 GOCACHE=/home/runner/work/benchmarks/benchmarks/.ci/bent-run/build-cache/runs/cache-1797165850/go-build XDG_CACHE_HOME=/home/runner/work/benchmarks/benchmarks/.ci/bent-run/build-cache/runs/cache-1797165850/xdg LocalAppData=/home/runner/work/benchmarks/benchmarks/.ci/bent-run/build-cache/runs/cache-1797165850/local-app-data /home/runner/work/benchmarks/benchmarks/.ci/llgo/llgo test -c -o /home/runner/work/benchmarks/benchmarks/.ci/bent-run/testbin/toml_LLGoFullLTOGlobalDCE -lto=full github.com/BurntSushi/toml )
goarch: amd64
toolchain: LLGoFullLTOGlobalDCE
BenchmarkToml 1 28970238798 build-real-ns/op 40435268000 build-user-ns/op 1035451000 build-sys-ns/op
toolchain: LLGoFullLTOGlobalDCE
( LLGO_COMMITTED_AT=2026-09-17T06:42:05+08:00 LLGO_BUILD_GO_VERSION=1.27.0 LLGO_BIN=/home/runner/work/benchmarks/benchmarks/.ci/llgo/llgo BENT_TIMING_LOG=/home/runner/work/benchmarks/benchmarks/.ci/bent-run/download-timings.log GOROOT_1_25_X64=/opt/hostedtoolcache/go/1.25.14/x64 LLGO_MAIN_INDEX=1661 LLGO_COMMIT=f5208c189edef8335ccc1f550854a0a07520f1c8 GO_VERSION=1.26.2 LLGO_REPOSITORY=xgo-dev/llgo GOROOT_1_24_X64=/opt/hostedtoolcache/go/1.24.13/x64 GOROOT_1_26_X64=/opt/hostedtoolcache/go/1.26.8/x64 BENT_REAL_GO=/opt/hostedtoolcache/go/1.26.2/x64/bin/go LLGO_ROOT=/home/runner/work/benchmarks/benchmarks/.ci/llgo LLGO_LTO_PLUGIN=/home/runner/work/benchmarks/benchmarks/.ci/llgo/ltoplugin/build/LLGOLTOPlugin.so GOPATH=/home/runner/work/benchmarks/benchmarks/.ci/bent-run/gopath GOOS=linux GOARCH=amd64 GO111MODULE=auto ROOT=/home/runner/work/benchmarks/benchmarks/.ci/bent-run GOROOT=/opt/hostedtoolcache/go/1.26.2/x64/ BENT_BENCH=toml BENT_CONFIG=LLGoFullLTOGlobalDCE BENT_I=0 GOCACHE=/home/runner/work/benchmarks/benchmarks/.ci/bent-run/build-cache/runs/cache-1797165850/go-build XDG_CACHE_HOME=/home/runner/work/benchmarks/benchmarks/.ci/bent-run/build-cache/runs/cache-1797165850/xdg LocalAppData=/home/runner/work/benchmarks/benchmarks/.ci/bent-run/build-cache/runs/cache-1797165850/local-app-data /home/runner/work/benchmarks/benchmarks/.ci/bent-run/benchsize /home/runner/work/benchmarks/benchmarks/.ci/bent-run/testbin/toml_LLGoFullLTOGlobalDCE Toml )
goos: linux
goarch: amd64
pkg:
Unit total-bytes assume=exact
BenchmarkToml 1 4926136 total-bytes
Unit text-bytes assume=exact
BenchmarkToml 1 1575766 text-bytes
Unit data-bytes assume=exact
BenchmarkToml 1 2082824 data-bytes
Unit rodata-bytes assume=exact
BenchmarkToml 1 1993728 rodata-bytes
Unit pclntab-bytes assume=exact
BenchmarkToml 1 0 pclntab-bytes
Unit debug-bytes assume=exact
BenchmarkToml 1 0 debug-bytes

rm -rf /home/runner/work/benchmarks/benchmarks/.ci/bent-run/gopath/bin
(cd /home/runner/work/benchmarks/benchmarks/.ci/bent-run/build/gorm_schema; LLGO_COMMITTED_AT=2026-09-17T06:42:05+08:00 LLGO_BUILD_GO_VERSION=1.27.0 LLGO_BIN=/home/runner/work/benchmarks/benchmarks/.ci/llgo/llgo BENT_TIMING_LOG=/home/runner/work/benchmarks/benchmarks/.ci/bent-run/download-timings.log GOROOT_1_25_X64=/opt/hostedtoolcache/go/1.25.14/x64 LLGO_MAIN_INDEX=1661 LLGO_COMMIT=f5208c189edef8335ccc1f550854a0a07520f1c8 GO_VERSION=1.26.2 LLGO_REPOSITORY=xgo-dev/llgo GOROOT_1_24_X64=/opt/hostedtoolcache/go/1.24.13/x64 GOROOT_1_26_X64=/opt/hostedtoolcache/go/1.26.8/x64 BENT_REAL_GO=/opt/hostedtoolcache/go/1.26.2/x64/bin/go LLGO_ROOT=/home/runner/work/benchmarks/benchmarks/.ci/llgo LLGO_LTO_PLUGIN=/home/runner/work/benchmarks/benchmarks/.ci/llgo/ltoplugin/build/LLGOLTOPlugin.so GOPATH=/home/runner/work/benchmarks/benchmarks/.ci/bent-run/gopath GOOS=linux GOARCH=amd64 GO111MODULE=auto ROOT=/home/runner/work/benchmarks/benchmarks/.ci/bent-run GOROOT=/opt/hostedtoolcache/go/1.26.2/x64/ BENT_BENCH=gorm_schema BENT_CONFIG=LLGoNoLTO BENT_I=0 GOCACHE=/home/runner/work/benchmarks/benchmarks/.ci/bent-run/build-cache/runs/cache-1830018979/go-build XDG_CACHE_HOME=/home/runner/work/benchmarks/benchmarks/.ci/bent-run/build-cache/runs/cache-1830018979/xdg LocalAppData=/home/runner/work/benchmarks/benchmarks/.ci/bent-run/build-cache/runs/cache-1830018979/local-app-data /home/runner/work/benchmarks/benchmarks/.ci/llgo/llgo test -c -o /home/runner/work/benchmarks/benchmarks/.ci/bent-run/testbin/gorm_schema_LLGoNoLTO gorm.io/gorm/schema )
goarch: amd64
toolchain: LLGoNoLTO
BenchmarkGorm_schema 1 13462877487 build-real-ns/op 39366290000 build-user-ns/op 1232161000 build-sys-ns/op
toolchain: LLGoNoLTO
( LLGO_COMMITTED_AT=2026-09-17T06:42:05+08:00 LLGO_BUILD_GO_VERSION=1.27.0 LLGO_BIN=/home/runner/work/benchmarks/benchmarks/.ci/llgo/llgo BENT_TIMING_LOG=/home/runner/work/benchmarks/benchmarks/.ci/bent-run/download-timings.log GOROOT_1_25_X64=/opt/hostedtoolcache/go/1.25.14/x64 LLGO_MAIN_INDEX=1661 LLGO_COMMIT=f5208c189edef8335ccc1f550854a0a07520f1c8 GO_VERSION=1.26.2 LLGO_REPOSITORY=xgo-dev/llgo GOROOT_1_24_X64=/opt/hostedtoolcache/go/1.24.13/x64 GOROOT_1_26_X64=/opt/hostedtoolcache/go/1.26.8/x64 BENT_REAL_GO=/opt/hostedtoolcache/go/1.26.2/x64/bin/go LLGO_ROOT=/home/runner/work/benchmarks/benchmarks/.ci/llgo LLGO_LTO_PLUGIN=/home/runner/work/benchmarks/benchmarks/.ci/llgo/ltoplugin/build/LLGOLTOPlugin.so GOPATH=/home/runner/work/benchmarks/benchmarks/.ci/bent-run/gopath GOOS=linux GOARCH=amd64 GO111MODULE=auto ROOT=/home/runner/work/benchmarks/benchmarks/.ci/bent-run GOROOT=/opt/hostedtoolcache/go/1.26.2/x64/ BENT_BENCH=gorm_schema BENT_CONFIG=LLGoNoLTO BENT_I=0 GOCACHE=/home/runner/work/benchmarks/benchmarks/.ci/bent-run/build-cache/runs/cache-1830018979/go-build XDG_CACHE_HOME=/home/runner/work/benchmarks/benchmarks/.ci/bent-run/build-cache/runs/cache-1830018979/xdg LocalAppData=/home/runner/work/benchmarks/benchmarks/.ci/bent-run/build-cache/runs/cache-1830018979/local-app-data /home/runner/work/benchmarks/benchmarks/.ci/bent-run/benchsize /home/runner/work/benchmarks/benchmarks/.ci/bent-run/testbin/gorm_schema_LLGoNoLTO Gorm_schema )
goos: linux
goarch: amd64
pkg:
Unit total-bytes assume=exact
BenchmarkGorm_schema 1 7091920 total-bytes
Unit text-bytes assume=exact
BenchmarkGorm_schema 1 2523766 text-bytes
Unit data-bytes assume=exact
BenchmarkGorm_schema 1 2433504 data-bytes
Unit rodata-bytes assume=exact
BenchmarkGorm_schema 1 1354080 rodata-bytes
Unit pclntab-bytes assume=exact
BenchmarkGorm_schema 1 0 pclntab-bytes
Unit debug-bytes assume=exact
BenchmarkGorm_schema 1 0 debug-bytes

rm -rf /home/runner/work/benchmarks/benchmarks/.ci/bent-run/gopath/bin
(cd /home/runner/work/benchmarks/benchmarks/.ci/bent-run/build/iXGo; LLGO_COMMITTED_AT=2026-09-17T06:42:05+08:00 LLGO_BUILD_GO_VERSION=1.27.0 LLGO_BIN=/home/runner/work/benchmarks/benchmarks/.ci/llgo/llgo BENT_TIMING_LOG=/home/runner/work/benchmarks/benchmarks/.ci/bent-run/download-timings.log GOROOT_1_25_X64=/opt/hostedtoolcache/go/1.25.14/x64 LLGO_MAIN_INDEX=1661 LLGO_COMMIT=f5208c189edef8335ccc1f550854a0a07520f1c8 GO_VERSION=1.26.2 LLGO_REPOSITORY=xgo-dev/llgo GOROOT_1_24_X64=/opt/hostedtoolcache/go/1.24.13/x64 GOROOT_1_26_X64=/opt/hostedtoolcache/go/1.26.8/x64 BENT_REAL_GO=/opt/hostedtoolcache/go/1.26.2/x64/bin/go LLGO_ROOT=/home/runner/work/benchmarks/benchmarks/.ci/llgo LLGO_LTO_PLUGIN=/home/runner/work/benchmarks/benchmarks/.ci/llgo/ltoplugin/build/LLGOLTOPlugin.so GOPATH=/home/runner/work/benchmarks/benchmarks/.ci/bent-run/gopath GOOS=linux GOARCH=amd64 GO111MODULE=auto ROOT=/home/runner/work/benchmarks/benchmarks/.ci/bent-run GOROOT=/opt/hostedtoolcache/go/1.26.2/x64/ BENT_BENCH=iXGo BENT_CONFIG=LLGoNoLTO BENT_I=0 GOCACHE=/home/runner/work/benchmarks/benchmarks/.ci/bent-run/build-cache/runs/cache-179705458/go-build XDG_CACHE_HOME=/home/runner/work/benchmarks/benchmarks/.ci/bent-run/build-cache/runs/cache-179705458/xdg LocalAppData=/home/runner/work/benchmarks/benchmarks/.ci/bent-run/build-cache/runs/cache-179705458/local-app-data /home/runner/work/benchmarks/benchmarks/.ci/llgo/llgo build -o /home/runner/work/benchmarks/benchmarks/.ci/bent-run/testbin/iXGo_LLGoNoLTO github.com/goplus/ixgo/cmd/ixgo )
goarch: amd64
toolchain: LLGoNoLTO
BenchmarkIXGo 1 121007824895 build-real-ns/op 394183733000 build-user-ns/op 9752086000 build-sys-ns/op
toolchain: LLGoNoLTO
( LLGO_COMMITTED_AT=2026-09-17T06:42:05+08:00 LLGO_BUILD_GO_VERSION=1.27.0 LLGO_BIN=/home/runner/work/benchmarks/benchmarks/.ci/llgo/llgo BENT_TIMING_LOG=/home/runner/work/benchmarks/benchmarks/.ci/bent-run/download-timings.log GOROOT_1_25_X64=/opt/hostedtoolcache/go/1.25.14/x64 LLGO_MAIN_INDEX=1661 LLGO_COMMIT=f5208c189edef8335ccc1f550854a0a07520f1c8 GO_VERSION=1.26.2 LLGO_REPOSITORY=xgo-dev/llgo GOROOT_1_24_X64=/opt/hostedtoolcache/go/1.24.13/x64 GOROOT_1_26_X64=/opt/hostedtoolcache/go/1.26.8/x64 BENT_REAL_GO=/opt/hostedtoolcache/go/1.26.2/x64/bin/go LLGO_ROOT=/home/runner/work/benchmarks/benchmarks/.ci/llgo LLGO_LTO_PLUGIN=/home/runner/work/benchmarks/benchmarks/.ci/llgo/ltoplugin/build/LLGOLTOPlugin.so GOPATH=/home/runner/work/benchmarks/benchmarks/.ci/bent-run/gopath GOOS=linux GOARCH=amd64 GO111MODULE=auto ROOT=/home/runner/work/benchmarks/benchmarks/.ci/bent-run GOROOT=/opt/hostedtoolcache/go/1.26.2/x64/ BENT_BENCH=iXGo BENT_CONFIG=LLGoNoLTO BENT_I=0 GOCACHE=/home/runner/work/benchmarks/benchmarks/.ci/bent-run/build-cache/runs/cache-179705458/go-build XDG_CACHE_HOME=/home/runner/work/benchmarks/benchmarks/.ci/bent-run/build-cache/runs/cache-179705458/xdg LocalAppData=/home/runner/work/benchmarks/benchmarks/.ci/bent-run/build-cache/runs/cache-179705458/local-app-data /home/runner/work/benchmarks/benchmarks/.ci/bent-run/benchsize /home/runner/work/benchmarks/benchmarks/.ci/bent-run/testbin/iXGo_LLGoNoLTO IXGo )
goos: linux
goarch: amd64
pkg:
Unit total-bytes assume=exact
BenchmarkIXGo 1 31493312 total-bytes
Unit text-bytes assume=exact
BenchmarkIXGo 1 11213614 text-bytes
Unit data-bytes assume=exact
BenchmarkIXGo 1 10388416 data-bytes
Unit rodata-bytes assume=exact
BenchmarkIXGo 1 6066424 rodata-bytes
Unit pclntab-bytes assume=exact
BenchmarkIXGo 1 0 pclntab-bytes
Unit debug-bytes assume=exact
BenchmarkIXGo 1 0 debug-bytes

rm -rf /home/runner/work/benchmarks/benchmarks/.ci/bent-run/gopath/bin
(cd /home/runner/work/benchmarks/benchmarks/.ci/bent-run/build/aws_restjson_v1; LLGO_COMMITTED_AT=2026-09-17T06:42:05+08:00 LLGO_BUILD_GO_VERSION=1.27.0 LLGO_BIN=/home/runner/work/benchmarks/benchmarks/.ci/llgo/llgo BENT_TIMING_LOG=/home/runner/work/benchmarks/benchmarks/.ci/bent-run/download-timings.log GOROOT_1_25_X64=/opt/hostedtoolcache/go/1.25.14/x64 LLGO_MAIN_INDEX=1661 LLGO_COMMIT=f5208c189edef8335ccc1f550854a0a07520f1c8 GO_VERSION=1.26.2 LLGO_REPOSITORY=xgo-dev/llgo GOROOT_1_24_X64=/opt/hostedtoolcache/go/1.24.13/x64 GOROOT_1_26_X64=/opt/hostedtoolcache/go/1.26.8/x64 BENT_REAL_GO=/opt/hostedtoolcache/go/1.26.2/x64/bin/go LLGO_ROOT=/home/runner/work/benchmarks/benchmarks/.ci/llgo LLGO_LTO_PLUGIN=/home/runner/work/benchmarks/benchmarks/.ci/llgo/ltoplugin/build/LLGOLTOPlugin.so GOPATH=/home/runner/work/benchmarks/benchmarks/.ci/bent-run/gopath GOOS=linux GOARCH=amd64 GO111MODULE=auto ROOT=/home/runner/work/benchmarks/benchmarks/.ci/bent-run GOROOT=/opt/hostedtoolcache/go/1.26.2/x64/ BENT_BENCH=aws_restjson BENT_CONFIG=LLGoFullLTONoGlobalDCE BENT_I=0 GOCACHE=/home/runner/work/benchmarks/benchmarks/.ci/bent-run/build-cache/runs/cache-2132809971/go-build XDG_CACHE_HOME=/home/runner/work/benchmarks/benchmarks/.ci/bent-run/build-cache/runs/cache-2132809971/xdg LocalAppData=/home/runner/work/benchmarks/benchmarks/.ci/bent-run/build-cache/runs/cache-2132809971/local-app-data /home/runner/work/benchmarks/benchmarks/.ci/llgo/llgo test -c -o /home/runner/work/benchmarks/benchmarks/.ci/bent-run/testbin/aws_restjson_v1_LLGoFullLTONoGlobalDCE -lto=full -globaldce=false github.com/aws/aws-sdk-go/private/protocol/restjson )
goarch: amd64
toolchain: LLGoFullLTONoGlobalDCE
BenchmarkAws_restjson 1 122276680960 build-real-ns/op 157486256000 build-user-ns/op 2175442000 build-sys-ns/op
toolchain: LLGoFullLTONoGlobalDCE
( LLGO_COMMITTED_AT=2026-09-17T06:42:05+08:00 LLGO_BUILD_GO_VERSION=1.27.0 LLGO_BIN=/home/runner/work/benchmarks/benchmarks/.ci/llgo/llgo BENT_TIMING_LOG=/home/runner/work/benchmarks/benchmarks/.ci/bent-run/download-timings.log GOROOT_1_25_X64=/opt/hostedtoolcache/go/1.25.14/x64 LLGO_MAIN_INDEX=1661 LLGO_COMMIT=f5208c189edef8335ccc1f550854a0a07520f1c8 GO_VERSION=1.26.2 LLGO_REPOSITORY=xgo-dev/llgo GOROOT_1_24_X64=/opt/hostedtoolcache/go/1.24.13/x64 GOROOT_1_26_X64=/opt/hostedtoolcache/go/1.26.8/x64 BENT_REAL_GO=/opt/hostedtoolcache/go/1.26.2/x64/bin/go LLGO_ROOT=/home/runner/work/benchmarks/benchmarks/.ci/llgo LLGO_LTO_PLUGIN=/home/runner/work/benchmarks/benchmarks/.ci/llgo/ltoplugin/build/LLGOLTOPlugin.so GOPATH=/home/runner/work/benchmarks/benchmarks/.ci/bent-run/gopath GOOS=linux GOARCH=amd64 GO111MODULE=auto ROOT=/home/runner/work/benchmarks/benchmarks/.ci/bent-run GOROOT=/opt/hostedtoolcache/go/1.26.2/x64/ BENT_BENCH=aws_restjson BENT_CONFIG=LLGoFullLTONoGlobalDCE BENT_I=0 GOCACHE=/home/runner/work/benchmarks/benchmarks/.ci/bent-run/build-cache/runs/cache-2132809971/go-build XDG_CACHE_HOME=/home/runner/work/benchmarks/benchmarks/.ci/bent-run/build-cache/runs/cache-2132809971/xdg LocalAppData=/home/runner/work/benchmarks/benchmarks/.ci/bent-run/build-cache/runs/cache-2132809971/local-app-data /home/runner/work/benchmarks/benchmarks/.ci/bent-run/benchsize /home/runner/work/benchmarks/benchmarks/.ci/bent-run/testbin/aws_restjson_v1_LLGoFullLTONoGlobalDCE Aws_restjson )
goos: linux
goarch: amd64
pkg:
Unit total-bytes assume=exact
BenchmarkAws_restjson 1 12252944 total-bytes
Unit text-bytes assume=exact
BenchmarkAws_restjson 1 4691308 text-bytes
Unit data-bytes assume=exact
BenchmarkAws_restjson 1 4067480 data-bytes
Unit rodata-bytes assume=exact
BenchmarkAws_restjson 1 3845256 rodata-bytes
Unit pclntab-bytes assume=exact
BenchmarkAws_restjson 1 0 pclntab-bytes
Unit debug-bytes assume=exact
BenchmarkAws_restjson 1 0 debug-bytes

rm -rf /home/runner/work/benchmarks/benchmarks/.ci/bent-run/gopath/bin
(cd /home/runner/work/benchmarks/benchmarks/.ci/bent-run/build/uber_zap; LLGO_COMMITTED_AT=2026-09-17T06:42:05+08:00 LLGO_BUILD_GO_VERSION=1.27.0 LLGO_BIN=/home/runner/work/benchmarks/benchmarks/.ci/llgo/llgo BENT_TIMING_LOG=/home/runner/work/benchmarks/benchmarks/.ci/bent-run/download-timings.log GOROOT_1_25_X64=/opt/hostedtoolcache/go/1.25.14/x64 LLGO_MAIN_INDEX=1661 LLGO_COMMIT=f5208c189edef8335ccc1f550854a0a07520f1c8 GO_VERSION=1.26.2 LLGO_REPOSITORY=xgo-dev/llgo GOROOT_1_24_X64=/opt/hostedtoolcache/go/1.24.13/x64 GOROOT_1_26_X64=/opt/hostedtoolcache/go/1.26.8/x64 BENT_REAL_GO=/opt/hostedtoolcache/go/1.26.2/x64/bin/go LLGO_ROOT=/home/runner/work/benchmarks/benchmarks/.ci/llgo LLGO_LTO_PLUGIN=/home/runner/work/benchmarks/benchmarks/.ci/llgo/ltoplugin/build/LLGOLTOPlugin.so GOPATH=/home/runner/work/benchmarks/benchmarks/.ci/bent-run/gopath GOOS=linux GOARCH=amd64 GO111MODULE=auto ROOT=/home/runner/work/benchmarks/benchmarks/.ci/bent-run GOROOT=/opt/hostedtoolcache/go/1.26.2/x64/ BENT_BENCH=uber_zap BENT_CONFIG=LLGoDeadcodeDrop BENT_I=0 GOCACHE=/home/runner/work/benchmarks/benchmarks/.ci/bent-run/build-cache/runs/cache-3323013728/go-build XDG_CACHE_HOME=/home/runner/work/benchmarks/benchmarks/.ci/bent-run/build-cache/runs/cache-3323013728/xdg LocalAppData=/home/runner/work/benchmarks/benchmarks/.ci/bent-run/build-cache/runs/cache-3323013728/local-app-data /home/runner/work/benchmarks/benchmarks/.ci/llgo/llgo test -c -o /home/runner/work/benchmarks/benchmarks/.ci/bent-run/testbin/uber_zap_LLGoDeadcodeDrop -deadcodedrop go.uber.org/zap/zapcore )
goarch: amd64
toolchain: LLGoDeadcodeDrop
BenchmarkUber_zap 1 27010744356 build-real-ns/op 59091355000 build-user-ns/op 1454502000 build-sys-ns/op
toolchain: LLGoDeadcodeDrop
( LLGO_COMMITTED_AT=2026-09-17T06:42:05+08:00 LLGO_BUILD_GO_VERSION=1.27.0 LLGO_BIN=/home/runner/work/benchmarks/benchmarks/.ci/llgo/llgo BENT_TIMING_LOG=/home/runner/work/benchmarks/benchmarks/.ci/bent-run/download-timings.log GOROOT_1_25_X64=/opt/hostedtoolcache/go/1.25.14/x64 LLGO_MAIN_INDEX=1661 LLGO_COMMIT=f5208c189edef8335ccc1f550854a0a07520f1c8 GO_VERSION=1.26.2 LLGO_REPOSITORY=xgo-dev/llgo GOROOT_1_24_X64=/opt/hostedtoolcache/go/1.24.13/x64 GOROOT_1_26_X64=/opt/hostedtoolcache/go/1.26.8/x64 BENT_REAL_GO=/opt/hostedtoolcache/go/1.26.2/x64/bin/go LLGO_ROOT=/home/runner/work/benchmarks/benchmarks/.ci/llgo LLGO_LTO_PLUGIN=/home/runner/work/benchmarks/benchmarks/.ci/llgo/ltoplugin/build/LLGOLTOPlugin.so GOPATH=/home/runner/work/benchmarks/benchmarks/.ci/bent-run/gopath GOOS=linux GOARCH=amd64 GO111MODULE=auto ROOT=/home/runner/work/benchmarks/benchmarks/.ci/bent-run GOROOT=/opt/hostedtoolcache/go/1.26.2/x64/ BENT_BENCH=uber_zap BENT_CONFIG=LLGoDeadcodeDrop BENT_I=0 GOCACHE=/home/runner/work/benchmarks/benchmarks/.ci/bent-run/build-cache/runs/cache-3323013728/go-build XDG_CACHE_HOME=/home/runner/work/benchmarks/benchmarks/.ci/bent-run/build-cache/runs/cache-3323013728/xdg LocalAppData=/home/runner/work/benchmarks/benchmarks/.ci/bent-run/build-cache/runs/cache-3323013728/local-app-data /home/runner/work/benchmarks/benchmarks/.ci/bent-run/benchsize /home/runner/work/benchmarks/benchmarks/.ci/bent-run/testbin/uber_zap_LLGoDeadcodeDrop Uber_zap )
goos: linux
goarch: amd64
pkg:
Unit total-bytes assume=exact
BenchmarkUber_zap 1 9298552 total-bytes
Unit text-bytes assume=exact
BenchmarkUber_zap 1 3140477 text-bytes
Unit data-bytes assume=exact
BenchmarkUber_zap 1 3735536 data-bytes
Unit rodata-bytes assume=exact
BenchmarkUber_zap 1 2159176 rodata-bytes
Unit pclntab-bytes assume=exact
BenchmarkUber_zap 1 0 pclntab-bytes
Unit debug-bytes assume=exact
BenchmarkUber_zap 1 0 debug-bytes

rm -rf /home/runner/work/benchmarks/benchmarks/.ci/bent-run/gopath/bin
(cd /home/runner/work/benchmarks/benchmarks/.ci/bent-run/build/etcdctl; LLGO_COMMITTED_AT=2026-09-17T06:42:05+08:00 LLGO_BUILD_GO_VERSION=1.27.0 LLGO_BIN=/home/runner/work/benchmarks/benchmarks/.ci/llgo/llgo BENT_TIMING_LOG=/home/runner/work/benchmarks/benchmarks/.ci/bent-run/download-timings.log GOROOT_1_25_X64=/opt/hostedtoolcache/go/1.25.14/x64 LLGO_MAIN_INDEX=1661 LLGO_COMMIT=f5208c189edef8335ccc1f550854a0a07520f1c8 GO_VERSION=1.26.2 LLGO_REPOSITORY=xgo-dev/llgo GOROOT_1_24_X64=/opt/hostedtoolcache/go/1.24.13/x64 GOROOT_1_26_X64=/opt/hostedtoolcache/go/1.26.8/x64 BENT_REAL_GO=/opt/hostedtoolcache/go/1.26.2/x64/bin/go LLGO_ROOT=/home/runner/work/benchmarks/benchmarks/.ci/llgo LLGO_LTO_PLUGIN=/home/runner/work/benchmarks/benchmarks/.ci/llgo/ltoplugin/build/LLGOLTOPlugin.so GOPATH=/home/runner/work/benchmarks/benchmarks/.ci/bent-run/gopath GOOS=linux GOARCH=amd64 GO111MODULE=auto ROOT=/home/runner/work/benchmarks/benchmarks/.ci/bent-run GOROOT=/opt/hostedtoolcache/go/1.26.2/x64/ BENT_BENCH=etcdctl BENT_CONFIG=LLGoFullLTOGlobalDCE BENT_I=0 GOCACHE=/home/runner/work/benchmarks/benchmarks/.ci/bent-run/build-cache/runs/cache-1684742684/go-build XDG_CACHE_HOME=/home/runner/work/benchmarks/benchmarks/.ci/bent-run/build-cache/runs/cache-1684742684/xdg LocalAppData=/home/runner/work/benchmarks/benchmarks/.ci/bent-run/build-cache/runs/cache-1684742684/local-app-data /home/runner/work/benchmarks/benchmarks/.ci/llgo/llgo build -o /home/runner/work/benchmarks/benchmarks/.ci/bent-run/testbin/etcdctl_LLGoFullLTOGlobalDCE -lto=full go.etcd.io/etcd/etcdctl/v3 )
goarch: amd64
toolchain: LLGoFullLTOGlobalDCE
BenchmarkEtcdctl 1 167807286938 build-real-ns/op 286350861000 build-user-ns/op 5127781000 build-sys-ns/op
toolchain: LLGoFullLTOGlobalDCE
( LLGO_COMMITTED_AT=2026-09-17T06:42:05+08:00 LLGO_BUILD_GO_VERSION=1.27.0 LLGO_BIN=/home/runner/work/benchmarks/benchmarks/.ci/llgo/llgo BENT_TIMING_LOG=/home/runner/work/benchmarks/benchmarks/.ci/bent-run/download-timings.log GOROOT_1_25_X64=/opt/hostedtoolcache/go/1.25.14/x64 LLGO_MAIN_INDEX=1661 LLGO_COMMIT=f5208c189edef8335ccc1f550854a0a07520f1c8 GO_VERSION=1.26.2 LLGO_REPOSITORY=xgo-dev/llgo GOROOT_1_24_X64=/opt/hostedtoolcache/go/1.24.13/x64 GOROOT_1_26_X64=/opt/hostedtoolcache/go/1.26.8/x64 BENT_REAL_GO=/opt/hostedtoolcache/go/1.26.2/x64/bin/go LLGO_ROOT=/home/runner/work/benchmarks/benchmarks/.ci/llgo LLGO_LTO_PLUGIN=/home/runner/work/benchmarks/benchmarks/.ci/llgo/ltoplugin/build/LLGOLTOPlugin.so GOPATH=/home/runner/work/benchmarks/benchmarks/.ci/bent-run/gopath GOOS=linux GOARCH=amd64 GO111MODULE=auto ROOT=/home/runner/work/benchmarks/benchmarks/.ci/bent-run GOROOT=/opt/hostedtoolcache/go/1.26.2/x64/ BENT_BENCH=etcdctl BENT_CONFIG=LLGoFullLTOGlobalDCE BENT_I=0 GOCACHE=/home/runner/work/benchmarks/benchmarks/.ci/bent-run/build-cache/runs/cache-1684742684/go-build XDG_CACHE_HOME=/home/runner/work/benchmarks/benchmarks/.ci/bent-run/build-cache/runs/cache-1684742684/xdg LocalAppData=/home/runner/work/benchmarks/benchmarks/.ci/bent-run/build-cache/runs/cache-1684742684/local-app-data /home/runner/work/benchmarks/benchmarks/.ci/bent-run/benchsize /home/runner/work/benchmarks/benchmarks/.ci/bent-run/testbin/etcdctl_LLGoFullLTOGlobalDCE Etcdctl )
goos: linux
goarch: amd64
pkg:
Unit total-bytes assume=exact
BenchmarkEtcdctl 1 20625784 total-bytes
Unit text-bytes assume=exact
BenchmarkEtcdctl 1 6796870 text-bytes
Unit data-bytes assume=exact
BenchmarkEtcdctl 1 7544800 data-bytes
Unit rodata-bytes assume=exact
BenchmarkEtcdctl 1 7010712 rodata-bytes
Unit pclntab-bytes assume=exact
BenchmarkEtcdctl 1 0 pclntab-bytes
Unit debug-bytes assume=exact
BenchmarkEtcdctl 1 0 debug-bytes

rm -rf /home/runner/work/benchmarks/benchmarks/.ci/bent-run/gopath/bin
(cd /home/runner/work/benchmarks/benchmarks/.ci/bent-run/build/dustin_humanize; LLGO_COMMITTED_AT=2026-09-17T06:42:05+08:00 LLGO_BUILD_GO_VERSION=1.27.0 LLGO_BIN=/home/runner/work/benchmarks/benchmarks/.ci/llgo/llgo BENT_TIMING_LOG=/home/runner/work/benchmarks/benchmarks/.ci/bent-run/download-timings.log GOROOT_1_25_X64=/opt/hostedtoolcache/go/1.25.14/x64 LLGO_MAIN_INDEX=1661 LLGO_COMMIT=f5208c189edef8335ccc1f550854a0a07520f1c8 GO_VERSION=1.26.2 LLGO_REPOSITORY=xgo-dev/llgo GOROOT_1_24_X64=/opt/hostedtoolcache/go/1.24.13/x64 GOROOT_1_26_X64=/opt/hostedtoolcache/go/1.26.8/x64 BENT_REAL_GO=/opt/hostedtoolcache/go/1.26.2/x64/bin/go LLGO_ROOT=/home/runner/work/benchmarks/benchmarks/.ci/llgo LLGO_LTO_PLUGIN=/home/runner/work/benchmarks/benchmarks/.ci/llgo/ltoplugin/build/LLGOLTOPlugin.so GOPATH=/home/runner/work/benchmarks/benchmarks/.ci/bent-run/gopath GOOS=linux GOARCH=amd64 GO111MODULE=auto ROOT=/home/runner/work/benchmarks/benchmarks/.ci/bent-run GOROOT=/opt/hostedtoolcache/go/1.26.2/x64/ BENT_BENCH=dustin_humanize BENT_CONFIG=LLGoFullLTONoGlobalDCE BENT_I=0 GOCACHE=/home/runner/work/benchmarks/benchmarks/.ci/bent-run/build-cache/runs/cache-3578466533/go-build XDG_CACHE_HOME=/home/runner/work/benchmarks/benchmarks/.ci/bent-run/build-cache/runs/cache-3578466533/xdg LocalAppData=/home/runner/work/benchmarks/benchmarks/.ci/bent-run/build-cache/runs/cache-3578466533/local-app-data /home/runner/work/benchmarks/benchmarks/.ci/llgo/llgo test -c -o /home/runner/work/benchmarks/benchmarks/.ci/bent-run/testbin/dustin_humanize_LLGoFullLTONoGlobalDCE -lto=full -globaldce=false github.com/dustin/go-humanize )
goarch: amd64
toolchain: LLGoFullLTONoGlobalDCE
BenchmarkDustin_humanize 1 26705576830 build-real-ns/op 33366851000 build-user-ns/op 891976000 build-sys-ns/op
toolchain: LLGoFullLTONoGlobalDCE
( LLGO_COMMITTED_AT=2026-09-17T06:42:05+08:00 LLGO_BUILD_GO_VERSION=1.27.0 LLGO_BIN=/home/runner/work/benchmarks/benchmarks/.ci/llgo/llgo BENT_TIMING_LOG=/home/runner/work/benchmarks/benchmarks/.ci/bent-run/download-timings.log GOROOT_1_25_X64=/opt/hostedtoolcache/go/1.25.14/x64 LLGO_MAIN_INDEX=1661 LLGO_COMMIT=f5208c189edef8335ccc1f550854a0a07520f1c8 GO_VERSION=1.26.2 LLGO_REPOSITORY=xgo-dev/llgo GOROOT_1_24_X64=/opt/hostedtoolcache/go/1.24.13/x64 GOROOT_1_26_X64=/opt/hostedtoolcache/go/1.26.8/x64 BENT_REAL_GO=/opt/hostedtoolcache/go/1.26.2/x64/bin/go LLGO_ROOT=/home/runner/work/benchmarks/benchmarks/.ci/llgo LLGO_LTO_PLUGIN=/home/runner/work/benchmarks/benchmarks/.ci/llgo/ltoplugin/build/LLGOLTOPlugin.so GOPATH=/home/runner/work/benchmarks/benchmarks/.ci/bent-run/gopath GOOS=linux GOARCH=amd64 GO111MODULE=auto ROOT=/home/runner/work/benchmarks/benchmarks/.ci/bent-run GOROOT=/opt/hostedtoolcache/go/1.26.2/x64/ BENT_BENCH=dustin_humanize BENT_CONFIG=LLGoFullLTONoGlobalDCE BENT_I=0 GOCACHE=/home/runner/work/benchmarks/benchmarks/.ci/bent-run/build-cache/runs/cache-3578466533/go-build XDG_CACHE_HOME=/home/runner/work/benchmarks/benchmarks/.ci/bent-run/build-cache/runs/cache-3578466533/xdg LocalAppData=/home/runner/work/benchmarks/benchmarks/.ci/bent-run/build-cache/runs/cache-3578466533/local-app-data /home/runner/work/benchmarks/benchmarks/.ci/bent-run/benchsize /home/runner/work/benchmarks/benchmarks/.ci/bent-run/testbin/dustin_humanize_LLGoFullLTONoGlobalDCE Dustin_humanize )
goos: linux
goarch: amd64
pkg:
Unit total-bytes assume=exact
BenchmarkDustin_humanize 1 4401712 total-bytes
Unit text-bytes assume=exact
BenchmarkDustin_humanize 1 1636088 text-bytes
Unit data-bytes assume=exact
BenchmarkDustin_humanize 1 1539976 data-bytes
Unit rodata-bytes assume=exact
BenchmarkDustin_humanize 1 1451800 rodata-bytes
Unit pclntab-bytes assume=exact
BenchmarkDustin_humanize 1 0 pclntab-bytes
Unit debug-bytes assume=exact
BenchmarkDustin_humanize 1 0 debug-bytes

rm -rf /home/runner/work/benchmarks/benchmarks/.ci/bent-run/gopath/bin
(cd /home/runner/work/benchmarks/benchmarks/.ci/bent-run/build/gorm_schema; LLGO_COMMITTED_AT=2026-09-17T06:42:05+08:00 LLGO_BUILD_GO_VERSION=1.27.0 LLGO_BIN=/home/runner/work/benchmarks/benchmarks/.ci/llgo/llgo BENT_TIMING_LOG=/home/runner/work/benchmarks/benchmarks/.ci/bent-run/download-timings.log GOROOT_1_25_X64=/opt/hostedtoolcache/go/1.25.14/x64 LLGO_MAIN_INDEX=1661 LLGO_COMMIT=f5208c189edef8335ccc1f550854a0a07520f1c8 GO_VERSION=1.26.2 LLGO_REPOSITORY=xgo-dev/llgo GOROOT_1_24_X64=/opt/hostedtoolcache/go/1.24.13/x64 GOROOT_1_26_X64=/opt/hostedtoolcache/go/1.26.8/x64 BENT_REAL_GO=/opt/hostedtoolcache/go/1.26.2/x64/bin/go LLGO_ROOT=/home/runner/work/benchmarks/benchmarks/.ci/llgo LLGO_LTO_PLUGIN=/home/runner/work/benchmarks/benchmarks/.ci/llgo/ltoplugin/build/LLGOLTOPlugin.so GOPATH=/home/runner/work/benchmarks/benchmarks/.ci/bent-run/gopath GOOS=linux GOARCH=amd64 GO111MODULE=auto ROOT=/home/runner/work/benchmarks/benchmarks/.ci/bent-run GOROOT=/opt/hostedtoolcache/go/1.26.2/x64/ BENT_BENCH=gorm_schema BENT_CONFIG=LLGoFullLTOGlobalDCEPlugin BENT_I=0 GOCACHE=/home/runner/work/benchmarks/benchmarks/.ci/bent-run/build-cache/runs/cache-3898741281/go-build XDG_CACHE_HOME=/home/runner/work/benchmarks/benchmarks/.ci/bent-run/build-cache/runs/cache-3898741281/xdg LocalAppData=/home/runner/work/benchmarks/benchmarks/.ci/bent-run/build-cache/runs/cache-3898741281/local-app-data /home/runner/work/benchmarks/benchmarks/.ci/llgo/llgo test -c -o /home/runner/work/benchmarks/benchmarks/.ci/bent-run/testbin/gorm_schema_LLGoFullLTOGlobalDCEPlugin -lto=full -lto-pass-plugin=/home/runner/work/benchmarks/benchmarks/.ci/llgo/ltoplugin/build/LLGOLTOPlugin.so gorm.io/gorm/schema )
goarch: amd64
toolchain: LLGoFullLTOGlobalDCEPlugin
BenchmarkGorm_schema 1 31815395906 build-real-ns/op 51597559000 build-user-ns/op 1381480000 build-sys-ns/op
toolchain: LLGoFullLTOGlobalDCEPlugin
( LLGO_COMMITTED_AT=2026-09-17T06:42:05+08:00 LLGO_BUILD_GO_VERSION=1.27.0 LLGO_BIN=/home/runner/work/benchmarks/benchmarks/.ci/llgo/llgo BENT_TIMING_LOG=/home/runner/work/benchmarks/benchmarks/.ci/bent-run/download-timings.log GOROOT_1_25_X64=/opt/hostedtoolcache/go/1.25.14/x64 LLGO_MAIN_INDEX=1661 LLGO_COMMIT=f5208c189edef8335ccc1f550854a0a07520f1c8 GO_VERSION=1.26.2 LLGO_REPOSITORY=xgo-dev/llgo GOROOT_1_24_X64=/opt/hostedtoolcache/go/1.24.13/x64 GOROOT_1_26_X64=/opt/hostedtoolcache/go/1.26.8/x64 BENT_REAL_GO=/opt/hostedtoolcache/go/1.26.2/x64/bin/go LLGO_ROOT=/home/runner/work/benchmarks/benchmarks/.ci/llgo LLGO_LTO_PLUGIN=/home/runner/work/benchmarks/benchmarks/.ci/llgo/ltoplugin/build/LLGOLTOPlugin.so GOPATH=/home/runner/work/benchmarks/benchmarks/.ci/bent-run/gopath GOOS=linux GOARCH=amd64 GO111MODULE=auto ROOT=/home/runner/work/benchmarks/benchmarks/.ci/bent-run GOROOT=/opt/hostedtoolcache/go/1.26.2/x64/ BENT_BENCH=gorm_schema BENT_CONFIG=LLGoFullLTOGlobalDCEPlugin BENT_I=0 GOCACHE=/home/runner/work/benchmarks/benchmarks/.ci/bent-run/build-cache/runs/cache-3898741281/go-build XDG_CACHE_HOME=/home/runner/work/benchmarks/benchmarks/.ci/bent-run/build-cache/runs/cache-3898741281/xdg LocalAppData=/home/runner/work/benchmarks/benchmarks/.ci/bent-run/build-cache/runs/cache-3898741281/local-app-data /home/runner/work/benchmarks/benchmarks/.ci/bent-run/benchsize /home/runner/work/benchmarks/benchmarks/.ci/bent-run/testbin/gorm_schema_LLGoFullLTOGlobalDCEPlugin Gorm_schema )
goos: linux
goarch: amd64
pkg:
Unit total-bytes assume=exact
BenchmarkGorm_schema 1 5182184 total-bytes
Unit text-bytes assume=exact
BenchmarkGorm_schema 1 1477437 text-bytes
Unit data-bytes assume=exact
BenchmarkGorm_schema 1 2375760 data-bytes
Unit rodata-bytes assume=exact
BenchmarkGorm_schema 1 2249048 rodata-bytes
Unit pclntab-bytes assume=exact
BenchmarkGorm_schema 1 0 pclntab-bytes
Unit debug-bytes assume=exact
BenchmarkGorm_schema 1 0 debug-bytes

rm -rf /home/runner/work/benchmarks/benchmarks/.ci/bent-run/gopath/bin
(cd /home/runner/work/benchmarks/benchmarks/.ci/bent-run/build/iXGo; LLGO_COMMITTED_AT=2026-09-17T06:42:05+08:00 LLGO_BUILD_GO_VERSION=1.27.0 LLGO_BIN=/home/runner/work/benchmarks/benchmarks/.ci/llgo/llgo BENT_TIMING_LOG=/home/runner/work/benchmarks/benchmarks/.ci/bent-run/download-timings.log GOROOT_1_25_X64=/opt/hostedtoolcache/go/1.25.14/x64 LLGO_MAIN_INDEX=1661 LLGO_COMMIT=f5208c189edef8335ccc1f550854a0a07520f1c8 GO_VERSION=1.26.2 LLGO_REPOSITORY=xgo-dev/llgo GOROOT_1_24_X64=/opt/hostedtoolcache/go/1.24.13/x64 GOROOT_1_26_X64=/opt/hostedtoolcache/go/1.26.8/x64 BENT_REAL_GO=/opt/hostedtoolcache/go/1.26.2/x64/bin/go LLGO_ROOT=/home/runner/work/benchmarks/benchmarks/.ci/llgo LLGO_LTO_PLUGIN=/home/runner/work/benchmarks/benchmarks/.ci/llgo/ltoplugin/build/LLGOLTOPlugin.so GOPATH=/home/runner/work/benchmarks/benchmarks/.ci/bent-run/gopath GOOS=linux GOARCH=amd64 GO111MODULE=auto ROOT=/home/runner/work/benchmarks/benchmarks/.ci/bent-run GOROOT=/home/runner/work/benchmarks/benchmarks/.ci/bent-run/goroots/Go BENT_BENCH=iXGo BENT_CONFIG=Go BENT_I=0 GOCACHE=/home/runner/work/benchmarks/benchmarks/.ci/bent-run/build-cache/runs/cache-4156505964/go-build XDG_CACHE_HOME=/home/runner/work/benchmarks/benchmarks/.ci/bent-run/build-cache/runs/cache-4156505964/xdg LocalAppData=/home/runner/work/benchmarks/benchmarks/.ci/bent-run/build-cache/runs/cache-4156505964/local-app-data /home/runner/work/benchmarks/benchmarks/.ci/bent-run/goroots/Go/bin/go build -o /home/runner/work/benchmarks/benchmarks/.ci/bent-run/testbin/iXGo_Go github.com/goplus/ixgo/cmd/ixgo )
goarch: amd64
toolchain: Go
BenchmarkIXGo 1 23380506673 build-real-ns/op 79536912000 build-user-ns/op 5485560000 build-sys-ns/op
toolchain: Go
( LLGO_COMMITTED_AT=2026-09-17T06:42:05+08:00 LLGO_BUILD_GO_VERSION=1.27.0 LLGO_BIN=/home/runner/work/benchmarks/benchmarks/.ci/llgo/llgo BENT_TIMING_LOG=/home/runner/work/benchmarks/benchmarks/.ci/bent-run/download-timings.log GOROOT_1_25_X64=/opt/hostedtoolcache/go/1.25.14/x64 LLGO_MAIN_INDEX=1661 LLGO_COMMIT=f5208c189edef8335ccc1f550854a0a07520f1c8 GO_VERSION=1.26.2 LLGO_REPOSITORY=xgo-dev/llgo GOROOT_1_24_X64=/opt/hostedtoolcache/go/1.24.13/x64 GOROOT_1_26_X64=/opt/hostedtoolcache/go/1.26.8/x64 BENT_REAL_GO=/opt/hostedtoolcache/go/1.26.2/x64/bin/go LLGO_ROOT=/home/runner/work/benchmarks/benchmarks/.ci/llgo LLGO_LTO_PLUGIN=/home/runner/work/benchmarks/benchmarks/.ci/llgo/ltoplugin/build/LLGOLTOPlugin.so GOPATH=/home/runner/work/benchmarks/benchmarks/.ci/bent-run/gopath GOOS=linux GOARCH=amd64 GO111MODULE=auto ROOT=/home/runner/work/benchmarks/benchmarks/.ci/bent-run GOROOT=/home/runner/work/benchmarks/benchmarks/.ci/bent-run/goroots/Go BENT_BENCH=iXGo BENT_CONFIG=Go BENT_I=0 GOCACHE=/home/runner/work/benchmarks/benchmarks/.ci/bent-run/build-cache/runs/cache-4156505964/go-build XDG_CACHE_HOME=/home/runner/work/benchmarks/benchmarks/.ci/bent-run/build-cache/runs/cache-4156505964/xdg LocalAppData=/home/runner/work/benchmarks/benchmarks/.ci/bent-run/build-cache/runs/cache-4156505964/local-app-data /home/runner/work/benchmarks/benchmarks/.ci/bent-run/benchsize /home/runner/work/benchmarks/benchmarks/.ci/bent-run/testbin/iXGo_Go IXGo )
goos: linux
goarch: amd64
pkg:
Unit total-bytes assume=exact
BenchmarkIXGo 1 47404136 total-bytes
Unit text-bytes assume=exact
BenchmarkIXGo 1 16239697 text-bytes
Unit data-bytes assume=exact
BenchmarkIXGo 1 4330556 data-bytes
Unit rodata-bytes assume=exact
BenchmarkIXGo 1 3648921 rodata-bytes
Unit pclntab-bytes assume=exact
BenchmarkIXGo 1 13082153 pclntab-bytes
Unit debug-bytes assume=exact
BenchmarkIXGo 1 8717939 debug-bytes

rm -rf /home/runner/work/benchmarks/benchmarks/.ci/bent-run/gopath/bin
(cd /home/runner/work/benchmarks/benchmarks/.ci/bent-run/build/uber_zap; LLGO_COMMITTED_AT=2026-09-17T06:42:05+08:00 LLGO_BUILD_GO_VERSION=1.27.0 LLGO_BIN=/home/runner/work/benchmarks/benchmarks/.ci/llgo/llgo BENT_TIMING_LOG=/home/runner/work/benchmarks/benchmarks/.ci/bent-run/download-timings.log GOROOT_1_25_X64=/opt/hostedtoolcache/go/1.25.14/x64 LLGO_MAIN_INDEX=1661 LLGO_COMMIT=f5208c189edef8335ccc1f550854a0a07520f1c8 GO_VERSION=1.26.2 LLGO_REPOSITORY=xgo-dev/llgo GOROOT_1_24_X64=/opt/hostedtoolcache/go/1.24.13/x64 GOROOT_1_26_X64=/opt/hostedtoolcache/go/1.26.8/x64 BENT_REAL_GO=/opt/hostedtoolcache/go/1.26.2/x64/bin/go LLGO_ROOT=/home/runner/work/benchmarks/benchmarks/.ci/llgo LLGO_LTO_PLUGIN=/home/runner/work/benchmarks/benchmarks/.ci/llgo/ltoplugin/build/LLGOLTOPlugin.so GOPATH=/home/runner/work/benchmarks/benchmarks/.ci/bent-run/gopath GOOS=linux GOARCH=amd64 GO111MODULE=auto ROOT=/home/runner/work/benchmarks/benchmarks/.ci/bent-run GOROOT=/opt/hostedtoolcache/go/1.26.2/x64/ BENT_BENCH=uber_zap BENT_CONFIG=LLGoNoLTO BENT_I=0 GOCACHE=/home/runner/work/benchmarks/benchmarks/.ci/bent-run/build-cache/runs/cache-3539955568/go-build XDG_CACHE_HOME=/home/runner/work/benchmarks/benchmarks/.ci/bent-run/build-cache/runs/cache-3539955568/xdg LocalAppData=/home/runner/work/benchmarks/benchmarks/.ci/bent-run/build-cache/runs/cache-3539955568/local-app-data /home/runner/work/benchmarks/benchmarks/.ci/llgo/llgo test -c -o /home/runner/work/benchmarks/benchmarks/.ci/bent-run/testbin/uber_zap_LLGoNoLTO go.uber.org/zap/zapcore )
goarch: amd64
toolchain: LLGoNoLTO
BenchmarkUber_zap 1 26500916878 build-real-ns/op 57429942000 build-user-ns/op 1490232000 build-sys-ns/op
toolchain: LLGoNoLTO
( LLGO_COMMITTED_AT=2026-09-17T06:42:05+08:00 LLGO_BUILD_GO_VERSION=1.27.0 LLGO_BIN=/home/runner/work/benchmarks/benchmarks/.ci/llgo/llgo BENT_TIMING_LOG=/home/runner/work/benchmarks/benchmarks/.ci/bent-run/download-timings.log GOROOT_1_25_X64=/opt/hostedtoolcache/go/1.25.14/x64 LLGO_MAIN_INDEX=1661 LLGO_COMMIT=f5208c189edef8335ccc1f550854a0a07520f1c8 GO_VERSION=1.26.2 LLGO_REPOSITORY=xgo-dev/llgo GOROOT_1_24_X64=/opt/hostedtoolcache/go/1.24.13/x64 GOROOT_1_26_X64=/opt/hostedtoolcache/go/1.26.8/x64 BENT_REAL_GO=/opt/hostedtoolcache/go/1.26.2/x64/bin/go LLGO_ROOT=/home/runner/work/benchmarks/benchmarks/.ci/llgo LLGO_LTO_PLUGIN=/home/runner/work/benchmarks/benchmarks/.ci/llgo/ltoplugin/build/LLGOLTOPlugin.so GOPATH=/home/runner/work/benchmarks/benchmarks/.ci/bent-run/gopath GOOS=linux GOARCH=amd64 GO111MODULE=auto ROOT=/home/runner/work/benchmarks/benchmarks/.ci/bent-run GOROOT=/opt/hostedtoolcache/go/1.26.2/x64/ BENT_BENCH=uber_zap BENT_CONFIG=LLGoNoLTO BENT_I=0 GOCACHE=/home/runner/work/benchmarks/benchmarks/.ci/bent-run/build-cache/runs/cache-3539955568/go-build XDG_CACHE_HOME=/home/runner/work/benchmarks/benchmarks/.ci/bent-run/build-cache/runs/cache-3539955568/xdg LocalAppData=/home/runner/work/benchmarks/benchmarks/.ci/bent-run/build-cache/runs/cache-3539955568/local-app-data /home/runner/work/benchmarks/benchmarks/.ci/bent-run/benchsize /home/runner/work/benchmarks/benchmarks/.ci/bent-run/testbin/uber_zap_LLGoNoLTO Uber_zap )
goos: linux
goarch: amd64
pkg:
Unit total-bytes assume=exact
BenchmarkUber_zap 1 11678944 total-bytes
Unit text-bytes assume=exact
BenchmarkUber_zap 1 4317175 text-bytes
Unit data-bytes assume=exact
BenchmarkUber_zap 1 3797576 data-bytes
Unit rodata-bytes assume=exact
BenchmarkUber_zap 1 2201816 rodata-bytes
Unit pclntab-bytes assume=exact
BenchmarkUber_zap 1 0 pclntab-bytes
Unit debug-bytes assume=exact
BenchmarkUber_zap 1 0 debug-bytes

rm -rf /home/runner/work/benchmarks/benchmarks/.ci/bent-run/gopath/bin
(cd /home/runner/work/benchmarks/benchmarks/.ci/bent-run/build/iXGo; LLGO_COMMITTED_AT=2026-09-17T06:42:05+08:00 LLGO_BUILD_GO_VERSION=1.27.0 LLGO_BIN=/home/runner/work/benchmarks/benchmarks/.ci/llgo/llgo BENT_TIMING_LOG=/home/runner/work/benchmarks/benchmarks/.ci/bent-run/download-timings.log GOROOT_1_25_X64=/opt/hostedtoolcache/go/1.25.14/x64 LLGO_MAIN_INDEX=1661 LLGO_COMMIT=f5208c189edef8335ccc1f550854a0a07520f1c8 GO_VERSION=1.26.2 LLGO_REPOSITORY=xgo-dev/llgo GOROOT_1_24_X64=/opt/hostedtoolcache/go/1.24.13/x64 GOROOT_1_26_X64=/opt/hostedtoolcache/go/1.26.8/x64 BENT_REAL_GO=/opt/hostedtoolcache/go/1.26.2/x64/bin/go LLGO_ROOT=/home/runner/work/benchmarks/benchmarks/.ci/llgo LLGO_LTO_PLUGIN=/home/runner/work/benchmarks/benchmarks/.ci/llgo/ltoplugin/build/LLGOLTOPlugin.so GOPATH=/home/runner/work/benchmarks/benchmarks/.ci/bent-run/gopath GOOS=linux GOARCH=amd64 GO111MODULE=auto ROOT=/home/runner/work/benchmarks/benchmarks/.ci/bent-run GOROOT=/opt/hostedtoolcache/go/1.26.2/x64/ BENT_BENCH=iXGo BENT_CONFIG=LLGoDeadcodeDrop BENT_I=0 GOCACHE=/home/runner/work/benchmarks/benchmarks/.ci/bent-run/build-cache/runs/cache-4214882116/go-build XDG_CACHE_HOME=/home/runner/work/benchmarks/benchmarks/.ci/bent-run/build-cache/runs/cache-4214882116/xdg LocalAppData=/home/runner/work/benchmarks/benchmarks/.ci/bent-run/build-cache/runs/cache-4214882116/local-app-data /home/runner/work/benchmarks/benchmarks/.ci/llgo/llgo build -o /home/runner/work/benchmarks/benchmarks/.ci/bent-run/testbin/iXGo_LLGoDeadcodeDrop -deadcodedrop github.com/goplus/ixgo/cmd/ixgo )
goarch: amd64
toolchain: LLGoDeadcodeDrop
BenchmarkIXGo 1 129776135845 build-real-ns/op 425115132000 build-user-ns/op 10032715000 build-sys-ns/op
toolchain: LLGoDeadcodeDrop
( LLGO_COMMITTED_AT=2026-09-17T06:42:05+08:00 LLGO_BUILD_GO_VERSION=1.27.0 LLGO_BIN=/home/runner/work/benchmarks/benchmarks/.ci/llgo/llgo BENT_TIMING_LOG=/home/runner/work/benchmarks/benchmarks/.ci/bent-run/download-timings.log GOROOT_1_25_X64=/opt/hostedtoolcache/go/1.25.14/x64 LLGO_MAIN_INDEX=1661 LLGO_COMMIT=f5208c189edef8335ccc1f550854a0a07520f1c8 GO_VERSION=1.26.2 LLGO_REPOSITORY=xgo-dev/llgo GOROOT_1_24_X64=/opt/hostedtoolcache/go/1.24.13/x64 GOROOT_1_26_X64=/opt/hostedtoolcache/go/1.26.8/x64 BENT_REAL_GO=/opt/hostedtoolcache/go/1.26.2/x64/bin/go LLGO_ROOT=/home/runner/work/benchmarks/benchmarks/.ci/llgo LLGO_LTO_PLUGIN=/home/runner/work/benchmarks/benchmarks/.ci/llgo/ltoplugin/build/LLGOLTOPlugin.so GOPATH=/home/runner/work/benchmarks/benchmarks/.ci/bent-run/gopath GOOS=linux GOARCH=amd64 GO111MODULE=auto ROOT=/home/runner/work/benchmarks/benchmarks/.ci/bent-run GOROOT=/opt/hostedtoolcache/go/1.26.2/x64/ BENT_BENCH=iXGo BENT_CONFIG=LLGoDeadcodeDrop BENT_I=0 GOCACHE=/home/runner/work/benchmarks/benchmarks/.ci/bent-run/build-cache/runs/cache-4214882116/go-build XDG_CACHE_HOME=/home/runner/work/benchmarks/benchmarks/.ci/bent-run/build-cache/runs/cache-4214882116/xdg LocalAppData=/home/runner/work/benchmarks/benchmarks/.ci/bent-run/build-cache/runs/cache-4214882116/local-app-data /home/runner/work/benchmarks/benchmarks/.ci/bent-run/benchsize /home/runner/work/benchmarks/benchmarks/.ci/bent-run/testbin/iXGo_LLGoDeadcodeDrop IXGo )
goos: linux
goarch: amd64
pkg:
Unit total-bytes assume=exact
BenchmarkIXGo 1 30788200 total-bytes
Unit text-bytes assume=exact
BenchmarkIXGo 1 10870020 text-bytes
Unit data-bytes assume=exact
BenchmarkIXGo 1 10393480 data-bytes
Unit rodata-bytes assume=exact
BenchmarkIXGo 1 6073328 rodata-bytes
Unit pclntab-bytes assume=exact
BenchmarkIXGo 1 0 pclntab-bytes
Unit debug-bytes assume=exact
BenchmarkIXGo 1 0 debug-bytes

rm -rf /home/runner/work/benchmarks/benchmarks/.ci/bent-run/gopath/bin
[timing] Bent dependency acquisition and six-configuration build | real=1:07:50 user=7809.18 sys=203.29 maxrss=10777132KB
::endgroup::
