::group::Bent initialize run directory
Copied asset foo to current directory
Copied asset memprofile to current directory
Copied asset cpuprofile to current directory
Copied asset testjson to current directory
Copied asset tmpclr to current directory
Copied asset benchtime to current directory
Copied asset benchsize to current directory
Copied asset benchdwarf to current directory
Copied asset cronjob.sh to current directory
Copied asset cmpjob.sh to current directory
Copied asset cmpcl.sh to current directory
Copied asset cmpcl-phase.sh to current directory
Copied asset tweet-results to current directory
Copied asset benchmarks-all.toml to current directory
Copied asset benchmarks-100.toml to current directory
Copied asset benchmarks-gc.toml to current directory
Copied asset benchmarks-gcplus.toml to current directory
Copied asset benchmarks-trial.toml to current directory
Copied asset configurations-sample.toml to current directory
Copied asset configurations-gollvm.toml to current directory
Copied asset configurations-cronjob.toml to current directory
Copied asset configurations-cmpjob.toml to current directory
Copied asset configurations-pgo.toml to current directory
Copied asset configurations-random.toml to current directory
Copied asset suites.toml to current directory
Copied asset configurations-llgo-size.toml to current directory
Copied asset benchmarks-llgo-size.toml to current directory
Copied asset configurations-llgo-performance.toml to current directory
Copied asset benchmarks-llgo-performance.toml to current directory
Copied asset configurations-llgo-compatibility.toml to current directory
Copied asset benchmarks-llgo-compatibility.toml to current directory
Created Dockerfile
[timing] Bent initialize run directory | real=0:00.00 user=0.00 sys=0.00 maxrss=6964KB
::endgroup::
::group::Bent dependency acquisition and six-configuration build
(cd /home/runner/work/benchmarks/benchmarks/.ci/bent-run/build/toml; cat <<EOF > go.mod
module build

go 1.25

EOF)
(cd /home/runner/work/benchmarks/benchmarks/.ci/bent-run/build/toml; LLGO_COMMITTED_AT=2026-09-17T18:45:12+08:00 LLGO_BUILD_GO_VERSION=1.27.0 LLGO_BIN=/home/runner/work/benchmarks/benchmarks/.ci/llgo/llgo BENT_TIMING_LOG=/home/runner/work/benchmarks/benchmarks/.ci/bent-run/download-timings.log GOROOT_1_25_X64=/opt/hostedtoolcache/go/1.25.14/x64 LLGO_MAIN_INDEX=1663 LLGO_COMMIT=cc16553ba9d03cc36037140f2bceb6644d3094f6 GOROOT=/opt/hostedtoolcache/go/1.26.2/x64 GO_VERSION=1.26.2 LLGO_REPOSITORY=xgo-dev/llgo GOROOT_1_24_X64=/opt/hostedtoolcache/go/1.24.13/x64 GOROOT_1_26_X64=/opt/hostedtoolcache/go/1.26.8/x64 BENT_REAL_GO=/opt/hostedtoolcache/go/1.26.2/x64/bin/go LLGO_ROOT=/home/runner/work/benchmarks/benchmarks/.ci/llgo LLGO_LTO_PLUGIN=/home/runner/work/benchmarks/benchmarks/.ci/llgo/ltoplugin/build/LLGOLTOPlugin.so GOPATH=/home/runner/work/benchmarks/benchmarks/.ci/bent-run/gopath GOOS=linux GOARCH=amd64 GO111MODULE=auto ROOT=/home/runner/work/benchmarks/benchmarks/.ci/bent-run go get -t -v github.com/BurntSushi/toml@v1.6.0 )
(cd /home/runner/work/benchmarks/benchmarks/.ci/bent-run/build/aws_restjson_v1; cat <<EOF > go.mod
module build

go 1.25

EOF)
(cd /home/runner/work/benchmarks/benchmarks/.ci/bent-run/build/aws_restjson_v1; LLGO_COMMITTED_AT=2026-09-17T18:45:12+08:00 LLGO_BUILD_GO_VERSION=1.27.0 LLGO_BIN=/home/runner/work/benchmarks/benchmarks/.ci/llgo/llgo BENT_TIMING_LOG=/home/runner/work/benchmarks/benchmarks/.ci/bent-run/download-timings.log GOROOT_1_25_X64=/opt/hostedtoolcache/go/1.25.14/x64 LLGO_MAIN_INDEX=1663 LLGO_COMMIT=cc16553ba9d03cc36037140f2bceb6644d3094f6 GOROOT=/opt/hostedtoolcache/go/1.26.2/x64 GO_VERSION=1.26.2 LLGO_REPOSITORY=xgo-dev/llgo GOROOT_1_24_X64=/opt/hostedtoolcache/go/1.24.13/x64 GOROOT_1_26_X64=/opt/hostedtoolcache/go/1.26.8/x64 BENT_REAL_GO=/opt/hostedtoolcache/go/1.26.2/x64/bin/go LLGO_ROOT=/home/runner/work/benchmarks/benchmarks/.ci/llgo LLGO_LTO_PLUGIN=/home/runner/work/benchmarks/benchmarks/.ci/llgo/ltoplugin/build/LLGOLTOPlugin.so GOPATH=/home/runner/work/benchmarks/benchmarks/.ci/bent-run/gopath GOOS=linux GOARCH=amd64 GO111MODULE=auto ROOT=/home/runner/work/benchmarks/benchmarks/.ci/bent-run go get -t -v github.com/aws/aws-sdk-go/private/protocol/restjson@v1.41.1 )
(cd /home/runner/work/benchmarks/benchmarks/.ci/bent-run/build/dustin_humanize; cat <<EOF > go.mod
module build

go 1.25

EOF)
(cd /home/runner/work/benchmarks/benchmarks/.ci/bent-run/build/dustin_humanize; LLGO_COMMITTED_AT=2026-09-17T18:45:12+08:00 LLGO_BUILD_GO_VERSION=1.27.0 LLGO_BIN=/home/runner/work/benchmarks/benchmarks/.ci/llgo/llgo BENT_TIMING_LOG=/home/runner/work/benchmarks/benchmarks/.ci/bent-run/download-timings.log GOROOT_1_25_X64=/opt/hostedtoolcache/go/1.25.14/x64 LLGO_MAIN_INDEX=1663 LLGO_COMMIT=cc16553ba9d03cc36037140f2bceb6644d3094f6 GOROOT=/opt/hostedtoolcache/go/1.26.2/x64 GO_VERSION=1.26.2 LLGO_REPOSITORY=xgo-dev/llgo GOROOT_1_24_X64=/opt/hostedtoolcache/go/1.24.13/x64 GOROOT_1_26_X64=/opt/hostedtoolcache/go/1.26.8/x64 BENT_REAL_GO=/opt/hostedtoolcache/go/1.26.2/x64/bin/go LLGO_ROOT=/home/runner/work/benchmarks/benchmarks/.ci/llgo LLGO_LTO_PLUGIN=/home/runner/work/benchmarks/benchmarks/.ci/llgo/ltoplugin/build/LLGOLTOPlugin.so GOPATH=/home/runner/work/benchmarks/benchmarks/.ci/bent-run/gopath GOOS=linux GOARCH=amd64 GO111MODULE=auto ROOT=/home/runner/work/benchmarks/benchmarks/.ci/bent-run go get -t -v github.com/dustin/go-humanize@v1.0.1 )
(cd /home/runner/work/benchmarks/benchmarks/.ci/bent-run/build/k8s_workqueue; cat <<EOF > go.mod
module build

go 1.25

EOF)
(cd /home/runner/work/benchmarks/benchmarks/.ci/bent-run/build/k8s_workqueue; LLGO_COMMITTED_AT=2026-09-17T18:45:12+08:00 LLGO_BUILD_GO_VERSION=1.27.0 LLGO_BIN=/home/runner/work/benchmarks/benchmarks/.ci/llgo/llgo BENT_TIMING_LOG=/home/runner/work/benchmarks/benchmarks/.ci/bent-run/download-timings.log GOROOT_1_25_X64=/opt/hostedtoolcache/go/1.25.14/x64 LLGO_MAIN_INDEX=1663 LLGO_COMMIT=cc16553ba9d03cc36037140f2bceb6644d3094f6 GOROOT=/opt/hostedtoolcache/go/1.26.2/x64 GO_VERSION=1.26.2 LLGO_REPOSITORY=xgo-dev/llgo GOROOT_1_24_X64=/opt/hostedtoolcache/go/1.24.13/x64 GOROOT_1_26_X64=/opt/hostedtoolcache/go/1.26.8/x64 BENT_REAL_GO=/opt/hostedtoolcache/go/1.26.2/x64/bin/go LLGO_ROOT=/home/runner/work/benchmarks/benchmarks/.ci/llgo LLGO_LTO_PLUGIN=/home/runner/work/benchmarks/benchmarks/.ci/llgo/ltoplugin/build/LLGOLTOPlugin.so GOPATH=/home/runner/work/benchmarks/benchmarks/.ci/bent-run/gopath GOOS=linux GOARCH=amd64 GO111MODULE=auto ROOT=/home/runner/work/benchmarks/benchmarks/.ci/bent-run go get -t -v k8s.io/client-go/util/workqueue@v0.36.2 )
(cd /home/runner/work/benchmarks/benchmarks/.ci/bent-run/build/uber_zap; cat <<EOF > go.mod
module build

go 1.25

EOF)
(cd /home/runner/work/benchmarks/benchmarks/.ci/bent-run/build/uber_zap; LLGO_COMMITTED_AT=2026-09-17T18:45:12+08:00 LLGO_BUILD_GO_VERSION=1.27.0 LLGO_BIN=/home/runner/work/benchmarks/benchmarks/.ci/llgo/llgo BENT_TIMING_LOG=/home/runner/work/benchmarks/benchmarks/.ci/bent-run/download-timings.log GOROOT_1_25_X64=/opt/hostedtoolcache/go/1.25.14/x64 LLGO_MAIN_INDEX=1663 LLGO_COMMIT=cc16553ba9d03cc36037140f2bceb6644d3094f6 GOROOT=/opt/hostedtoolcache/go/1.26.2/x64 GO_VERSION=1.26.2 LLGO_REPOSITORY=xgo-dev/llgo GOROOT_1_24_X64=/opt/hostedtoolcache/go/1.24.13/x64 GOROOT_1_26_X64=/opt/hostedtoolcache/go/1.26.8/x64 BENT_REAL_GO=/opt/hostedtoolcache/go/1.26.2/x64/bin/go LLGO_ROOT=/home/runner/work/benchmarks/benchmarks/.ci/llgo LLGO_LTO_PLUGIN=/home/runner/work/benchmarks/benchmarks/.ci/llgo/ltoplugin/build/LLGOLTOPlugin.so GOPATH=/home/runner/work/benchmarks/benchmarks/.ci/bent-run/gopath GOOS=linux GOARCH=amd64 GO111MODULE=auto ROOT=/home/runner/work/benchmarks/benchmarks/.ci/bent-run go get -t -v go.uber.org/zap/zapcore@v1.27.0 )
(cd /home/runner/work/benchmarks/benchmarks/.ci/bent-run/build/gorm_schema; cat <<EOF > go.mod
module build

go 1.25

EOF)
(cd /home/runner/work/benchmarks/benchmarks/.ci/bent-run/build/gorm_schema; LLGO_COMMITTED_AT=2026-09-17T18:45:12+08:00 LLGO_BUILD_GO_VERSION=1.27.0 LLGO_BIN=/home/runner/work/benchmarks/benchmarks/.ci/llgo/llgo BENT_TIMING_LOG=/home/runner/work/benchmarks/benchmarks/.ci/bent-run/download-timings.log GOROOT_1_25_X64=/opt/hostedtoolcache/go/1.25.14/x64 LLGO_MAIN_INDEX=1663 LLGO_COMMIT=cc16553ba9d03cc36037140f2bceb6644d3094f6 GOROOT=/opt/hostedtoolcache/go/1.26.2/x64 GO_VERSION=1.26.2 LLGO_REPOSITORY=xgo-dev/llgo GOROOT_1_24_X64=/opt/hostedtoolcache/go/1.24.13/x64 GOROOT_1_26_X64=/opt/hostedtoolcache/go/1.26.8/x64 BENT_REAL_GO=/opt/hostedtoolcache/go/1.26.2/x64/bin/go LLGO_ROOT=/home/runner/work/benchmarks/benchmarks/.ci/llgo LLGO_LTO_PLUGIN=/home/runner/work/benchmarks/benchmarks/.ci/llgo/ltoplugin/build/LLGOLTOPlugin.so GOPATH=/home/runner/work/benchmarks/benchmarks/.ci/bent-run/gopath GOOS=linux GOARCH=amd64 GO111MODULE=auto ROOT=/home/runner/work/benchmarks/benchmarks/.ci/bent-run go get -t -v gorm.io/gorm/schema@v1.31.2 )
(cd /home/runner/work/benchmarks/benchmarks/.ci/bent-run/build/etcdctl; cat <<EOF > go.mod
module build

go 1.25

EOF)
(cd /home/runner/work/benchmarks/benchmarks/.ci/bent-run/build/etcdctl; LLGO_COMMITTED_AT=2026-09-17T18:45:12+08:00 LLGO_BUILD_GO_VERSION=1.27.0 LLGO_BIN=/home/runner/work/benchmarks/benchmarks/.ci/llgo/llgo BENT_TIMING_LOG=/home/runner/work/benchmarks/benchmarks/.ci/bent-run/download-timings.log GOROOT_1_25_X64=/opt/hostedtoolcache/go/1.25.14/x64 LLGO_MAIN_INDEX=1663 LLGO_COMMIT=cc16553ba9d03cc36037140f2bceb6644d3094f6 GOROOT=/opt/hostedtoolcache/go/1.26.2/x64 GO_VERSION=1.26.2 LLGO_REPOSITORY=xgo-dev/llgo GOROOT_1_24_X64=/opt/hostedtoolcache/go/1.24.13/x64 GOROOT_1_26_X64=/opt/hostedtoolcache/go/1.26.8/x64 BENT_REAL_GO=/opt/hostedtoolcache/go/1.26.2/x64/bin/go LLGO_ROOT=/home/runner/work/benchmarks/benchmarks/.ci/llgo LLGO_LTO_PLUGIN=/home/runner/work/benchmarks/benchmarks/.ci/llgo/ltoplugin/build/LLGOLTOPlugin.so GOPATH=/home/runner/work/benchmarks/benchmarks/.ci/bent-run/gopath GOOS=linux GOARCH=amd64 GO111MODULE=auto ROOT=/home/runner/work/benchmarks/benchmarks/.ci/bent-run go get -t -v go.etcd.io/etcd/etcdctl/v3@v3.6.14 )
(cd /home/runner/work/benchmarks/benchmarks/.ci/bent-run/build/XGo; cat <<EOF > go.mod
module build

go 1.25

EOF)
(cd /home/runner/work/benchmarks/benchmarks/.ci/bent-run/build/XGo; LLGO_COMMITTED_AT=2026-09-17T18:45:12+08:00 LLGO_BUILD_GO_VERSION=1.27.0 LLGO_BIN=/home/runner/work/benchmarks/benchmarks/.ci/llgo/llgo BENT_TIMING_LOG=/home/runner/work/benchmarks/benchmarks/.ci/bent-run/download-timings.log GOROOT_1_25_X64=/opt/hostedtoolcache/go/1.25.14/x64 LLGO_MAIN_INDEX=1663 LLGO_COMMIT=cc16553ba9d03cc36037140f2bceb6644d3094f6 GOROOT=/opt/hostedtoolcache/go/1.26.2/x64 GO_VERSION=1.26.2 LLGO_REPOSITORY=xgo-dev/llgo GOROOT_1_24_X64=/opt/hostedtoolcache/go/1.24.13/x64 GOROOT_1_26_X64=/opt/hostedtoolcache/go/1.26.8/x64 BENT_REAL_GO=/opt/hostedtoolcache/go/1.26.2/x64/bin/go LLGO_ROOT=/home/runner/work/benchmarks/benchmarks/.ci/llgo LLGO_LTO_PLUGIN=/home/runner/work/benchmarks/benchmarks/.ci/llgo/ltoplugin/build/LLGOLTOPlugin.so GOPATH=/home/runner/work/benchmarks/benchmarks/.ci/bent-run/gopath GOOS=linux GOARCH=amd64 GO111MODULE=auto ROOT=/home/runner/work/benchmarks/benchmarks/.ci/bent-run go get -t -v github.com/goplus/xgo/cmd/xgo@v1.7.5 )
(cd /home/runner/work/benchmarks/benchmarks/.ci/bent-run/build/iXGo; cat <<EOF > go.mod
module build

go 1.25

EOF)
(cd /home/runner/work/benchmarks/benchmarks/.ci/bent-run/build/iXGo; LLGO_COMMITTED_AT=2026-09-17T18:45:12+08:00 LLGO_BUILD_GO_VERSION=1.27.0 LLGO_BIN=/home/runner/work/benchmarks/benchmarks/.ci/llgo/llgo BENT_TIMING_LOG=/home/runner/work/benchmarks/benchmarks/.ci/bent-run/download-timings.log GOROOT_1_25_X64=/opt/hostedtoolcache/go/1.25.14/x64 LLGO_MAIN_INDEX=1663 LLGO_COMMIT=cc16553ba9d03cc36037140f2bceb6644d3094f6 GOROOT=/opt/hostedtoolcache/go/1.26.2/x64 GO_VERSION=1.26.2 LLGO_REPOSITORY=xgo-dev/llgo GOROOT_1_24_X64=/opt/hostedtoolcache/go/1.24.13/x64 GOROOT_1_26_X64=/opt/hostedtoolcache/go/1.26.8/x64 BENT_REAL_GO=/opt/hostedtoolcache/go/1.26.2/x64/bin/go LLGO_ROOT=/home/runner/work/benchmarks/benchmarks/.ci/llgo LLGO_LTO_PLUGIN=/home/runner/work/benchmarks/benchmarks/.ci/llgo/ltoplugin/build/LLGOLTOPlugin.so GOPATH=/home/runner/work/benchmarks/benchmarks/.ci/bent-run/gopath GOOS=linux GOARCH=amd64 GO111MODULE=auto ROOT=/home/runner/work/benchmarks/benchmarks/.ci/bent-run go get -t -v github.com/goplus/ixgo/cmd/ixgo@v1.1.8 )
rm -rf /home/runner/work/benchmarks/benchmarks/.ci/bent-run/goroots/Go
Copying directory /opt/hostedtoolcache/go/1.26.2/x64/bin to /home/runner/work/benchmarks/benchmarks/.ci/bent-run/goroots/Go/bin, error=<nil>
Copying directory /opt/hostedtoolcache/go/1.26.2/x64/src to /home/runner/work/benchmarks/benchmarks/.ci/bent-run/goroots/Go/src, error=<nil>
Copying directory /opt/hostedtoolcache/go/1.26.2/x64/pkg to /home/runner/work/benchmarks/benchmarks/.ci/bent-run/goroots/Go/pkg, error=<nil>
Prewarming 316 standard-library packages for Go
Prewarming 316 standard-library packages for LLGoNoLTO
Prewarming 316 standard-library packages for LLGoDeadcodeDrop
Prewarming 316 standard-library packages for LLGoFullLTONoGlobalDCE
Prewarming 316 standard-library packages for LLGoFullLTOGlobalDCE
Prewarming 316 standard-library packages for LLGoFullLTOGlobalDCEPlugin
(cd /home/runner/work/benchmarks/benchmarks/.ci/bent-run/build/toml; LLGO_COMMITTED_AT=2026-09-17T18:45:12+08:00 LLGO_BUILD_GO_VERSION=1.27.0 LLGO_BIN=/home/runner/work/benchmarks/benchmarks/.ci/llgo/llgo BENT_TIMING_LOG=/home/runner/work/benchmarks/benchmarks/.ci/bent-run/download-timings.log GOROOT_1_25_X64=/opt/hostedtoolcache/go/1.25.14/x64 LLGO_MAIN_INDEX=1663 LLGO_COMMIT=cc16553ba9d03cc36037140f2bceb6644d3094f6 GO_VERSION=1.26.2 LLGO_REPOSITORY=xgo-dev/llgo GOROOT_1_24_X64=/opt/hostedtoolcache/go/1.24.13/x64 GOROOT_1_26_X64=/opt/hostedtoolcache/go/1.26.8/x64 BENT_REAL_GO=/opt/hostedtoolcache/go/1.26.2/x64/bin/go LLGO_ROOT=/home/runner/work/benchmarks/benchmarks/.ci/llgo LLGO_LTO_PLUGIN=/home/runner/work/benchmarks/benchmarks/.ci/llgo/ltoplugin/build/LLGOLTOPlugin.so GOPATH=/home/runner/work/benchmarks/benchmarks/.ci/bent-run/gopath GOOS=linux GOARCH=amd64 GO111MODULE=auto ROOT=/home/runner/work/benchmarks/benchmarks/.ci/bent-run GOROOT=/home/runner/work/benchmarks/benchmarks/.ci/bent-run/goroots/Go BENT_BENCH=toml BENT_CONFIG=Go BENT_I=0 GOCACHE=/home/runner/work/benchmarks/benchmarks/.ci/bent-run/build-cache/runs/cache-2066025316/go-build XDG_CACHE_HOME=/home/runner/work/benchmarks/benchmarks/.ci/bent-run/build-cache/runs/cache-2066025316/xdg LocalAppData=/home/runner/work/benchmarks/benchmarks/.ci/bent-run/build-cache/runs/cache-2066025316/local-app-data /home/runner/work/benchmarks/benchmarks/.ci/bent-run/goroots/Go/bin/go test -vet=off -c -o /home/runner/work/benchmarks/benchmarks/.ci/bent-run/testbin/toml_Go github.com/BurntSushi/toml )
goarch: amd64
toolchain: Go
BenchmarkToml 1 893547709 build-real-ns/op 1730872000 build-user-ns/op 229624000 build-sys-ns/op
toolchain: Go
( LLGO_COMMITTED_AT=2026-09-17T18:45:12+08:00 LLGO_BUILD_GO_VERSION=1.27.0 LLGO_BIN=/home/runner/work/benchmarks/benchmarks/.ci/llgo/llgo BENT_TIMING_LOG=/home/runner/work/benchmarks/benchmarks/.ci/bent-run/download-timings.log GOROOT_1_25_X64=/opt/hostedtoolcache/go/1.25.14/x64 LLGO_MAIN_INDEX=1663 LLGO_COMMIT=cc16553ba9d03cc36037140f2bceb6644d3094f6 GO_VERSION=1.26.2 LLGO_REPOSITORY=xgo-dev/llgo GOROOT_1_24_X64=/opt/hostedtoolcache/go/1.24.13/x64 GOROOT_1_26_X64=/opt/hostedtoolcache/go/1.26.8/x64 BENT_REAL_GO=/opt/hostedtoolcache/go/1.26.2/x64/bin/go LLGO_ROOT=/home/runner/work/benchmarks/benchmarks/.ci/llgo LLGO_LTO_PLUGIN=/home/runner/work/benchmarks/benchmarks/.ci/llgo/ltoplugin/build/LLGOLTOPlugin.so GOPATH=/home/runner/work/benchmarks/benchmarks/.ci/bent-run/gopath GOOS=linux GOARCH=amd64 GO111MODULE=auto ROOT=/home/runner/work/benchmarks/benchmarks/.ci/bent-run GOROOT=/home/runner/work/benchmarks/benchmarks/.ci/bent-run/goroots/Go BENT_BENCH=toml BENT_CONFIG=Go BENT_I=0 GOCACHE=/home/runner/work/benchmarks/benchmarks/.ci/bent-run/build-cache/runs/cache-2066025316/go-build XDG_CACHE_HOME=/home/runner/work/benchmarks/benchmarks/.ci/bent-run/build-cache/runs/cache-2066025316/xdg LocalAppData=/home/runner/work/benchmarks/benchmarks/.ci/bent-run/build-cache/runs/cache-2066025316/local-app-data /home/runner/work/benchmarks/benchmarks/.ci/bent-run/benchsize /home/runner/work/benchmarks/benchmarks/.ci/bent-run/testbin/toml_Go Toml )
goos: linux
goarch: amd64
pkg:
Unit total-bytes assume=exact
BenchmarkToml 1 7324958 total-bytes
Unit text-bytes assume=exact
BenchmarkToml 1 2270513 text-bytes
Unit data-bytes assume=exact
BenchmarkToml 1 1054996 data-bytes
Unit rodata-bytes assume=exact
BenchmarkToml 1 905569 rodata-bytes
Unit pclntab-bytes assume=exact
BenchmarkToml 1 1818042 pclntab-bytes
Unit debug-bytes assume=exact
BenchmarkToml 1 1575478 debug-bytes

rm -rf /home/runner/work/benchmarks/benchmarks/.ci/bent-run/gopath/bin
(cd /home/runner/work/benchmarks/benchmarks/.ci/bent-run/build/k8s_workqueue; LLGO_COMMITTED_AT=2026-09-17T18:45:12+08:00 LLGO_BUILD_GO_VERSION=1.27.0 LLGO_BIN=/home/runner/work/benchmarks/benchmarks/.ci/llgo/llgo BENT_TIMING_LOG=/home/runner/work/benchmarks/benchmarks/.ci/bent-run/download-timings.log GOROOT_1_25_X64=/opt/hostedtoolcache/go/1.25.14/x64 LLGO_MAIN_INDEX=1663 LLGO_COMMIT=cc16553ba9d03cc36037140f2bceb6644d3094f6 GO_VERSION=1.26.2 LLGO_REPOSITORY=xgo-dev/llgo GOROOT_1_24_X64=/opt/hostedtoolcache/go/1.24.13/x64 GOROOT_1_26_X64=/opt/hostedtoolcache/go/1.26.8/x64 BENT_REAL_GO=/opt/hostedtoolcache/go/1.26.2/x64/bin/go LLGO_ROOT=/home/runner/work/benchmarks/benchmarks/.ci/llgo LLGO_LTO_PLUGIN=/home/runner/work/benchmarks/benchmarks/.ci/llgo/ltoplugin/build/LLGOLTOPlugin.so GOPATH=/home/runner/work/benchmarks/benchmarks/.ci/bent-run/gopath GOOS=linux GOARCH=amd64 GO111MODULE=auto ROOT=/home/runner/work/benchmarks/benchmarks/.ci/bent-run GOROOT=/opt/hostedtoolcache/go/1.26.2/x64/ BENT_BENCH=k8s_workqueue BENT_CONFIG=LLGoNoLTO BENT_I=0 GOCACHE=/home/runner/work/benchmarks/benchmarks/.ci/bent-run/build-cache/runs/cache-622049902/go-build XDG_CACHE_HOME=/home/runner/work/benchmarks/benchmarks/.ci/bent-run/build-cache/runs/cache-622049902/xdg LocalAppData=/home/runner/work/benchmarks/benchmarks/.ci/bent-run/build-cache/runs/cache-622049902/local-app-data /home/runner/work/benchmarks/benchmarks/.ci/llgo/llgo test -c -o /home/runner/work/benchmarks/benchmarks/.ci/bent-run/testbin/k8s_workqueue_LLGoNoLTO k8s.io/client-go/util/workqueue )
goarch: amd64
toolchain: LLGoNoLTO
BenchmarkK8s_workqueue 1 22181481584 build-real-ns/op 45825019000 build-user-ns/op 1608744000 build-sys-ns/op
toolchain: LLGoNoLTO
( LLGO_COMMITTED_AT=2026-09-17T18:45:12+08:00 LLGO_BUILD_GO_VERSION=1.27.0 LLGO_BIN=/home/runner/work/benchmarks/benchmarks/.ci/llgo/llgo BENT_TIMING_LOG=/home/runner/work/benchmarks/benchmarks/.ci/bent-run/download-timings.log GOROOT_1_25_X64=/opt/hostedtoolcache/go/1.25.14/x64 LLGO_MAIN_INDEX=1663 LLGO_COMMIT=cc16553ba9d03cc36037140f2bceb6644d3094f6 GO_VERSION=1.26.2 LLGO_REPOSITORY=xgo-dev/llgo GOROOT_1_24_X64=/opt/hostedtoolcache/go/1.24.13/x64 GOROOT_1_26_X64=/opt/hostedtoolcache/go/1.26.8/x64 BENT_REAL_GO=/opt/hostedtoolcache/go/1.26.2/x64/bin/go LLGO_ROOT=/home/runner/work/benchmarks/benchmarks/.ci/llgo LLGO_LTO_PLUGIN=/home/runner/work/benchmarks/benchmarks/.ci/llgo/ltoplugin/build/LLGOLTOPlugin.so GOPATH=/home/runner/work/benchmarks/benchmarks/.ci/bent-run/gopath GOOS=linux GOARCH=amd64 GO111MODULE=auto ROOT=/home/runner/work/benchmarks/benchmarks/.ci/bent-run GOROOT=/opt/hostedtoolcache/go/1.26.2/x64/ BENT_BENCH=k8s_workqueue BENT_CONFIG=LLGoNoLTO BENT_I=0 GOCACHE=/home/runner/work/benchmarks/benchmarks/.ci/bent-run/build-cache/runs/cache-622049902/go-build XDG_CACHE_HOME=/home/runner/work/benchmarks/benchmarks/.ci/bent-run/build-cache/runs/cache-622049902/xdg LocalAppData=/home/runner/work/benchmarks/benchmarks/.ci/bent-run/build-cache/runs/cache-622049902/local-app-data /home/runner/work/benchmarks/benchmarks/.ci/bent-run/benchsize /home/runner/work/benchmarks/benchmarks/.ci/bent-run/testbin/k8s_workqueue_LLGoNoLTO K8s_workqueue )
goos: linux
goarch: amd64
pkg:
Unit total-bytes assume=exact
BenchmarkK8s_workqueue 1 11410104 total-bytes
Unit text-bytes assume=exact
BenchmarkK8s_workqueue 1 4167164 text-bytes
Unit data-bytes assume=exact
BenchmarkK8s_workqueue 1 3714760 data-bytes
Unit rodata-bytes assume=exact
BenchmarkK8s_workqueue 1 2106296 rodata-bytes
Unit pclntab-bytes assume=exact
BenchmarkK8s_workqueue 1 0 pclntab-bytes
Unit debug-bytes assume=exact
BenchmarkK8s_workqueue 1 0 debug-bytes

rm -rf /home/runner/work/benchmarks/benchmarks/.ci/bent-run/gopath/bin
(cd /home/runner/work/benchmarks/benchmarks/.ci/bent-run/build/iXGo; LLGO_COMMITTED_AT=2026-09-17T18:45:12+08:00 LLGO_BUILD_GO_VERSION=1.27.0 LLGO_BIN=/home/runner/work/benchmarks/benchmarks/.ci/llgo/llgo BENT_TIMING_LOG=/home/runner/work/benchmarks/benchmarks/.ci/bent-run/download-timings.log GOROOT_1_25_X64=/opt/hostedtoolcache/go/1.25.14/x64 LLGO_MAIN_INDEX=1663 LLGO_COMMIT=cc16553ba9d03cc36037140f2bceb6644d3094f6 GO_VERSION=1.26.2 LLGO_REPOSITORY=xgo-dev/llgo GOROOT_1_24_X64=/opt/hostedtoolcache/go/1.24.13/x64 GOROOT_1_26_X64=/opt/hostedtoolcache/go/1.26.8/x64 BENT_REAL_GO=/opt/hostedtoolcache/go/1.26.2/x64/bin/go LLGO_ROOT=/home/runner/work/benchmarks/benchmarks/.ci/llgo LLGO_LTO_PLUGIN=/home/runner/work/benchmarks/benchmarks/.ci/llgo/ltoplugin/build/LLGOLTOPlugin.so GOPATH=/home/runner/work/benchmarks/benchmarks/.ci/bent-run/gopath GOOS=linux GOARCH=amd64 GO111MODULE=auto ROOT=/home/runner/work/benchmarks/benchmarks/.ci/bent-run GOROOT=/opt/hostedtoolcache/go/1.26.2/x64/ BENT_BENCH=iXGo BENT_CONFIG=LLGoFullLTOGlobalDCEPlugin BENT_I=0 GOCACHE=/home/runner/work/benchmarks/benchmarks/.ci/bent-run/build-cache/runs/cache-3884306245/go-build XDG_CACHE_HOME=/home/runner/work/benchmarks/benchmarks/.ci/bent-run/build-cache/runs/cache-3884306245/xdg LocalAppData=/home/runner/work/benchmarks/benchmarks/.ci/bent-run/build-cache/runs/cache-3884306245/local-app-data /home/runner/work/benchmarks/benchmarks/.ci/llgo/llgo build -o /home/runner/work/benchmarks/benchmarks/.ci/bent-run/testbin/iXGo_LLGoFullLTOGlobalDCEPlugin -lto=full -lto-pass-plugin=/home/runner/work/benchmarks/benchmarks/.ci/llgo/ltoplugin/build/LLGOLTOPlugin.so github.com/goplus/ixgo/cmd/ixgo )
goarch: amd64
toolchain: LLGoFullLTOGlobalDCEPlugin
BenchmarkIXGo 1 282692231302 build-real-ns/op 532867679000 build-user-ns/op 13521720000 build-sys-ns/op
toolchain: LLGoFullLTOGlobalDCEPlugin
( LLGO_COMMITTED_AT=2026-09-17T18:45:12+08:00 LLGO_BUILD_GO_VERSION=1.27.0 LLGO_BIN=/home/runner/work/benchmarks/benchmarks/.ci/llgo/llgo BENT_TIMING_LOG=/home/runner/work/benchmarks/benchmarks/.ci/bent-run/download-timings.log GOROOT_1_25_X64=/opt/hostedtoolcache/go/1.25.14/x64 LLGO_MAIN_INDEX=1663 LLGO_COMMIT=cc16553ba9d03cc36037140f2bceb6644d3094f6 GO_VERSION=1.26.2 LLGO_REPOSITORY=xgo-dev/llgo GOROOT_1_24_X64=/opt/hostedtoolcache/go/1.24.13/x64 GOROOT_1_26_X64=/opt/hostedtoolcache/go/1.26.8/x64 BENT_REAL_GO=/opt/hostedtoolcache/go/1.26.2/x64/bin/go LLGO_ROOT=/home/runner/work/benchmarks/benchmarks/.ci/llgo LLGO_LTO_PLUGIN=/home/runner/work/benchmarks/benchmarks/.ci/llgo/ltoplugin/build/LLGOLTOPlugin.so GOPATH=/home/runner/work/benchmarks/benchmarks/.ci/bent-run/gopath GOOS=linux GOARCH=amd64 GO111MODULE=auto ROOT=/home/runner/work/benchmarks/benchmarks/.ci/bent-run GOROOT=/opt/hostedtoolcache/go/1.26.2/x64/ BENT_BENCH=iXGo BENT_CONFIG=LLGoFullLTOGlobalDCEPlugin BENT_I=0 GOCACHE=/home/runner/work/benchmarks/benchmarks/.ci/bent-run/build-cache/runs/cache-3884306245/go-build XDG_CACHE_HOME=/home/runner/work/benchmarks/benchmarks/.ci/bent-run/build-cache/runs/cache-3884306245/xdg LocalAppData=/home/runner/work/benchmarks/benchmarks/.ci/bent-run/build-cache/runs/cache-3884306245/local-app-data /home/runner/work/benchmarks/benchmarks/.ci/bent-run/benchsize /home/runner/work/benchmarks/benchmarks/.ci/bent-run/testbin/iXGo_LLGoFullLTOGlobalDCEPlugin IXGo )
goos: linux
goarch: amd64
pkg:
Unit total-bytes assume=exact
BenchmarkIXGo 1 29743488 total-bytes
Unit text-bytes assume=exact
BenchmarkIXGo 1 10315253 text-bytes
Unit data-bytes assume=exact
BenchmarkIXGo 1 10193728 data-bytes
Unit rodata-bytes assume=exact
BenchmarkIXGo 1 9134824 rodata-bytes
Unit pclntab-bytes assume=exact
BenchmarkIXGo 1 0 pclntab-bytes
Unit debug-bytes assume=exact
BenchmarkIXGo 1 0 debug-bytes

rm -rf /home/runner/work/benchmarks/benchmarks/.ci/bent-run/gopath/bin
(cd /home/runner/work/benchmarks/benchmarks/.ci/bent-run/build/iXGo; LLGO_COMMITTED_AT=2026-09-17T18:45:12+08:00 LLGO_BUILD_GO_VERSION=1.27.0 LLGO_BIN=/home/runner/work/benchmarks/benchmarks/.ci/llgo/llgo BENT_TIMING_LOG=/home/runner/work/benchmarks/benchmarks/.ci/bent-run/download-timings.log GOROOT_1_25_X64=/opt/hostedtoolcache/go/1.25.14/x64 LLGO_MAIN_INDEX=1663 LLGO_COMMIT=cc16553ba9d03cc36037140f2bceb6644d3094f6 GO_VERSION=1.26.2 LLGO_REPOSITORY=xgo-dev/llgo GOROOT_1_24_X64=/opt/hostedtoolcache/go/1.24.13/x64 GOROOT_1_26_X64=/opt/hostedtoolcache/go/1.26.8/x64 BENT_REAL_GO=/opt/hostedtoolcache/go/1.26.2/x64/bin/go LLGO_ROOT=/home/runner/work/benchmarks/benchmarks/.ci/llgo LLGO_LTO_PLUGIN=/home/runner/work/benchmarks/benchmarks/.ci/llgo/ltoplugin/build/LLGOLTOPlugin.so GOPATH=/home/runner/work/benchmarks/benchmarks/.ci/bent-run/gopath GOOS=linux GOARCH=amd64 GO111MODULE=auto ROOT=/home/runner/work/benchmarks/benchmarks/.ci/bent-run GOROOT=/opt/hostedtoolcache/go/1.26.2/x64/ BENT_BENCH=iXGo BENT_CONFIG=LLGoFullLTONoGlobalDCE BENT_I=0 GOCACHE=/home/runner/work/benchmarks/benchmarks/.ci/bent-run/build-cache/runs/cache-3376706581/go-build XDG_CACHE_HOME=/home/runner/work/benchmarks/benchmarks/.ci/bent-run/build-cache/runs/cache-3376706581/xdg LocalAppData=/home/runner/work/benchmarks/benchmarks/.ci/bent-run/build-cache/runs/cache-3376706581/local-app-data /home/runner/work/benchmarks/benchmarks/.ci/llgo/llgo build -o /home/runner/work/benchmarks/benchmarks/.ci/bent-run/testbin/iXGo_LLGoFullLTONoGlobalDCE -lto=full -globaldce=false github.com/goplus/ixgo/cmd/ixgo )
goarch: amd64
toolchain: LLGoFullLTONoGlobalDCE
BenchmarkIXGo 1 274062623002 build-real-ns/op 510707219000 build-user-ns/op 12421708000 build-sys-ns/op
toolchain: LLGoFullLTONoGlobalDCE
( LLGO_COMMITTED_AT=2026-09-17T18:45:12+08:00 LLGO_BUILD_GO_VERSION=1.27.0 LLGO_BIN=/home/runner/work/benchmarks/benchmarks/.ci/llgo/llgo BENT_TIMING_LOG=/home/runner/work/benchmarks/benchmarks/.ci/bent-run/download-timings.log GOROOT_1_25_X64=/opt/hostedtoolcache/go/1.25.14/x64 LLGO_MAIN_INDEX=1663 LLGO_COMMIT=cc16553ba9d03cc36037140f2bceb6644d3094f6 GO_VERSION=1.26.2 LLGO_REPOSITORY=xgo-dev/llgo GOROOT_1_24_X64=/opt/hostedtoolcache/go/1.24.13/x64 GOROOT_1_26_X64=/opt/hostedtoolcache/go/1.26.8/x64 BENT_REAL_GO=/opt/hostedtoolcache/go/1.26.2/x64/bin/go LLGO_ROOT=/home/runner/work/benchmarks/benchmarks/.ci/llgo LLGO_LTO_PLUGIN=/home/runner/work/benchmarks/benchmarks/.ci/llgo/ltoplugin/build/LLGOLTOPlugin.so GOPATH=/home/runner/work/benchmarks/benchmarks/.ci/bent-run/gopath GOOS=linux GOARCH=amd64 GO111MODULE=auto ROOT=/home/runner/work/benchmarks/benchmarks/.ci/bent-run GOROOT=/opt/hostedtoolcache/go/1.26.2/x64/ BENT_BENCH=iXGo BENT_CONFIG=LLGoFullLTONoGlobalDCE BENT_I=0 GOCACHE=/home/runner/work/benchmarks/benchmarks/.ci/bent-run/build-cache/runs/cache-3376706581/go-build XDG_CACHE_HOME=/home/runner/work/benchmarks/benchmarks/.ci/bent-run/build-cache/runs/cache-3376706581/xdg LocalAppData=/home/runner/work/benchmarks/benchmarks/.ci/bent-run/build-cache/runs/cache-3376706581/local-app-data /home/runner/work/benchmarks/benchmarks/.ci/bent-run/benchsize /home/runner/work/benchmarks/benchmarks/.ci/bent-run/testbin/iXGo_LLGoFullLTONoGlobalDCE IXGo )
goos: linux
goarch: amd64
pkg:
Unit total-bytes assume=exact
BenchmarkIXGo 1 30177304 total-bytes
Unit text-bytes assume=exact
BenchmarkIXGo 1 10579733 text-bytes
Unit data-bytes assume=exact
BenchmarkIXGo 1 10166440 data-bytes
Unit rodata-bytes assume=exact
BenchmarkIXGo 1 9107536 rodata-bytes
Unit pclntab-bytes assume=exact
BenchmarkIXGo 1 0 pclntab-bytes
Unit debug-bytes assume=exact
BenchmarkIXGo 1 0 debug-bytes

rm -rf /home/runner/work/benchmarks/benchmarks/.ci/bent-run/gopath/bin
(cd /home/runner/work/benchmarks/benchmarks/.ci/bent-run/build/XGo; LLGO_COMMITTED_AT=2026-09-17T18:45:12+08:00 LLGO_BUILD_GO_VERSION=1.27.0 LLGO_BIN=/home/runner/work/benchmarks/benchmarks/.ci/llgo/llgo BENT_TIMING_LOG=/home/runner/work/benchmarks/benchmarks/.ci/bent-run/download-timings.log GOROOT_1_25_X64=/opt/hostedtoolcache/go/1.25.14/x64 LLGO_MAIN_INDEX=1663 LLGO_COMMIT=cc16553ba9d03cc36037140f2bceb6644d3094f6 GO_VERSION=1.26.2 LLGO_REPOSITORY=xgo-dev/llgo GOROOT_1_24_X64=/opt/hostedtoolcache/go/1.24.13/x64 GOROOT_1_26_X64=/opt/hostedtoolcache/go/1.26.8/x64 BENT_REAL_GO=/opt/hostedtoolcache/go/1.26.2/x64/bin/go LLGO_ROOT=/home/runner/work/benchmarks/benchmarks/.ci/llgo LLGO_LTO_PLUGIN=/home/runner/work/benchmarks/benchmarks/.ci/llgo/ltoplugin/build/LLGOLTOPlugin.so GOPATH=/home/runner/work/benchmarks/benchmarks/.ci/bent-run/gopath GOOS=linux GOARCH=amd64 GO111MODULE=auto ROOT=/home/runner/work/benchmarks/benchmarks/.ci/bent-run GOROOT=/opt/hostedtoolcache/go/1.26.2/x64/ BENT_BENCH=XGo BENT_CONFIG=LLGoNoLTO BENT_I=0 GOCACHE=/home/runner/work/benchmarks/benchmarks/.ci/bent-run/build-cache/runs/cache-697722106/go-build XDG_CACHE_HOME=/home/runner/work/benchmarks/benchmarks/.ci/bent-run/build-cache/runs/cache-697722106/xdg LocalAppData=/home/runner/work/benchmarks/benchmarks/.ci/bent-run/build-cache/runs/cache-697722106/local-app-data /home/runner/work/benchmarks/benchmarks/.ci/llgo/llgo build -o /home/runner/work/benchmarks/benchmarks/.ci/bent-run/testbin/XGo_LLGoNoLTO github.com/goplus/xgo/cmd/xgo )
goarch: amd64
toolchain: LLGoNoLTO
BenchmarkXGo 1 39628943931 build-real-ns/op 100520882000 build-user-ns/op 3107763000 build-sys-ns/op
toolchain: LLGoNoLTO
( LLGO_COMMITTED_AT=2026-09-17T18:45:12+08:00 LLGO_BUILD_GO_VERSION=1.27.0 LLGO_BIN=/home/runner/work/benchmarks/benchmarks/.ci/llgo/llgo BENT_TIMING_LOG=/home/runner/work/benchmarks/benchmarks/.ci/bent-run/download-timings.log GOROOT_1_25_X64=/opt/hostedtoolcache/go/1.25.14/x64 LLGO_MAIN_INDEX=1663 LLGO_COMMIT=cc16553ba9d03cc36037140f2bceb6644d3094f6 GO_VERSION=1.26.2 LLGO_REPOSITORY=xgo-dev/llgo GOROOT_1_24_X64=/opt/hostedtoolcache/go/1.24.13/x64 GOROOT_1_26_X64=/opt/hostedtoolcache/go/1.26.8/x64 BENT_REAL_GO=/opt/hostedtoolcache/go/1.26.2/x64/bin/go LLGO_ROOT=/home/runner/work/benchmarks/benchmarks/.ci/llgo LLGO_LTO_PLUGIN=/home/runner/work/benchmarks/benchmarks/.ci/llgo/ltoplugin/build/LLGOLTOPlugin.so GOPATH=/home/runner/work/benchmarks/benchmarks/.ci/bent-run/gopath GOOS=linux GOARCH=amd64 GO111MODULE=auto ROOT=/home/runner/work/benchmarks/benchmarks/.ci/bent-run GOROOT=/opt/hostedtoolcache/go/1.26.2/x64/ BENT_BENCH=XGo BENT_CONFIG=LLGoNoLTO BENT_I=0 GOCACHE=/home/runner/work/benchmarks/benchmarks/.ci/bent-run/build-cache/runs/cache-697722106/go-build XDG_CACHE_HOME=/home/runner/work/benchmarks/benchmarks/.ci/bent-run/build-cache/runs/cache-697722106/xdg LocalAppData=/home/runner/work/benchmarks/benchmarks/.ci/bent-run/build-cache/runs/cache-697722106/local-app-data /home/runner/work/benchmarks/benchmarks/.ci/bent-run/benchsize /home/runner/work/benchmarks/benchmarks/.ci/bent-run/testbin/XGo_LLGoNoLTO XGo )
goos: linux
goarch: amd64
pkg:
Unit total-bytes assume=exact
BenchmarkXGo 1 17858296 total-bytes
Unit text-bytes assume=exact
BenchmarkXGo 1 6146065 text-bytes
Unit data-bytes assume=exact
BenchmarkXGo 1 5755576 data-bytes
Unit rodata-bytes assume=exact
BenchmarkXGo 1 3349544 rodata-bytes
Unit pclntab-bytes assume=exact
BenchmarkXGo 1 0 pclntab-bytes
Unit debug-bytes assume=exact
BenchmarkXGo 1 0 debug-bytes

rm -rf /home/runner/work/benchmarks/benchmarks/.ci/bent-run/gopath/bin
(cd /home/runner/work/benchmarks/benchmarks/.ci/bent-run/build/gorm_schema; LLGO_COMMITTED_AT=2026-09-17T18:45:12+08:00 LLGO_BUILD_GO_VERSION=1.27.0 LLGO_BIN=/home/runner/work/benchmarks/benchmarks/.ci/llgo/llgo BENT_TIMING_LOG=/home/runner/work/benchmarks/benchmarks/.ci/bent-run/download-timings.log GOROOT_1_25_X64=/opt/hostedtoolcache/go/1.25.14/x64 LLGO_MAIN_INDEX=1663 LLGO_COMMIT=cc16553ba9d03cc36037140f2bceb6644d3094f6 GO_VERSION=1.26.2 LLGO_REPOSITORY=xgo-dev/llgo GOROOT_1_24_X64=/opt/hostedtoolcache/go/1.24.13/x64 GOROOT_1_26_X64=/opt/hostedtoolcache/go/1.26.8/x64 BENT_REAL_GO=/opt/hostedtoolcache/go/1.26.2/x64/bin/go LLGO_ROOT=/home/runner/work/benchmarks/benchmarks/.ci/llgo LLGO_LTO_PLUGIN=/home/runner/work/benchmarks/benchmarks/.ci/llgo/ltoplugin/build/LLGOLTOPlugin.so GOPATH=/home/runner/work/benchmarks/benchmarks/.ci/bent-run/gopath GOOS=linux GOARCH=amd64 GO111MODULE=auto ROOT=/home/runner/work/benchmarks/benchmarks/.ci/bent-run GOROOT=/opt/hostedtoolcache/go/1.26.2/x64/ BENT_BENCH=gorm_schema BENT_CONFIG=LLGoFullLTOGlobalDCE BENT_I=0 GOCACHE=/home/runner/work/benchmarks/benchmarks/.ci/bent-run/build-cache/runs/cache-2994592958/go-build XDG_CACHE_HOME=/home/runner/work/benchmarks/benchmarks/.ci/bent-run/build-cache/runs/cache-2994592958/xdg LocalAppData=/home/runner/work/benchmarks/benchmarks/.ci/bent-run/build-cache/runs/cache-2994592958/local-app-data /home/runner/work/benchmarks/benchmarks/.ci/llgo/llgo test -c -o /home/runner/work/benchmarks/benchmarks/.ci/bent-run/testbin/gorm_schema_LLGoFullLTOGlobalDCE -lto=full gorm.io/gorm/schema )
goarch: amd64
toolchain: LLGoFullLTOGlobalDCE
BenchmarkGorm_schema 1 41469561350 build-real-ns/op 58878934000 build-user-ns/op 1471520000 build-sys-ns/op
toolchain: LLGoFullLTOGlobalDCE
( LLGO_COMMITTED_AT=2026-09-17T18:45:12+08:00 LLGO_BUILD_GO_VERSION=1.27.0 LLGO_BIN=/home/runner/work/benchmarks/benchmarks/.ci/llgo/llgo BENT_TIMING_LOG=/home/runner/work/benchmarks/benchmarks/.ci/bent-run/download-timings.log GOROOT_1_25_X64=/opt/hostedtoolcache/go/1.25.14/x64 LLGO_MAIN_INDEX=1663 LLGO_COMMIT=cc16553ba9d03cc36037140f2bceb6644d3094f6 GO_VERSION=1.26.2 LLGO_REPOSITORY=xgo-dev/llgo GOROOT_1_24_X64=/opt/hostedtoolcache/go/1.24.13/x64 GOROOT_1_26_X64=/opt/hostedtoolcache/go/1.26.8/x64 BENT_REAL_GO=/opt/hostedtoolcache/go/1.26.2/x64/bin/go LLGO_ROOT=/home/runner/work/benchmarks/benchmarks/.ci/llgo LLGO_LTO_PLUGIN=/home/runner/work/benchmarks/benchmarks/.ci/llgo/ltoplugin/build/LLGOLTOPlugin.so GOPATH=/home/runner/work/benchmarks/benchmarks/.ci/bent-run/gopath GOOS=linux GOARCH=amd64 GO111MODULE=auto ROOT=/home/runner/work/benchmarks/benchmarks/.ci/bent-run GOROOT=/opt/hostedtoolcache/go/1.26.2/x64/ BENT_BENCH=gorm_schema BENT_CONFIG=LLGoFullLTOGlobalDCE BENT_I=0 GOCACHE=/home/runner/work/benchmarks/benchmarks/.ci/bent-run/build-cache/runs/cache-2994592958/go-build XDG_CACHE_HOME=/home/runner/work/benchmarks/benchmarks/.ci/bent-run/build-cache/runs/cache-2994592958/xdg LocalAppData=/home/runner/work/benchmarks/benchmarks/.ci/bent-run/build-cache/runs/cache-2994592958/local-app-data /home/runner/work/benchmarks/benchmarks/.ci/bent-run/benchsize /home/runner/work/benchmarks/benchmarks/.ci/bent-run/testbin/gorm_schema_LLGoFullLTOGlobalDCE Gorm_schema )
goos: linux
goarch: amd64
pkg:
Unit total-bytes assume=exact
BenchmarkGorm_schema 1 6545368 total-bytes
Unit text-bytes assume=exact
BenchmarkGorm_schema 1 2234572 text-bytes
Unit data-bytes assume=exact
BenchmarkGorm_schema 1 2429352 data-bytes
Unit rodata-bytes assume=exact
BenchmarkGorm_schema 1 2302632 rodata-bytes
Unit pclntab-bytes assume=exact
BenchmarkGorm_schema 1 0 pclntab-bytes
Unit debug-bytes assume=exact
BenchmarkGorm_schema 1 0 debug-bytes

rm -rf /home/runner/work/benchmarks/benchmarks/.ci/bent-run/gopath/bin
(cd /home/runner/work/benchmarks/benchmarks/.ci/bent-run/build/gorm_schema; LLGO_COMMITTED_AT=2026-09-17T18:45:12+08:00 LLGO_BUILD_GO_VERSION=1.27.0 LLGO_BIN=/home/runner/work/benchmarks/benchmarks/.ci/llgo/llgo BENT_TIMING_LOG=/home/runner/work/benchmarks/benchmarks/.ci/bent-run/download-timings.log GOROOT_1_25_X64=/opt/hostedtoolcache/go/1.25.14/x64 LLGO_MAIN_INDEX=1663 LLGO_COMMIT=cc16553ba9d03cc36037140f2bceb6644d3094f6 GO_VERSION=1.26.2 LLGO_REPOSITORY=xgo-dev/llgo GOROOT_1_24_X64=/opt/hostedtoolcache/go/1.24.13/x64 GOROOT_1_26_X64=/opt/hostedtoolcache/go/1.26.8/x64 BENT_REAL_GO=/opt/hostedtoolcache/go/1.26.2/x64/bin/go LLGO_ROOT=/home/runner/work/benchmarks/benchmarks/.ci/llgo LLGO_LTO_PLUGIN=/home/runner/work/benchmarks/benchmarks/.ci/llgo/ltoplugin/build/LLGOLTOPlugin.so GOPATH=/home/runner/work/benchmarks/benchmarks/.ci/bent-run/gopath GOOS=linux GOARCH=amd64 GO111MODULE=auto ROOT=/home/runner/work/benchmarks/benchmarks/.ci/bent-run GOROOT=/opt/hostedtoolcache/go/1.26.2/x64/ BENT_BENCH=gorm_schema BENT_CONFIG=LLGoFullLTONoGlobalDCE BENT_I=0 GOCACHE=/home/runner/work/benchmarks/benchmarks/.ci/bent-run/build-cache/runs/cache-954688183/go-build XDG_CACHE_HOME=/home/runner/work/benchmarks/benchmarks/.ci/bent-run/build-cache/runs/cache-954688183/xdg LocalAppData=/home/runner/work/benchmarks/benchmarks/.ci/bent-run/build-cache/runs/cache-954688183/local-app-data /home/runner/work/benchmarks/benchmarks/.ci/llgo/llgo test -c -o /home/runner/work/benchmarks/benchmarks/.ci/bent-run/testbin/gorm_schema_LLGoFullLTONoGlobalDCE -lto=full -globaldce=false gorm.io/gorm/schema )
goarch: amd64
toolchain: LLGoFullLTONoGlobalDCE
BenchmarkGorm_schema 1 41973282710 build-real-ns/op 59104117000 build-user-ns/op 1376959000 build-sys-ns/op
toolchain: LLGoFullLTONoGlobalDCE
( LLGO_COMMITTED_AT=2026-09-17T18:45:12+08:00 LLGO_BUILD_GO_VERSION=1.27.0 LLGO_BIN=/home/runner/work/benchmarks/benchmarks/.ci/llgo/llgo BENT_TIMING_LOG=/home/runner/work/benchmarks/benchmarks/.ci/bent-run/download-timings.log GOROOT_1_25_X64=/opt/hostedtoolcache/go/1.25.14/x64 LLGO_MAIN_INDEX=1663 LLGO_COMMIT=cc16553ba9d03cc36037140f2bceb6644d3094f6 GO_VERSION=1.26.2 LLGO_REPOSITORY=xgo-dev/llgo GOROOT_1_24_X64=/opt/hostedtoolcache/go/1.24.13/x64 GOROOT_1_26_X64=/opt/hostedtoolcache/go/1.26.8/x64 BENT_REAL_GO=/opt/hostedtoolcache/go/1.26.2/x64/bin/go LLGO_ROOT=/home/runner/work/benchmarks/benchmarks/.ci/llgo LLGO_LTO_PLUGIN=/home/runner/work/benchmarks/benchmarks/.ci/llgo/ltoplugin/build/LLGOLTOPlugin.so GOPATH=/home/runner/work/benchmarks/benchmarks/.ci/bent-run/gopath GOOS=linux GOARCH=amd64 GO111MODULE=auto ROOT=/home/runner/work/benchmarks/benchmarks/.ci/bent-run GOROOT=/opt/hostedtoolcache/go/1.26.2/x64/ BENT_BENCH=gorm_schema BENT_CONFIG=LLGoFullLTONoGlobalDCE BENT_I=0 GOCACHE=/home/runner/work/benchmarks/benchmarks/.ci/bent-run/build-cache/runs/cache-954688183/go-build XDG_CACHE_HOME=/home/runner/work/benchmarks/benchmarks/.ci/bent-run/build-cache/runs/cache-954688183/xdg LocalAppData=/home/runner/work/benchmarks/benchmarks/.ci/bent-run/build-cache/runs/cache-954688183/local-app-data /home/runner/work/benchmarks/benchmarks/.ci/bent-run/benchsize /home/runner/work/benchmarks/benchmarks/.ci/bent-run/testbin/gorm_schema_LLGoFullLTONoGlobalDCE Gorm_schema )
goos: linux
goarch: amd64
pkg:
Unit total-bytes assume=exact
BenchmarkGorm_schema 1 6717312 total-bytes
Unit text-bytes assume=exact
BenchmarkGorm_schema 1 2345884 text-bytes
Unit data-bytes assume=exact
BenchmarkGorm_schema 1 2423400 data-bytes
Unit rodata-bytes assume=exact
BenchmarkGorm_schema 1 2296672 rodata-bytes
Unit pclntab-bytes assume=exact
BenchmarkGorm_schema 1 0 pclntab-bytes
Unit debug-bytes assume=exact
BenchmarkGorm_schema 1 0 debug-bytes

rm -rf /home/runner/work/benchmarks/benchmarks/.ci/bent-run/gopath/bin
(cd /home/runner/work/benchmarks/benchmarks/.ci/bent-run/build/uber_zap; LLGO_COMMITTED_AT=2026-09-17T18:45:12+08:00 LLGO_BUILD_GO_VERSION=1.27.0 LLGO_BIN=/home/runner/work/benchmarks/benchmarks/.ci/llgo/llgo BENT_TIMING_LOG=/home/runner/work/benchmarks/benchmarks/.ci/bent-run/download-timings.log GOROOT_1_25_X64=/opt/hostedtoolcache/go/1.25.14/x64 LLGO_MAIN_INDEX=1663 LLGO_COMMIT=cc16553ba9d03cc36037140f2bceb6644d3094f6 GO_VERSION=1.26.2 LLGO_REPOSITORY=xgo-dev/llgo GOROOT_1_24_X64=/opt/hostedtoolcache/go/1.24.13/x64 GOROOT_1_26_X64=/opt/hostedtoolcache/go/1.26.8/x64 BENT_REAL_GO=/opt/hostedtoolcache/go/1.26.2/x64/bin/go LLGO_ROOT=/home/runner/work/benchmarks/benchmarks/.ci/llgo LLGO_LTO_PLUGIN=/home/runner/work/benchmarks/benchmarks/.ci/llgo/ltoplugin/build/LLGOLTOPlugin.so GOPATH=/home/runner/work/benchmarks/benchmarks/.ci/bent-run/gopath GOOS=linux GOARCH=amd64 GO111MODULE=auto ROOT=/home/runner/work/benchmarks/benchmarks/.ci/bent-run GOROOT=/opt/hostedtoolcache/go/1.26.2/x64/ BENT_BENCH=uber_zap BENT_CONFIG=LLGoFullLTOGlobalDCE BENT_I=0 GOCACHE=/home/runner/work/benchmarks/benchmarks/.ci/bent-run/build-cache/runs/cache-4036606802/go-build XDG_CACHE_HOME=/home/runner/work/benchmarks/benchmarks/.ci/bent-run/build-cache/runs/cache-4036606802/xdg LocalAppData=/home/runner/work/benchmarks/benchmarks/.ci/bent-run/build-cache/runs/cache-4036606802/local-app-data /home/runner/work/benchmarks/benchmarks/.ci/llgo/llgo test -c -o /home/runner/work/benchmarks/benchmarks/.ci/bent-run/testbin/uber_zap_LLGoFullLTOGlobalDCE -lto=full go.uber.org/zap/zapcore )
goarch: amd64
toolchain: LLGoFullLTOGlobalDCE
BenchmarkUber_zap 1 70570655711 build-real-ns/op 93281226000 build-user-ns/op 1767621000 build-sys-ns/op
toolchain: LLGoFullLTOGlobalDCE
( LLGO_COMMITTED_AT=2026-09-17T18:45:12+08:00 LLGO_BUILD_GO_VERSION=1.27.0 LLGO_BIN=/home/runner/work/benchmarks/benchmarks/.ci/llgo/llgo BENT_TIMING_LOG=/home/runner/work/benchmarks/benchmarks/.ci/bent-run/download-timings.log GOROOT_1_25_X64=/opt/hostedtoolcache/go/1.25.14/x64 LLGO_MAIN_INDEX=1663 LLGO_COMMIT=cc16553ba9d03cc36037140f2bceb6644d3094f6 GO_VERSION=1.26.2 LLGO_REPOSITORY=xgo-dev/llgo GOROOT_1_24_X64=/opt/hostedtoolcache/go/1.24.13/x64 GOROOT_1_26_X64=/opt/hostedtoolcache/go/1.26.8/x64 BENT_REAL_GO=/opt/hostedtoolcache/go/1.26.2/x64/bin/go LLGO_ROOT=/home/runner/work/benchmarks/benchmarks/.ci/llgo LLGO_LTO_PLUGIN=/home/runner/work/benchmarks/benchmarks/.ci/llgo/ltoplugin/build/LLGOLTOPlugin.so GOPATH=/home/runner/work/benchmarks/benchmarks/.ci/bent-run/gopath GOOS=linux GOARCH=amd64 GO111MODULE=auto ROOT=/home/runner/work/benchmarks/benchmarks/.ci/bent-run GOROOT=/opt/hostedtoolcache/go/1.26.2/x64/ BENT_BENCH=uber_zap BENT_CONFIG=LLGoFullLTOGlobalDCE BENT_I=0 GOCACHE=/home/runner/work/benchmarks/benchmarks/.ci/bent-run/build-cache/runs/cache-4036606802/go-build XDG_CACHE_HOME=/home/runner/work/benchmarks/benchmarks/.ci/bent-run/build-cache/runs/cache-4036606802/xdg LocalAppData=/home/runner/work/benchmarks/benchmarks/.ci/bent-run/build-cache/runs/cache-4036606802/local-app-data /home/runner/work/benchmarks/benchmarks/.ci/bent-run/benchsize /home/runner/work/benchmarks/benchmarks/.ci/bent-run/testbin/uber_zap_LLGoFullLTOGlobalDCE Uber_zap )
goos: linux
goarch: amd64
pkg:
Unit total-bytes assume=exact
BenchmarkUber_zap 1 9577824 total-bytes
Unit text-bytes assume=exact
BenchmarkUber_zap 1 3213484 text-bytes
Unit data-bytes assume=exact
BenchmarkUber_zap 1 3755600 data-bytes
Unit rodata-bytes assume=exact
BenchmarkUber_zap 1 3532352 rodata-bytes
Unit pclntab-bytes assume=exact
BenchmarkUber_zap 1 0 pclntab-bytes
Unit debug-bytes assume=exact
BenchmarkUber_zap 1 0 debug-bytes

rm -rf /home/runner/work/benchmarks/benchmarks/.ci/bent-run/gopath/bin
(cd /home/runner/work/benchmarks/benchmarks/.ci/bent-run/build/dustin_humanize; LLGO_COMMITTED_AT=2026-09-17T18:45:12+08:00 LLGO_BUILD_GO_VERSION=1.27.0 LLGO_BIN=/home/runner/work/benchmarks/benchmarks/.ci/llgo/llgo BENT_TIMING_LOG=/home/runner/work/benchmarks/benchmarks/.ci/bent-run/download-timings.log GOROOT_1_25_X64=/opt/hostedtoolcache/go/1.25.14/x64 LLGO_MAIN_INDEX=1663 LLGO_COMMIT=cc16553ba9d03cc36037140f2bceb6644d3094f6 GO_VERSION=1.26.2 LLGO_REPOSITORY=xgo-dev/llgo GOROOT_1_24_X64=/opt/hostedtoolcache/go/1.24.13/x64 GOROOT_1_26_X64=/opt/hostedtoolcache/go/1.26.8/x64 BENT_REAL_GO=/opt/hostedtoolcache/go/1.26.2/x64/bin/go LLGO_ROOT=/home/runner/work/benchmarks/benchmarks/.ci/llgo LLGO_LTO_PLUGIN=/home/runner/work/benchmarks/benchmarks/.ci/llgo/ltoplugin/build/LLGOLTOPlugin.so GOPATH=/home/runner/work/benchmarks/benchmarks/.ci/bent-run/gopath GOOS=linux GOARCH=amd64 GO111MODULE=auto ROOT=/home/runner/work/benchmarks/benchmarks/.ci/bent-run GOROOT=/opt/hostedtoolcache/go/1.26.2/x64/ BENT_BENCH=dustin_humanize BENT_CONFIG=LLGoFullLTOGlobalDCEPlugin BENT_I=0 GOCACHE=/home/runner/work/benchmarks/benchmarks/.ci/bent-run/build-cache/runs/cache-1935372223/go-build XDG_CACHE_HOME=/home/runner/work/benchmarks/benchmarks/.ci/bent-run/build-cache/runs/cache-1935372223/xdg LocalAppData=/home/runner/work/benchmarks/benchmarks/.ci/bent-run/build-cache/runs/cache-1935372223/local-app-data /home/runner/work/benchmarks/benchmarks/.ci/llgo/llgo test -c -o /home/runner/work/benchmarks/benchmarks/.ci/bent-run/testbin/dustin_humanize_LLGoFullLTOGlobalDCEPlugin -lto=full -lto-pass-plugin=/home/runner/work/benchmarks/benchmarks/.ci/llgo/ltoplugin/build/LLGOLTOPlugin.so github.com/dustin/go-humanize )
goarch: amd64
toolchain: LLGoFullLTOGlobalDCEPlugin
BenchmarkDustin_humanize 1 17777844713 build-real-ns/op 23821915000 build-user-ns/op 910885000 build-sys-ns/op
toolchain: LLGoFullLTOGlobalDCEPlugin
( LLGO_COMMITTED_AT=2026-09-17T18:45:12+08:00 LLGO_BUILD_GO_VERSION=1.27.0 LLGO_BIN=/home/runner/work/benchmarks/benchmarks/.ci/llgo/llgo BENT_TIMING_LOG=/home/runner/work/benchmarks/benchmarks/.ci/bent-run/download-timings.log GOROOT_1_25_X64=/opt/hostedtoolcache/go/1.25.14/x64 LLGO_MAIN_INDEX=1663 LLGO_COMMIT=cc16553ba9d03cc36037140f2bceb6644d3094f6 GO_VERSION=1.26.2 LLGO_REPOSITORY=xgo-dev/llgo GOROOT_1_24_X64=/opt/hostedtoolcache/go/1.24.13/x64 GOROOT_1_26_X64=/opt/hostedtoolcache/go/1.26.8/x64 BENT_REAL_GO=/opt/hostedtoolcache/go/1.26.2/x64/bin/go LLGO_ROOT=/home/runner/work/benchmarks/benchmarks/.ci/llgo LLGO_LTO_PLUGIN=/home/runner/work/benchmarks/benchmarks/.ci/llgo/ltoplugin/build/LLGOLTOPlugin.so GOPATH=/home/runner/work/benchmarks/benchmarks/.ci/bent-run/gopath GOOS=linux GOARCH=amd64 GO111MODULE=auto ROOT=/home/runner/work/benchmarks/benchmarks/.ci/bent-run GOROOT=/opt/hostedtoolcache/go/1.26.2/x64/ BENT_BENCH=dustin_humanize BENT_CONFIG=LLGoFullLTOGlobalDCEPlugin BENT_I=0 GOCACHE=/home/runner/work/benchmarks/benchmarks/.ci/bent-run/build-cache/runs/cache-1935372223/go-build XDG_CACHE_HOME=/home/runner/work/benchmarks/benchmarks/.ci/bent-run/build-cache/runs/cache-1935372223/xdg LocalAppData=/home/runner/work/benchmarks/benchmarks/.ci/bent-run/build-cache/runs/cache-1935372223/local-app-data /home/runner/work/benchmarks/benchmarks/.ci/bent-run/benchsize /home/runner/work/benchmarks/benchmarks/.ci/bent-run/testbin/dustin_humanize_LLGoFullLTOGlobalDCEPlugin Dustin_humanize )
goos: linux
goarch: amd64
pkg:
Unit total-bytes assume=exact
BenchmarkDustin_humanize 1 3249056 total-bytes
Unit text-bytes assume=exact
BenchmarkDustin_humanize 1 937533 text-bytes
Unit data-bytes assume=exact
BenchmarkDustin_humanize 1 1503720 data-bytes
Unit rodata-bytes assume=exact
BenchmarkDustin_humanize 1 1415568 rodata-bytes
Unit pclntab-bytes assume=exact
BenchmarkDustin_humanize 1 0 pclntab-bytes
Unit debug-bytes assume=exact
BenchmarkDustin_humanize 1 0 debug-bytes

rm -rf /home/runner/work/benchmarks/benchmarks/.ci/bent-run/gopath/bin
(cd /home/runner/work/benchmarks/benchmarks/.ci/bent-run/build/etcdctl; LLGO_COMMITTED_AT=2026-09-17T18:45:12+08:00 LLGO_BUILD_GO_VERSION=1.27.0 LLGO_BIN=/home/runner/work/benchmarks/benchmarks/.ci/llgo/llgo BENT_TIMING_LOG=/home/runner/work/benchmarks/benchmarks/.ci/bent-run/download-timings.log GOROOT_1_25_X64=/opt/hostedtoolcache/go/1.25.14/x64 LLGO_MAIN_INDEX=1663 LLGO_COMMIT=cc16553ba9d03cc36037140f2bceb6644d3094f6 GO_VERSION=1.26.2 LLGO_REPOSITORY=xgo-dev/llgo GOROOT_1_24_X64=/opt/hostedtoolcache/go/1.24.13/x64 GOROOT_1_26_X64=/opt/hostedtoolcache/go/1.26.8/x64 BENT_REAL_GO=/opt/hostedtoolcache/go/1.26.2/x64/bin/go LLGO_ROOT=/home/runner/work/benchmarks/benchmarks/.ci/llgo LLGO_LTO_PLUGIN=/home/runner/work/benchmarks/benchmarks/.ci/llgo/ltoplugin/build/LLGOLTOPlugin.so GOPATH=/home/runner/work/benchmarks/benchmarks/.ci/bent-run/gopath GOOS=linux GOARCH=amd64 GO111MODULE=auto ROOT=/home/runner/work/benchmarks/benchmarks/.ci/bent-run GOROOT=/opt/hostedtoolcache/go/1.26.2/x64/ BENT_BENCH=etcdctl BENT_CONFIG=LLGoFullLTOGlobalDCEPlugin BENT_I=0 GOCACHE=/home/runner/work/benchmarks/benchmarks/.ci/bent-run/build-cache/runs/cache-1598073603/go-build XDG_CACHE_HOME=/home/runner/work/benchmarks/benchmarks/.ci/bent-run/build-cache/runs/cache-1598073603/xdg LocalAppData=/home/runner/work/benchmarks/benchmarks/.ci/bent-run/build-cache/runs/cache-1598073603/local-app-data /home/runner/work/benchmarks/benchmarks/.ci/llgo/llgo build -o /home/runner/work/benchmarks/benchmarks/.ci/bent-run/testbin/etcdctl_LLGoFullLTOGlobalDCEPlugin -lto=full -lto-pass-plugin=/home/runner/work/benchmarks/benchmarks/.ci/llgo/ltoplugin/build/LLGOLTOPlugin.so go.etcd.io/etcd/etcdctl/v3 )
goarch: amd64
toolchain: LLGoFullLTOGlobalDCEPlugin
BenchmarkEtcdctl 1 163880186270 build-real-ns/op 272372100000 build-user-ns/op 5399833000 build-sys-ns/op
toolchain: LLGoFullLTOGlobalDCEPlugin
( LLGO_COMMITTED_AT=2026-09-17T18:45:12+08:00 LLGO_BUILD_GO_VERSION=1.27.0 LLGO_BIN=/home/runner/work/benchmarks/benchmarks/.ci/llgo/llgo BENT_TIMING_LOG=/home/runner/work/benchmarks/benchmarks/.ci/bent-run/download-timings.log GOROOT_1_25_X64=/opt/hostedtoolcache/go/1.25.14/x64 LLGO_MAIN_INDEX=1663 LLGO_COMMIT=cc16553ba9d03cc36037140f2bceb6644d3094f6 GO_VERSION=1.26.2 LLGO_REPOSITORY=xgo-dev/llgo GOROOT_1_24_X64=/opt/hostedtoolcache/go/1.24.13/x64 GOROOT_1_26_X64=/opt/hostedtoolcache/go/1.26.8/x64 BENT_REAL_GO=/opt/hostedtoolcache/go/1.26.2/x64/bin/go LLGO_ROOT=/home/runner/work/benchmarks/benchmarks/.ci/llgo LLGO_LTO_PLUGIN=/home/runner/work/benchmarks/benchmarks/.ci/llgo/ltoplugin/build/LLGOLTOPlugin.so GOPATH=/home/runner/work/benchmarks/benchmarks/.ci/bent-run/gopath GOOS=linux GOARCH=amd64 GO111MODULE=auto ROOT=/home/runner/work/benchmarks/benchmarks/.ci/bent-run GOROOT=/opt/hostedtoolcache/go/1.26.2/x64/ BENT_BENCH=etcdctl BENT_CONFIG=LLGoFullLTOGlobalDCEPlugin BENT_I=0 GOCACHE=/home/runner/work/benchmarks/benchmarks/.ci/bent-run/build-cache/runs/cache-1598073603/go-build XDG_CACHE_HOME=/home/runner/work/benchmarks/benchmarks/.ci/bent-run/build-cache/runs/cache-1598073603/xdg LocalAppData=/home/runner/work/benchmarks/benchmarks/.ci/bent-run/build-cache/runs/cache-1598073603/local-app-data /home/runner/work/benchmarks/benchmarks/.ci/bent-run/benchsize /home/runner/work/benchmarks/benchmarks/.ci/bent-run/testbin/etcdctl_LLGoFullLTOGlobalDCEPlugin Etcdctl )
goos: linux
goarch: amd64
pkg:
Unit total-bytes assume=exact
BenchmarkEtcdctl 1 20334184 total-bytes
Unit text-bytes assume=exact
BenchmarkEtcdctl 1 6802002 text-bytes
Unit data-bytes assume=exact
BenchmarkEtcdctl 1 7543568 data-bytes
Unit rodata-bytes assume=exact
BenchmarkEtcdctl 1 7009480 rodata-bytes
Unit pclntab-bytes assume=exact
BenchmarkEtcdctl 1 0 pclntab-bytes
Unit debug-bytes assume=exact
BenchmarkEtcdctl 1 0 debug-bytes

rm -rf /home/runner/work/benchmarks/benchmarks/.ci/bent-run/gopath/bin
(cd /home/runner/work/benchmarks/benchmarks/.ci/bent-run/build/gorm_schema; LLGO_COMMITTED_AT=2026-09-17T18:45:12+08:00 LLGO_BUILD_GO_VERSION=1.27.0 LLGO_BIN=/home/runner/work/benchmarks/benchmarks/.ci/llgo/llgo BENT_TIMING_LOG=/home/runner/work/benchmarks/benchmarks/.ci/bent-run/download-timings.log GOROOT_1_25_X64=/opt/hostedtoolcache/go/1.25.14/x64 LLGO_MAIN_INDEX=1663 LLGO_COMMIT=cc16553ba9d03cc36037140f2bceb6644d3094f6 GO_VERSION=1.26.2 LLGO_REPOSITORY=xgo-dev/llgo GOROOT_1_24_X64=/opt/hostedtoolcache/go/1.24.13/x64 GOROOT_1_26_X64=/opt/hostedtoolcache/go/1.26.8/x64 BENT_REAL_GO=/opt/hostedtoolcache/go/1.26.2/x64/bin/go LLGO_ROOT=/home/runner/work/benchmarks/benchmarks/.ci/llgo LLGO_LTO_PLUGIN=/home/runner/work/benchmarks/benchmarks/.ci/llgo/ltoplugin/build/LLGOLTOPlugin.so GOPATH=/home/runner/work/benchmarks/benchmarks/.ci/bent-run/gopath GOOS=linux GOARCH=amd64 GO111MODULE=auto ROOT=/home/runner/work/benchmarks/benchmarks/.ci/bent-run GOROOT=/opt/hostedtoolcache/go/1.26.2/x64/ BENT_BENCH=gorm_schema BENT_CONFIG=LLGoFullLTOGlobalDCEPlugin BENT_I=0 GOCACHE=/home/runner/work/benchmarks/benchmarks/.ci/bent-run/build-cache/runs/cache-3585042827/go-build XDG_CACHE_HOME=/home/runner/work/benchmarks/benchmarks/.ci/bent-run/build-cache/runs/cache-3585042827/xdg LocalAppData=/home/runner/work/benchmarks/benchmarks/.ci/bent-run/build-cache/runs/cache-3585042827/local-app-data /home/runner/work/benchmarks/benchmarks/.ci/llgo/llgo test -c -o /home/runner/work/benchmarks/benchmarks/.ci/bent-run/testbin/gorm_schema_LLGoFullLTOGlobalDCEPlugin -lto=full -lto-pass-plugin=/home/runner/work/benchmarks/benchmarks/.ci/llgo/ltoplugin/build/LLGOLTOPlugin.so gorm.io/gorm/schema )
goarch: amd64
toolchain: LLGoFullLTOGlobalDCEPlugin
BenchmarkGorm_schema 1 30959553695 build-real-ns/op 48666295000 build-user-ns/op 1398896000 build-sys-ns/op
toolchain: LLGoFullLTOGlobalDCEPlugin
( LLGO_COMMITTED_AT=2026-09-17T18:45:12+08:00 LLGO_BUILD_GO_VERSION=1.27.0 LLGO_BIN=/home/runner/work/benchmarks/benchmarks/.ci/llgo/llgo BENT_TIMING_LOG=/home/runner/work/benchmarks/benchmarks/.ci/bent-run/download-timings.log GOROOT_1_25_X64=/opt/hostedtoolcache/go/1.25.14/x64 LLGO_MAIN_INDEX=1663 LLGO_COMMIT=cc16553ba9d03cc36037140f2bceb6644d3094f6 GO_VERSION=1.26.2 LLGO_REPOSITORY=xgo-dev/llgo GOROOT_1_24_X64=/opt/hostedtoolcache/go/1.24.13/x64 GOROOT_1_26_X64=/opt/hostedtoolcache/go/1.26.8/x64 BENT_REAL_GO=/opt/hostedtoolcache/go/1.26.2/x64/bin/go LLGO_ROOT=/home/runner/work/benchmarks/benchmarks/.ci/llgo LLGO_LTO_PLUGIN=/home/runner/work/benchmarks/benchmarks/.ci/llgo/ltoplugin/build/LLGOLTOPlugin.so GOPATH=/home/runner/work/benchmarks/benchmarks/.ci/bent-run/gopath GOOS=linux GOARCH=amd64 GO111MODULE=auto ROOT=/home/runner/work/benchmarks/benchmarks/.ci/bent-run GOROOT=/opt/hostedtoolcache/go/1.26.2/x64/ BENT_BENCH=gorm_schema BENT_CONFIG=LLGoFullLTOGlobalDCEPlugin BENT_I=0 GOCACHE=/home/runner/work/benchmarks/benchmarks/.ci/bent-run/build-cache/runs/cache-3585042827/go-build XDG_CACHE_HOME=/home/runner/work/benchmarks/benchmarks/.ci/bent-run/build-cache/runs/cache-3585042827/xdg LocalAppData=/home/runner/work/benchmarks/benchmarks/.ci/bent-run/build-cache/runs/cache-3585042827/local-app-data /home/runner/work/benchmarks/benchmarks/.ci/bent-run/benchsize /home/runner/work/benchmarks/benchmarks/.ci/bent-run/testbin/gorm_schema_LLGoFullLTOGlobalDCEPlugin Gorm_schema )
goos: linux
goarch: amd64
pkg:
Unit total-bytes assume=exact
BenchmarkGorm_schema 1 5184448 total-bytes
Unit text-bytes assume=exact
BenchmarkGorm_schema 1 1478346 text-bytes
Unit data-bytes assume=exact
BenchmarkGorm_schema 1 2376688 data-bytes
Unit rodata-bytes assume=exact
BenchmarkGorm_schema 1 2249976 rodata-bytes
Unit pclntab-bytes assume=exact
BenchmarkGorm_schema 1 0 pclntab-bytes
Unit debug-bytes assume=exact
BenchmarkGorm_schema 1 0 debug-bytes

rm -rf /home/runner/work/benchmarks/benchmarks/.ci/bent-run/gopath/bin
(cd /home/runner/work/benchmarks/benchmarks/.ci/bent-run/build/XGo; LLGO_COMMITTED_AT=2026-09-17T18:45:12+08:00 LLGO_BUILD_GO_VERSION=1.27.0 LLGO_BIN=/home/runner/work/benchmarks/benchmarks/.ci/llgo/llgo BENT_TIMING_LOG=/home/runner/work/benchmarks/benchmarks/.ci/bent-run/download-timings.log GOROOT_1_25_X64=/opt/hostedtoolcache/go/1.25.14/x64 LLGO_MAIN_INDEX=1663 LLGO_COMMIT=cc16553ba9d03cc36037140f2bceb6644d3094f6 GO_VERSION=1.26.2 LLGO_REPOSITORY=xgo-dev/llgo GOROOT_1_24_X64=/opt/hostedtoolcache/go/1.24.13/x64 GOROOT_1_26_X64=/opt/hostedtoolcache/go/1.26.8/x64 BENT_REAL_GO=/opt/hostedtoolcache/go/1.26.2/x64/bin/go LLGO_ROOT=/home/runner/work/benchmarks/benchmarks/.ci/llgo LLGO_LTO_PLUGIN=/home/runner/work/benchmarks/benchmarks/.ci/llgo/ltoplugin/build/LLGOLTOPlugin.so GOPATH=/home/runner/work/benchmarks/benchmarks/.ci/bent-run/gopath GOOS=linux GOARCH=amd64 GO111MODULE=auto ROOT=/home/runner/work/benchmarks/benchmarks/.ci/bent-run GOROOT=/opt/hostedtoolcache/go/1.26.2/x64/ BENT_BENCH=XGo BENT_CONFIG=LLGoFullLTOGlobalDCE BENT_I=0 GOCACHE=/home/runner/work/benchmarks/benchmarks/.ci/bent-run/build-cache/runs/cache-1261874249/go-build XDG_CACHE_HOME=/home/runner/work/benchmarks/benchmarks/.ci/bent-run/build-cache/runs/cache-1261874249/xdg LocalAppData=/home/runner/work/benchmarks/benchmarks/.ci/bent-run/build-cache/runs/cache-1261874249/local-app-data /home/runner/work/benchmarks/benchmarks/.ci/llgo/llgo build -o /home/runner/work/benchmarks/benchmarks/.ci/bent-run/testbin/XGo_LLGoFullLTOGlobalDCE -lto=full github.com/goplus/xgo/cmd/xgo )
goarch: amd64
toolchain: LLGoFullLTOGlobalDCE
BenchmarkXGo 1 121064612295 build-real-ns/op 169993628000 build-user-ns/op 3447737000 build-sys-ns/op
toolchain: LLGoFullLTOGlobalDCE
( LLGO_COMMITTED_AT=2026-09-17T18:45:12+08:00 LLGO_BUILD_GO_VERSION=1.27.0 LLGO_BIN=/home/runner/work/benchmarks/benchmarks/.ci/llgo/llgo BENT_TIMING_LOG=/home/runner/work/benchmarks/benchmarks/.ci/bent-run/download-timings.log GOROOT_1_25_X64=/opt/hostedtoolcache/go/1.25.14/x64 LLGO_MAIN_INDEX=1663 LLGO_COMMIT=cc16553ba9d03cc36037140f2bceb6644d3094f6 GO_VERSION=1.26.2 LLGO_REPOSITORY=xgo-dev/llgo GOROOT_1_24_X64=/opt/hostedtoolcache/go/1.24.13/x64 GOROOT_1_26_X64=/opt/hostedtoolcache/go/1.26.8/x64 BENT_REAL_GO=/opt/hostedtoolcache/go/1.26.2/x64/bin/go LLGO_ROOT=/home/runner/work/benchmarks/benchmarks/.ci/llgo LLGO_LTO_PLUGIN=/home/runner/work/benchmarks/benchmarks/.ci/llgo/ltoplugin/build/LLGOLTOPlugin.so GOPATH=/home/runner/work/benchmarks/benchmarks/.ci/bent-run/gopath GOOS=linux GOARCH=amd64 GO111MODULE=auto ROOT=/home/runner/work/benchmarks/benchmarks/.ci/bent-run GOROOT=/opt/hostedtoolcache/go/1.26.2/x64/ BENT_BENCH=XGo BENT_CONFIG=LLGoFullLTOGlobalDCE BENT_I=0 GOCACHE=/home/runner/work/benchmarks/benchmarks/.ci/bent-run/build-cache/runs/cache-1261874249/go-build XDG_CACHE_HOME=/home/runner/work/benchmarks/benchmarks/.ci/bent-run/build-cache/runs/cache-1261874249/xdg LocalAppData=/home/runner/work/benchmarks/benchmarks/.ci/bent-run/build-cache/runs/cache-1261874249/local-app-data /home/runner/work/benchmarks/benchmarks/.ci/bent-run/benchsize /home/runner/work/benchmarks/benchmarks/.ci/bent-run/testbin/XGo_LLGoFullLTOGlobalDCE XGo )
goos: linux
goarch: amd64
pkg:
Unit total-bytes assume=exact
BenchmarkXGo 1 16799384 total-bytes
Unit text-bytes assume=exact
BenchmarkXGo 1 5600798 text-bytes
Unit data-bytes assume=exact
BenchmarkXGo 1 5744072 data-bytes
Unit rodata-bytes assume=exact
BenchmarkXGo 1 5517776 rodata-bytes
Unit pclntab-bytes assume=exact
BenchmarkXGo 1 0 pclntab-bytes
Unit debug-bytes assume=exact
BenchmarkXGo 1 0 debug-bytes

rm -rf /home/runner/work/benchmarks/benchmarks/.ci/bent-run/gopath/bin
(cd /home/runner/work/benchmarks/benchmarks/.ci/bent-run/build/gorm_schema; LLGO_COMMITTED_AT=2026-09-17T18:45:12+08:00 LLGO_BUILD_GO_VERSION=1.27.0 LLGO_BIN=/home/runner/work/benchmarks/benchmarks/.ci/llgo/llgo BENT_TIMING_LOG=/home/runner/work/benchmarks/benchmarks/.ci/bent-run/download-timings.log GOROOT_1_25_X64=/opt/hostedtoolcache/go/1.25.14/x64 LLGO_MAIN_INDEX=1663 LLGO_COMMIT=cc16553ba9d03cc36037140f2bceb6644d3094f6 GO_VERSION=1.26.2 LLGO_REPOSITORY=xgo-dev/llgo GOROOT_1_24_X64=/opt/hostedtoolcache/go/1.24.13/x64 GOROOT_1_26_X64=/opt/hostedtoolcache/go/1.26.8/x64 BENT_REAL_GO=/opt/hostedtoolcache/go/1.26.2/x64/bin/go LLGO_ROOT=/home/runner/work/benchmarks/benchmarks/.ci/llgo LLGO_LTO_PLUGIN=/home/runner/work/benchmarks/benchmarks/.ci/llgo/ltoplugin/build/LLGOLTOPlugin.so GOPATH=/home/runner/work/benchmarks/benchmarks/.ci/bent-run/gopath GOOS=linux GOARCH=amd64 GO111MODULE=auto ROOT=/home/runner/work/benchmarks/benchmarks/.ci/bent-run GOROOT=/opt/hostedtoolcache/go/1.26.2/x64/ BENT_BENCH=gorm_schema BENT_CONFIG=LLGoNoLTO BENT_I=0 GOCACHE=/home/runner/work/benchmarks/benchmarks/.ci/bent-run/build-cache/runs/cache-1261602076/go-build XDG_CACHE_HOME=/home/runner/work/benchmarks/benchmarks/.ci/bent-run/build-cache/runs/cache-1261602076/xdg LocalAppData=/home/runner/work/benchmarks/benchmarks/.ci/bent-run/build-cache/runs/cache-1261602076/local-app-data /home/runner/work/benchmarks/benchmarks/.ci/llgo/llgo test -c -o /home/runner/work/benchmarks/benchmarks/.ci/bent-run/testbin/gorm_schema_LLGoNoLTO gorm.io/gorm/schema )
goarch: amd64
toolchain: LLGoNoLTO
BenchmarkGorm_schema 1 12317492491 build-real-ns/op 35767188000 build-user-ns/op 1195096000 build-sys-ns/op
toolchain: LLGoNoLTO
( LLGO_COMMITTED_AT=2026-09-17T18:45:12+08:00 LLGO_BUILD_GO_VERSION=1.27.0 LLGO_BIN=/home/runner/work/benchmarks/benchmarks/.ci/llgo/llgo BENT_TIMING_LOG=/home/runner/work/benchmarks/benchmarks/.ci/bent-run/download-timings.log GOROOT_1_25_X64=/opt/hostedtoolcache/go/1.25.14/x64 LLGO_MAIN_INDEX=1663 LLGO_COMMIT=cc16553ba9d03cc36037140f2bceb6644d3094f6 GO_VERSION=1.26.2 LLGO_REPOSITORY=xgo-dev/llgo GOROOT_1_24_X64=/opt/hostedtoolcache/go/1.24.13/x64 GOROOT_1_26_X64=/opt/hostedtoolcache/go/1.26.8/x64 BENT_REAL_GO=/opt/hostedtoolcache/go/1.26.2/x64/bin/go LLGO_ROOT=/home/runner/work/benchmarks/benchmarks/.ci/llgo LLGO_LTO_PLUGIN=/home/runner/work/benchmarks/benchmarks/.ci/llgo/ltoplugin/build/LLGOLTOPlugin.so GOPATH=/home/runner/work/benchmarks/benchmarks/.ci/bent-run/gopath GOOS=linux GOARCH=amd64 GO111MODULE=auto ROOT=/home/runner/work/benchmarks/benchmarks/.ci/bent-run GOROOT=/opt/hostedtoolcache/go/1.26.2/x64/ BENT_BENCH=gorm_schema BENT_CONFIG=LLGoNoLTO BENT_I=0 GOCACHE=/home/runner/work/benchmarks/benchmarks/.ci/bent-run/build-cache/runs/cache-1261602076/go-build XDG_CACHE_HOME=/home/runner/work/benchmarks/benchmarks/.ci/bent-run/build-cache/runs/cache-1261602076/xdg LocalAppData=/home/runner/work/benchmarks/benchmarks/.ci/bent-run/build-cache/runs/cache-1261602076/local-app-data /home/runner/work/benchmarks/benchmarks/.ci/bent-run/benchsize /home/runner/work/benchmarks/benchmarks/.ci/bent-run/testbin/gorm_schema_LLGoNoLTO Gorm_schema )
goos: linux
goarch: amd64
pkg:
Unit total-bytes assume=exact
BenchmarkGorm_schema 1 7095000 total-bytes
Unit text-bytes assume=exact
BenchmarkGorm_schema 1 2524573 text-bytes
Unit data-bytes assume=exact
BenchmarkGorm_schema 1 2434440 data-bytes
Unit rodata-bytes assume=exact
BenchmarkGorm_schema 1 1355016 rodata-bytes
Unit pclntab-bytes assume=exact
BenchmarkGorm_schema 1 0 pclntab-bytes
Unit debug-bytes assume=exact
BenchmarkGorm_schema 1 0 debug-bytes

rm -rf /home/runner/work/benchmarks/benchmarks/.ci/bent-run/gopath/bin
(cd /home/runner/work/benchmarks/benchmarks/.ci/bent-run/build/iXGo; LLGO_COMMITTED_AT=2026-09-17T18:45:12+08:00 LLGO_BUILD_GO_VERSION=1.27.0 LLGO_BIN=/home/runner/work/benchmarks/benchmarks/.ci/llgo/llgo BENT_TIMING_LOG=/home/runner/work/benchmarks/benchmarks/.ci/bent-run/download-timings.log GOROOT_1_25_X64=/opt/hostedtoolcache/go/1.25.14/x64 LLGO_MAIN_INDEX=1663 LLGO_COMMIT=cc16553ba9d03cc36037140f2bceb6644d3094f6 GO_VERSION=1.26.2 LLGO_REPOSITORY=xgo-dev/llgo GOROOT_1_24_X64=/opt/hostedtoolcache/go/1.24.13/x64 GOROOT_1_26_X64=/opt/hostedtoolcache/go/1.26.8/x64 BENT_REAL_GO=/opt/hostedtoolcache/go/1.26.2/x64/bin/go LLGO_ROOT=/home/runner/work/benchmarks/benchmarks/.ci/llgo LLGO_LTO_PLUGIN=/home/runner/work/benchmarks/benchmarks/.ci/llgo/ltoplugin/build/LLGOLTOPlugin.so GOPATH=/home/runner/work/benchmarks/benchmarks/.ci/bent-run/gopath GOOS=linux GOARCH=amd64 GO111MODULE=auto ROOT=/home/runner/work/benchmarks/benchmarks/.ci/bent-run GOROOT=/opt/hostedtoolcache/go/1.26.2/x64/ BENT_BENCH=iXGo BENT_CONFIG=LLGoFullLTOGlobalDCE BENT_I=0 GOCACHE=/home/runner/work/benchmarks/benchmarks/.ci/bent-run/build-cache/runs/cache-3713647577/go-build XDG_CACHE_HOME=/home/runner/work/benchmarks/benchmarks/.ci/bent-run/build-cache/runs/cache-3713647577/xdg LocalAppData=/home/runner/work/benchmarks/benchmarks/.ci/bent-run/build-cache/runs/cache-3713647577/local-app-data /home/runner/work/benchmarks/benchmarks/.ci/llgo/llgo build -o /home/runner/work/benchmarks/benchmarks/.ci/bent-run/testbin/iXGo_LLGoFullLTOGlobalDCE -lto=full github.com/goplus/ixgo/cmd/ixgo )
goarch: amd64
toolchain: LLGoFullLTOGlobalDCE
BenchmarkIXGo 1 274849751346 build-real-ns/op 508917322000 build-user-ns/op 12838035000 build-sys-ns/op
toolchain: LLGoFullLTOGlobalDCE
( LLGO_COMMITTED_AT=2026-09-17T18:45:12+08:00 LLGO_BUILD_GO_VERSION=1.27.0 LLGO_BIN=/home/runner/work/benchmarks/benchmarks/.ci/llgo/llgo BENT_TIMING_LOG=/home/runner/work/benchmarks/benchmarks/.ci/bent-run/download-timings.log GOROOT_1_25_X64=/opt/hostedtoolcache/go/1.25.14/x64 LLGO_MAIN_INDEX=1663 LLGO_COMMIT=cc16553ba9d03cc36037140f2bceb6644d3094f6 GO_VERSION=1.26.2 LLGO_REPOSITORY=xgo-dev/llgo GOROOT_1_24_X64=/opt/hostedtoolcache/go/1.24.13/x64 GOROOT_1_26_X64=/opt/hostedtoolcache/go/1.26.8/x64 BENT_REAL_GO=/opt/hostedtoolcache/go/1.26.2/x64/bin/go LLGO_ROOT=/home/runner/work/benchmarks/benchmarks/.ci/llgo LLGO_LTO_PLUGIN=/home/runner/work/benchmarks/benchmarks/.ci/llgo/ltoplugin/build/LLGOLTOPlugin.so GOPATH=/home/runner/work/benchmarks/benchmarks/.ci/bent-run/gopath GOOS=linux GOARCH=amd64 GO111MODULE=auto ROOT=/home/runner/work/benchmarks/benchmarks/.ci/bent-run GOROOT=/opt/hostedtoolcache/go/1.26.2/x64/ BENT_BENCH=iXGo BENT_CONFIG=LLGoFullLTOGlobalDCE BENT_I=0 GOCACHE=/home/runner/work/benchmarks/benchmarks/.ci/bent-run/build-cache/runs/cache-3713647577/go-build XDG_CACHE_HOME=/home/runner/work/benchmarks/benchmarks/.ci/bent-run/build-cache/runs/cache-3713647577/xdg LocalAppData=/home/runner/work/benchmarks/benchmarks/.ci/bent-run/build-cache/runs/cache-3713647577/local-app-data /home/runner/work/benchmarks/benchmarks/.ci/bent-run/benchsize /home/runner/work/benchmarks/benchmarks/.ci/bent-run/testbin/iXGo_LLGoFullLTOGlobalDCE IXGo )
goos: linux
goarch: amd64
pkg:
Unit total-bytes assume=exact
BenchmarkIXGo 1 29878888 total-bytes
Unit text-bytes assume=exact
BenchmarkIXGo 1 10313877 text-bytes
Unit data-bytes assume=exact
BenchmarkIXGo 1 10195104 data-bytes
Unit rodata-bytes assume=exact
BenchmarkIXGo 1 9136200 rodata-bytes
Unit pclntab-bytes assume=exact
BenchmarkIXGo 1 0 pclntab-bytes
Unit debug-bytes assume=exact
BenchmarkIXGo 1 0 debug-bytes

rm -rf /home/runner/work/benchmarks/benchmarks/.ci/bent-run/gopath/bin
(cd /home/runner/work/benchmarks/benchmarks/.ci/bent-run/build/aws_restjson_v1; LLGO_COMMITTED_AT=2026-09-17T18:45:12+08:00 LLGO_BUILD_GO_VERSION=1.27.0 LLGO_BIN=/home/runner/work/benchmarks/benchmarks/.ci/llgo/llgo BENT_TIMING_LOG=/home/runner/work/benchmarks/benchmarks/.ci/bent-run/download-timings.log GOROOT_1_25_X64=/opt/hostedtoolcache/go/1.25.14/x64 LLGO_MAIN_INDEX=1663 LLGO_COMMIT=cc16553ba9d03cc36037140f2bceb6644d3094f6 GO_VERSION=1.26.2 LLGO_REPOSITORY=xgo-dev/llgo GOROOT_1_24_X64=/opt/hostedtoolcache/go/1.24.13/x64 GOROOT_1_26_X64=/opt/hostedtoolcache/go/1.26.8/x64 BENT_REAL_GO=/opt/hostedtoolcache/go/1.26.2/x64/bin/go LLGO_ROOT=/home/runner/work/benchmarks/benchmarks/.ci/llgo LLGO_LTO_PLUGIN=/home/runner/work/benchmarks/benchmarks/.ci/llgo/ltoplugin/build/LLGOLTOPlugin.so GOPATH=/home/runner/work/benchmarks/benchmarks/.ci/bent-run/gopath GOOS=linux GOARCH=amd64 GO111MODULE=auto ROOT=/home/runner/work/benchmarks/benchmarks/.ci/bent-run GOROOT=/opt/hostedtoolcache/go/1.26.2/x64/ BENT_BENCH=aws_restjson BENT_CONFIG=LLGoFullLTOGlobalDCEPlugin BENT_I=0 GOCACHE=/home/runner/work/benchmarks/benchmarks/.ci/bent-run/build-cache/runs/cache-1046066073/go-build XDG_CACHE_HOME=/home/runner/work/benchmarks/benchmarks/.ci/bent-run/build-cache/runs/cache-1046066073/xdg LocalAppData=/home/runner/work/benchmarks/benchmarks/.ci/bent-run/build-cache/runs/cache-1046066073/local-app-data /home/runner/work/benchmarks/benchmarks/.ci/llgo/llgo test -c -o /home/runner/work/benchmarks/benchmarks/.ci/bent-run/testbin/aws_restjson_v1_LLGoFullLTOGlobalDCEPlugin -lto=full -lto-pass-plugin=/home/runner/work/benchmarks/benchmarks/.ci/llgo/ltoplugin/build/LLGOLTOPlugin.so github.com/aws/aws-sdk-go/private/protocol/restjson )
goarch: amd64
toolchain: LLGoFullLTOGlobalDCEPlugin
BenchmarkAws_restjson 1 119126788715 build-real-ns/op 151295138000 build-user-ns/op 2529720000 build-sys-ns/op
toolchain: LLGoFullLTOGlobalDCEPlugin
( LLGO_COMMITTED_AT=2026-09-17T18:45:12+08:00 LLGO_BUILD_GO_VERSION=1.27.0 LLGO_BIN=/home/runner/work/benchmarks/benchmarks/.ci/llgo/llgo BENT_TIMING_LOG=/home/runner/work/benchmarks/benchmarks/.ci/bent-run/download-timings.log GOROOT_1_25_X64=/opt/hostedtoolcache/go/1.25.14/x64 LLGO_MAIN_INDEX=1663 LLGO_COMMIT=cc16553ba9d03cc36037140f2bceb6644d3094f6 GO_VERSION=1.26.2 LLGO_REPOSITORY=xgo-dev/llgo GOROOT_1_24_X64=/opt/hostedtoolcache/go/1.24.13/x64 GOROOT_1_26_X64=/opt/hostedtoolcache/go/1.26.8/x64 BENT_REAL_GO=/opt/hostedtoolcache/go/1.26.2/x64/bin/go LLGO_ROOT=/home/runner/work/benchmarks/benchmarks/.ci/llgo LLGO_LTO_PLUGIN=/home/runner/work/benchmarks/benchmarks/.ci/llgo/ltoplugin/build/LLGOLTOPlugin.so GOPATH=/home/runner/work/benchmarks/benchmarks/.ci/bent-run/gopath GOOS=linux GOARCH=amd64 GO111MODULE=auto ROOT=/home/runner/work/benchmarks/benchmarks/.ci/bent-run GOROOT=/opt/hostedtoolcache/go/1.26.2/x64/ BENT_BENCH=aws_restjson BENT_CONFIG=LLGoFullLTOGlobalDCEPlugin BENT_I=0 GOCACHE=/home/runner/work/benchmarks/benchmarks/.ci/bent-run/build-cache/runs/cache-1046066073/go-build XDG_CACHE_HOME=/home/runner/work/benchmarks/benchmarks/.ci/bent-run/build-cache/runs/cache-1046066073/xdg LocalAppData=/home/runner/work/benchmarks/benchmarks/.ci/bent-run/build-cache/runs/cache-1046066073/local-app-data /home/runner/work/benchmarks/benchmarks/.ci/bent-run/benchsize /home/runner/work/benchmarks/benchmarks/.ci/bent-run/testbin/aws_restjson_v1_LLGoFullLTOGlobalDCEPlugin Aws_restjson )
goos: linux
goarch: amd64
pkg:
Unit total-bytes assume=exact
BenchmarkAws_restjson 1 10247320 total-bytes
Unit text-bytes assume=exact
BenchmarkAws_restjson 1 3597841 text-bytes
Unit data-bytes assume=exact
BenchmarkAws_restjson 1 4024976 data-bytes
Unit rodata-bytes assume=exact
BenchmarkAws_restjson 1 3802848 rodata-bytes
Unit pclntab-bytes assume=exact
BenchmarkAws_restjson 1 0 pclntab-bytes
Unit debug-bytes assume=exact
BenchmarkAws_restjson 1 0 debug-bytes

rm -rf /home/runner/work/benchmarks/benchmarks/.ci/bent-run/gopath/bin
(cd /home/runner/work/benchmarks/benchmarks/.ci/bent-run/build/uber_zap; LLGO_COMMITTED_AT=2026-09-17T18:45:12+08:00 LLGO_BUILD_GO_VERSION=1.27.0 LLGO_BIN=/home/runner/work/benchmarks/benchmarks/.ci/llgo/llgo BENT_TIMING_LOG=/home/runner/work/benchmarks/benchmarks/.ci/bent-run/download-timings.log GOROOT_1_25_X64=/opt/hostedtoolcache/go/1.25.14/x64 LLGO_MAIN_INDEX=1663 LLGO_COMMIT=cc16553ba9d03cc36037140f2bceb6644d3094f6 GO_VERSION=1.26.2 LLGO_REPOSITORY=xgo-dev/llgo GOROOT_1_24_X64=/opt/hostedtoolcache/go/1.24.13/x64 GOROOT_1_26_X64=/opt/hostedtoolcache/go/1.26.8/x64 BENT_REAL_GO=/opt/hostedtoolcache/go/1.26.2/x64/bin/go LLGO_ROOT=/home/runner/work/benchmarks/benchmarks/.ci/llgo LLGO_LTO_PLUGIN=/home/runner/work/benchmarks/benchmarks/.ci/llgo/ltoplugin/build/LLGOLTOPlugin.so GOPATH=/home/runner/work/benchmarks/benchmarks/.ci/bent-run/gopath GOOS=linux GOARCH=amd64 GO111MODULE=auto ROOT=/home/runner/work/benchmarks/benchmarks/.ci/bent-run GOROOT=/opt/hostedtoolcache/go/1.26.2/x64/ BENT_BENCH=uber_zap BENT_CONFIG=LLGoFullLTONoGlobalDCE BENT_I=0 GOCACHE=/home/runner/work/benchmarks/benchmarks/.ci/bent-run/build-cache/runs/cache-2251674753/go-build XDG_CACHE_HOME=/home/runner/work/benchmarks/benchmarks/.ci/bent-run/build-cache/runs/cache-2251674753/xdg LocalAppData=/home/runner/work/benchmarks/benchmarks/.ci/bent-run/build-cache/runs/cache-2251674753/local-app-data /home/runner/work/benchmarks/benchmarks/.ci/llgo/llgo test -c -o /home/runner/work/benchmarks/benchmarks/.ci/bent-run/testbin/uber_zap_LLGoFullLTONoGlobalDCE -lto=full -globaldce=false go.uber.org/zap/zapcore )
goarch: amd64
toolchain: LLGoFullLTONoGlobalDCE
BenchmarkUber_zap 1 81480082920 build-real-ns/op 103960157000 build-user-ns/op 1894715000 build-sys-ns/op
toolchain: LLGoFullLTONoGlobalDCE
( LLGO_COMMITTED_AT=2026-09-17T18:45:12+08:00 LLGO_BUILD_GO_VERSION=1.27.0 LLGO_BIN=/home/runner/work/benchmarks/benchmarks/.ci/llgo/llgo BENT_TIMING_LOG=/home/runner/work/benchmarks/benchmarks/.ci/bent-run/download-timings.log GOROOT_1_25_X64=/opt/hostedtoolcache/go/1.25.14/x64 LLGO_MAIN_INDEX=1663 LLGO_COMMIT=cc16553ba9d03cc36037140f2bceb6644d3094f6 GO_VERSION=1.26.2 LLGO_REPOSITORY=xgo-dev/llgo GOROOT_1_24_X64=/opt/hostedtoolcache/go/1.24.13/x64 GOROOT_1_26_X64=/opt/hostedtoolcache/go/1.26.8/x64 BENT_REAL_GO=/opt/hostedtoolcache/go/1.26.2/x64/bin/go LLGO_ROOT=/home/runner/work/benchmarks/benchmarks/.ci/llgo LLGO_LTO_PLUGIN=/home/runner/work/benchmarks/benchmarks/.ci/llgo/ltoplugin/build/LLGOLTOPlugin.so GOPATH=/home/runner/work/benchmarks/benchmarks/.ci/bent-run/gopath GOOS=linux GOARCH=amd64 GO111MODULE=auto ROOT=/home/runner/work/benchmarks/benchmarks/.ci/bent-run GOROOT=/opt/hostedtoolcache/go/1.26.2/x64/ BENT_BENCH=uber_zap BENT_CONFIG=LLGoFullLTONoGlobalDCE BENT_I=0 GOCACHE=/home/runner/work/benchmarks/benchmarks/.ci/bent-run/build-cache/runs/cache-2251674753/go-build XDG_CACHE_HOME=/home/runner/work/benchmarks/benchmarks/.ci/bent-run/build-cache/runs/cache-2251674753/xdg LocalAppData=/home/runner/work/benchmarks/benchmarks/.ci/bent-run/build-cache/runs/cache-2251674753/local-app-data /home/runner/work/benchmarks/benchmarks/.ci/bent-run/benchsize /home/runner/work/benchmarks/benchmarks/.ci/bent-run/testbin/uber_zap_LLGoFullLTONoGlobalDCE Uber_zap )
goos: linux
goarch: amd64
pkg:
Unit total-bytes assume=exact
BenchmarkUber_zap 1 11145504 total-bytes
Unit text-bytes assume=exact
BenchmarkUber_zap 1 4067184 text-bytes
Unit data-bytes assume=exact
BenchmarkUber_zap 1 3785296 data-bytes
Unit rodata-bytes assume=exact
BenchmarkUber_zap 1 3561952 rodata-bytes
Unit pclntab-bytes assume=exact
BenchmarkUber_zap 1 0 pclntab-bytes
Unit debug-bytes assume=exact
BenchmarkUber_zap 1 0 debug-bytes

rm -rf /home/runner/work/benchmarks/benchmarks/.ci/bent-run/gopath/bin
(cd /home/runner/work/benchmarks/benchmarks/.ci/bent-run/build/gorm_schema; LLGO_COMMITTED_AT=2026-09-17T18:45:12+08:00 LLGO_BUILD_GO_VERSION=1.27.0 LLGO_BIN=/home/runner/work/benchmarks/benchmarks/.ci/llgo/llgo BENT_TIMING_LOG=/home/runner/work/benchmarks/benchmarks/.ci/bent-run/download-timings.log GOROOT_1_25_X64=/opt/hostedtoolcache/go/1.25.14/x64 LLGO_MAIN_INDEX=1663 LLGO_COMMIT=cc16553ba9d03cc36037140f2bceb6644d3094f6 GO_VERSION=1.26.2 LLGO_REPOSITORY=xgo-dev/llgo GOROOT_1_24_X64=/opt/hostedtoolcache/go/1.24.13/x64 GOROOT_1_26_X64=/opt/hostedtoolcache/go/1.26.8/x64 BENT_REAL_GO=/opt/hostedtoolcache/go/1.26.2/x64/bin/go LLGO_ROOT=/home/runner/work/benchmarks/benchmarks/.ci/llgo LLGO_LTO_PLUGIN=/home/runner/work/benchmarks/benchmarks/.ci/llgo/ltoplugin/build/LLGOLTOPlugin.so GOPATH=/home/runner/work/benchmarks/benchmarks/.ci/bent-run/gopath GOOS=linux GOARCH=amd64 GO111MODULE=auto ROOT=/home/runner/work/benchmarks/benchmarks/.ci/bent-run GOROOT=/opt/hostedtoolcache/go/1.26.2/x64/ BENT_BENCH=gorm_schema BENT_CONFIG=LLGoDeadcodeDrop BENT_I=0 GOCACHE=/home/runner/work/benchmarks/benchmarks/.ci/bent-run/build-cache/runs/cache-2132136959/go-build XDG_CACHE_HOME=/home/runner/work/benchmarks/benchmarks/.ci/bent-run/build-cache/runs/cache-2132136959/xdg LocalAppData=/home/runner/work/benchmarks/benchmarks/.ci/bent-run/build-cache/runs/cache-2132136959/local-app-data /home/runner/work/benchmarks/benchmarks/.ci/llgo/llgo test -c -o /home/runner/work/benchmarks/benchmarks/.ci/bent-run/testbin/gorm_schema_LLGoDeadcodeDrop -deadcodedrop gorm.io/gorm/schema )
goarch: amd64
toolchain: LLGoDeadcodeDrop
BenchmarkGorm_schema 1 12852455463 build-real-ns/op 36337867000 build-user-ns/op 1345375000 build-sys-ns/op
toolchain: LLGoDeadcodeDrop
( LLGO_COMMITTED_AT=2026-09-17T18:45:12+08:00 LLGO_BUILD_GO_VERSION=1.27.0 LLGO_BIN=/home/runner/work/benchmarks/benchmarks/.ci/llgo/llgo BENT_TIMING_LOG=/home/runner/work/benchmarks/benchmarks/.ci/bent-run/download-timings.log GOROOT_1_25_X64=/opt/hostedtoolcache/go/1.25.14/x64 LLGO_MAIN_INDEX=1663 LLGO_COMMIT=cc16553ba9d03cc36037140f2bceb6644d3094f6 GO_VERSION=1.26.2 LLGO_REPOSITORY=xgo-dev/llgo GOROOT_1_24_X64=/opt/hostedtoolcache/go/1.24.13/x64 GOROOT_1_26_X64=/opt/hostedtoolcache/go/1.26.8/x64 BENT_REAL_GO=/opt/hostedtoolcache/go/1.26.2/x64/bin/go LLGO_ROOT=/home/runner/work/benchmarks/benchmarks/.ci/llgo LLGO_LTO_PLUGIN=/home/runner/work/benchmarks/benchmarks/.ci/llgo/ltoplugin/build/LLGOLTOPlugin.so GOPATH=/home/runner/work/benchmarks/benchmarks/.ci/bent-run/gopath GOOS=linux GOARCH=amd64 GO111MODULE=auto ROOT=/home/runner/work/benchmarks/benchmarks/.ci/bent-run GOROOT=/opt/hostedtoolcache/go/1.26.2/x64/ BENT_BENCH=gorm_schema BENT_CONFIG=LLGoDeadcodeDrop BENT_I=0 GOCACHE=/home/runner/work/benchmarks/benchmarks/.ci/bent-run/build-cache/runs/cache-2132136959/go-build XDG_CACHE_HOME=/home/runner/work/benchmarks/benchmarks/.ci/bent-run/build-cache/runs/cache-2132136959/xdg LocalAppData=/home/runner/work/benchmarks/benchmarks/.ci/bent-run/build-cache/runs/cache-2132136959/local-app-data /home/runner/work/benchmarks/benchmarks/.ci/bent-run/benchsize /home/runner/work/benchmarks/benchmarks/.ci/bent-run/testbin/gorm_schema_LLGoDeadcodeDrop Gorm_schema )
goos: linux
goarch: amd64
pkg:
Unit total-bytes assume=exact
BenchmarkGorm_schema 1 6477632 total-bytes
Unit text-bytes assume=exact
BenchmarkGorm_schema 1 2137470 text-bytes
Unit data-bytes assume=exact
BenchmarkGorm_schema 1 2419312 data-bytes
Unit rodata-bytes assume=exact
BenchmarkGorm_schema 1 1349256 rodata-bytes
Unit pclntab-bytes assume=exact
BenchmarkGorm_schema 1 0 pclntab-bytes
Unit debug-bytes assume=exact
BenchmarkGorm_schema 1 0 debug-bytes

rm -rf /home/runner/work/benchmarks/benchmarks/.ci/bent-run/gopath/bin
(cd /home/runner/work/benchmarks/benchmarks/.ci/bent-run/build/uber_zap; LLGO_COMMITTED_AT=2026-09-17T18:45:12+08:00 LLGO_BUILD_GO_VERSION=1.27.0 LLGO_BIN=/home/runner/work/benchmarks/benchmarks/.ci/llgo/llgo BENT_TIMING_LOG=/home/runner/work/benchmarks/benchmarks/.ci/bent-run/download-timings.log GOROOT_1_25_X64=/opt/hostedtoolcache/go/1.25.14/x64 LLGO_MAIN_INDEX=1663 LLGO_COMMIT=cc16553ba9d03cc36037140f2bceb6644d3094f6 GO_VERSION=1.26.2 LLGO_REPOSITORY=xgo-dev/llgo GOROOT_1_24_X64=/opt/hostedtoolcache/go/1.24.13/x64 GOROOT_1_26_X64=/opt/hostedtoolcache/go/1.26.8/x64 BENT_REAL_GO=/opt/hostedtoolcache/go/1.26.2/x64/bin/go LLGO_ROOT=/home/runner/work/benchmarks/benchmarks/.ci/llgo LLGO_LTO_PLUGIN=/home/runner/work/benchmarks/benchmarks/.ci/llgo/ltoplugin/build/LLGOLTOPlugin.so GOPATH=/home/runner/work/benchmarks/benchmarks/.ci/bent-run/gopath GOOS=linux GOARCH=amd64 GO111MODULE=auto ROOT=/home/runner/work/benchmarks/benchmarks/.ci/bent-run GOROOT=/opt/hostedtoolcache/go/1.26.2/x64/ BENT_BENCH=uber_zap BENT_CONFIG=LLGoNoLTO BENT_I=0 GOCACHE=/home/runner/work/benchmarks/benchmarks/.ci/bent-run/build-cache/runs/cache-1946060419/go-build XDG_CACHE_HOME=/home/runner/work/benchmarks/benchmarks/.ci/bent-run/build-cache/runs/cache-1946060419/xdg LocalAppData=/home/runner/work/benchmarks/benchmarks/.ci/bent-run/build-cache/runs/cache-1946060419/local-app-data /home/runner/work/benchmarks/benchmarks/.ci/llgo/llgo test -c -o /home/runner/work/benchmarks/benchmarks/.ci/bent-run/testbin/uber_zap_LLGoNoLTO go.uber.org/zap/zapcore )
goarch: amd64
toolchain: LLGoNoLTO
BenchmarkUber_zap 1 24158340266 build-real-ns/op 52254420000 build-user-ns/op 1610999000 build-sys-ns/op
toolchain: LLGoNoLTO
( LLGO_COMMITTED_AT=2026-09-17T18:45:12+08:00 LLGO_BUILD_GO_VERSION=1.27.0 LLGO_BIN=/home/runner/work/benchmarks/benchmarks/.ci/llgo/llgo BENT_TIMING_LOG=/home/runner/work/benchmarks/benchmarks/.ci/bent-run/download-timings.log GOROOT_1_25_X64=/opt/hostedtoolcache/go/1.25.14/x64 LLGO_MAIN_INDEX=1663 LLGO_COMMIT=cc16553ba9d03cc36037140f2bceb6644d3094f6 GO_VERSION=1.26.2 LLGO_REPOSITORY=xgo-dev/llgo GOROOT_1_24_X64=/opt/hostedtoolcache/go/1.24.13/x64 GOROOT_1_26_X64=/opt/hostedtoolcache/go/1.26.8/x64 BENT_REAL_GO=/opt/hostedtoolcache/go/1.26.2/x64/bin/go LLGO_ROOT=/home/runner/work/benchmarks/benchmarks/.ci/llgo LLGO_LTO_PLUGIN=/home/runner/work/benchmarks/benchmarks/.ci/llgo/ltoplugin/build/LLGOLTOPlugin.so GOPATH=/home/runner/work/benchmarks/benchmarks/.ci/bent-run/gopath GOOS=linux GOARCH=amd64 GO111MODULE=auto ROOT=/home/runner/work/benchmarks/benchmarks/.ci/bent-run GOROOT=/opt/hostedtoolcache/go/1.26.2/x64/ BENT_BENCH=uber_zap BENT_CONFIG=LLGoNoLTO BENT_I=0 GOCACHE=/home/runner/work/benchmarks/benchmarks/.ci/bent-run/build-cache/runs/cache-1946060419/go-build XDG_CACHE_HOME=/home/runner/work/benchmarks/benchmarks/.ci/bent-run/build-cache/runs/cache-1946060419/xdg LocalAppData=/home/runner/work/benchmarks/benchmarks/.ci/bent-run/build-cache/runs/cache-1946060419/local-app-data /home/runner/work/benchmarks/benchmarks/.ci/bent-run/benchsize /home/runner/work/benchmarks/benchmarks/.ci/bent-run/testbin/uber_zap_LLGoNoLTO Uber_zap )
goos: linux
goarch: amd64
pkg:
Unit total-bytes assume=exact
BenchmarkUber_zap 1 11682072 total-bytes
Unit text-bytes assume=exact
BenchmarkUber_zap 1 4317994 text-bytes
Unit data-bytes assume=exact
BenchmarkUber_zap 1 3798504 data-bytes
Unit rodata-bytes assume=exact
BenchmarkUber_zap 1 2202744 rodata-bytes
Unit pclntab-bytes assume=exact
BenchmarkUber_zap 1 0 pclntab-bytes
Unit debug-bytes assume=exact
BenchmarkUber_zap 1 0 debug-bytes

rm -rf /home/runner/work/benchmarks/benchmarks/.ci/bent-run/gopath/bin
(cd /home/runner/work/benchmarks/benchmarks/.ci/bent-run/build/etcdctl; LLGO_COMMITTED_AT=2026-09-17T18:45:12+08:00 LLGO_BUILD_GO_VERSION=1.27.0 LLGO_BIN=/home/runner/work/benchmarks/benchmarks/.ci/llgo/llgo BENT_TIMING_LOG=/home/runner/work/benchmarks/benchmarks/.ci/bent-run/download-timings.log GOROOT_1_25_X64=/opt/hostedtoolcache/go/1.25.14/x64 LLGO_MAIN_INDEX=1663 LLGO_COMMIT=cc16553ba9d03cc36037140f2bceb6644d3094f6 GO_VERSION=1.26.2 LLGO_REPOSITORY=xgo-dev/llgo GOROOT_1_24_X64=/opt/hostedtoolcache/go/1.24.13/x64 GOROOT_1_26_X64=/opt/hostedtoolcache/go/1.26.8/x64 BENT_REAL_GO=/opt/hostedtoolcache/go/1.26.2/x64/bin/go LLGO_ROOT=/home/runner/work/benchmarks/benchmarks/.ci/llgo LLGO_LTO_PLUGIN=/home/runner/work/benchmarks/benchmarks/.ci/llgo/ltoplugin/build/LLGOLTOPlugin.so GOPATH=/home/runner/work/benchmarks/benchmarks/.ci/bent-run/gopath GOOS=linux GOARCH=amd64 GO111MODULE=auto ROOT=/home/runner/work/benchmarks/benchmarks/.ci/bent-run GOROOT=/opt/hostedtoolcache/go/1.26.2/x64/ BENT_BENCH=etcdctl BENT_CONFIG=LLGoNoLTO BENT_I=0 GOCACHE=/home/runner/work/benchmarks/benchmarks/.ci/bent-run/build-cache/runs/cache-221084528/go-build XDG_CACHE_HOME=/home/runner/work/benchmarks/benchmarks/.ci/bent-run/build-cache/runs/cache-221084528/xdg LocalAppData=/home/runner/work/benchmarks/benchmarks/.ci/bent-run/build-cache/runs/cache-221084528/local-app-data /home/runner/work/benchmarks/benchmarks/.ci/llgo/llgo build -o /home/runner/work/benchmarks/benchmarks/.ci/bent-run/testbin/etcdctl_LLGoNoLTO go.etcd.io/etcd/etcdctl/v3 )
goarch: amd64
toolchain: LLGoNoLTO
BenchmarkEtcdctl 1 66571065927 build-real-ns/op 201015833000 build-user-ns/op 4512729000 build-sys-ns/op
toolchain: LLGoNoLTO
( LLGO_COMMITTED_AT=2026-09-17T18:45:12+08:00 LLGO_BUILD_GO_VERSION=1.27.0 LLGO_BIN=/home/runner/work/benchmarks/benchmarks/.ci/llgo/llgo BENT_TIMING_LOG=/home/runner/work/benchmarks/benchmarks/.ci/bent-run/download-timings.log GOROOT_1_25_X64=/opt/hostedtoolcache/go/1.25.14/x64 LLGO_MAIN_INDEX=1663 LLGO_COMMIT=cc16553ba9d03cc36037140f2bceb6644d3094f6 GO_VERSION=1.26.2 LLGO_REPOSITORY=xgo-dev/llgo GOROOT_1_24_X64=/opt/hostedtoolcache/go/1.24.13/x64 GOROOT_1_26_X64=/opt/hostedtoolcache/go/1.26.8/x64 BENT_REAL_GO=/opt/hostedtoolcache/go/1.26.2/x64/bin/go LLGO_ROOT=/home/runner/work/benchmarks/benchmarks/.ci/llgo LLGO_LTO_PLUGIN=/home/runner/work/benchmarks/benchmarks/.ci/llgo/ltoplugin/build/LLGOLTOPlugin.so GOPATH=/home/runner/work/benchmarks/benchmarks/.ci/bent-run/gopath GOOS=linux GOARCH=amd64 GO111MODULE=auto ROOT=/home/runner/work/benchmarks/benchmarks/.ci/bent-run GOROOT=/opt/hostedtoolcache/go/1.26.2/x64/ BENT_BENCH=etcdctl BENT_CONFIG=LLGoNoLTO BENT_I=0 GOCACHE=/home/runner/work/benchmarks/benchmarks/.ci/bent-run/build-cache/runs/cache-221084528/go-build XDG_CACHE_HOME=/home/runner/work/benchmarks/benchmarks/.ci/bent-run/build-cache/runs/cache-221084528/xdg LocalAppData=/home/runner/work/benchmarks/benchmarks/.ci/bent-run/build-cache/runs/cache-221084528/local-app-data /home/runner/work/benchmarks/benchmarks/.ci/bent-run/benchsize /home/runner/work/benchmarks/benchmarks/.ci/bent-run/testbin/etcdctl_LLGoNoLTO Etcdctl )
goos: linux
goarch: amd64
pkg:
Unit total-bytes assume=exact
BenchmarkEtcdctl 1 21830984 total-bytes
Unit text-bytes assume=exact
BenchmarkEtcdctl 1 7415614 text-bytes
Unit data-bytes assume=exact
BenchmarkEtcdctl 1 7660536 data-bytes
Unit rodata-bytes assume=exact
BenchmarkEtcdctl 1 4108256 rodata-bytes
Unit pclntab-bytes assume=exact
BenchmarkEtcdctl 1 0 pclntab-bytes
Unit debug-bytes assume=exact
BenchmarkEtcdctl 1 0 debug-bytes

rm -rf /home/runner/work/benchmarks/benchmarks/.ci/bent-run/gopath/bin
(cd /home/runner/work/benchmarks/benchmarks/.ci/bent-run/build/k8s_workqueue; LLGO_COMMITTED_AT=2026-09-17T18:45:12+08:00 LLGO_BUILD_GO_VERSION=1.27.0 LLGO_BIN=/home/runner/work/benchmarks/benchmarks/.ci/llgo/llgo BENT_TIMING_LOG=/home/runner/work/benchmarks/benchmarks/.ci/bent-run/download-timings.log GOROOT_1_25_X64=/opt/hostedtoolcache/go/1.25.14/x64 LLGO_MAIN_INDEX=1663 LLGO_COMMIT=cc16553ba9d03cc36037140f2bceb6644d3094f6 GO_VERSION=1.26.2 LLGO_REPOSITORY=xgo-dev/llgo GOROOT_1_24_X64=/opt/hostedtoolcache/go/1.24.13/x64 GOROOT_1_26_X64=/opt/hostedtoolcache/go/1.26.8/x64 BENT_REAL_GO=/opt/hostedtoolcache/go/1.26.2/x64/bin/go LLGO_ROOT=/home/runner/work/benchmarks/benchmarks/.ci/llgo LLGO_LTO_PLUGIN=/home/runner/work/benchmarks/benchmarks/.ci/llgo/ltoplugin/build/LLGOLTOPlugin.so GOPATH=/home/runner/work/benchmarks/benchmarks/.ci/bent-run/gopath GOOS=linux GOARCH=amd64 GO111MODULE=auto ROOT=/home/runner/work/benchmarks/benchmarks/.ci/bent-run GOROOT=/opt/hostedtoolcache/go/1.26.2/x64/ BENT_BENCH=k8s_workqueue BENT_CONFIG=LLGoFullLTONoGlobalDCE BENT_I=0 GOCACHE=/home/runner/work/benchmarks/benchmarks/.ci/bent-run/build-cache/runs/cache-989424085/go-build XDG_CACHE_HOME=/home/runner/work/benchmarks/benchmarks/.ci/bent-run/build-cache/runs/cache-989424085/xdg LocalAppData=/home/runner/work/benchmarks/benchmarks/.ci/bent-run/build-cache/runs/cache-989424085/local-app-data /home/runner/work/benchmarks/benchmarks/.ci/llgo/llgo test -c -o /home/runner/work/benchmarks/benchmarks/.ci/bent-run/testbin/k8s_workqueue_LLGoFullLTONoGlobalDCE -lto=full -globaldce=false k8s.io/client-go/util/workqueue )
goarch: amd64
toolchain: LLGoFullLTONoGlobalDCE
BenchmarkK8s_workqueue 1 78575449172 build-real-ns/op 97921522000 build-user-ns/op 1842769000 build-sys-ns/op
toolchain: LLGoFullLTONoGlobalDCE
( LLGO_COMMITTED_AT=2026-09-17T18:45:12+08:00 LLGO_BUILD_GO_VERSION=1.27.0 LLGO_BIN=/home/runner/work/benchmarks/benchmarks/.ci/llgo/llgo BENT_TIMING_LOG=/home/runner/work/benchmarks/benchmarks/.ci/bent-run/download-timings.log GOROOT_1_25_X64=/opt/hostedtoolcache/go/1.25.14/x64 LLGO_MAIN_INDEX=1663 LLGO_COMMIT=cc16553ba9d03cc36037140f2bceb6644d3094f6 GO_VERSION=1.26.2 LLGO_REPOSITORY=xgo-dev/llgo GOROOT_1_24_X64=/opt/hostedtoolcache/go/1.24.13/x64 GOROOT_1_26_X64=/opt/hostedtoolcache/go/1.26.8/x64 BENT_REAL_GO=/opt/hostedtoolcache/go/1.26.2/x64/bin/go LLGO_ROOT=/home/runner/work/benchmarks/benchmarks/.ci/llgo LLGO_LTO_PLUGIN=/home/runner/work/benchmarks/benchmarks/.ci/llgo/ltoplugin/build/LLGOLTOPlugin.so GOPATH=/home/runner/work/benchmarks/benchmarks/.ci/bent-run/gopath GOOS=linux GOARCH=amd64 GO111MODULE=auto ROOT=/home/runner/work/benchmarks/benchmarks/.ci/bent-run GOROOT=/opt/hostedtoolcache/go/1.26.2/x64/ BENT_BENCH=k8s_workqueue BENT_CONFIG=LLGoFullLTONoGlobalDCE BENT_I=0 GOCACHE=/home/runner/work/benchmarks/benchmarks/.ci/bent-run/build-cache/runs/cache-989424085/go-build XDG_CACHE_HOME=/home/runner/work/benchmarks/benchmarks/.ci/bent-run/build-cache/runs/cache-989424085/xdg LocalAppData=/home/runner/work/benchmarks/benchmarks/.ci/bent-run/build-cache/runs/cache-989424085/local-app-data /home/runner/work/benchmarks/benchmarks/.ci/bent-run/benchsize /home/runner/work/benchmarks/benchmarks/.ci/bent-run/testbin/k8s_workqueue_LLGoFullLTONoGlobalDCE K8s_workqueue )
goos: linux
goarch: amd64
pkg:
Unit total-bytes assume=exact
BenchmarkK8s_workqueue 1 10896576 total-bytes
Unit text-bytes assume=exact
BenchmarkK8s_workqueue 1 3934649 text-bytes
Unit data-bytes assume=exact
BenchmarkK8s_workqueue 1 3703704 data-bytes
Unit rodata-bytes assume=exact
BenchmarkK8s_workqueue 1 3485104 rodata-bytes
Unit pclntab-bytes assume=exact
BenchmarkK8s_workqueue 1 0 pclntab-bytes
Unit debug-bytes assume=exact
BenchmarkK8s_workqueue 1 0 debug-bytes

rm -rf /home/runner/work/benchmarks/benchmarks/.ci/bent-run/gopath/bin
(cd /home/runner/work/benchmarks/benchmarks/.ci/bent-run/build/k8s_workqueue; LLGO_COMMITTED_AT=2026-09-17T18:45:12+08:00 LLGO_BUILD_GO_VERSION=1.27.0 LLGO_BIN=/home/runner/work/benchmarks/benchmarks/.ci/llgo/llgo BENT_TIMING_LOG=/home/runner/work/benchmarks/benchmarks/.ci/bent-run/download-timings.log GOROOT_1_25_X64=/opt/hostedtoolcache/go/1.25.14/x64 LLGO_MAIN_INDEX=1663 LLGO_COMMIT=cc16553ba9d03cc36037140f2bceb6644d3094f6 GO_VERSION=1.26.2 LLGO_REPOSITORY=xgo-dev/llgo GOROOT_1_24_X64=/opt/hostedtoolcache/go/1.24.13/x64 GOROOT_1_26_X64=/opt/hostedtoolcache/go/1.26.8/x64 BENT_REAL_GO=/opt/hostedtoolcache/go/1.26.2/x64/bin/go LLGO_ROOT=/home/runner/work/benchmarks/benchmarks/.ci/llgo LLGO_LTO_PLUGIN=/home/runner/work/benchmarks/benchmarks/.ci/llgo/ltoplugin/build/LLGOLTOPlugin.so GOPATH=/home/runner/work/benchmarks/benchmarks/.ci/bent-run/gopath GOOS=linux GOARCH=amd64 GO111MODULE=auto ROOT=/home/runner/work/benchmarks/benchmarks/.ci/bent-run GOROOT=/home/runner/work/benchmarks/benchmarks/.ci/bent-run/goroots/Go BENT_BENCH=k8s_workqueue BENT_CONFIG=Go BENT_I=0 GOCACHE=/home/runner/work/benchmarks/benchmarks/.ci/bent-run/build-cache/runs/cache-3912897233/go-build XDG_CACHE_HOME=/home/runner/work/benchmarks/benchmarks/.ci/bent-run/build-cache/runs/cache-3912897233/xdg LocalAppData=/home/runner/work/benchmarks/benchmarks/.ci/bent-run/build-cache/runs/cache-3912897233/local-app-data /home/runner/work/benchmarks/benchmarks/.ci/bent-run/goroots/Go/bin/go test -vet=off -c -o /home/runner/work/benchmarks/benchmarks/.ci/bent-run/testbin/k8s_workqueue_Go k8s.io/client-go/util/workqueue )
goarch: amd64
toolchain: Go
BenchmarkK8s_workqueue 1 1973186471 build-real-ns/op 4007260000 build-user-ns/op 723090000 build-sys-ns/op
toolchain: Go
( LLGO_COMMITTED_AT=2026-09-17T18:45:12+08:00 LLGO_BUILD_GO_VERSION=1.27.0 LLGO_BIN=/home/runner/work/benchmarks/benchmarks/.ci/llgo/llgo BENT_TIMING_LOG=/home/runner/work/benchmarks/benchmarks/.ci/bent-run/download-timings.log GOROOT_1_25_X64=/opt/hostedtoolcache/go/1.25.14/x64 LLGO_MAIN_INDEX=1663 LLGO_COMMIT=cc16553ba9d03cc36037140f2bceb6644d3094f6 GO_VERSION=1.26.2 LLGO_REPOSITORY=xgo-dev/llgo GOROOT_1_24_X64=/opt/hostedtoolcache/go/1.24.13/x64 GOROOT_1_26_X64=/opt/hostedtoolcache/go/1.26.8/x64 BENT_REAL_GO=/opt/hostedtoolcache/go/1.26.2/x64/bin/go LLGO_ROOT=/home/runner/work/benchmarks/benchmarks/.ci/llgo LLGO_LTO_PLUGIN=/home/runner/work/benchmarks/benchmarks/.ci/llgo/ltoplugin/build/LLGOLTOPlugin.so GOPATH=/home/runner/work/benchmarks/benchmarks/.ci/bent-run/gopath GOOS=linux GOARCH=amd64 GO111MODULE=auto ROOT=/home/runner/work/benchmarks/benchmarks/.ci/bent-run GOROOT=/home/runner/work/benchmarks/benchmarks/.ci/bent-run/goroots/Go BENT_BENCH=k8s_workqueue BENT_CONFIG=Go BENT_I=0 GOCACHE=/home/runner/work/benchmarks/benchmarks/.ci/bent-run/build-cache/runs/cache-3912897233/go-build XDG_CACHE_HOME=/home/runner/work/benchmarks/benchmarks/.ci/bent-run/build-cache/runs/cache-3912897233/xdg LocalAppData=/home/runner/work/benchmarks/benchmarks/.ci/bent-run/build-cache/runs/cache-3912897233/local-app-data /home/runner/work/benchmarks/benchmarks/.ci/bent-run/benchsize /home/runner/work/benchmarks/benchmarks/.ci/bent-run/testbin/k8s_workqueue_Go K8s_workqueue )
goos: linux
goarch: amd64
pkg:
Unit total-bytes assume=exact
BenchmarkK8s_workqueue 1 10681819 total-bytes
Unit text-bytes assume=exact
BenchmarkK8s_workqueue 1 3305809 text-bytes
Unit data-bytes assume=exact
BenchmarkK8s_workqueue 1 1280748 data-bytes
Unit rodata-bytes assume=exact
BenchmarkK8s_workqueue 1 916057 rodata-bytes
Unit pclntab-bytes assume=exact
BenchmarkK8s_workqueue 1 2794874 pclntab-bytes
Unit debug-bytes assume=exact
BenchmarkK8s_workqueue 1 2323654 debug-bytes

rm -rf /home/runner/work/benchmarks/benchmarks/.ci/bent-run/gopath/bin
(cd /home/runner/work/benchmarks/benchmarks/.ci/bent-run/build/aws_restjson_v1; LLGO_COMMITTED_AT=2026-09-17T18:45:12+08:00 LLGO_BUILD_GO_VERSION=1.27.0 LLGO_BIN=/home/runner/work/benchmarks/benchmarks/.ci/llgo/llgo BENT_TIMING_LOG=/home/runner/work/benchmarks/benchmarks/.ci/bent-run/download-timings.log GOROOT_1_25_X64=/opt/hostedtoolcache/go/1.25.14/x64 LLGO_MAIN_INDEX=1663 LLGO_COMMIT=cc16553ba9d03cc36037140f2bceb6644d3094f6 GO_VERSION=1.26.2 LLGO_REPOSITORY=xgo-dev/llgo GOROOT_1_24_X64=/opt/hostedtoolcache/go/1.24.13/x64 GOROOT_1_26_X64=/opt/hostedtoolcache/go/1.26.8/x64 BENT_REAL_GO=/opt/hostedtoolcache/go/1.26.2/x64/bin/go LLGO_ROOT=/home/runner/work/benchmarks/benchmarks/.ci/llgo LLGO_LTO_PLUGIN=/home/runner/work/benchmarks/benchmarks/.ci/llgo/ltoplugin/build/LLGOLTOPlugin.so GOPATH=/home/runner/work/benchmarks/benchmarks/.ci/bent-run/gopath GOOS=linux GOARCH=amd64 GO111MODULE=auto ROOT=/home/runner/work/benchmarks/benchmarks/.ci/bent-run GOROOT=/opt/hostedtoolcache/go/1.26.2/x64/ BENT_BENCH=aws_restjson BENT_CONFIG=LLGoNoLTO BENT_I=0 GOCACHE=/home/runner/work/benchmarks/benchmarks/.ci/bent-run/build-cache/runs/cache-3364369121/go-build XDG_CACHE_HOME=/home/runner/work/benchmarks/benchmarks/.ci/bent-run/build-cache/runs/cache-3364369121/xdg LocalAppData=/home/runner/work/benchmarks/benchmarks/.ci/bent-run/build-cache/runs/cache-3364369121/local-app-data /home/runner/work/benchmarks/benchmarks/.ci/llgo/llgo test -c -o /home/runner/work/benchmarks/benchmarks/.ci/bent-run/testbin/aws_restjson_v1_LLGoNoLTO github.com/aws/aws-sdk-go/private/protocol/restjson )
goarch: amd64
toolchain: LLGoNoLTO
BenchmarkAws_restjson 1 68709274553 build-real-ns/op 106555276000 build-user-ns/op 1957272000 build-sys-ns/op
toolchain: LLGoNoLTO
( LLGO_COMMITTED_AT=2026-09-17T18:45:12+08:00 LLGO_BUILD_GO_VERSION=1.27.0 LLGO_BIN=/home/runner/work/benchmarks/benchmarks/.ci/llgo/llgo BENT_TIMING_LOG=/home/runner/work/benchmarks/benchmarks/.ci/bent-run/download-timings.log GOROOT_1_25_X64=/opt/hostedtoolcache/go/1.25.14/x64 LLGO_MAIN_INDEX=1663 LLGO_COMMIT=cc16553ba9d03cc36037140f2bceb6644d3094f6 GO_VERSION=1.26.2 LLGO_REPOSITORY=xgo-dev/llgo GOROOT_1_24_X64=/opt/hostedtoolcache/go/1.24.13/x64 GOROOT_1_26_X64=/opt/hostedtoolcache/go/1.26.8/x64 BENT_REAL_GO=/opt/hostedtoolcache/go/1.26.2/x64/bin/go LLGO_ROOT=/home/runner/work/benchmarks/benchmarks/.ci/llgo LLGO_LTO_PLUGIN=/home/runner/work/benchmarks/benchmarks/.ci/llgo/ltoplugin/build/LLGOLTOPlugin.so GOPATH=/home/runner/work/benchmarks/benchmarks/.ci/bent-run/gopath GOOS=linux GOARCH=amd64 GO111MODULE=auto ROOT=/home/runner/work/benchmarks/benchmarks/.ci/bent-run GOROOT=/opt/hostedtoolcache/go/1.26.2/x64/ BENT_BENCH=aws_restjson BENT_CONFIG=LLGoNoLTO BENT_I=0 GOCACHE=/home/runner/work/benchmarks/benchmarks/.ci/bent-run/build-cache/runs/cache-3364369121/go-build XDG_CACHE_HOME=/home/runner/work/benchmarks/benchmarks/.ci/bent-run/build-cache/runs/cache-3364369121/xdg LocalAppData=/home/runner/work/benchmarks/benchmarks/.ci/bent-run/build-cache/runs/cache-3364369121/local-app-data /home/runner/work/benchmarks/benchmarks/.ci/bent-run/benchsize /home/runner/work/benchmarks/benchmarks/.ci/bent-run/testbin/aws_restjson_v1_LLGoNoLTO Aws_restjson )
goos: linux
goarch: amd64
pkg:
Unit total-bytes assume=exact
BenchmarkAws_restjson 1 12908616 total-bytes
Unit text-bytes assume=exact
BenchmarkAws_restjson 1 5004083 text-bytes
Unit data-bytes assume=exact
BenchmarkAws_restjson 1 4086824 data-bytes
Unit rodata-bytes assume=exact
BenchmarkAws_restjson 1 2373584 rodata-bytes
Unit pclntab-bytes assume=exact
BenchmarkAws_restjson 1 0 pclntab-bytes
Unit debug-bytes assume=exact
BenchmarkAws_restjson 1 0 debug-bytes

rm -rf /home/runner/work/benchmarks/benchmarks/.ci/bent-run/gopath/bin
(cd /home/runner/work/benchmarks/benchmarks/.ci/bent-run/build/XGo; LLGO_COMMITTED_AT=2026-09-17T18:45:12+08:00 LLGO_BUILD_GO_VERSION=1.27.0 LLGO_BIN=/home/runner/work/benchmarks/benchmarks/.ci/llgo/llgo BENT_TIMING_LOG=/home/runner/work/benchmarks/benchmarks/.ci/bent-run/download-timings.log GOROOT_1_25_X64=/opt/hostedtoolcache/go/1.25.14/x64 LLGO_MAIN_INDEX=1663 LLGO_COMMIT=cc16553ba9d03cc36037140f2bceb6644d3094f6 GO_VERSION=1.26.2 LLGO_REPOSITORY=xgo-dev/llgo GOROOT_1_24_X64=/opt/hostedtoolcache/go/1.24.13/x64 GOROOT_1_26_X64=/opt/hostedtoolcache/go/1.26.8/x64 BENT_REAL_GO=/opt/hostedtoolcache/go/1.26.2/x64/bin/go LLGO_ROOT=/home/runner/work/benchmarks/benchmarks/.ci/llgo LLGO_LTO_PLUGIN=/home/runner/work/benchmarks/benchmarks/.ci/llgo/ltoplugin/build/LLGOLTOPlugin.so GOPATH=/home/runner/work/benchmarks/benchmarks/.ci/bent-run/gopath GOOS=linux GOARCH=amd64 GO111MODULE=auto ROOT=/home/runner/work/benchmarks/benchmarks/.ci/bent-run GOROOT=/opt/hostedtoolcache/go/1.26.2/x64/ BENT_BENCH=XGo BENT_CONFIG=LLGoFullLTOGlobalDCEPlugin BENT_I=0 GOCACHE=/home/runner/work/benchmarks/benchmarks/.ci/bent-run/build-cache/runs/cache-1426246596/go-build XDG_CACHE_HOME=/home/runner/work/benchmarks/benchmarks/.ci/bent-run/build-cache/runs/cache-1426246596/xdg LocalAppData=/home/runner/work/benchmarks/benchmarks/.ci/bent-run/build-cache/runs/cache-1426246596/local-app-data /home/runner/work/benchmarks/benchmarks/.ci/llgo/llgo build -o /home/runner/work/benchmarks/benchmarks/.ci/bent-run/testbin/XGo_LLGoFullLTOGlobalDCEPlugin -lto=full -lto-pass-plugin=/home/runner/work/benchmarks/benchmarks/.ci/llgo/ltoplugin/build/LLGOLTOPlugin.so github.com/goplus/xgo/cmd/xgo )
goarch: amd64
toolchain: LLGoFullLTOGlobalDCEPlugin
BenchmarkXGo 1 122203330293 build-real-ns/op 171718761000 build-user-ns/op 3481123000 build-sys-ns/op
toolchain: LLGoFullLTOGlobalDCEPlugin
( LLGO_COMMITTED_AT=2026-09-17T18:45:12+08:00 LLGO_BUILD_GO_VERSION=1.27.0 LLGO_BIN=/home/runner/work/benchmarks/benchmarks/.ci/llgo/llgo BENT_TIMING_LOG=/home/runner/work/benchmarks/benchmarks/.ci/bent-run/download-timings.log GOROOT_1_25_X64=/opt/hostedtoolcache/go/1.25.14/x64 LLGO_MAIN_INDEX=1663 LLGO_COMMIT=cc16553ba9d03cc36037140f2bceb6644d3094f6 GO_VERSION=1.26.2 LLGO_REPOSITORY=xgo-dev/llgo GOROOT_1_24_X64=/opt/hostedtoolcache/go/1.24.13/x64 GOROOT_1_26_X64=/opt/hostedtoolcache/go/1.26.8/x64 BENT_REAL_GO=/opt/hostedtoolcache/go/1.26.2/x64/bin/go LLGO_ROOT=/home/runner/work/benchmarks/benchmarks/.ci/llgo LLGO_LTO_PLUGIN=/home/runner/work/benchmarks/benchmarks/.ci/llgo/ltoplugin/build/LLGOLTOPlugin.so GOPATH=/home/runner/work/benchmarks/benchmarks/.ci/bent-run/gopath GOOS=linux GOARCH=amd64 GO111MODULE=auto ROOT=/home/runner/work/benchmarks/benchmarks/.ci/bent-run GOROOT=/opt/hostedtoolcache/go/1.26.2/x64/ BENT_BENCH=XGo BENT_CONFIG=LLGoFullLTOGlobalDCEPlugin BENT_I=0 GOCACHE=/home/runner/work/benchmarks/benchmarks/.ci/bent-run/build-cache/runs/cache-1426246596/go-build XDG_CACHE_HOME=/home/runner/work/benchmarks/benchmarks/.ci/bent-run/build-cache/runs/cache-1426246596/xdg LocalAppData=/home/runner/work/benchmarks/benchmarks/.ci/bent-run/build-cache/runs/cache-1426246596/local-app-data /home/runner/work/benchmarks/benchmarks/.ci/bent-run/benchsize /home/runner/work/benchmarks/benchmarks/.ci/bent-run/testbin/XGo_LLGoFullLTOGlobalDCEPlugin XGo )
goos: linux
goarch: amd64
pkg:
Unit total-bytes assume=exact
BenchmarkXGo 1 16693272 total-bytes
Unit text-bytes assume=exact
BenchmarkXGo 1 5600752 text-bytes
Unit data-bytes assume=exact
BenchmarkXGo 1 5743040 data-bytes
Unit rodata-bytes assume=exact
BenchmarkXGo 1 5516744 rodata-bytes
Unit pclntab-bytes assume=exact
BenchmarkXGo 1 0 pclntab-bytes
Unit debug-bytes assume=exact
BenchmarkXGo 1 0 debug-bytes

rm -rf /home/runner/work/benchmarks/benchmarks/.ci/bent-run/gopath/bin
(cd /home/runner/work/benchmarks/benchmarks/.ci/bent-run/build/k8s_workqueue; LLGO_COMMITTED_AT=2026-09-17T18:45:12+08:00 LLGO_BUILD_GO_VERSION=1.27.0 LLGO_BIN=/home/runner/work/benchmarks/benchmarks/.ci/llgo/llgo BENT_TIMING_LOG=/home/runner/work/benchmarks/benchmarks/.ci/bent-run/download-timings.log GOROOT_1_25_X64=/opt/hostedtoolcache/go/1.25.14/x64 LLGO_MAIN_INDEX=1663 LLGO_COMMIT=cc16553ba9d03cc36037140f2bceb6644d3094f6 GO_VERSION=1.26.2 LLGO_REPOSITORY=xgo-dev/llgo GOROOT_1_24_X64=/opt/hostedtoolcache/go/1.24.13/x64 GOROOT_1_26_X64=/opt/hostedtoolcache/go/1.26.8/x64 BENT_REAL_GO=/opt/hostedtoolcache/go/1.26.2/x64/bin/go LLGO_ROOT=/home/runner/work/benchmarks/benchmarks/.ci/llgo LLGO_LTO_PLUGIN=/home/runner/work/benchmarks/benchmarks/.ci/llgo/ltoplugin/build/LLGOLTOPlugin.so GOPATH=/home/runner/work/benchmarks/benchmarks/.ci/bent-run/gopath GOOS=linux GOARCH=amd64 GO111MODULE=auto ROOT=/home/runner/work/benchmarks/benchmarks/.ci/bent-run GOROOT=/opt/hostedtoolcache/go/1.26.2/x64/ BENT_BENCH=k8s_workqueue BENT_CONFIG=LLGoFullLTOGlobalDCEPlugin BENT_I=0 GOCACHE=/home/runner/work/benchmarks/benchmarks/.ci/bent-run/build-cache/runs/cache-2066295284/go-build XDG_CACHE_HOME=/home/runner/work/benchmarks/benchmarks/.ci/bent-run/build-cache/runs/cache-2066295284/xdg LocalAppData=/home/runner/work/benchmarks/benchmarks/.ci/bent-run/build-cache/runs/cache-2066295284/local-app-data /home/runner/work/benchmarks/benchmarks/.ci/llgo/llgo test -c -o /home/runner/work/benchmarks/benchmarks/.ci/bent-run/testbin/k8s_workqueue_LLGoFullLTOGlobalDCEPlugin -lto=full -lto-pass-plugin=/home/runner/work/benchmarks/benchmarks/.ci/llgo/ltoplugin/build/LLGOLTOPlugin.so k8s.io/client-go/util/workqueue )
goarch: amd64
toolchain: LLGoFullLTOGlobalDCEPlugin
BenchmarkK8s_workqueue 1 64822246020 build-real-ns/op 84726839000 build-user-ns/op 1829796000 build-sys-ns/op
toolchain: LLGoFullLTOGlobalDCEPlugin
( LLGO_COMMITTED_AT=2026-09-17T18:45:12+08:00 LLGO_BUILD_GO_VERSION=1.27.0 LLGO_BIN=/home/runner/work/benchmarks/benchmarks/.ci/llgo/llgo BENT_TIMING_LOG=/home/runner/work/benchmarks/benchmarks/.ci/bent-run/download-timings.log GOROOT_1_25_X64=/opt/hostedtoolcache/go/1.25.14/x64 LLGO_MAIN_INDEX=1663 LLGO_COMMIT=cc16553ba9d03cc36037140f2bceb6644d3094f6 GO_VERSION=1.26.2 LLGO_REPOSITORY=xgo-dev/llgo GOROOT_1_24_X64=/opt/hostedtoolcache/go/1.24.13/x64 GOROOT_1_26_X64=/opt/hostedtoolcache/go/1.26.8/x64 BENT_REAL_GO=/opt/hostedtoolcache/go/1.26.2/x64/bin/go LLGO_ROOT=/home/runner/work/benchmarks/benchmarks/.ci/llgo LLGO_LTO_PLUGIN=/home/runner/work/benchmarks/benchmarks/.ci/llgo/ltoplugin/build/LLGOLTOPlugin.so GOPATH=/home/runner/work/benchmarks/benchmarks/.ci/bent-run/gopath GOOS=linux GOARCH=amd64 GO111MODULE=auto ROOT=/home/runner/work/benchmarks/benchmarks/.ci/bent-run GOROOT=/opt/hostedtoolcache/go/1.26.2/x64/ BENT_BENCH=k8s_workqueue BENT_CONFIG=LLGoFullLTOGlobalDCEPlugin BENT_I=0 GOCACHE=/home/runner/work/benchmarks/benchmarks/.ci/bent-run/build-cache/runs/cache-2066295284/go-build XDG_CACHE_HOME=/home/runner/work/benchmarks/benchmarks/.ci/bent-run/build-cache/runs/cache-2066295284/xdg LocalAppData=/home/runner/work/benchmarks/benchmarks/.ci/bent-run/build-cache/runs/cache-2066295284/local-app-data /home/runner/work/benchmarks/benchmarks/.ci/bent-run/benchsize /home/runner/work/benchmarks/benchmarks/.ci/bent-run/testbin/k8s_workqueue_LLGoFullLTOGlobalDCEPlugin K8s_workqueue )
goos: linux
goarch: amd64
pkg:
Unit total-bytes assume=exact
BenchmarkK8s_workqueue 1 8699008 total-bytes
Unit text-bytes assume=exact
BenchmarkK8s_workqueue 1 2778685 text-bytes
Unit data-bytes assume=exact
BenchmarkK8s_workqueue 1 3650688 data-bytes
Unit rodata-bytes assume=exact
BenchmarkK8s_workqueue 1 3432248 rodata-bytes
Unit pclntab-bytes assume=exact
BenchmarkK8s_workqueue 1 0 pclntab-bytes
Unit debug-bytes assume=exact
BenchmarkK8s_workqueue 1 0 debug-bytes

rm -rf /home/runner/work/benchmarks/benchmarks/.ci/bent-run/gopath/bin
(cd /home/runner/work/benchmarks/benchmarks/.ci/bent-run/build/etcdctl; LLGO_COMMITTED_AT=2026-09-17T18:45:12+08:00 LLGO_BUILD_GO_VERSION=1.27.0 LLGO_BIN=/home/runner/work/benchmarks/benchmarks/.ci/llgo/llgo BENT_TIMING_LOG=/home/runner/work/benchmarks/benchmarks/.ci/bent-run/download-timings.log GOROOT_1_25_X64=/opt/hostedtoolcache/go/1.25.14/x64 LLGO_MAIN_INDEX=1663 LLGO_COMMIT=cc16553ba9d03cc36037140f2bceb6644d3094f6 GO_VERSION=1.26.2 LLGO_REPOSITORY=xgo-dev/llgo GOROOT_1_24_X64=/opt/hostedtoolcache/go/1.24.13/x64 GOROOT_1_26_X64=/opt/hostedtoolcache/go/1.26.8/x64 BENT_REAL_GO=/opt/hostedtoolcache/go/1.26.2/x64/bin/go LLGO_ROOT=/home/runner/work/benchmarks/benchmarks/.ci/llgo LLGO_LTO_PLUGIN=/home/runner/work/benchmarks/benchmarks/.ci/llgo/ltoplugin/build/LLGOLTOPlugin.so GOPATH=/home/runner/work/benchmarks/benchmarks/.ci/bent-run/gopath GOOS=linux GOARCH=amd64 GO111MODULE=auto ROOT=/home/runner/work/benchmarks/benchmarks/.ci/bent-run GOROOT=/opt/hostedtoolcache/go/1.26.2/x64/ BENT_BENCH=etcdctl BENT_CONFIG=LLGoDeadcodeDrop BENT_I=0 GOCACHE=/home/runner/work/benchmarks/benchmarks/.ci/bent-run/build-cache/runs/cache-2095557207/go-build XDG_CACHE_HOME=/home/runner/work/benchmarks/benchmarks/.ci/bent-run/build-cache/runs/cache-2095557207/xdg LocalAppData=/home/runner/work/benchmarks/benchmarks/.ci/bent-run/build-cache/runs/cache-2095557207/local-app-data /home/runner/work/benchmarks/benchmarks/.ci/llgo/llgo build -o /home/runner/work/benchmarks/benchmarks/.ci/bent-run/testbin/etcdctl_LLGoDeadcodeDrop -deadcodedrop go.etcd.io/etcd/etcdctl/v3 )
goarch: amd64
toolchain: LLGoDeadcodeDrop
BenchmarkEtcdctl 1 67675888652 build-real-ns/op 203899511000 build-user-ns/op 4602157000 build-sys-ns/op
toolchain: LLGoDeadcodeDrop
( LLGO_COMMITTED_AT=2026-09-17T18:45:12+08:00 LLGO_BUILD_GO_VERSION=1.27.0 LLGO_BIN=/home/runner/work/benchmarks/benchmarks/.ci/llgo/llgo BENT_TIMING_LOG=/home/runner/work/benchmarks/benchmarks/.ci/bent-run/download-timings.log GOROOT_1_25_X64=/opt/hostedtoolcache/go/1.25.14/x64 LLGO_MAIN_INDEX=1663 LLGO_COMMIT=cc16553ba9d03cc36037140f2bceb6644d3094f6 GO_VERSION=1.26.2 LLGO_REPOSITORY=xgo-dev/llgo GOROOT_1_24_X64=/opt/hostedtoolcache/go/1.24.13/x64 GOROOT_1_26_X64=/opt/hostedtoolcache/go/1.26.8/x64 BENT_REAL_GO=/opt/hostedtoolcache/go/1.26.2/x64/bin/go LLGO_ROOT=/home/runner/work/benchmarks/benchmarks/.ci/llgo LLGO_LTO_PLUGIN=/home/runner/work/benchmarks/benchmarks/.ci/llgo/ltoplugin/build/LLGOLTOPlugin.so GOPATH=/home/runner/work/benchmarks/benchmarks/.ci/bent-run/gopath GOOS=linux GOARCH=amd64 GO111MODULE=auto ROOT=/home/runner/work/benchmarks/benchmarks/.ci/bent-run GOROOT=/opt/hostedtoolcache/go/1.26.2/x64/ BENT_BENCH=etcdctl BENT_CONFIG=LLGoDeadcodeDrop BENT_I=0 GOCACHE=/home/runner/work/benchmarks/benchmarks/.ci/bent-run/build-cache/runs/cache-2095557207/go-build XDG_CACHE_HOME=/home/runner/work/benchmarks/benchmarks/.ci/bent-run/build-cache/runs/cache-2095557207/xdg LocalAppData=/home/runner/work/benchmarks/benchmarks/.ci/bent-run/build-cache/runs/cache-2095557207/local-app-data /home/runner/work/benchmarks/benchmarks/.ci/bent-run/benchsize /home/runner/work/benchmarks/benchmarks/.ci/bent-run/testbin/etcdctl_LLGoDeadcodeDrop Etcdctl )
goos: linux
goarch: amd64
pkg:
Unit total-bytes assume=exact
BenchmarkEtcdctl 1 20545728 total-bytes
Unit text-bytes assume=exact
BenchmarkEtcdctl 1 6754125 text-bytes
Unit data-bytes assume=exact
BenchmarkEtcdctl 1 7647624 data-bytes
Unit rodata-bytes assume=exact
BenchmarkEtcdctl 1 4103360 rodata-bytes
Unit pclntab-bytes assume=exact
BenchmarkEtcdctl 1 0 pclntab-bytes
Unit debug-bytes assume=exact
BenchmarkEtcdctl 1 0 debug-bytes

rm -rf /home/runner/work/benchmarks/benchmarks/.ci/bent-run/gopath/bin
(cd /home/runner/work/benchmarks/benchmarks/.ci/bent-run/build/dustin_humanize; LLGO_COMMITTED_AT=2026-09-17T18:45:12+08:00 LLGO_BUILD_GO_VERSION=1.27.0 LLGO_BIN=/home/runner/work/benchmarks/benchmarks/.ci/llgo/llgo BENT_TIMING_LOG=/home/runner/work/benchmarks/benchmarks/.ci/bent-run/download-timings.log GOROOT_1_25_X64=/opt/hostedtoolcache/go/1.25.14/x64 LLGO_MAIN_INDEX=1663 LLGO_COMMIT=cc16553ba9d03cc36037140f2bceb6644d3094f6 GO_VERSION=1.26.2 LLGO_REPOSITORY=xgo-dev/llgo GOROOT_1_24_X64=/opt/hostedtoolcache/go/1.24.13/x64 GOROOT_1_26_X64=/opt/hostedtoolcache/go/1.26.8/x64 BENT_REAL_GO=/opt/hostedtoolcache/go/1.26.2/x64/bin/go LLGO_ROOT=/home/runner/work/benchmarks/benchmarks/.ci/llgo LLGO_LTO_PLUGIN=/home/runner/work/benchmarks/benchmarks/.ci/llgo/ltoplugin/build/LLGOLTOPlugin.so GOPATH=/home/runner/work/benchmarks/benchmarks/.ci/bent-run/gopath GOOS=linux GOARCH=amd64 GO111MODULE=auto ROOT=/home/runner/work/benchmarks/benchmarks/.ci/bent-run GOROOT=/home/runner/work/benchmarks/benchmarks/.ci/bent-run/goroots/Go BENT_BENCH=dustin_humanize BENT_CONFIG=Go BENT_I=0 GOCACHE=/home/runner/work/benchmarks/benchmarks/.ci/bent-run/build-cache/runs/cache-3345031486/go-build XDG_CACHE_HOME=/home/runner/work/benchmarks/benchmarks/.ci/bent-run/build-cache/runs/cache-3345031486/xdg LocalAppData=/home/runner/work/benchmarks/benchmarks/.ci/bent-run/build-cache/runs/cache-3345031486/local-app-data /home/runner/work/benchmarks/benchmarks/.ci/bent-run/goroots/Go/bin/go test -vet=off -c -o /home/runner/work/benchmarks/benchmarks/.ci/bent-run/testbin/dustin_humanize_Go github.com/dustin/go-humanize )
goarch: amd64
toolchain: Go
BenchmarkDustin_humanize 1 384182261 build-real-ns/op 636126000 build-user-ns/op 149622000 build-sys-ns/op
toolchain: Go
( LLGO_COMMITTED_AT=2026-09-17T18:45:12+08:00 LLGO_BUILD_GO_VERSION=1.27.0 LLGO_BIN=/home/runner/work/benchmarks/benchmarks/.ci/llgo/llgo BENT_TIMING_LOG=/home/runner/work/benchmarks/benchmarks/.ci/bent-run/download-timings.log GOROOT_1_25_X64=/opt/hostedtoolcache/go/1.25.14/x64 LLGO_MAIN_INDEX=1663 LLGO_COMMIT=cc16553ba9d03cc36037140f2bceb6644d3094f6 GO_VERSION=1.26.2 LLGO_REPOSITORY=xgo-dev/llgo GOROOT_1_24_X64=/opt/hostedtoolcache/go/1.24.13/x64 GOROOT_1_26_X64=/opt/hostedtoolcache/go/1.26.8/x64 BENT_REAL_GO=/opt/hostedtoolcache/go/1.26.2/x64/bin/go LLGO_ROOT=/home/runner/work/benchmarks/benchmarks/.ci/llgo LLGO_LTO_PLUGIN=/home/runner/work/benchmarks/benchmarks/.ci/llgo/ltoplugin/build/LLGOLTOPlugin.so GOPATH=/home/runner/work/benchmarks/benchmarks/.ci/bent-run/gopath GOOS=linux GOARCH=amd64 GO111MODULE=auto ROOT=/home/runner/work/benchmarks/benchmarks/.ci/bent-run GOROOT=/home/runner/work/benchmarks/benchmarks/.ci/bent-run/goroots/Go BENT_BENCH=dustin_humanize BENT_CONFIG=Go BENT_I=0 GOCACHE=/home/runner/work/benchmarks/benchmarks/.ci/bent-run/build-cache/runs/cache-3345031486/go-build XDG_CACHE_HOME=/home/runner/work/benchmarks/benchmarks/.ci/bent-run/build-cache/runs/cache-3345031486/xdg LocalAppData=/home/runner/work/benchmarks/benchmarks/.ci/bent-run/build-cache/runs/cache-3345031486/local-app-data /home/runner/work/benchmarks/benchmarks/.ci/bent-run/benchsize /home/runner/work/benchmarks/benchmarks/.ci/bent-run/testbin/dustin_humanize_Go Dustin_humanize )
goos: linux
goarch: amd64
pkg:
Unit total-bytes assume=exact
BenchmarkDustin_humanize 1 4999034 total-bytes
Unit text-bytes assume=exact
BenchmarkDustin_humanize 1 1533553 text-bytes
Unit data-bytes assume=exact
BenchmarkDustin_humanize 1 574420 data-bytes
Unit rodata-bytes assume=exact
BenchmarkDustin_humanize 1 429793 rodata-bytes
Unit pclntab-bytes assume=exact
BenchmarkDustin_humanize 1 1310667 pclntab-bytes
Unit debug-bytes assume=exact
BenchmarkDustin_humanize 1 1154248 debug-bytes

rm -rf /home/runner/work/benchmarks/benchmarks/.ci/bent-run/gopath/bin
(cd /home/runner/work/benchmarks/benchmarks/.ci/bent-run/build/k8s_workqueue; LLGO_COMMITTED_AT=2026-09-17T18:45:12+08:00 LLGO_BUILD_GO_VERSION=1.27.0 LLGO_BIN=/home/runner/work/benchmarks/benchmarks/.ci/llgo/llgo BENT_TIMING_LOG=/home/runner/work/benchmarks/benchmarks/.ci/bent-run/download-timings.log GOROOT_1_25_X64=/opt/hostedtoolcache/go/1.25.14/x64 LLGO_MAIN_INDEX=1663 LLGO_COMMIT=cc16553ba9d03cc36037140f2bceb6644d3094f6 GO_VERSION=1.26.2 LLGO_REPOSITORY=xgo-dev/llgo GOROOT_1_24_X64=/opt/hostedtoolcache/go/1.24.13/x64 GOROOT_1_26_X64=/opt/hostedtoolcache/go/1.26.8/x64 BENT_REAL_GO=/opt/hostedtoolcache/go/1.26.2/x64/bin/go LLGO_ROOT=/home/runner/work/benchmarks/benchmarks/.ci/llgo LLGO_LTO_PLUGIN=/home/runner/work/benchmarks/benchmarks/.ci/llgo/ltoplugin/build/LLGOLTOPlugin.so GOPATH=/home/runner/work/benchmarks/benchmarks/.ci/bent-run/gopath GOOS=linux GOARCH=amd64 GO111MODULE=auto ROOT=/home/runner/work/benchmarks/benchmarks/.ci/bent-run GOROOT=/opt/hostedtoolcache/go/1.26.2/x64/ BENT_BENCH=k8s_workqueue BENT_CONFIG=LLGoDeadcodeDrop BENT_I=0 GOCACHE=/home/runner/work/benchmarks/benchmarks/.ci/bent-run/build-cache/runs/cache-3485081139/go-build XDG_CACHE_HOME=/home/runner/work/benchmarks/benchmarks/.ci/bent-run/build-cache/runs/cache-3485081139/xdg LocalAppData=/home/runner/work/benchmarks/benchmarks/.ci/bent-run/build-cache/runs/cache-3485081139/local-app-data /home/runner/work/benchmarks/benchmarks/.ci/llgo/llgo test -c -o /home/runner/work/benchmarks/benchmarks/.ci/bent-run/testbin/k8s_workqueue_LLGoDeadcodeDrop -deadcodedrop k8s.io/client-go/util/workqueue )
goarch: amd64
toolchain: LLGoDeadcodeDrop
BenchmarkK8s_workqueue 1 22428625784 build-real-ns/op 46420821000 build-user-ns/op 1491151000 build-sys-ns/op
toolchain: LLGoDeadcodeDrop
( LLGO_COMMITTED_AT=2026-09-17T18:45:12+08:00 LLGO_BUILD_GO_VERSION=1.27.0 LLGO_BIN=/home/runner/work/benchmarks/benchmarks/.ci/llgo/llgo BENT_TIMING_LOG=/home/runner/work/benchmarks/benchmarks/.ci/bent-run/download-timings.log GOROOT_1_25_X64=/opt/hostedtoolcache/go/1.25.14/x64 LLGO_MAIN_INDEX=1663 LLGO_COMMIT=cc16553ba9d03cc36037140f2bceb6644d3094f6 GO_VERSION=1.26.2 LLGO_REPOSITORY=xgo-dev/llgo GOROOT_1_24_X64=/opt/hostedtoolcache/go/1.24.13/x64 GOROOT_1_26_X64=/opt/hostedtoolcache/go/1.26.8/x64 BENT_REAL_GO=/opt/hostedtoolcache/go/1.26.2/x64/bin/go LLGO_ROOT=/home/runner/work/benchmarks/benchmarks/.ci/llgo LLGO_LTO_PLUGIN=/home/runner/work/benchmarks/benchmarks/.ci/llgo/ltoplugin/build/LLGOLTOPlugin.so GOPATH=/home/runner/work/benchmarks/benchmarks/.ci/bent-run/gopath GOOS=linux GOARCH=amd64 GO111MODULE=auto ROOT=/home/runner/work/benchmarks/benchmarks/.ci/bent-run GOROOT=/opt/hostedtoolcache/go/1.26.2/x64/ BENT_BENCH=k8s_workqueue BENT_CONFIG=LLGoDeadcodeDrop BENT_I=0 GOCACHE=/home/runner/work/benchmarks/benchmarks/.ci/bent-run/build-cache/runs/cache-3485081139/go-build XDG_CACHE_HOME=/home/runner/work/benchmarks/benchmarks/.ci/bent-run/build-cache/runs/cache-3485081139/xdg LocalAppData=/home/runner/work/benchmarks/benchmarks/.ci/bent-run/build-cache/runs/cache-3485081139/local-app-data /home/runner/work/benchmarks/benchmarks/.ci/bent-run/benchsize /home/runner/work/benchmarks/benchmarks/.ci/bent-run/testbin/k8s_workqueue_LLGoDeadcodeDrop K8s_workqueue )
goos: linux
goarch: amd64
pkg:
Unit total-bytes assume=exact
BenchmarkK8s_workqueue 1 10694264 total-bytes
Unit text-bytes assume=exact
BenchmarkK8s_workqueue 1 3793372 text-bytes
Unit data-bytes assume=exact
BenchmarkK8s_workqueue 1 3703440 data-bytes
Unit rodata-bytes assume=exact
BenchmarkK8s_workqueue 1 2101696 rodata-bytes
Unit pclntab-bytes assume=exact
BenchmarkK8s_workqueue 1 0 pclntab-bytes
Unit debug-bytes assume=exact
BenchmarkK8s_workqueue 1 0 debug-bytes

rm -rf /home/runner/work/benchmarks/benchmarks/.ci/bent-run/gopath/bin
(cd /home/runner/work/benchmarks/benchmarks/.ci/bent-run/build/dustin_humanize; LLGO_COMMITTED_AT=2026-09-17T18:45:12+08:00 LLGO_BUILD_GO_VERSION=1.27.0 LLGO_BIN=/home/runner/work/benchmarks/benchmarks/.ci/llgo/llgo BENT_TIMING_LOG=/home/runner/work/benchmarks/benchmarks/.ci/bent-run/download-timings.log GOROOT_1_25_X64=/opt/hostedtoolcache/go/1.25.14/x64 LLGO_MAIN_INDEX=1663 LLGO_COMMIT=cc16553ba9d03cc36037140f2bceb6644d3094f6 GO_VERSION=1.26.2 LLGO_REPOSITORY=xgo-dev/llgo GOROOT_1_24_X64=/opt/hostedtoolcache/go/1.24.13/x64 GOROOT_1_26_X64=/opt/hostedtoolcache/go/1.26.8/x64 BENT_REAL_GO=/opt/hostedtoolcache/go/1.26.2/x64/bin/go LLGO_ROOT=/home/runner/work/benchmarks/benchmarks/.ci/llgo LLGO_LTO_PLUGIN=/home/runner/work/benchmarks/benchmarks/.ci/llgo/ltoplugin/build/LLGOLTOPlugin.so GOPATH=/home/runner/work/benchmarks/benchmarks/.ci/bent-run/gopath GOOS=linux GOARCH=amd64 GO111MODULE=auto ROOT=/home/runner/work/benchmarks/benchmarks/.ci/bent-run GOROOT=/opt/hostedtoolcache/go/1.26.2/x64/ BENT_BENCH=dustin_humanize BENT_CONFIG=LLGoNoLTO BENT_I=0 GOCACHE=/home/runner/work/benchmarks/benchmarks/.ci/bent-run/build-cache/runs/cache-1991830357/go-build XDG_CACHE_HOME=/home/runner/work/benchmarks/benchmarks/.ci/bent-run/build-cache/runs/cache-1991830357/xdg LocalAppData=/home/runner/work/benchmarks/benchmarks/.ci/bent-run/build-cache/runs/cache-1991830357/local-app-data /home/runner/work/benchmarks/benchmarks/.ci/llgo/llgo test -c -o /home/runner/work/benchmarks/benchmarks/.ci/bent-run/testbin/dustin_humanize_LLGoNoLTO github.com/dustin/go-humanize )
goarch: amd64
toolchain: LLGoNoLTO
BenchmarkDustin_humanize 1 5496752027 build-real-ns/op 11873877000 build-user-ns/op 741816000 build-sys-ns/op
toolchain: LLGoNoLTO
( LLGO_COMMITTED_AT=2026-09-17T18:45:12+08:00 LLGO_BUILD_GO_VERSION=1.27.0 LLGO_BIN=/home/runner/work/benchmarks/benchmarks/.ci/llgo/llgo BENT_TIMING_LOG=/home/runner/work/benchmarks/benchmarks/.ci/bent-run/download-timings.log GOROOT_1_25_X64=/opt/hostedtoolcache/go/1.25.14/x64 LLGO_MAIN_INDEX=1663 LLGO_COMMIT=cc16553ba9d03cc36037140f2bceb6644d3094f6 GO_VERSION=1.26.2 LLGO_REPOSITORY=xgo-dev/llgo GOROOT_1_24_X64=/opt/hostedtoolcache/go/1.24.13/x64 GOROOT_1_26_X64=/opt/hostedtoolcache/go/1.26.8/x64 BENT_REAL_GO=/opt/hostedtoolcache/go/1.26.2/x64/bin/go LLGO_ROOT=/home/runner/work/benchmarks/benchmarks/.ci/llgo LLGO_LTO_PLUGIN=/home/runner/work/benchmarks/benchmarks/.ci/llgo/ltoplugin/build/LLGOLTOPlugin.so GOPATH=/home/runner/work/benchmarks/benchmarks/.ci/bent-run/gopath GOOS=linux GOARCH=amd64 GO111MODULE=auto ROOT=/home/runner/work/benchmarks/benchmarks/.ci/bent-run GOROOT=/opt/hostedtoolcache/go/1.26.2/x64/ BENT_BENCH=dustin_humanize BENT_CONFIG=LLGoNoLTO BENT_I=0 GOCACHE=/home/runner/work/benchmarks/benchmarks/.ci/bent-run/build-cache/runs/cache-1991830357/go-build XDG_CACHE_HOME=/home/runner/work/benchmarks/benchmarks/.ci/bent-run/build-cache/runs/cache-1991830357/xdg LocalAppData=/home/runner/work/benchmarks/benchmarks/.ci/bent-run/build-cache/runs/cache-1991830357/local-app-data /home/runner/work/benchmarks/benchmarks/.ci/bent-run/benchsize /home/runner/work/benchmarks/benchmarks/.ci/bent-run/testbin/dustin_humanize_LLGoNoLTO Dustin_humanize )
goos: linux
goarch: amd64
pkg:
Unit total-bytes assume=exact
BenchmarkDustin_humanize 1 4733752 total-bytes
Unit text-bytes assume=exact
BenchmarkDustin_humanize 1 1794015 text-bytes
Unit data-bytes assume=exact
BenchmarkDustin_humanize 1 1550168 data-bytes
Unit rodata-bytes assume=exact
BenchmarkDustin_humanize 1 922016 rodata-bytes
Unit pclntab-bytes assume=exact
BenchmarkDustin_humanize 1 0 pclntab-bytes
Unit debug-bytes assume=exact
BenchmarkDustin_humanize 1 0 debug-bytes

rm -rf /home/runner/work/benchmarks/benchmarks/.ci/bent-run/gopath/bin
(cd /home/runner/work/benchmarks/benchmarks/.ci/bent-run/build/etcdctl; LLGO_COMMITTED_AT=2026-09-17T18:45:12+08:00 LLGO_BUILD_GO_VERSION=1.27.0 LLGO_BIN=/home/runner/work/benchmarks/benchmarks/.ci/llgo/llgo BENT_TIMING_LOG=/home/runner/work/benchmarks/benchmarks/.ci/bent-run/download-timings.log GOROOT_1_25_X64=/opt/hostedtoolcache/go/1.25.14/x64 LLGO_MAIN_INDEX=1663 LLGO_COMMIT=cc16553ba9d03cc36037140f2bceb6644d3094f6 GO_VERSION=1.26.2 LLGO_REPOSITORY=xgo-dev/llgo GOROOT_1_24_X64=/opt/hostedtoolcache/go/1.24.13/x64 GOROOT_1_26_X64=/opt/hostedtoolcache/go/1.26.8/x64 BENT_REAL_GO=/opt/hostedtoolcache/go/1.26.2/x64/bin/go LLGO_ROOT=/home/runner/work/benchmarks/benchmarks/.ci/llgo LLGO_LTO_PLUGIN=/home/runner/work/benchmarks/benchmarks/.ci/llgo/ltoplugin/build/LLGOLTOPlugin.so GOPATH=/home/runner/work/benchmarks/benchmarks/.ci/bent-run/gopath GOOS=linux GOARCH=amd64 GO111MODULE=auto ROOT=/home/runner/work/benchmarks/benchmarks/.ci/bent-run GOROOT=/opt/hostedtoolcache/go/1.26.2/x64/ BENT_BENCH=etcdctl BENT_CONFIG=LLGoFullLTOGlobalDCE BENT_I=0 GOCACHE=/home/runner/work/benchmarks/benchmarks/.ci/bent-run/build-cache/runs/cache-1779193643/go-build XDG_CACHE_HOME=/home/runner/work/benchmarks/benchmarks/.ci/bent-run/build-cache/runs/cache-1779193643/xdg LocalAppData=/home/runner/work/benchmarks/benchmarks/.ci/bent-run/build-cache/runs/cache-1779193643/local-app-data /home/runner/work/benchmarks/benchmarks/.ci/llgo/llgo build -o /home/runner/work/benchmarks/benchmarks/.ci/bent-run/testbin/etcdctl_LLGoFullLTOGlobalDCE -lto=full go.etcd.io/etcd/etcdctl/v3 )
goarch: amd64
toolchain: LLGoFullLTOGlobalDCE
BenchmarkEtcdctl 1 160898609152 build-real-ns/op 267467822000 build-user-ns/op 5151638000 build-sys-ns/op
toolchain: LLGoFullLTOGlobalDCE
( LLGO_COMMITTED_AT=2026-09-17T18:45:12+08:00 LLGO_BUILD_GO_VERSION=1.27.0 LLGO_BIN=/home/runner/work/benchmarks/benchmarks/.ci/llgo/llgo BENT_TIMING_LOG=/home/runner/work/benchmarks/benchmarks/.ci/bent-run/download-timings.log GOROOT_1_25_X64=/opt/hostedtoolcache/go/1.25.14/x64 LLGO_MAIN_INDEX=1663 LLGO_COMMIT=cc16553ba9d03cc36037140f2bceb6644d3094f6 GO_VERSION=1.26.2 LLGO_REPOSITORY=xgo-dev/llgo GOROOT_1_24_X64=/opt/hostedtoolcache/go/1.24.13/x64 GOROOT_1_26_X64=/opt/hostedtoolcache/go/1.26.8/x64 BENT_REAL_GO=/opt/hostedtoolcache/go/1.26.2/x64/bin/go LLGO_ROOT=/home/runner/work/benchmarks/benchmarks/.ci/llgo LLGO_LTO_PLUGIN=/home/runner/work/benchmarks/benchmarks/.ci/llgo/ltoplugin/build/LLGOLTOPlugin.so GOPATH=/home/runner/work/benchmarks/benchmarks/.ci/bent-run/gopath GOOS=linux GOARCH=amd64 GO111MODULE=auto ROOT=/home/runner/work/benchmarks/benchmarks/.ci/bent-run GOROOT=/opt/hostedtoolcache/go/1.26.2/x64/ BENT_BENCH=etcdctl BENT_CONFIG=LLGoFullLTOGlobalDCE BENT_I=0 GOCACHE=/home/runner/work/benchmarks/benchmarks/.ci/bent-run/build-cache/runs/cache-1779193643/go-build XDG_CACHE_HOME=/home/runner/work/benchmarks/benchmarks/.ci/bent-run/build-cache/runs/cache-1779193643/xdg LocalAppData=/home/runner/work/benchmarks/benchmarks/.ci/bent-run/build-cache/runs/cache-1779193643/local-app-data /home/runner/work/benchmarks/benchmarks/.ci/bent-run/benchsize /home/runner/work/benchmarks/benchmarks/.ci/bent-run/testbin/etcdctl_LLGoFullLTOGlobalDCE Etcdctl )
goos: linux
goarch: amd64
pkg:
Unit total-bytes assume=exact
BenchmarkEtcdctl 1 20629904 total-bytes
Unit text-bytes assume=exact
BenchmarkEtcdctl 1 6799560 text-bytes
Unit data-bytes assume=exact
BenchmarkEtcdctl 1 7545744 data-bytes
Unit rodata-bytes assume=exact
BenchmarkEtcdctl 1 7011656 rodata-bytes
Unit pclntab-bytes assume=exact
BenchmarkEtcdctl 1 0 pclntab-bytes
Unit debug-bytes assume=exact
BenchmarkEtcdctl 1 0 debug-bytes

rm -rf /home/runner/work/benchmarks/benchmarks/.ci/bent-run/gopath/bin
(cd /home/runner/work/benchmarks/benchmarks/.ci/bent-run/build/uber_zap; LLGO_COMMITTED_AT=2026-09-17T18:45:12+08:00 LLGO_BUILD_GO_VERSION=1.27.0 LLGO_BIN=/home/runner/work/benchmarks/benchmarks/.ci/llgo/llgo BENT_TIMING_LOG=/home/runner/work/benchmarks/benchmarks/.ci/bent-run/download-timings.log GOROOT_1_25_X64=/opt/hostedtoolcache/go/1.25.14/x64 LLGO_MAIN_INDEX=1663 LLGO_COMMIT=cc16553ba9d03cc36037140f2bceb6644d3094f6 GO_VERSION=1.26.2 LLGO_REPOSITORY=xgo-dev/llgo GOROOT_1_24_X64=/opt/hostedtoolcache/go/1.24.13/x64 GOROOT_1_26_X64=/opt/hostedtoolcache/go/1.26.8/x64 BENT_REAL_GO=/opt/hostedtoolcache/go/1.26.2/x64/bin/go LLGO_ROOT=/home/runner/work/benchmarks/benchmarks/.ci/llgo LLGO_LTO_PLUGIN=/home/runner/work/benchmarks/benchmarks/.ci/llgo/ltoplugin/build/LLGOLTOPlugin.so GOPATH=/home/runner/work/benchmarks/benchmarks/.ci/bent-run/gopath GOOS=linux GOARCH=amd64 GO111MODULE=auto ROOT=/home/runner/work/benchmarks/benchmarks/.ci/bent-run GOROOT=/opt/hostedtoolcache/go/1.26.2/x64/ BENT_BENCH=uber_zap BENT_CONFIG=LLGoDeadcodeDrop BENT_I=0 GOCACHE=/home/runner/work/benchmarks/benchmarks/.ci/bent-run/build-cache/runs/cache-3486107233/go-build XDG_CACHE_HOME=/home/runner/work/benchmarks/benchmarks/.ci/bent-run/build-cache/runs/cache-3486107233/xdg LocalAppData=/home/runner/work/benchmarks/benchmarks/.ci/bent-run/build-cache/runs/cache-3486107233/local-app-data /home/runner/work/benchmarks/benchmarks/.ci/llgo/llgo test -c -o /home/runner/work/benchmarks/benchmarks/.ci/bent-run/testbin/uber_zap_LLGoDeadcodeDrop -deadcodedrop go.uber.org/zap/zapcore )
goarch: amd64
toolchain: LLGoDeadcodeDrop
BenchmarkUber_zap 1 24501317032 build-real-ns/op 53666950000 build-user-ns/op 1467163000 build-sys-ns/op
toolchain: LLGoDeadcodeDrop
( LLGO_COMMITTED_AT=2026-09-17T18:45:12+08:00 LLGO_BUILD_GO_VERSION=1.27.0 LLGO_BIN=/home/runner/work/benchmarks/benchmarks/.ci/llgo/llgo BENT_TIMING_LOG=/home/runner/work/benchmarks/benchmarks/.ci/bent-run/download-timings.log GOROOT_1_25_X64=/opt/hostedtoolcache/go/1.25.14/x64 LLGO_MAIN_INDEX=1663 LLGO_COMMIT=cc16553ba9d03cc36037140f2bceb6644d3094f6 GO_VERSION=1.26.2 LLGO_REPOSITORY=xgo-dev/llgo GOROOT_1_24_X64=/opt/hostedtoolcache/go/1.24.13/x64 GOROOT_1_26_X64=/opt/hostedtoolcache/go/1.26.8/x64 BENT_REAL_GO=/opt/hostedtoolcache/go/1.26.2/x64/bin/go LLGO_ROOT=/home/runner/work/benchmarks/benchmarks/.ci/llgo LLGO_LTO_PLUGIN=/home/runner/work/benchmarks/benchmarks/.ci/llgo/ltoplugin/build/LLGOLTOPlugin.so GOPATH=/home/runner/work/benchmarks/benchmarks/.ci/bent-run/gopath GOOS=linux GOARCH=amd64 GO111MODULE=auto ROOT=/home/runner/work/benchmarks/benchmarks/.ci/bent-run GOROOT=/opt/hostedtoolcache/go/1.26.2/x64/ BENT_BENCH=uber_zap BENT_CONFIG=LLGoDeadcodeDrop BENT_I=0 GOCACHE=/home/runner/work/benchmarks/benchmarks/.ci/bent-run/build-cache/runs/cache-3486107233/go-build XDG_CACHE_HOME=/home/runner/work/benchmarks/benchmarks/.ci/bent-run/build-cache/runs/cache-3486107233/xdg LocalAppData=/home/runner/work/benchmarks/benchmarks/.ci/bent-run/build-cache/runs/cache-3486107233/local-app-data /home/runner/work/benchmarks/benchmarks/.ci/bent-run/benchsize /home/runner/work/benchmarks/benchmarks/.ci/bent-run/testbin/uber_zap_LLGoDeadcodeDrop Uber_zap )
goos: linux
goarch: amd64
pkg:
Unit total-bytes assume=exact
BenchmarkUber_zap 1 9301592 total-bytes
Unit text-bytes assume=exact
BenchmarkUber_zap 1 3141296 text-bytes
Unit data-bytes assume=exact
BenchmarkUber_zap 1 3736464 data-bytes
Unit rodata-bytes assume=exact
BenchmarkUber_zap 1 2160104 rodata-bytes
Unit pclntab-bytes assume=exact
BenchmarkUber_zap 1 0 pclntab-bytes
Unit debug-bytes assume=exact
BenchmarkUber_zap 1 0 debug-bytes

rm -rf /home/runner/work/benchmarks/benchmarks/.ci/bent-run/gopath/bin
(cd /home/runner/work/benchmarks/benchmarks/.ci/bent-run/build/etcdctl; LLGO_COMMITTED_AT=2026-09-17T18:45:12+08:00 LLGO_BUILD_GO_VERSION=1.27.0 LLGO_BIN=/home/runner/work/benchmarks/benchmarks/.ci/llgo/llgo BENT_TIMING_LOG=/home/runner/work/benchmarks/benchmarks/.ci/bent-run/download-timings.log GOROOT_1_25_X64=/opt/hostedtoolcache/go/1.25.14/x64 LLGO_MAIN_INDEX=1663 LLGO_COMMIT=cc16553ba9d03cc36037140f2bceb6644d3094f6 GO_VERSION=1.26.2 LLGO_REPOSITORY=xgo-dev/llgo GOROOT_1_24_X64=/opt/hostedtoolcache/go/1.24.13/x64 GOROOT_1_26_X64=/opt/hostedtoolcache/go/1.26.8/x64 BENT_REAL_GO=/opt/hostedtoolcache/go/1.26.2/x64/bin/go LLGO_ROOT=/home/runner/work/benchmarks/benchmarks/.ci/llgo LLGO_LTO_PLUGIN=/home/runner/work/benchmarks/benchmarks/.ci/llgo/ltoplugin/build/LLGOLTOPlugin.so GOPATH=/home/runner/work/benchmarks/benchmarks/.ci/bent-run/gopath GOOS=linux GOARCH=amd64 GO111MODULE=auto ROOT=/home/runner/work/benchmarks/benchmarks/.ci/bent-run GOROOT=/home/runner/work/benchmarks/benchmarks/.ci/bent-run/goroots/Go BENT_BENCH=etcdctl BENT_CONFIG=Go BENT_I=0 GOCACHE=/home/runner/work/benchmarks/benchmarks/.ci/bent-run/build-cache/runs/cache-3915450178/go-build XDG_CACHE_HOME=/home/runner/work/benchmarks/benchmarks/.ci/bent-run/build-cache/runs/cache-3915450178/xdg LocalAppData=/home/runner/work/benchmarks/benchmarks/.ci/bent-run/build-cache/runs/cache-3915450178/local-app-data /home/runner/work/benchmarks/benchmarks/.ci/bent-run/goroots/Go/bin/go build -o /home/runner/work/benchmarks/benchmarks/.ci/bent-run/testbin/etcdctl_Go go.etcd.io/etcd/etcdctl/v3 )
goarch: amd64
toolchain: Go
BenchmarkEtcdctl 1 9465181456 build-real-ns/op 29273198000 build-user-ns/op 2217736000 build-sys-ns/op
toolchain: Go
( LLGO_COMMITTED_AT=2026-09-17T18:45:12+08:00 LLGO_BUILD_GO_VERSION=1.27.0 LLGO_BIN=/home/runner/work/benchmarks/benchmarks/.ci/llgo/llgo BENT_TIMING_LOG=/home/runner/work/benchmarks/benchmarks/.ci/bent-run/download-timings.log GOROOT_1_25_X64=/opt/hostedtoolcache/go/1.25.14/x64 LLGO_MAIN_INDEX=1663 LLGO_COMMIT=cc16553ba9d03cc36037140f2bceb6644d3094f6 GO_VERSION=1.26.2 LLGO_REPOSITORY=xgo-dev/llgo GOROOT_1_24_X64=/opt/hostedtoolcache/go/1.24.13/x64 GOROOT_1_26_X64=/opt/hostedtoolcache/go/1.26.8/x64 BENT_REAL_GO=/opt/hostedtoolcache/go/1.26.2/x64/bin/go LLGO_ROOT=/home/runner/work/benchmarks/benchmarks/.ci/llgo LLGO_LTO_PLUGIN=/home/runner/work/benchmarks/benchmarks/.ci/llgo/ltoplugin/build/LLGOLTOPlugin.so GOPATH=/home/runner/work/benchmarks/benchmarks/.ci/bent-run/gopath GOOS=linux GOARCH=amd64 GO111MODULE=auto ROOT=/home/runner/work/benchmarks/benchmarks/.ci/bent-run GOROOT=/home/runner/work/benchmarks/benchmarks/.ci/bent-run/goroots/Go BENT_BENCH=etcdctl BENT_CONFIG=Go BENT_I=0 GOCACHE=/home/runner/work/benchmarks/benchmarks/.ci/bent-run/build-cache/runs/cache-3915450178/go-build XDG_CACHE_HOME=/home/runner/work/benchmarks/benchmarks/.ci/bent-run/build-cache/runs/cache-3915450178/xdg LocalAppData=/home/runner/work/benchmarks/benchmarks/.ci/bent-run/build-cache/runs/cache-3915450178/local-app-data /home/runner/work/benchmarks/benchmarks/.ci/bent-run/benchsize /home/runner/work/benchmarks/benchmarks/.ci/bent-run/testbin/etcdctl_Go Etcdctl )
goos: linux
goarch: amd64
pkg:
Unit total-bytes assume=exact
BenchmarkEtcdctl 1 25896983 total-bytes
Unit text-bytes assume=exact
BenchmarkEtcdctl 1 7873137 text-bytes
Unit data-bytes assume=exact
BenchmarkEtcdctl 1 3387820 data-bytes
Unit rodata-bytes assume=exact
BenchmarkEtcdctl 1 2522489 rodata-bytes
Unit pclntab-bytes assume=exact
BenchmarkEtcdctl 1 6735295 pclntab-bytes
Unit debug-bytes assume=exact
BenchmarkEtcdctl 1 5123631 debug-bytes

rm -rf /home/runner/work/benchmarks/benchmarks/.ci/bent-run/gopath/bin
(cd /home/runner/work/benchmarks/benchmarks/.ci/bent-run/build/XGo; LLGO_COMMITTED_AT=2026-09-17T18:45:12+08:00 LLGO_BUILD_GO_VERSION=1.27.0 LLGO_BIN=/home/runner/work/benchmarks/benchmarks/.ci/llgo/llgo BENT_TIMING_LOG=/home/runner/work/benchmarks/benchmarks/.ci/bent-run/download-timings.log GOROOT_1_25_X64=/opt/hostedtoolcache/go/1.25.14/x64 LLGO_MAIN_INDEX=1663 LLGO_COMMIT=cc16553ba9d03cc36037140f2bceb6644d3094f6 GO_VERSION=1.26.2 LLGO_REPOSITORY=xgo-dev/llgo GOROOT_1_24_X64=/opt/hostedtoolcache/go/1.24.13/x64 GOROOT_1_26_X64=/opt/hostedtoolcache/go/1.26.8/x64 BENT_REAL_GO=/opt/hostedtoolcache/go/1.26.2/x64/bin/go LLGO_ROOT=/home/runner/work/benchmarks/benchmarks/.ci/llgo LLGO_LTO_PLUGIN=/home/runner/work/benchmarks/benchmarks/.ci/llgo/ltoplugin/build/LLGOLTOPlugin.so GOPATH=/home/runner/work/benchmarks/benchmarks/.ci/bent-run/gopath GOOS=linux GOARCH=amd64 GO111MODULE=auto ROOT=/home/runner/work/benchmarks/benchmarks/.ci/bent-run GOROOT=/opt/hostedtoolcache/go/1.26.2/x64/ BENT_BENCH=XGo BENT_CONFIG=LLGoFullLTONoGlobalDCE BENT_I=0 GOCACHE=/home/runner/work/benchmarks/benchmarks/.ci/bent-run/build-cache/runs/cache-4196623478/go-build XDG_CACHE_HOME=/home/runner/work/benchmarks/benchmarks/.ci/bent-run/build-cache/runs/cache-4196623478/xdg LocalAppData=/home/runner/work/benchmarks/benchmarks/.ci/bent-run/build-cache/runs/cache-4196623478/local-app-data /home/runner/work/benchmarks/benchmarks/.ci/llgo/llgo build -o /home/runner/work/benchmarks/benchmarks/.ci/bent-run/testbin/XGo_LLGoFullLTONoGlobalDCE -lto=full -globaldce=false github.com/goplus/xgo/cmd/xgo )
goarch: amd64
toolchain: LLGoFullLTONoGlobalDCE
BenchmarkXGo 1 121969309906 build-real-ns/op 169584842000 build-user-ns/op 3214959000 build-sys-ns/op
toolchain: LLGoFullLTONoGlobalDCE
( LLGO_COMMITTED_AT=2026-09-17T18:45:12+08:00 LLGO_BUILD_GO_VERSION=1.27.0 LLGO_BIN=/home/runner/work/benchmarks/benchmarks/.ci/llgo/llgo BENT_TIMING_LOG=/home/runner/work/benchmarks/benchmarks/.ci/bent-run/download-timings.log GOROOT_1_25_X64=/opt/hostedtoolcache/go/1.25.14/x64 LLGO_MAIN_INDEX=1663 LLGO_COMMIT=cc16553ba9d03cc36037140f2bceb6644d3094f6 GO_VERSION=1.26.2 LLGO_REPOSITORY=xgo-dev/llgo GOROOT_1_24_X64=/opt/hostedtoolcache/go/1.24.13/x64 GOROOT_1_26_X64=/opt/hostedtoolcache/go/1.26.8/x64 BENT_REAL_GO=/opt/hostedtoolcache/go/1.26.2/x64/bin/go LLGO_ROOT=/home/runner/work/benchmarks/benchmarks/.ci/llgo LLGO_LTO_PLUGIN=/home/runner/work/benchmarks/benchmarks/.ci/llgo/ltoplugin/build/LLGOLTOPlugin.so GOPATH=/home/runner/work/benchmarks/benchmarks/.ci/bent-run/gopath GOOS=linux GOARCH=amd64 GO111MODULE=auto ROOT=/home/runner/work/benchmarks/benchmarks/.ci/bent-run GOROOT=/opt/hostedtoolcache/go/1.26.2/x64/ BENT_BENCH=XGo BENT_CONFIG=LLGoFullLTONoGlobalDCE BENT_I=0 GOCACHE=/home/runner/work/benchmarks/benchmarks/.ci/bent-run/build-cache/runs/cache-4196623478/go-build XDG_CACHE_HOME=/home/runner/work/benchmarks/benchmarks/.ci/bent-run/build-cache/runs/cache-4196623478/xdg LocalAppData=/home/runner/work/benchmarks/benchmarks/.ci/bent-run/build-cache/runs/cache-4196623478/local-app-data /home/runner/work/benchmarks/benchmarks/.ci/bent-run/benchsize /home/runner/work/benchmarks/benchmarks/.ci/bent-run/testbin/XGo_LLGoFullLTONoGlobalDCE XGo )
goos: linux
goarch: amd64
pkg:
Unit total-bytes assume=exact
BenchmarkXGo 1 17106336 total-bytes
Unit text-bytes assume=exact
BenchmarkXGo 1 5769892 text-bytes
Unit data-bytes assume=exact
BenchmarkXGo 1 5723520 data-bytes
Unit rodata-bytes assume=exact
BenchmarkXGo 1 5497224 rodata-bytes
Unit pclntab-bytes assume=exact
BenchmarkXGo 1 0 pclntab-bytes
Unit debug-bytes assume=exact
BenchmarkXGo 1 0 debug-bytes

rm -rf /home/runner/work/benchmarks/benchmarks/.ci/bent-run/gopath/bin
(cd /home/runner/work/benchmarks/benchmarks/.ci/bent-run/build/iXGo; LLGO_COMMITTED_AT=2026-09-17T18:45:12+08:00 LLGO_BUILD_GO_VERSION=1.27.0 LLGO_BIN=/home/runner/work/benchmarks/benchmarks/.ci/llgo/llgo BENT_TIMING_LOG=/home/runner/work/benchmarks/benchmarks/.ci/bent-run/download-timings.log GOROOT_1_25_X64=/opt/hostedtoolcache/go/1.25.14/x64 LLGO_MAIN_INDEX=1663 LLGO_COMMIT=cc16553ba9d03cc36037140f2bceb6644d3094f6 GO_VERSION=1.26.2 LLGO_REPOSITORY=xgo-dev/llgo GOROOT_1_24_X64=/opt/hostedtoolcache/go/1.24.13/x64 GOROOT_1_26_X64=/opt/hostedtoolcache/go/1.26.8/x64 BENT_REAL_GO=/opt/hostedtoolcache/go/1.26.2/x64/bin/go LLGO_ROOT=/home/runner/work/benchmarks/benchmarks/.ci/llgo LLGO_LTO_PLUGIN=/home/runner/work/benchmarks/benchmarks/.ci/llgo/ltoplugin/build/LLGOLTOPlugin.so GOPATH=/home/runner/work/benchmarks/benchmarks/.ci/bent-run/gopath GOOS=linux GOARCH=amd64 GO111MODULE=auto ROOT=/home/runner/work/benchmarks/benchmarks/.ci/bent-run GOROOT=/opt/hostedtoolcache/go/1.26.2/x64/ BENT_BENCH=iXGo BENT_CONFIG=LLGoNoLTO BENT_I=0 GOCACHE=/home/runner/work/benchmarks/benchmarks/.ci/bent-run/build-cache/runs/cache-2429818901/go-build XDG_CACHE_HOME=/home/runner/work/benchmarks/benchmarks/.ci/bent-run/build-cache/runs/cache-2429818901/xdg LocalAppData=/home/runner/work/benchmarks/benchmarks/.ci/bent-run/build-cache/runs/cache-2429818901/local-app-data /home/runner/work/benchmarks/benchmarks/.ci/llgo/llgo build -o /home/runner/work/benchmarks/benchmarks/.ci/bent-run/testbin/iXGo_LLGoNoLTO github.com/goplus/ixgo/cmd/ixgo )
goarch: amd64
toolchain: LLGoNoLTO
BenchmarkIXGo 1 118055215363 build-real-ns/op 387306307000 build-user-ns/op 10251883000 build-sys-ns/op
toolchain: LLGoNoLTO
( LLGO_COMMITTED_AT=2026-09-17T18:45:12+08:00 LLGO_BUILD_GO_VERSION=1.27.0 LLGO_BIN=/home/runner/work/benchmarks/benchmarks/.ci/llgo/llgo BENT_TIMING_LOG=/home/runner/work/benchmarks/benchmarks/.ci/bent-run/download-timings.log GOROOT_1_25_X64=/opt/hostedtoolcache/go/1.25.14/x64 LLGO_MAIN_INDEX=1663 LLGO_COMMIT=cc16553ba9d03cc36037140f2bceb6644d3094f6 GO_VERSION=1.26.2 LLGO_REPOSITORY=xgo-dev/llgo GOROOT_1_24_X64=/opt/hostedtoolcache/go/1.24.13/x64 GOROOT_1_26_X64=/opt/hostedtoolcache/go/1.26.8/x64 BENT_REAL_GO=/opt/hostedtoolcache/go/1.26.2/x64/bin/go LLGO_ROOT=/home/runner/work/benchmarks/benchmarks/.ci/llgo LLGO_LTO_PLUGIN=/home/runner/work/benchmarks/benchmarks/.ci/llgo/ltoplugin/build/LLGOLTOPlugin.so GOPATH=/home/runner/work/benchmarks/benchmarks/.ci/bent-run/gopath GOOS=linux GOARCH=amd64 GO111MODULE=auto ROOT=/home/runner/work/benchmarks/benchmarks/.ci/bent-run GOROOT=/opt/hostedtoolcache/go/1.26.2/x64/ BENT_BENCH=iXGo BENT_CONFIG=LLGoNoLTO BENT_I=0 GOCACHE=/home/runner/work/benchmarks/benchmarks/.ci/bent-run/build-cache/runs/cache-2429818901/go-build XDG_CACHE_HOME=/home/runner/work/benchmarks/benchmarks/.ci/bent-run/build-cache/runs/cache-2429818901/xdg LocalAppData=/home/runner/work/benchmarks/benchmarks/.ci/bent-run/build-cache/runs/cache-2429818901/local-app-data /home/runner/work/benchmarks/benchmarks/.ci/bent-run/benchsize /home/runner/work/benchmarks/benchmarks/.ci/bent-run/testbin/iXGo_LLGoNoLTO IXGo )
goos: linux
goarch: amd64
pkg:
Unit total-bytes assume=exact
BenchmarkIXGo 1 31496400 total-bytes
Unit text-bytes assume=exact
BenchmarkIXGo 1 11214433 text-bytes
Unit data-bytes assume=exact
BenchmarkIXGo 1 10389344 data-bytes
Unit rodata-bytes assume=exact
BenchmarkIXGo 1 6067352 rodata-bytes
Unit pclntab-bytes assume=exact
BenchmarkIXGo 1 0 pclntab-bytes
Unit debug-bytes assume=exact
BenchmarkIXGo 1 0 debug-bytes

rm -rf /home/runner/work/benchmarks/benchmarks/.ci/bent-run/gopath/bin
(cd /home/runner/work/benchmarks/benchmarks/.ci/bent-run/build/iXGo; LLGO_COMMITTED_AT=2026-09-17T18:45:12+08:00 LLGO_BUILD_GO_VERSION=1.27.0 LLGO_BIN=/home/runner/work/benchmarks/benchmarks/.ci/llgo/llgo BENT_TIMING_LOG=/home/runner/work/benchmarks/benchmarks/.ci/bent-run/download-timings.log GOROOT_1_25_X64=/opt/hostedtoolcache/go/1.25.14/x64 LLGO_MAIN_INDEX=1663 LLGO_COMMIT=cc16553ba9d03cc36037140f2bceb6644d3094f6 GO_VERSION=1.26.2 LLGO_REPOSITORY=xgo-dev/llgo GOROOT_1_24_X64=/opt/hostedtoolcache/go/1.24.13/x64 GOROOT_1_26_X64=/opt/hostedtoolcache/go/1.26.8/x64 BENT_REAL_GO=/opt/hostedtoolcache/go/1.26.2/x64/bin/go LLGO_ROOT=/home/runner/work/benchmarks/benchmarks/.ci/llgo LLGO_LTO_PLUGIN=/home/runner/work/benchmarks/benchmarks/.ci/llgo/ltoplugin/build/LLGOLTOPlugin.so GOPATH=/home/runner/work/benchmarks/benchmarks/.ci/bent-run/gopath GOOS=linux GOARCH=amd64 GO111MODULE=auto ROOT=/home/runner/work/benchmarks/benchmarks/.ci/bent-run GOROOT=/opt/hostedtoolcache/go/1.26.2/x64/ BENT_BENCH=iXGo BENT_CONFIG=LLGoDeadcodeDrop BENT_I=0 GOCACHE=/home/runner/work/benchmarks/benchmarks/.ci/bent-run/build-cache/runs/cache-144718709/go-build XDG_CACHE_HOME=/home/runner/work/benchmarks/benchmarks/.ci/bent-run/build-cache/runs/cache-144718709/xdg LocalAppData=/home/runner/work/benchmarks/benchmarks/.ci/bent-run/build-cache/runs/cache-144718709/local-app-data /home/runner/work/benchmarks/benchmarks/.ci/llgo/llgo build -o /home/runner/work/benchmarks/benchmarks/.ci/bent-run/testbin/iXGo_LLGoDeadcodeDrop -deadcodedrop github.com/goplus/ixgo/cmd/ixgo )
goarch: amd64
toolchain: LLGoDeadcodeDrop
BenchmarkIXGo 1 121401261629 build-real-ns/op 397936594000 build-user-ns/op 10798024000 build-sys-ns/op
toolchain: LLGoDeadcodeDrop
( LLGO_COMMITTED_AT=2026-09-17T18:45:12+08:00 LLGO_BUILD_GO_VERSION=1.27.0 LLGO_BIN=/home/runner/work/benchmarks/benchmarks/.ci/llgo/llgo BENT_TIMING_LOG=/home/runner/work/benchmarks/benchmarks/.ci/bent-run/download-timings.log GOROOT_1_25_X64=/opt/hostedtoolcache/go/1.25.14/x64 LLGO_MAIN_INDEX=1663 LLGO_COMMIT=cc16553ba9d03cc36037140f2bceb6644d3094f6 GO_VERSION=1.26.2 LLGO_REPOSITORY=xgo-dev/llgo GOROOT_1_24_X64=/opt/hostedtoolcache/go/1.24.13/x64 GOROOT_1_26_X64=/opt/hostedtoolcache/go/1.26.8/x64 BENT_REAL_GO=/opt/hostedtoolcache/go/1.26.2/x64/bin/go LLGO_ROOT=/home/runner/work/benchmarks/benchmarks/.ci/llgo LLGO_LTO_PLUGIN=/home/runner/work/benchmarks/benchmarks/.ci/llgo/ltoplugin/build/LLGOLTOPlugin.so GOPATH=/home/runner/work/benchmarks/benchmarks/.ci/bent-run/gopath GOOS=linux GOARCH=amd64 GO111MODULE=auto ROOT=/home/runner/work/benchmarks/benchmarks/.ci/bent-run GOROOT=/opt/hostedtoolcache/go/1.26.2/x64/ BENT_BENCH=iXGo BENT_CONFIG=LLGoDeadcodeDrop BENT_I=0 GOCACHE=/home/runner/work/benchmarks/benchmarks/.ci/bent-run/build-cache/runs/cache-144718709/go-build XDG_CACHE_HOME=/home/runner/work/benchmarks/benchmarks/.ci/bent-run/build-cache/runs/cache-144718709/xdg LocalAppData=/home/runner/work/benchmarks/benchmarks/.ci/bent-run/build-cache/runs/cache-144718709/local-app-data /home/runner/work/benchmarks/benchmarks/.ci/bent-run/benchsize /home/runner/work/benchmarks/benchmarks/.ci/bent-run/testbin/iXGo_LLGoDeadcodeDrop IXGo )
goos: linux
goarch: amd64
pkg:
Unit total-bytes assume=exact
BenchmarkIXGo 1 30791280 total-bytes
Unit text-bytes assume=exact
BenchmarkIXGo 1 10870839 text-bytes
Unit data-bytes assume=exact
BenchmarkIXGo 1 10394392 data-bytes
Unit rodata-bytes assume=exact
BenchmarkIXGo 1 6074240 rodata-bytes
Unit pclntab-bytes assume=exact
BenchmarkIXGo 1 0 pclntab-bytes
Unit debug-bytes assume=exact
BenchmarkIXGo 1 0 debug-bytes

rm -rf /home/runner/work/benchmarks/benchmarks/.ci/bent-run/gopath/bin
(cd /home/runner/work/benchmarks/benchmarks/.ci/bent-run/build/dustin_humanize; LLGO_COMMITTED_AT=2026-09-17T18:45:12+08:00 LLGO_BUILD_GO_VERSION=1.27.0 LLGO_BIN=/home/runner/work/benchmarks/benchmarks/.ci/llgo/llgo BENT_TIMING_LOG=/home/runner/work/benchmarks/benchmarks/.ci/bent-run/download-timings.log GOROOT_1_25_X64=/opt/hostedtoolcache/go/1.25.14/x64 LLGO_MAIN_INDEX=1663 LLGO_COMMIT=cc16553ba9d03cc36037140f2bceb6644d3094f6 GO_VERSION=1.26.2 LLGO_REPOSITORY=xgo-dev/llgo GOROOT_1_24_X64=/opt/hostedtoolcache/go/1.24.13/x64 GOROOT_1_26_X64=/opt/hostedtoolcache/go/1.26.8/x64 BENT_REAL_GO=/opt/hostedtoolcache/go/1.26.2/x64/bin/go LLGO_ROOT=/home/runner/work/benchmarks/benchmarks/.ci/llgo LLGO_LTO_PLUGIN=/home/runner/work/benchmarks/benchmarks/.ci/llgo/ltoplugin/build/LLGOLTOPlugin.so GOPATH=/home/runner/work/benchmarks/benchmarks/.ci/bent-run/gopath GOOS=linux GOARCH=amd64 GO111MODULE=auto ROOT=/home/runner/work/benchmarks/benchmarks/.ci/bent-run GOROOT=/opt/hostedtoolcache/go/1.26.2/x64/ BENT_BENCH=dustin_humanize BENT_CONFIG=LLGoFullLTOGlobalDCE BENT_I=0 GOCACHE=/home/runner/work/benchmarks/benchmarks/.ci/bent-run/build-cache/runs/cache-3617583940/go-build XDG_CACHE_HOME=/home/runner/work/benchmarks/benchmarks/.ci/bent-run/build-cache/runs/cache-3617583940/xdg LocalAppData=/home/runner/work/benchmarks/benchmarks/.ci/bent-run/build-cache/runs/cache-3617583940/local-app-data /home/runner/work/benchmarks/benchmarks/.ci/llgo/llgo test -c -o /home/runner/work/benchmarks/benchmarks/.ci/bent-run/testbin/dustin_humanize_LLGoFullLTOGlobalDCE -lto=full github.com/dustin/go-humanize )
goarch: amd64
toolchain: LLGoFullLTOGlobalDCE
BenchmarkDustin_humanize 1 17691602230 build-real-ns/op 23501634000 build-user-ns/op 871067000 build-sys-ns/op
toolchain: LLGoFullLTOGlobalDCE
( LLGO_COMMITTED_AT=2026-09-17T18:45:12+08:00 LLGO_BUILD_GO_VERSION=1.27.0 LLGO_BIN=/home/runner/work/benchmarks/benchmarks/.ci/llgo/llgo BENT_TIMING_LOG=/home/runner/work/benchmarks/benchmarks/.ci/bent-run/download-timings.log GOROOT_1_25_X64=/opt/hostedtoolcache/go/1.25.14/x64 LLGO_MAIN_INDEX=1663 LLGO_COMMIT=cc16553ba9d03cc36037140f2bceb6644d3094f6 GO_VERSION=1.26.2 LLGO_REPOSITORY=xgo-dev/llgo GOROOT_1_24_X64=/opt/hostedtoolcache/go/1.24.13/x64 GOROOT_1_26_X64=/opt/hostedtoolcache/go/1.26.8/x64 BENT_REAL_GO=/opt/hostedtoolcache/go/1.26.2/x64/bin/go LLGO_ROOT=/home/runner/work/benchmarks/benchmarks/.ci/llgo LLGO_LTO_PLUGIN=/home/runner/work/benchmarks/benchmarks/.ci/llgo/ltoplugin/build/LLGOLTOPlugin.so GOPATH=/home/runner/work/benchmarks/benchmarks/.ci/bent-run/gopath GOOS=linux GOARCH=amd64 GO111MODULE=auto ROOT=/home/runner/work/benchmarks/benchmarks/.ci/bent-run GOROOT=/opt/hostedtoolcache/go/1.26.2/x64/ BENT_BENCH=dustin_humanize BENT_CONFIG=LLGoFullLTOGlobalDCE BENT_I=0 GOCACHE=/home/runner/work/benchmarks/benchmarks/.ci/bent-run/build-cache/runs/cache-3617583940/go-build XDG_CACHE_HOME=/home/runner/work/benchmarks/benchmarks/.ci/bent-run/build-cache/runs/cache-3617583940/xdg LocalAppData=/home/runner/work/benchmarks/benchmarks/.ci/bent-run/build-cache/runs/cache-3617583940/local-app-data /home/runner/work/benchmarks/benchmarks/.ci/bent-run/benchsize /home/runner/work/benchmarks/benchmarks/.ci/bent-run/testbin/dustin_humanize_LLGoFullLTOGlobalDCE Dustin_humanize )
goos: linux
goarch: amd64
pkg:
Unit total-bytes assume=exact
BenchmarkDustin_humanize 1 3292776 total-bytes
Unit text-bytes assume=exact
BenchmarkDustin_humanize 1 941521 text-bytes
Unit data-bytes assume=exact
BenchmarkDustin_humanize 1 1504288 data-bytes
Unit rodata-bytes assume=exact
BenchmarkDustin_humanize 1 1416136 rodata-bytes
Unit pclntab-bytes assume=exact
BenchmarkDustin_humanize 1 0 pclntab-bytes
Unit debug-bytes assume=exact
BenchmarkDustin_humanize 1 0 debug-bytes

rm -rf /home/runner/work/benchmarks/benchmarks/.ci/bent-run/gopath/bin
(cd /home/runner/work/benchmarks/benchmarks/.ci/bent-run/build/XGo; LLGO_COMMITTED_AT=2026-09-17T18:45:12+08:00 LLGO_BUILD_GO_VERSION=1.27.0 LLGO_BIN=/home/runner/work/benchmarks/benchmarks/.ci/llgo/llgo BENT_TIMING_LOG=/home/runner/work/benchmarks/benchmarks/.ci/bent-run/download-timings.log GOROOT_1_25_X64=/opt/hostedtoolcache/go/1.25.14/x64 LLGO_MAIN_INDEX=1663 LLGO_COMMIT=cc16553ba9d03cc36037140f2bceb6644d3094f6 GO_VERSION=1.26.2 LLGO_REPOSITORY=xgo-dev/llgo GOROOT_1_24_X64=/opt/hostedtoolcache/go/1.24.13/x64 GOROOT_1_26_X64=/opt/hostedtoolcache/go/1.26.8/x64 BENT_REAL_GO=/opt/hostedtoolcache/go/1.26.2/x64/bin/go LLGO_ROOT=/home/runner/work/benchmarks/benchmarks/.ci/llgo LLGO_LTO_PLUGIN=/home/runner/work/benchmarks/benchmarks/.ci/llgo/ltoplugin/build/LLGOLTOPlugin.so GOPATH=/home/runner/work/benchmarks/benchmarks/.ci/bent-run/gopath GOOS=linux GOARCH=amd64 GO111MODULE=auto ROOT=/home/runner/work/benchmarks/benchmarks/.ci/bent-run GOROOT=/home/runner/work/benchmarks/benchmarks/.ci/bent-run/goroots/Go BENT_BENCH=XGo BENT_CONFIG=Go BENT_I=0 GOCACHE=/home/runner/work/benchmarks/benchmarks/.ci/bent-run/build-cache/runs/cache-2818670499/go-build XDG_CACHE_HOME=/home/runner/work/benchmarks/benchmarks/.ci/bent-run/build-cache/runs/cache-2818670499/xdg LocalAppData=/home/runner/work/benchmarks/benchmarks/.ci/bent-run/build-cache/runs/cache-2818670499/local-app-data /home/runner/work/benchmarks/benchmarks/.ci/bent-run/goroots/Go/bin/go build -o /home/runner/work/benchmarks/benchmarks/.ci/bent-run/testbin/XGo_Go github.com/goplus/xgo/cmd/xgo )
goarch: amd64
toolchain: Go
BenchmarkXGo 1 5568862440 build-real-ns/op 16826966000 build-user-ns/op 1436185000 build-sys-ns/op
toolchain: Go
( LLGO_COMMITTED_AT=2026-09-17T18:45:12+08:00 LLGO_BUILD_GO_VERSION=1.27.0 LLGO_BIN=/home/runner/work/benchmarks/benchmarks/.ci/llgo/llgo BENT_TIMING_LOG=/home/runner/work/benchmarks/benchmarks/.ci/bent-run/download-timings.log GOROOT_1_25_X64=/opt/hostedtoolcache/go/1.25.14/x64 LLGO_MAIN_INDEX=1663 LLGO_COMMIT=cc16553ba9d03cc36037140f2bceb6644d3094f6 GO_VERSION=1.26.2 LLGO_REPOSITORY=xgo-dev/llgo GOROOT_1_24_X64=/opt/hostedtoolcache/go/1.24.13/x64 GOROOT_1_26_X64=/opt/hostedtoolcache/go/1.26.8/x64 BENT_REAL_GO=/opt/hostedtoolcache/go/1.26.2/x64/bin/go LLGO_ROOT=/home/runner/work/benchmarks/benchmarks/.ci/llgo LLGO_LTO_PLUGIN=/home/runner/work/benchmarks/benchmarks/.ci/llgo/ltoplugin/build/LLGOLTOPlugin.so GOPATH=/home/runner/work/benchmarks/benchmarks/.ci/bent-run/gopath GOOS=linux GOARCH=amd64 GO111MODULE=auto ROOT=/home/runner/work/benchmarks/benchmarks/.ci/bent-run GOROOT=/home/runner/work/benchmarks/benchmarks/.ci/bent-run/goroots/Go BENT_BENCH=XGo BENT_CONFIG=Go BENT_I=0 GOCACHE=/home/runner/work/benchmarks/benchmarks/.ci/bent-run/build-cache/runs/cache-2818670499/go-build XDG_CACHE_HOME=/home/runner/work/benchmarks/benchmarks/.ci/bent-run/build-cache/runs/cache-2818670499/xdg LocalAppData=/home/runner/work/benchmarks/benchmarks/.ci/bent-run/build-cache/runs/cache-2818670499/local-app-data /home/runner/work/benchmarks/benchmarks/.ci/bent-run/benchsize /home/runner/work/benchmarks/benchmarks/.ci/bent-run/testbin/XGo_Go XGo )
goos: linux
goarch: amd64
pkg:
Unit total-bytes assume=exact
BenchmarkXGo 1 18662581 total-bytes
Unit text-bytes assume=exact
BenchmarkXGo 1 6216337 text-bytes
Unit data-bytes assume=exact
BenchmarkXGo 1 2077932 data-bytes
Unit rodata-bytes assume=exact
BenchmarkXGo 1 1655417 rodata-bytes
Unit pclntab-bytes assume=exact
BenchmarkXGo 1 4599299 pclntab-bytes
Unit debug-bytes assume=exact
BenchmarkXGo 1 4165037 debug-bytes

rm -rf /home/runner/work/benchmarks/benchmarks/.ci/bent-run/gopath/bin
(cd /home/runner/work/benchmarks/benchmarks/.ci/bent-run/build/dustin_humanize; LLGO_COMMITTED_AT=2026-09-17T18:45:12+08:00 LLGO_BUILD_GO_VERSION=1.27.0 LLGO_BIN=/home/runner/work/benchmarks/benchmarks/.ci/llgo/llgo BENT_TIMING_LOG=/home/runner/work/benchmarks/benchmarks/.ci/bent-run/download-timings.log GOROOT_1_25_X64=/opt/hostedtoolcache/go/1.25.14/x64 LLGO_MAIN_INDEX=1663 LLGO_COMMIT=cc16553ba9d03cc36037140f2bceb6644d3094f6 GO_VERSION=1.26.2 LLGO_REPOSITORY=xgo-dev/llgo GOROOT_1_24_X64=/opt/hostedtoolcache/go/1.24.13/x64 GOROOT_1_26_X64=/opt/hostedtoolcache/go/1.26.8/x64 BENT_REAL_GO=/opt/hostedtoolcache/go/1.26.2/x64/bin/go LLGO_ROOT=/home/runner/work/benchmarks/benchmarks/.ci/llgo LLGO_LTO_PLUGIN=/home/runner/work/benchmarks/benchmarks/.ci/llgo/ltoplugin/build/LLGOLTOPlugin.so GOPATH=/home/runner/work/benchmarks/benchmarks/.ci/bent-run/gopath GOOS=linux GOARCH=amd64 GO111MODULE=auto ROOT=/home/runner/work/benchmarks/benchmarks/.ci/bent-run GOROOT=/opt/hostedtoolcache/go/1.26.2/x64/ BENT_BENCH=dustin_humanize BENT_CONFIG=LLGoFullLTONoGlobalDCE BENT_I=0 GOCACHE=/home/runner/work/benchmarks/benchmarks/.ci/bent-run/build-cache/runs/cache-2633975798/go-build XDG_CACHE_HOME=/home/runner/work/benchmarks/benchmarks/.ci/bent-run/build-cache/runs/cache-2633975798/xdg LocalAppData=/home/runner/work/benchmarks/benchmarks/.ci/bent-run/build-cache/runs/cache-2633975798/local-app-data /home/runner/work/benchmarks/benchmarks/.ci/llgo/llgo test -c -o /home/runner/work/benchmarks/benchmarks/.ci/bent-run/testbin/dustin_humanize_LLGoFullLTONoGlobalDCE -lto=full -globaldce=false github.com/dustin/go-humanize )
goarch: amd64
toolchain: LLGoFullLTONoGlobalDCE
BenchmarkDustin_humanize 1 26327431840 build-real-ns/op 32508327000 build-user-ns/op 889300000 build-sys-ns/op
toolchain: LLGoFullLTONoGlobalDCE
( LLGO_COMMITTED_AT=2026-09-17T18:45:12+08:00 LLGO_BUILD_GO_VERSION=1.27.0 LLGO_BIN=/home/runner/work/benchmarks/benchmarks/.ci/llgo/llgo BENT_TIMING_LOG=/home/runner/work/benchmarks/benchmarks/.ci/bent-run/download-timings.log GOROOT_1_25_X64=/opt/hostedtoolcache/go/1.25.14/x64 LLGO_MAIN_INDEX=1663 LLGO_COMMIT=cc16553ba9d03cc36037140f2bceb6644d3094f6 GO_VERSION=1.26.2 LLGO_REPOSITORY=xgo-dev/llgo GOROOT_1_24_X64=/opt/hostedtoolcache/go/1.24.13/x64 GOROOT_1_26_X64=/opt/hostedtoolcache/go/1.26.8/x64 BENT_REAL_GO=/opt/hostedtoolcache/go/1.26.2/x64/bin/go LLGO_ROOT=/home/runner/work/benchmarks/benchmarks/.ci/llgo LLGO_LTO_PLUGIN=/home/runner/work/benchmarks/benchmarks/.ci/llgo/ltoplugin/build/LLGOLTOPlugin.so GOPATH=/home/runner/work/benchmarks/benchmarks/.ci/bent-run/gopath GOOS=linux GOARCH=amd64 GO111MODULE=auto ROOT=/home/runner/work/benchmarks/benchmarks/.ci/bent-run GOROOT=/opt/hostedtoolcache/go/1.26.2/x64/ BENT_BENCH=dustin_humanize BENT_CONFIG=LLGoFullLTONoGlobalDCE BENT_I=0 GOCACHE=/home/runner/work/benchmarks/benchmarks/.ci/bent-run/build-cache/runs/cache-2633975798/go-build XDG_CACHE_HOME=/home/runner/work/benchmarks/benchmarks/.ci/bent-run/build-cache/runs/cache-2633975798/xdg LocalAppData=/home/runner/work/benchmarks/benchmarks/.ci/bent-run/build-cache/runs/cache-2633975798/local-app-data /home/runner/work/benchmarks/benchmarks/.ci/bent-run/benchsize /home/runner/work/benchmarks/benchmarks/.ci/bent-run/testbin/dustin_humanize_LLGoFullLTONoGlobalDCE Dustin_humanize )
goos: linux
goarch: amd64
pkg:
Unit total-bytes assume=exact
BenchmarkDustin_humanize 1 4404096 total-bytes
Unit text-bytes assume=exact
BenchmarkDustin_humanize 1 1637032 text-bytes
Unit data-bytes assume=exact
BenchmarkDustin_humanize 1 1540904 data-bytes
Unit rodata-bytes assume=exact
BenchmarkDustin_humanize 1 1452728 rodata-bytes
Unit pclntab-bytes assume=exact
BenchmarkDustin_humanize 1 0 pclntab-bytes
Unit debug-bytes assume=exact
BenchmarkDustin_humanize 1 0 debug-bytes

rm -rf /home/runner/work/benchmarks/benchmarks/.ci/bent-run/gopath/bin
(cd /home/runner/work/benchmarks/benchmarks/.ci/bent-run/build/aws_restjson_v1; LLGO_COMMITTED_AT=2026-09-17T18:45:12+08:00 LLGO_BUILD_GO_VERSION=1.27.0 LLGO_BIN=/home/runner/work/benchmarks/benchmarks/.ci/llgo/llgo BENT_TIMING_LOG=/home/runner/work/benchmarks/benchmarks/.ci/bent-run/download-timings.log GOROOT_1_25_X64=/opt/hostedtoolcache/go/1.25.14/x64 LLGO_MAIN_INDEX=1663 LLGO_COMMIT=cc16553ba9d03cc36037140f2bceb6644d3094f6 GO_VERSION=1.26.2 LLGO_REPOSITORY=xgo-dev/llgo GOROOT_1_24_X64=/opt/hostedtoolcache/go/1.24.13/x64 GOROOT_1_26_X64=/opt/hostedtoolcache/go/1.26.8/x64 BENT_REAL_GO=/opt/hostedtoolcache/go/1.26.2/x64/bin/go LLGO_ROOT=/home/runner/work/benchmarks/benchmarks/.ci/llgo LLGO_LTO_PLUGIN=/home/runner/work/benchmarks/benchmarks/.ci/llgo/ltoplugin/build/LLGOLTOPlugin.so GOPATH=/home/runner/work/benchmarks/benchmarks/.ci/bent-run/gopath GOOS=linux GOARCH=amd64 GO111MODULE=auto ROOT=/home/runner/work/benchmarks/benchmarks/.ci/bent-run GOROOT=/opt/hostedtoolcache/go/1.26.2/x64/ BENT_BENCH=aws_restjson BENT_CONFIG=LLGoFullLTOGlobalDCE BENT_I=0 GOCACHE=/home/runner/work/benchmarks/benchmarks/.ci/bent-run/build-cache/runs/cache-1837175133/go-build XDG_CACHE_HOME=/home/runner/work/benchmarks/benchmarks/.ci/bent-run/build-cache/runs/cache-1837175133/xdg LocalAppData=/home/runner/work/benchmarks/benchmarks/.ci/bent-run/build-cache/runs/cache-1837175133/local-app-data /home/runner/work/benchmarks/benchmarks/.ci/llgo/llgo test -c -o /home/runner/work/benchmarks/benchmarks/.ci/bent-run/testbin/aws_restjson_v1_LLGoFullLTOGlobalDCE -lto=full github.com/aws/aws-sdk-go/private/protocol/restjson )
goarch: amd64
toolchain: LLGoFullLTOGlobalDCE
BenchmarkAws_restjson 1 118780206550 build-real-ns/op 151306517000 build-user-ns/op 2254265000 build-sys-ns/op
toolchain: LLGoFullLTOGlobalDCE
( LLGO_COMMITTED_AT=2026-09-17T18:45:12+08:00 LLGO_BUILD_GO_VERSION=1.27.0 LLGO_BIN=/home/runner/work/benchmarks/benchmarks/.ci/llgo/llgo BENT_TIMING_LOG=/home/runner/work/benchmarks/benchmarks/.ci/bent-run/download-timings.log GOROOT_1_25_X64=/opt/hostedtoolcache/go/1.25.14/x64 LLGO_MAIN_INDEX=1663 LLGO_COMMIT=cc16553ba9d03cc36037140f2bceb6644d3094f6 GO_VERSION=1.26.2 LLGO_REPOSITORY=xgo-dev/llgo GOROOT_1_24_X64=/opt/hostedtoolcache/go/1.24.13/x64 GOROOT_1_26_X64=/opt/hostedtoolcache/go/1.26.8/x64 BENT_REAL_GO=/opt/hostedtoolcache/go/1.26.2/x64/bin/go LLGO_ROOT=/home/runner/work/benchmarks/benchmarks/.ci/llgo LLGO_LTO_PLUGIN=/home/runner/work/benchmarks/benchmarks/.ci/llgo/ltoplugin/build/LLGOLTOPlugin.so GOPATH=/home/runner/work/benchmarks/benchmarks/.ci/bent-run/gopath GOOS=linux GOARCH=amd64 GO111MODULE=auto ROOT=/home/runner/work/benchmarks/benchmarks/.ci/bent-run GOROOT=/opt/hostedtoolcache/go/1.26.2/x64/ BENT_BENCH=aws_restjson BENT_CONFIG=LLGoFullLTOGlobalDCE BENT_I=0 GOCACHE=/home/runner/work/benchmarks/benchmarks/.ci/bent-run/build-cache/runs/cache-1837175133/go-build XDG_CACHE_HOME=/home/runner/work/benchmarks/benchmarks/.ci/bent-run/build-cache/runs/cache-1837175133/xdg LocalAppData=/home/runner/work/benchmarks/benchmarks/.ci/bent-run/build-cache/runs/cache-1837175133/local-app-data /home/runner/work/benchmarks/benchmarks/.ci/bent-run/benchsize /home/runner/work/benchmarks/benchmarks/.ci/bent-run/testbin/aws_restjson_v1_LLGoFullLTOGlobalDCE Aws_restjson )
goos: linux
goarch: amd64
pkg:
Unit total-bytes assume=exact
BenchmarkAws_restjson 1 10359992 total-bytes
Unit text-bytes assume=exact
BenchmarkAws_restjson 1 3609086 text-bytes
Unit data-bytes assume=exact
BenchmarkAws_restjson 1 4026256 data-bytes
Unit rodata-bytes assume=exact
BenchmarkAws_restjson 1 3804128 rodata-bytes
Unit pclntab-bytes assume=exact
BenchmarkAws_restjson 1 0 pclntab-bytes
Unit debug-bytes assume=exact
BenchmarkAws_restjson 1 0 debug-bytes

rm -rf /home/runner/work/benchmarks/benchmarks/.ci/bent-run/gopath/bin
(cd /home/runner/work/benchmarks/benchmarks/.ci/bent-run/build/XGo; LLGO_COMMITTED_AT=2026-09-17T18:45:12+08:00 LLGO_BUILD_GO_VERSION=1.27.0 LLGO_BIN=/home/runner/work/benchmarks/benchmarks/.ci/llgo/llgo BENT_TIMING_LOG=/home/runner/work/benchmarks/benchmarks/.ci/bent-run/download-timings.log GOROOT_1_25_X64=/opt/hostedtoolcache/go/1.25.14/x64 LLGO_MAIN_INDEX=1663 LLGO_COMMIT=cc16553ba9d03cc36037140f2bceb6644d3094f6 GO_VERSION=1.26.2 LLGO_REPOSITORY=xgo-dev/llgo GOROOT_1_24_X64=/opt/hostedtoolcache/go/1.24.13/x64 GOROOT_1_26_X64=/opt/hostedtoolcache/go/1.26.8/x64 BENT_REAL_GO=/opt/hostedtoolcache/go/1.26.2/x64/bin/go LLGO_ROOT=/home/runner/work/benchmarks/benchmarks/.ci/llgo LLGO_LTO_PLUGIN=/home/runner/work/benchmarks/benchmarks/.ci/llgo/ltoplugin/build/LLGOLTOPlugin.so GOPATH=/home/runner/work/benchmarks/benchmarks/.ci/bent-run/gopath GOOS=linux GOARCH=amd64 GO111MODULE=auto ROOT=/home/runner/work/benchmarks/benchmarks/.ci/bent-run GOROOT=/opt/hostedtoolcache/go/1.26.2/x64/ BENT_BENCH=XGo BENT_CONFIG=LLGoDeadcodeDrop BENT_I=0 GOCACHE=/home/runner/work/benchmarks/benchmarks/.ci/bent-run/build-cache/runs/cache-2862550710/go-build XDG_CACHE_HOME=/home/runner/work/benchmarks/benchmarks/.ci/bent-run/build-cache/runs/cache-2862550710/xdg LocalAppData=/home/runner/work/benchmarks/benchmarks/.ci/bent-run/build-cache/runs/cache-2862550710/local-app-data /home/runner/work/benchmarks/benchmarks/.ci/llgo/llgo build -o /home/runner/work/benchmarks/benchmarks/.ci/bent-run/testbin/XGo_LLGoDeadcodeDrop -deadcodedrop github.com/goplus/xgo/cmd/xgo )
goarch: amd64
toolchain: LLGoDeadcodeDrop
BenchmarkXGo 1 39712094886 build-real-ns/op 101334238000 build-user-ns/op 2925263000 build-sys-ns/op
toolchain: LLGoDeadcodeDrop
( LLGO_COMMITTED_AT=2026-09-17T18:45:12+08:00 LLGO_BUILD_GO_VERSION=1.27.0 LLGO_BIN=/home/runner/work/benchmarks/benchmarks/.ci/llgo/llgo BENT_TIMING_LOG=/home/runner/work/benchmarks/benchmarks/.ci/bent-run/download-timings.log GOROOT_1_25_X64=/opt/hostedtoolcache/go/1.25.14/x64 LLGO_MAIN_INDEX=1663 LLGO_COMMIT=cc16553ba9d03cc36037140f2bceb6644d3094f6 GO_VERSION=1.26.2 LLGO_REPOSITORY=xgo-dev/llgo GOROOT_1_24_X64=/opt/hostedtoolcache/go/1.24.13/x64 GOROOT_1_26_X64=/opt/hostedtoolcache/go/1.26.8/x64 BENT_REAL_GO=/opt/hostedtoolcache/go/1.26.2/x64/bin/go LLGO_ROOT=/home/runner/work/benchmarks/benchmarks/.ci/llgo LLGO_LTO_PLUGIN=/home/runner/work/benchmarks/benchmarks/.ci/llgo/ltoplugin/build/LLGOLTOPlugin.so GOPATH=/home/runner/work/benchmarks/benchmarks/.ci/bent-run/gopath GOOS=linux GOARCH=amd64 GO111MODULE=auto ROOT=/home/runner/work/benchmarks/benchmarks/.ci/bent-run GOROOT=/opt/hostedtoolcache/go/1.26.2/x64/ BENT_BENCH=XGo BENT_CONFIG=LLGoDeadcodeDrop BENT_I=0 GOCACHE=/home/runner/work/benchmarks/benchmarks/.ci/bent-run/build-cache/runs/cache-2862550710/go-build XDG_CACHE_HOME=/home/runner/work/benchmarks/benchmarks/.ci/bent-run/build-cache/runs/cache-2862550710/xdg LocalAppData=/home/runner/work/benchmarks/benchmarks/.ci/bent-run/build-cache/runs/cache-2862550710/local-app-data /home/runner/work/benchmarks/benchmarks/.ci/bent-run/benchsize /home/runner/work/benchmarks/benchmarks/.ci/bent-run/testbin/XGo_LLGoDeadcodeDrop XGo )
goos: linux
goarch: amd64
pkg:
Unit total-bytes assume=exact
BenchmarkXGo 1 15662496 total-bytes
Unit text-bytes assume=exact
BenchmarkXGo 1 5038138 text-bytes
Unit data-bytes assume=exact
BenchmarkXGo 1 5705008 data-bytes
Unit rodata-bytes assume=exact
BenchmarkXGo 1 3318696 rodata-bytes
Unit pclntab-bytes assume=exact
BenchmarkXGo 1 0 pclntab-bytes
Unit debug-bytes assume=exact
BenchmarkXGo 1 0 debug-bytes

rm -rf /home/runner/work/benchmarks/benchmarks/.ci/bent-run/gopath/bin
(cd /home/runner/work/benchmarks/benchmarks/.ci/bent-run/build/k8s_workqueue; LLGO_COMMITTED_AT=2026-09-17T18:45:12+08:00 LLGO_BUILD_GO_VERSION=1.27.0 LLGO_BIN=/home/runner/work/benchmarks/benchmarks/.ci/llgo/llgo BENT_TIMING_LOG=/home/runner/work/benchmarks/benchmarks/.ci/bent-run/download-timings.log GOROOT_1_25_X64=/opt/hostedtoolcache/go/1.25.14/x64 LLGO_MAIN_INDEX=1663 LLGO_COMMIT=cc16553ba9d03cc36037140f2bceb6644d3094f6 GO_VERSION=1.26.2 LLGO_REPOSITORY=xgo-dev/llgo GOROOT_1_24_X64=/opt/hostedtoolcache/go/1.24.13/x64 GOROOT_1_26_X64=/opt/hostedtoolcache/go/1.26.8/x64 BENT_REAL_GO=/opt/hostedtoolcache/go/1.26.2/x64/bin/go LLGO_ROOT=/home/runner/work/benchmarks/benchmarks/.ci/llgo LLGO_LTO_PLUGIN=/home/runner/work/benchmarks/benchmarks/.ci/llgo/ltoplugin/build/LLGOLTOPlugin.so GOPATH=/home/runner/work/benchmarks/benchmarks/.ci/bent-run/gopath GOOS=linux GOARCH=amd64 GO111MODULE=auto ROOT=/home/runner/work/benchmarks/benchmarks/.ci/bent-run GOROOT=/opt/hostedtoolcache/go/1.26.2/x64/ BENT_BENCH=k8s_workqueue BENT_CONFIG=LLGoFullLTOGlobalDCE BENT_I=0 GOCACHE=/home/runner/work/benchmarks/benchmarks/.ci/bent-run/build-cache/runs/cache-3556119179/go-build XDG_CACHE_HOME=/home/runner/work/benchmarks/benchmarks/.ci/bent-run/build-cache/runs/cache-3556119179/xdg LocalAppData=/home/runner/work/benchmarks/benchmarks/.ci/bent-run/build-cache/runs/cache-3556119179/local-app-data /home/runner/work/benchmarks/benchmarks/.ci/llgo/llgo test -c -o /home/runner/work/benchmarks/benchmarks/.ci/bent-run/testbin/k8s_workqueue_LLGoFullLTOGlobalDCE -lto=full k8s.io/client-go/util/workqueue )
goarch: amd64
toolchain: LLGoFullLTOGlobalDCE
BenchmarkK8s_workqueue 1 78716427872 build-real-ns/op 98210145000 build-user-ns/op 1907795000 build-sys-ns/op
toolchain: LLGoFullLTOGlobalDCE
( LLGO_COMMITTED_AT=2026-09-17T18:45:12+08:00 LLGO_BUILD_GO_VERSION=1.27.0 LLGO_BIN=/home/runner/work/benchmarks/benchmarks/.ci/llgo/llgo BENT_TIMING_LOG=/home/runner/work/benchmarks/benchmarks/.ci/bent-run/download-timings.log GOROOT_1_25_X64=/opt/hostedtoolcache/go/1.25.14/x64 LLGO_MAIN_INDEX=1663 LLGO_COMMIT=cc16553ba9d03cc36037140f2bceb6644d3094f6 GO_VERSION=1.26.2 LLGO_REPOSITORY=xgo-dev/llgo GOROOT_1_24_X64=/opt/hostedtoolcache/go/1.24.13/x64 GOROOT_1_26_X64=/opt/hostedtoolcache/go/1.26.8/x64 BENT_REAL_GO=/opt/hostedtoolcache/go/1.26.2/x64/bin/go LLGO_ROOT=/home/runner/work/benchmarks/benchmarks/.ci/llgo LLGO_LTO_PLUGIN=/home/runner/work/benchmarks/benchmarks/.ci/llgo/ltoplugin/build/LLGOLTOPlugin.so GOPATH=/home/runner/work/benchmarks/benchmarks/.ci/bent-run/gopath GOOS=linux GOARCH=amd64 GO111MODULE=auto ROOT=/home/runner/work/benchmarks/benchmarks/.ci/bent-run GOROOT=/opt/hostedtoolcache/go/1.26.2/x64/ BENT_BENCH=k8s_workqueue BENT_CONFIG=LLGoFullLTOGlobalDCE BENT_I=0 GOCACHE=/home/runner/work/benchmarks/benchmarks/.ci/bent-run/build-cache/runs/cache-3556119179/go-build XDG_CACHE_HOME=/home/runner/work/benchmarks/benchmarks/.ci/bent-run/build-cache/runs/cache-3556119179/xdg LocalAppData=/home/runner/work/benchmarks/benchmarks/.ci/bent-run/build-cache/runs/cache-3556119179/local-app-data /home/runner/work/benchmarks/benchmarks/.ci/bent-run/benchsize /home/runner/work/benchmarks/benchmarks/.ci/bent-run/testbin/k8s_workqueue_LLGoFullLTOGlobalDCE K8s_workqueue )
goos: linux
goarch: amd64
pkg:
Unit total-bytes assume=exact
BenchmarkK8s_workqueue 1 10803664 total-bytes
Unit text-bytes assume=exact
BenchmarkK8s_workqueue 1 3831020 text-bytes
Unit data-bytes assume=exact
BenchmarkK8s_workqueue 1 3715448 data-bytes
Unit rodata-bytes assume=exact
BenchmarkK8s_workqueue 1 3496848 rodata-bytes
Unit pclntab-bytes assume=exact
BenchmarkK8s_workqueue 1 0 pclntab-bytes
Unit debug-bytes assume=exact
BenchmarkK8s_workqueue 1 0 debug-bytes

rm -rf /home/runner/work/benchmarks/benchmarks/.ci/bent-run/gopath/bin
(cd /home/runner/work/benchmarks/benchmarks/.ci/bent-run/build/etcdctl; LLGO_COMMITTED_AT=2026-09-17T18:45:12+08:00 LLGO_BUILD_GO_VERSION=1.27.0 LLGO_BIN=/home/runner/work/benchmarks/benchmarks/.ci/llgo/llgo BENT_TIMING_LOG=/home/runner/work/benchmarks/benchmarks/.ci/bent-run/download-timings.log GOROOT_1_25_X64=/opt/hostedtoolcache/go/1.25.14/x64 LLGO_MAIN_INDEX=1663 LLGO_COMMIT=cc16553ba9d03cc36037140f2bceb6644d3094f6 GO_VERSION=1.26.2 LLGO_REPOSITORY=xgo-dev/llgo GOROOT_1_24_X64=/opt/hostedtoolcache/go/1.24.13/x64 GOROOT_1_26_X64=/opt/hostedtoolcache/go/1.26.8/x64 BENT_REAL_GO=/opt/hostedtoolcache/go/1.26.2/x64/bin/go LLGO_ROOT=/home/runner/work/benchmarks/benchmarks/.ci/llgo LLGO_LTO_PLUGIN=/home/runner/work/benchmarks/benchmarks/.ci/llgo/ltoplugin/build/LLGOLTOPlugin.so GOPATH=/home/runner/work/benchmarks/benchmarks/.ci/bent-run/gopath GOOS=linux GOARCH=amd64 GO111MODULE=auto ROOT=/home/runner/work/benchmarks/benchmarks/.ci/bent-run GOROOT=/opt/hostedtoolcache/go/1.26.2/x64/ BENT_BENCH=etcdctl BENT_CONFIG=LLGoFullLTONoGlobalDCE BENT_I=0 GOCACHE=/home/runner/work/benchmarks/benchmarks/.ci/bent-run/build-cache/runs/cache-3764529429/go-build XDG_CACHE_HOME=/home/runner/work/benchmarks/benchmarks/.ci/bent-run/build-cache/runs/cache-3764529429/xdg LocalAppData=/home/runner/work/benchmarks/benchmarks/.ci/bent-run/build-cache/runs/cache-3764529429/local-app-data /home/runner/work/benchmarks/benchmarks/.ci/llgo/llgo build -o /home/runner/work/benchmarks/benchmarks/.ci/bent-run/testbin/etcdctl_LLGoFullLTONoGlobalDCE -lto=full -globaldce=false go.etcd.io/etcd/etcdctl/v3 )
goarch: amd64
toolchain: LLGoFullLTONoGlobalDCE
BenchmarkEtcdctl 1 161407050499 build-real-ns/op 266777704000 build-user-ns/op 4976823000 build-sys-ns/op
toolchain: LLGoFullLTONoGlobalDCE
( LLGO_COMMITTED_AT=2026-09-17T18:45:12+08:00 LLGO_BUILD_GO_VERSION=1.27.0 LLGO_BIN=/home/runner/work/benchmarks/benchmarks/.ci/llgo/llgo BENT_TIMING_LOG=/home/runner/work/benchmarks/benchmarks/.ci/bent-run/download-timings.log GOROOT_1_25_X64=/opt/hostedtoolcache/go/1.25.14/x64 LLGO_MAIN_INDEX=1663 LLGO_COMMIT=cc16553ba9d03cc36037140f2bceb6644d3094f6 GO_VERSION=1.26.2 LLGO_REPOSITORY=xgo-dev/llgo GOROOT_1_24_X64=/opt/hostedtoolcache/go/1.24.13/x64 GOROOT_1_26_X64=/opt/hostedtoolcache/go/1.26.8/x64 BENT_REAL_GO=/opt/hostedtoolcache/go/1.26.2/x64/bin/go LLGO_ROOT=/home/runner/work/benchmarks/benchmarks/.ci/llgo LLGO_LTO_PLUGIN=/home/runner/work/benchmarks/benchmarks/.ci/llgo/ltoplugin/build/LLGOLTOPlugin.so GOPATH=/home/runner/work/benchmarks/benchmarks/.ci/bent-run/gopath GOOS=linux GOARCH=amd64 GO111MODULE=auto ROOT=/home/runner/work/benchmarks/benchmarks/.ci/bent-run GOROOT=/opt/hostedtoolcache/go/1.26.2/x64/ BENT_BENCH=etcdctl BENT_CONFIG=LLGoFullLTONoGlobalDCE BENT_I=0 GOCACHE=/home/runner/work/benchmarks/benchmarks/.ci/bent-run/build-cache/runs/cache-3764529429/go-build XDG_CACHE_HOME=/home/runner/work/benchmarks/benchmarks/.ci/bent-run/build-cache/runs/cache-3764529429/xdg LocalAppData=/home/runner/work/benchmarks/benchmarks/.ci/bent-run/build-cache/runs/cache-3764529429/local-app-data /home/runner/work/benchmarks/benchmarks/.ci/bent-run/benchsize /home/runner/work/benchmarks/benchmarks/.ci/bent-run/testbin/etcdctl_LLGoFullLTONoGlobalDCE Etcdctl )
goos: linux
goarch: amd64
pkg:
Unit total-bytes assume=exact
BenchmarkEtcdctl 1 20998616 total-bytes
Unit text-bytes assume=exact
BenchmarkEtcdctl 1 7090978 text-bytes
Unit data-bytes assume=exact
BenchmarkEtcdctl 1 7520632 data-bytes
Unit rodata-bytes assume=exact
BenchmarkEtcdctl 1 6986544 rodata-bytes
Unit pclntab-bytes assume=exact
BenchmarkEtcdctl 1 0 pclntab-bytes
Unit debug-bytes assume=exact
BenchmarkEtcdctl 1 0 debug-bytes

rm -rf /home/runner/work/benchmarks/benchmarks/.ci/bent-run/gopath/bin
(cd /home/runner/work/benchmarks/benchmarks/.ci/bent-run/build/aws_restjson_v1; LLGO_COMMITTED_AT=2026-09-17T18:45:12+08:00 LLGO_BUILD_GO_VERSION=1.27.0 LLGO_BIN=/home/runner/work/benchmarks/benchmarks/.ci/llgo/llgo BENT_TIMING_LOG=/home/runner/work/benchmarks/benchmarks/.ci/bent-run/download-timings.log GOROOT_1_25_X64=/opt/hostedtoolcache/go/1.25.14/x64 LLGO_MAIN_INDEX=1663 LLGO_COMMIT=cc16553ba9d03cc36037140f2bceb6644d3094f6 GO_VERSION=1.26.2 LLGO_REPOSITORY=xgo-dev/llgo GOROOT_1_24_X64=/opt/hostedtoolcache/go/1.24.13/x64 GOROOT_1_26_X64=/opt/hostedtoolcache/go/1.26.8/x64 BENT_REAL_GO=/opt/hostedtoolcache/go/1.26.2/x64/bin/go LLGO_ROOT=/home/runner/work/benchmarks/benchmarks/.ci/llgo LLGO_LTO_PLUGIN=/home/runner/work/benchmarks/benchmarks/.ci/llgo/ltoplugin/build/LLGOLTOPlugin.so GOPATH=/home/runner/work/benchmarks/benchmarks/.ci/bent-run/gopath GOOS=linux GOARCH=amd64 GO111MODULE=auto ROOT=/home/runner/work/benchmarks/benchmarks/.ci/bent-run GOROOT=/opt/hostedtoolcache/go/1.26.2/x64/ BENT_BENCH=aws_restjson BENT_CONFIG=LLGoDeadcodeDrop BENT_I=0 GOCACHE=/home/runner/work/benchmarks/benchmarks/.ci/bent-run/build-cache/runs/cache-2582495837/go-build XDG_CACHE_HOME=/home/runner/work/benchmarks/benchmarks/.ci/bent-run/build-cache/runs/cache-2582495837/xdg LocalAppData=/home/runner/work/benchmarks/benchmarks/.ci/bent-run/build-cache/runs/cache-2582495837/local-app-data /home/runner/work/benchmarks/benchmarks/.ci/llgo/llgo test -c -o /home/runner/work/benchmarks/benchmarks/.ci/bent-run/testbin/aws_restjson_v1_LLGoDeadcodeDrop -deadcodedrop github.com/aws/aws-sdk-go/private/protocol/restjson )
goarch: amd64
toolchain: LLGoDeadcodeDrop
BenchmarkAws_restjson 1 69047793308 build-real-ns/op 107907099000 build-user-ns/op 1928791000 build-sys-ns/op
toolchain: LLGoDeadcodeDrop
( LLGO_COMMITTED_AT=2026-09-17T18:45:12+08:00 LLGO_BUILD_GO_VERSION=1.27.0 LLGO_BIN=/home/runner/work/benchmarks/benchmarks/.ci/llgo/llgo BENT_TIMING_LOG=/home/runner/work/benchmarks/benchmarks/.ci/bent-run/download-timings.log GOROOT_1_25_X64=/opt/hostedtoolcache/go/1.25.14/x64 LLGO_MAIN_INDEX=1663 LLGO_COMMIT=cc16553ba9d03cc36037140f2bceb6644d3094f6 GO_VERSION=1.26.2 LLGO_REPOSITORY=xgo-dev/llgo GOROOT_1_24_X64=/opt/hostedtoolcache/go/1.24.13/x64 GOROOT_1_26_X64=/opt/hostedtoolcache/go/1.26.8/x64 BENT_REAL_GO=/opt/hostedtoolcache/go/1.26.2/x64/bin/go LLGO_ROOT=/home/runner/work/benchmarks/benchmarks/.ci/llgo LLGO_LTO_PLUGIN=/home/runner/work/benchmarks/benchmarks/.ci/llgo/ltoplugin/build/LLGOLTOPlugin.so GOPATH=/home/runner/work/benchmarks/benchmarks/.ci/bent-run/gopath GOOS=linux GOARCH=amd64 GO111MODULE=auto ROOT=/home/runner/work/benchmarks/benchmarks/.ci/bent-run GOROOT=/opt/hostedtoolcache/go/1.26.2/x64/ BENT_BENCH=aws_restjson BENT_CONFIG=LLGoDeadcodeDrop BENT_I=0 GOCACHE=/home/runner/work/benchmarks/benchmarks/.ci/bent-run/build-cache/runs/cache-2582495837/go-build XDG_CACHE_HOME=/home/runner/work/benchmarks/benchmarks/.ci/bent-run/build-cache/runs/cache-2582495837/xdg LocalAppData=/home/runner/work/benchmarks/benchmarks/.ci/bent-run/build-cache/runs/cache-2582495837/local-app-data /home/runner/work/benchmarks/benchmarks/.ci/bent-run/benchsize /home/runner/work/benchmarks/benchmarks/.ci/bent-run/testbin/aws_restjson_v1_LLGoDeadcodeDrop Aws_restjson )
goos: linux
goarch: amd64
pkg:
Unit total-bytes assume=exact
BenchmarkAws_restjson 1 10536496 total-bytes
Unit text-bytes assume=exact
BenchmarkAws_restjson 1 3712167 text-bytes
Unit data-bytes assume=exact
BenchmarkAws_restjson 1 4024760 data-bytes
Unit rodata-bytes assume=exact
BenchmarkAws_restjson 1 2332352 rodata-bytes
Unit pclntab-bytes assume=exact
BenchmarkAws_restjson 1 0 pclntab-bytes
Unit debug-bytes assume=exact
BenchmarkAws_restjson 1 0 debug-bytes

rm -rf /home/runner/work/benchmarks/benchmarks/.ci/bent-run/gopath/bin
(cd /home/runner/work/benchmarks/benchmarks/.ci/bent-run/build/gorm_schema; LLGO_COMMITTED_AT=2026-09-17T18:45:12+08:00 LLGO_BUILD_GO_VERSION=1.27.0 LLGO_BIN=/home/runner/work/benchmarks/benchmarks/.ci/llgo/llgo BENT_TIMING_LOG=/home/runner/work/benchmarks/benchmarks/.ci/bent-run/download-timings.log GOROOT_1_25_X64=/opt/hostedtoolcache/go/1.25.14/x64 LLGO_MAIN_INDEX=1663 LLGO_COMMIT=cc16553ba9d03cc36037140f2bceb6644d3094f6 GO_VERSION=1.26.2 LLGO_REPOSITORY=xgo-dev/llgo GOROOT_1_24_X64=/opt/hostedtoolcache/go/1.24.13/x64 GOROOT_1_26_X64=/opt/hostedtoolcache/go/1.26.8/x64 BENT_REAL_GO=/opt/hostedtoolcache/go/1.26.2/x64/bin/go LLGO_ROOT=/home/runner/work/benchmarks/benchmarks/.ci/llgo LLGO_LTO_PLUGIN=/home/runner/work/benchmarks/benchmarks/.ci/llgo/ltoplugin/build/LLGOLTOPlugin.so GOPATH=/home/runner/work/benchmarks/benchmarks/.ci/bent-run/gopath GOOS=linux GOARCH=amd64 GO111MODULE=auto ROOT=/home/runner/work/benchmarks/benchmarks/.ci/bent-run GOROOT=/home/runner/work/benchmarks/benchmarks/.ci/bent-run/goroots/Go BENT_BENCH=gorm_schema BENT_CONFIG=Go BENT_I=0 GOCACHE=/home/runner/work/benchmarks/benchmarks/.ci/bent-run/build-cache/runs/cache-1116041079/go-build XDG_CACHE_HOME=/home/runner/work/benchmarks/benchmarks/.ci/bent-run/build-cache/runs/cache-1116041079/xdg LocalAppData=/home/runner/work/benchmarks/benchmarks/.ci/bent-run/build-cache/runs/cache-1116041079/local-app-data /home/runner/work/benchmarks/benchmarks/.ci/bent-run/goroots/Go/bin/go test -vet=off -c -o /home/runner/work/benchmarks/benchmarks/.ci/bent-run/testbin/gorm_schema_Go gorm.io/gorm/schema )
goarch: amd64
toolchain: Go
BenchmarkGorm_schema 1 2138788999 build-real-ns/op 5075320000 build-user-ns/op 424710000 build-sys-ns/op
toolchain: Go
( LLGO_COMMITTED_AT=2026-09-17T18:45:12+08:00 LLGO_BUILD_GO_VERSION=1.27.0 LLGO_BIN=/home/runner/work/benchmarks/benchmarks/.ci/llgo/llgo BENT_TIMING_LOG=/home/runner/work/benchmarks/benchmarks/.ci/bent-run/download-timings.log GOROOT_1_25_X64=/opt/hostedtoolcache/go/1.25.14/x64 LLGO_MAIN_INDEX=1663 LLGO_COMMIT=cc16553ba9d03cc36037140f2bceb6644d3094f6 GO_VERSION=1.26.2 LLGO_REPOSITORY=xgo-dev/llgo GOROOT_1_24_X64=/opt/hostedtoolcache/go/1.24.13/x64 GOROOT_1_26_X64=/opt/hostedtoolcache/go/1.26.8/x64 BENT_REAL_GO=/opt/hostedtoolcache/go/1.26.2/x64/bin/go LLGO_ROOT=/home/runner/work/benchmarks/benchmarks/.ci/llgo LLGO_LTO_PLUGIN=/home/runner/work/benchmarks/benchmarks/.ci/llgo/ltoplugin/build/LLGOLTOPlugin.so GOPATH=/home/runner/work/benchmarks/benchmarks/.ci/bent-run/gopath GOOS=linux GOARCH=amd64 GO111MODULE=auto ROOT=/home/runner/work/benchmarks/benchmarks/.ci/bent-run GOROOT=/home/runner/work/benchmarks/benchmarks/.ci/bent-run/goroots/Go BENT_BENCH=gorm_schema BENT_CONFIG=Go BENT_I=0 GOCACHE=/home/runner/work/benchmarks/benchmarks/.ci/bent-run/build-cache/runs/cache-1116041079/go-build XDG_CACHE_HOME=/home/runner/work/benchmarks/benchmarks/.ci/bent-run/build-cache/runs/cache-1116041079/xdg LocalAppData=/home/runner/work/benchmarks/benchmarks/.ci/bent-run/build-cache/runs/cache-1116041079/local-app-data /home/runner/work/benchmarks/benchmarks/.ci/bent-run/benchsize /home/runner/work/benchmarks/benchmarks/.ci/bent-run/testbin/gorm_schema_Go Gorm_schema )
goos: linux
goarch: amd64
pkg:
Unit total-bytes assume=exact
BenchmarkGorm_schema 1 9421683 total-bytes
Unit text-bytes assume=exact
BenchmarkGorm_schema 1 3020785 text-bytes
Unit data-bytes assume=exact
BenchmarkGorm_schema 1 1135284 data-bytes
Unit rodata-bytes assume=exact
BenchmarkGorm_schema 1 883937 rodata-bytes
Unit pclntab-bytes assume=exact
BenchmarkGorm_schema 1 2425080 pclntab-bytes
Unit debug-bytes assume=exact
BenchmarkGorm_schema 1 2007428 debug-bytes

rm -rf /home/runner/work/benchmarks/benchmarks/.ci/bent-run/gopath/bin
(cd /home/runner/work/benchmarks/benchmarks/.ci/bent-run/build/toml; LLGO_COMMITTED_AT=2026-09-17T18:45:12+08:00 LLGO_BUILD_GO_VERSION=1.27.0 LLGO_BIN=/home/runner/work/benchmarks/benchmarks/.ci/llgo/llgo BENT_TIMING_LOG=/home/runner/work/benchmarks/benchmarks/.ci/bent-run/download-timings.log GOROOT_1_25_X64=/opt/hostedtoolcache/go/1.25.14/x64 LLGO_MAIN_INDEX=1663 LLGO_COMMIT=cc16553ba9d03cc36037140f2bceb6644d3094f6 GO_VERSION=1.26.2 LLGO_REPOSITORY=xgo-dev/llgo GOROOT_1_24_X64=/opt/hostedtoolcache/go/1.24.13/x64 GOROOT_1_26_X64=/opt/hostedtoolcache/go/1.26.8/x64 BENT_REAL_GO=/opt/hostedtoolcache/go/1.26.2/x64/bin/go LLGO_ROOT=/home/runner/work/benchmarks/benchmarks/.ci/llgo LLGO_LTO_PLUGIN=/home/runner/work/benchmarks/benchmarks/.ci/llgo/ltoplugin/build/LLGOLTOPlugin.so GOPATH=/home/runner/work/benchmarks/benchmarks/.ci/bent-run/gopath GOOS=linux GOARCH=amd64 GO111MODULE=auto ROOT=/home/runner/work/benchmarks/benchmarks/.ci/bent-run GOROOT=/opt/hostedtoolcache/go/1.26.2/x64/ BENT_BENCH=toml BENT_CONFIG=LLGoDeadcodeDrop BENT_I=0 GOCACHE=/home/runner/work/benchmarks/benchmarks/.ci/bent-run/build-cache/runs/cache-1285768101/go-build XDG_CACHE_HOME=/home/runner/work/benchmarks/benchmarks/.ci/bent-run/build-cache/runs/cache-1285768101/xdg LocalAppData=/home/runner/work/benchmarks/benchmarks/.ci/bent-run/build-cache/runs/cache-1285768101/local-app-data /home/runner/work/benchmarks/benchmarks/.ci/llgo/llgo test -c -o /home/runner/work/benchmarks/benchmarks/.ci/bent-run/testbin/toml_LLGoDeadcodeDrop -deadcodedrop github.com/BurntSushi/toml )
goarch: amd64
toolchain: LLGoDeadcodeDrop
BenchmarkToml 1 8745183761 build-real-ns/op 22170726000 build-user-ns/op 1073300000 build-sys-ns/op
toolchain: LLGoDeadcodeDrop
( LLGO_COMMITTED_AT=2026-09-17T18:45:12+08:00 LLGO_BUILD_GO_VERSION=1.27.0 LLGO_BIN=/home/runner/work/benchmarks/benchmarks/.ci/llgo/llgo BENT_TIMING_LOG=/home/runner/work/benchmarks/benchmarks/.ci/bent-run/download-timings.log GOROOT_1_25_X64=/opt/hostedtoolcache/go/1.25.14/x64 LLGO_MAIN_INDEX=1663 LLGO_COMMIT=cc16553ba9d03cc36037140f2bceb6644d3094f6 GO_VERSION=1.26.2 LLGO_REPOSITORY=xgo-dev/llgo GOROOT_1_24_X64=/opt/hostedtoolcache/go/1.24.13/x64 GOROOT_1_26_X64=/opt/hostedtoolcache/go/1.26.8/x64 BENT_REAL_GO=/opt/hostedtoolcache/go/1.26.2/x64/bin/go LLGO_ROOT=/home/runner/work/benchmarks/benchmarks/.ci/llgo LLGO_LTO_PLUGIN=/home/runner/work/benchmarks/benchmarks/.ci/llgo/ltoplugin/build/LLGOLTOPlugin.so GOPATH=/home/runner/work/benchmarks/benchmarks/.ci/bent-run/gopath GOOS=linux GOARCH=amd64 GO111MODULE=auto ROOT=/home/runner/work/benchmarks/benchmarks/.ci/bent-run GOROOT=/opt/hostedtoolcache/go/1.26.2/x64/ BENT_BENCH=toml BENT_CONFIG=LLGoDeadcodeDrop BENT_I=0 GOCACHE=/home/runner/work/benchmarks/benchmarks/.ci/bent-run/build-cache/runs/cache-1285768101/go-build XDG_CACHE_HOME=/home/runner/work/benchmarks/benchmarks/.ci/bent-run/build-cache/runs/cache-1285768101/xdg LocalAppData=/home/runner/work/benchmarks/benchmarks/.ci/bent-run/build-cache/runs/cache-1285768101/local-app-data /home/runner/work/benchmarks/benchmarks/.ci/bent-run/benchsize /home/runner/work/benchmarks/benchmarks/.ci/bent-run/testbin/toml_LLGoDeadcodeDrop Toml )
goos: linux
goarch: amd64
pkg:
Unit total-bytes assume=exact
BenchmarkToml 1 5056288 total-bytes
Unit text-bytes assume=exact
BenchmarkToml 1 1633026 text-bytes
Unit data-bytes assume=exact
BenchmarkToml 1 2080048 data-bytes
Unit rodata-bytes assume=exact
BenchmarkToml 1 1286544 rodata-bytes
Unit pclntab-bytes assume=exact
BenchmarkToml 1 0 pclntab-bytes
Unit debug-bytes assume=exact
BenchmarkToml 1 0 debug-bytes

rm -rf /home/runner/work/benchmarks/benchmarks/.ci/bent-run/gopath/bin
(cd /home/runner/work/benchmarks/benchmarks/.ci/bent-run/build/uber_zap; LLGO_COMMITTED_AT=2026-09-17T18:45:12+08:00 LLGO_BUILD_GO_VERSION=1.27.0 LLGO_BIN=/home/runner/work/benchmarks/benchmarks/.ci/llgo/llgo BENT_TIMING_LOG=/home/runner/work/benchmarks/benchmarks/.ci/bent-run/download-timings.log GOROOT_1_25_X64=/opt/hostedtoolcache/go/1.25.14/x64 LLGO_MAIN_INDEX=1663 LLGO_COMMIT=cc16553ba9d03cc36037140f2bceb6644d3094f6 GO_VERSION=1.26.2 LLGO_REPOSITORY=xgo-dev/llgo GOROOT_1_24_X64=/opt/hostedtoolcache/go/1.24.13/x64 GOROOT_1_26_X64=/opt/hostedtoolcache/go/1.26.8/x64 BENT_REAL_GO=/opt/hostedtoolcache/go/1.26.2/x64/bin/go LLGO_ROOT=/home/runner/work/benchmarks/benchmarks/.ci/llgo LLGO_LTO_PLUGIN=/home/runner/work/benchmarks/benchmarks/.ci/llgo/ltoplugin/build/LLGOLTOPlugin.so GOPATH=/home/runner/work/benchmarks/benchmarks/.ci/bent-run/gopath GOOS=linux GOARCH=amd64 GO111MODULE=auto ROOT=/home/runner/work/benchmarks/benchmarks/.ci/bent-run GOROOT=/opt/hostedtoolcache/go/1.26.2/x64/ BENT_BENCH=uber_zap BENT_CONFIG=LLGoFullLTOGlobalDCEPlugin BENT_I=0 GOCACHE=/home/runner/work/benchmarks/benchmarks/.ci/bent-run/build-cache/runs/cache-3547148720/go-build XDG_CACHE_HOME=/home/runner/work/benchmarks/benchmarks/.ci/bent-run/build-cache/runs/cache-3547148720/xdg LocalAppData=/home/runner/work/benchmarks/benchmarks/.ci/bent-run/build-cache/runs/cache-3547148720/local-app-data /home/runner/work/benchmarks/benchmarks/.ci/llgo/llgo test -c -o /home/runner/work/benchmarks/benchmarks/.ci/bent-run/testbin/uber_zap_LLGoFullLTOGlobalDCEPlugin -lto=full -lto-pass-plugin=/home/runner/work/benchmarks/benchmarks/.ci/llgo/ltoplugin/build/LLGOLTOPlugin.so go.uber.org/zap/zapcore )
goarch: amd64
toolchain: LLGoFullLTOGlobalDCEPlugin
BenchmarkUber_zap 1 70713655003 build-real-ns/op 93692436000 build-user-ns/op 1911118000 build-sys-ns/op
toolchain: LLGoFullLTOGlobalDCEPlugin
( LLGO_COMMITTED_AT=2026-09-17T18:45:12+08:00 LLGO_BUILD_GO_VERSION=1.27.0 LLGO_BIN=/home/runner/work/benchmarks/benchmarks/.ci/llgo/llgo BENT_TIMING_LOG=/home/runner/work/benchmarks/benchmarks/.ci/bent-run/download-timings.log GOROOT_1_25_X64=/opt/hostedtoolcache/go/1.25.14/x64 LLGO_MAIN_INDEX=1663 LLGO_COMMIT=cc16553ba9d03cc36037140f2bceb6644d3094f6 GO_VERSION=1.26.2 LLGO_REPOSITORY=xgo-dev/llgo GOROOT_1_24_X64=/opt/hostedtoolcache/go/1.24.13/x64 GOROOT_1_26_X64=/opt/hostedtoolcache/go/1.26.8/x64 BENT_REAL_GO=/opt/hostedtoolcache/go/1.26.2/x64/bin/go LLGO_ROOT=/home/runner/work/benchmarks/benchmarks/.ci/llgo LLGO_LTO_PLUGIN=/home/runner/work/benchmarks/benchmarks/.ci/llgo/ltoplugin/build/LLGOLTOPlugin.so GOPATH=/home/runner/work/benchmarks/benchmarks/.ci/bent-run/gopath GOOS=linux GOARCH=amd64 GO111MODULE=auto ROOT=/home/runner/work/benchmarks/benchmarks/.ci/bent-run GOROOT=/opt/hostedtoolcache/go/1.26.2/x64/ BENT_BENCH=uber_zap BENT_CONFIG=LLGoFullLTOGlobalDCEPlugin BENT_I=0 GOCACHE=/home/runner/work/benchmarks/benchmarks/.ci/bent-run/build-cache/runs/cache-3547148720/go-build XDG_CACHE_HOME=/home/runner/work/benchmarks/benchmarks/.ci/bent-run/build-cache/runs/cache-3547148720/xdg LocalAppData=/home/runner/work/benchmarks/benchmarks/.ci/bent-run/build-cache/runs/cache-3547148720/local-app-data /home/runner/work/benchmarks/benchmarks/.ci/bent-run/benchsize /home/runner/work/benchmarks/benchmarks/.ci/bent-run/testbin/uber_zap_LLGoFullLTOGlobalDCEPlugin Uber_zap )
goos: linux
goarch: amd64
pkg:
Unit total-bytes assume=exact
BenchmarkUber_zap 1 9441856 total-bytes
Unit text-bytes assume=exact
BenchmarkUber_zap 1 3202184 text-bytes
Unit data-bytes assume=exact
BenchmarkUber_zap 1 3754384 data-bytes
Unit rodata-bytes assume=exact
BenchmarkUber_zap 1 3531136 rodata-bytes
Unit pclntab-bytes assume=exact
BenchmarkUber_zap 1 0 pclntab-bytes
Unit debug-bytes assume=exact
BenchmarkUber_zap 1 0 debug-bytes

rm -rf /home/runner/work/benchmarks/benchmarks/.ci/bent-run/gopath/bin
(cd /home/runner/work/benchmarks/benchmarks/.ci/bent-run/build/toml; LLGO_COMMITTED_AT=2026-09-17T18:45:12+08:00 LLGO_BUILD_GO_VERSION=1.27.0 LLGO_BIN=/home/runner/work/benchmarks/benchmarks/.ci/llgo/llgo BENT_TIMING_LOG=/home/runner/work/benchmarks/benchmarks/.ci/bent-run/download-timings.log GOROOT_1_25_X64=/opt/hostedtoolcache/go/1.25.14/x64 LLGO_MAIN_INDEX=1663 LLGO_COMMIT=cc16553ba9d03cc36037140f2bceb6644d3094f6 GO_VERSION=1.26.2 LLGO_REPOSITORY=xgo-dev/llgo GOROOT_1_24_X64=/opt/hostedtoolcache/go/1.24.13/x64 GOROOT_1_26_X64=/opt/hostedtoolcache/go/1.26.8/x64 BENT_REAL_GO=/opt/hostedtoolcache/go/1.26.2/x64/bin/go LLGO_ROOT=/home/runner/work/benchmarks/benchmarks/.ci/llgo LLGO_LTO_PLUGIN=/home/runner/work/benchmarks/benchmarks/.ci/llgo/ltoplugin/build/LLGOLTOPlugin.so GOPATH=/home/runner/work/benchmarks/benchmarks/.ci/bent-run/gopath GOOS=linux GOARCH=amd64 GO111MODULE=auto ROOT=/home/runner/work/benchmarks/benchmarks/.ci/bent-run GOROOT=/opt/hostedtoolcache/go/1.26.2/x64/ BENT_BENCH=toml BENT_CONFIG=LLGoFullLTOGlobalDCE BENT_I=0 GOCACHE=/home/runner/work/benchmarks/benchmarks/.ci/bent-run/build-cache/runs/cache-2312250814/go-build XDG_CACHE_HOME=/home/runner/work/benchmarks/benchmarks/.ci/bent-run/build-cache/runs/cache-2312250814/xdg LocalAppData=/home/runner/work/benchmarks/benchmarks/.ci/bent-run/build-cache/runs/cache-2312250814/local-app-data /home/runner/work/benchmarks/benchmarks/.ci/llgo/llgo test -c -o /home/runner/work/benchmarks/benchmarks/.ci/bent-run/testbin/toml_LLGoFullLTOGlobalDCE -lto=full github.com/BurntSushi/toml )
goarch: amd64
toolchain: LLGoFullLTOGlobalDCE
BenchmarkToml 1 28090154883 build-real-ns/op 38625832000 build-user-ns/op 1048340000 build-sys-ns/op
toolchain: LLGoFullLTOGlobalDCE
( LLGO_COMMITTED_AT=2026-09-17T18:45:12+08:00 LLGO_BUILD_GO_VERSION=1.27.0 LLGO_BIN=/home/runner/work/benchmarks/benchmarks/.ci/llgo/llgo BENT_TIMING_LOG=/home/runner/work/benchmarks/benchmarks/.ci/bent-run/download-timings.log GOROOT_1_25_X64=/opt/hostedtoolcache/go/1.25.14/x64 LLGO_MAIN_INDEX=1663 LLGO_COMMIT=cc16553ba9d03cc36037140f2bceb6644d3094f6 GO_VERSION=1.26.2 LLGO_REPOSITORY=xgo-dev/llgo GOROOT_1_24_X64=/opt/hostedtoolcache/go/1.24.13/x64 GOROOT_1_26_X64=/opt/hostedtoolcache/go/1.26.8/x64 BENT_REAL_GO=/opt/hostedtoolcache/go/1.26.2/x64/bin/go LLGO_ROOT=/home/runner/work/benchmarks/benchmarks/.ci/llgo LLGO_LTO_PLUGIN=/home/runner/work/benchmarks/benchmarks/.ci/llgo/ltoplugin/build/LLGOLTOPlugin.so GOPATH=/home/runner/work/benchmarks/benchmarks/.ci/bent-run/gopath GOOS=linux GOARCH=amd64 GO111MODULE=auto ROOT=/home/runner/work/benchmarks/benchmarks/.ci/bent-run GOROOT=/opt/hostedtoolcache/go/1.26.2/x64/ BENT_BENCH=toml BENT_CONFIG=LLGoFullLTOGlobalDCE BENT_I=0 GOCACHE=/home/runner/work/benchmarks/benchmarks/.ci/bent-run/build-cache/runs/cache-2312250814/go-build XDG_CACHE_HOME=/home/runner/work/benchmarks/benchmarks/.ci/bent-run/build-cache/runs/cache-2312250814/xdg LocalAppData=/home/runner/work/benchmarks/benchmarks/.ci/bent-run/build-cache/runs/cache-2312250814/local-app-data /home/runner/work/benchmarks/benchmarks/.ci/bent-run/benchsize /home/runner/work/benchmarks/benchmarks/.ci/bent-run/testbin/toml_LLGoFullLTOGlobalDCE Toml )
goos: linux
goarch: amd64
pkg:
Unit total-bytes assume=exact
BenchmarkToml 1 4928432 total-bytes
Unit text-bytes assume=exact
BenchmarkToml 1 1576731 text-bytes
Unit data-bytes assume=exact
BenchmarkToml 1 2083752 data-bytes
Unit rodata-bytes assume=exact
BenchmarkToml 1 1994656 rodata-bytes
Unit pclntab-bytes assume=exact
BenchmarkToml 1 0 pclntab-bytes
Unit debug-bytes assume=exact
BenchmarkToml 1 0 debug-bytes

rm -rf /home/runner/work/benchmarks/benchmarks/.ci/bent-run/gopath/bin
(cd /home/runner/work/benchmarks/benchmarks/.ci/bent-run/build/aws_restjson_v1; LLGO_COMMITTED_AT=2026-09-17T18:45:12+08:00 LLGO_BUILD_GO_VERSION=1.27.0 LLGO_BIN=/home/runner/work/benchmarks/benchmarks/.ci/llgo/llgo BENT_TIMING_LOG=/home/runner/work/benchmarks/benchmarks/.ci/bent-run/download-timings.log GOROOT_1_25_X64=/opt/hostedtoolcache/go/1.25.14/x64 LLGO_MAIN_INDEX=1663 LLGO_COMMIT=cc16553ba9d03cc36037140f2bceb6644d3094f6 GO_VERSION=1.26.2 LLGO_REPOSITORY=xgo-dev/llgo GOROOT_1_24_X64=/opt/hostedtoolcache/go/1.24.13/x64 GOROOT_1_26_X64=/opt/hostedtoolcache/go/1.26.8/x64 BENT_REAL_GO=/opt/hostedtoolcache/go/1.26.2/x64/bin/go LLGO_ROOT=/home/runner/work/benchmarks/benchmarks/.ci/llgo LLGO_LTO_PLUGIN=/home/runner/work/benchmarks/benchmarks/.ci/llgo/ltoplugin/build/LLGOLTOPlugin.so GOPATH=/home/runner/work/benchmarks/benchmarks/.ci/bent-run/gopath GOOS=linux GOARCH=amd64 GO111MODULE=auto ROOT=/home/runner/work/benchmarks/benchmarks/.ci/bent-run GOROOT=/home/runner/work/benchmarks/benchmarks/.ci/bent-run/goroots/Go BENT_BENCH=aws_restjson BENT_CONFIG=Go BENT_I=0 GOCACHE=/home/runner/work/benchmarks/benchmarks/.ci/bent-run/build-cache/runs/cache-1400921857/go-build XDG_CACHE_HOME=/home/runner/work/benchmarks/benchmarks/.ci/bent-run/build-cache/runs/cache-1400921857/xdg LocalAppData=/home/runner/work/benchmarks/benchmarks/.ci/bent-run/build-cache/runs/cache-1400921857/local-app-data /home/runner/work/benchmarks/benchmarks/.ci/bent-run/goroots/Go/bin/go test -vet=off -c -o /home/runner/work/benchmarks/benchmarks/.ci/bent-run/testbin/aws_restjson_v1_Go github.com/aws/aws-sdk-go/private/protocol/restjson )
goarch: amd64
toolchain: Go
BenchmarkAws_restjson 1 3068963287 build-real-ns/op 6704567000 build-user-ns/op 721242000 build-sys-ns/op
toolchain: Go
( LLGO_COMMITTED_AT=2026-09-17T18:45:12+08:00 LLGO_BUILD_GO_VERSION=1.27.0 LLGO_BIN=/home/runner/work/benchmarks/benchmarks/.ci/llgo/llgo BENT_TIMING_LOG=/home/runner/work/benchmarks/benchmarks/.ci/bent-run/download-timings.log GOROOT_1_25_X64=/opt/hostedtoolcache/go/1.25.14/x64 LLGO_MAIN_INDEX=1663 LLGO_COMMIT=cc16553ba9d03cc36037140f2bceb6644d3094f6 GO_VERSION=1.26.2 LLGO_REPOSITORY=xgo-dev/llgo GOROOT_1_24_X64=/opt/hostedtoolcache/go/1.24.13/x64 GOROOT_1_26_X64=/opt/hostedtoolcache/go/1.26.8/x64 BENT_REAL_GO=/opt/hostedtoolcache/go/1.26.2/x64/bin/go LLGO_ROOT=/home/runner/work/benchmarks/benchmarks/.ci/llgo LLGO_LTO_PLUGIN=/home/runner/work/benchmarks/benchmarks/.ci/llgo/ltoplugin/build/LLGOLTOPlugin.so GOPATH=/home/runner/work/benchmarks/benchmarks/.ci/bent-run/gopath GOOS=linux GOARCH=amd64 GO111MODULE=auto ROOT=/home/runner/work/benchmarks/benchmarks/.ci/bent-run GOROOT=/home/runner/work/benchmarks/benchmarks/.ci/bent-run/goroots/Go BENT_BENCH=aws_restjson BENT_CONFIG=Go BENT_I=0 GOCACHE=/home/runner/work/benchmarks/benchmarks/.ci/bent-run/build-cache/runs/cache-1400921857/go-build XDG_CACHE_HOME=/home/runner/work/benchmarks/benchmarks/.ci/bent-run/build-cache/runs/cache-1400921857/xdg LocalAppData=/home/runner/work/benchmarks/benchmarks/.ci/bent-run/build-cache/runs/cache-1400921857/local-app-data /home/runner/work/benchmarks/benchmarks/.ci/bent-run/benchsize /home/runner/work/benchmarks/benchmarks/.ci/bent-run/testbin/aws_restjson_v1_Go Aws_restjson )
goos: linux
goarch: amd64
pkg:
Unit total-bytes assume=exact
BenchmarkAws_restjson 1 14635492 total-bytes
Unit text-bytes assume=exact
BenchmarkAws_restjson 1 5291601 text-bytes
Unit data-bytes assume=exact
BenchmarkAws_restjson 1 1732332 data-bytes
Unit rodata-bytes assume=exact
BenchmarkAws_restjson 1 1341145 rodata-bytes
Unit pclntab-bytes assume=exact
BenchmarkAws_restjson 1 3738191 pclntab-bytes
Unit debug-bytes assume=exact
BenchmarkAws_restjson 1 2731179 debug-bytes

rm -rf /home/runner/work/benchmarks/benchmarks/.ci/bent-run/gopath/bin
(cd /home/runner/work/benchmarks/benchmarks/.ci/bent-run/build/uber_zap; LLGO_COMMITTED_AT=2026-09-17T18:45:12+08:00 LLGO_BUILD_GO_VERSION=1.27.0 LLGO_BIN=/home/runner/work/benchmarks/benchmarks/.ci/llgo/llgo BENT_TIMING_LOG=/home/runner/work/benchmarks/benchmarks/.ci/bent-run/download-timings.log GOROOT_1_25_X64=/opt/hostedtoolcache/go/1.25.14/x64 LLGO_MAIN_INDEX=1663 LLGO_COMMIT=cc16553ba9d03cc36037140f2bceb6644d3094f6 GO_VERSION=1.26.2 LLGO_REPOSITORY=xgo-dev/llgo GOROOT_1_24_X64=/opt/hostedtoolcache/go/1.24.13/x64 GOROOT_1_26_X64=/opt/hostedtoolcache/go/1.26.8/x64 BENT_REAL_GO=/opt/hostedtoolcache/go/1.26.2/x64/bin/go LLGO_ROOT=/home/runner/work/benchmarks/benchmarks/.ci/llgo LLGO_LTO_PLUGIN=/home/runner/work/benchmarks/benchmarks/.ci/llgo/ltoplugin/build/LLGOLTOPlugin.so GOPATH=/home/runner/work/benchmarks/benchmarks/.ci/bent-run/gopath GOOS=linux GOARCH=amd64 GO111MODULE=auto ROOT=/home/runner/work/benchmarks/benchmarks/.ci/bent-run GOROOT=/home/runner/work/benchmarks/benchmarks/.ci/bent-run/goroots/Go BENT_BENCH=uber_zap BENT_CONFIG=Go BENT_I=0 GOCACHE=/home/runner/work/benchmarks/benchmarks/.ci/bent-run/build-cache/runs/cache-2127733043/go-build XDG_CACHE_HOME=/home/runner/work/benchmarks/benchmarks/.ci/bent-run/build-cache/runs/cache-2127733043/xdg LocalAppData=/home/runner/work/benchmarks/benchmarks/.ci/bent-run/build-cache/runs/cache-2127733043/local-app-data /home/runner/work/benchmarks/benchmarks/.ci/bent-run/goroots/Go/bin/go test -vet=off -c -o /home/runner/work/benchmarks/benchmarks/.ci/bent-run/testbin/uber_zap_Go go.uber.org/zap/zapcore )
goarch: amd64
toolchain: Go
BenchmarkUber_zap 1 1982542947 build-real-ns/op 4598969000 build-user-ns/op 488795000 build-sys-ns/op
toolchain: Go
( LLGO_COMMITTED_AT=2026-09-17T18:45:12+08:00 LLGO_BUILD_GO_VERSION=1.27.0 LLGO_BIN=/home/runner/work/benchmarks/benchmarks/.ci/llgo/llgo BENT_TIMING_LOG=/home/runner/work/benchmarks/benchmarks/.ci/bent-run/download-timings.log GOROOT_1_25_X64=/opt/hostedtoolcache/go/1.25.14/x64 LLGO_MAIN_INDEX=1663 LLGO_COMMIT=cc16553ba9d03cc36037140f2bceb6644d3094f6 GO_VERSION=1.26.2 LLGO_REPOSITORY=xgo-dev/llgo GOROOT_1_24_X64=/opt/hostedtoolcache/go/1.24.13/x64 GOROOT_1_26_X64=/opt/hostedtoolcache/go/1.26.8/x64 BENT_REAL_GO=/opt/hostedtoolcache/go/1.26.2/x64/bin/go LLGO_ROOT=/home/runner/work/benchmarks/benchmarks/.ci/llgo LLGO_LTO_PLUGIN=/home/runner/work/benchmarks/benchmarks/.ci/llgo/ltoplugin/build/LLGOLTOPlugin.so GOPATH=/home/runner/work/benchmarks/benchmarks/.ci/bent-run/gopath GOOS=linux GOARCH=amd64 GO111MODULE=auto ROOT=/home/runner/work/benchmarks/benchmarks/.ci/bent-run GOROOT=/home/runner/work/benchmarks/benchmarks/.ci/bent-run/goroots/Go BENT_BENCH=uber_zap BENT_CONFIG=Go BENT_I=0 GOCACHE=/home/runner/work/benchmarks/benchmarks/.ci/bent-run/build-cache/runs/cache-2127733043/go-build XDG_CACHE_HOME=/home/runner/work/benchmarks/benchmarks/.ci/bent-run/build-cache/runs/cache-2127733043/xdg LocalAppData=/home/runner/work/benchmarks/benchmarks/.ci/bent-run/build-cache/runs/cache-2127733043/local-app-data /home/runner/work/benchmarks/benchmarks/.ci/bent-run/benchsize /home/runner/work/benchmarks/benchmarks/.ci/bent-run/testbin/uber_zap_Go Uber_zap )
goos: linux
goarch: amd64
pkg:
Unit total-bytes assume=exact
BenchmarkUber_zap 1 10024992 total-bytes
Unit text-bytes assume=exact
BenchmarkUber_zap 1 3188785 text-bytes
Unit data-bytes assume=exact
BenchmarkUber_zap 1 1281612 data-bytes
Unit rodata-bytes assume=exact
BenchmarkUber_zap 1 914713 rodata-bytes
Unit pclntab-bytes assume=exact
BenchmarkUber_zap 1 2515781 pclntab-bytes
Unit debug-bytes assume=exact
BenchmarkUber_zap 1 2158037 debug-bytes

rm -rf /home/runner/work/benchmarks/benchmarks/.ci/bent-run/gopath/bin
(cd /home/runner/work/benchmarks/benchmarks/.ci/bent-run/build/aws_restjson_v1; LLGO_COMMITTED_AT=2026-09-17T18:45:12+08:00 LLGO_BUILD_GO_VERSION=1.27.0 LLGO_BIN=/home/runner/work/benchmarks/benchmarks/.ci/llgo/llgo BENT_TIMING_LOG=/home/runner/work/benchmarks/benchmarks/.ci/bent-run/download-timings.log GOROOT_1_25_X64=/opt/hostedtoolcache/go/1.25.14/x64 LLGO_MAIN_INDEX=1663 LLGO_COMMIT=cc16553ba9d03cc36037140f2bceb6644d3094f6 GO_VERSION=1.26.2 LLGO_REPOSITORY=xgo-dev/llgo GOROOT_1_24_X64=/opt/hostedtoolcache/go/1.24.13/x64 GOROOT_1_26_X64=/opt/hostedtoolcache/go/1.26.8/x64 BENT_REAL_GO=/opt/hostedtoolcache/go/1.26.2/x64/bin/go LLGO_ROOT=/home/runner/work/benchmarks/benchmarks/.ci/llgo LLGO_LTO_PLUGIN=/home/runner/work/benchmarks/benchmarks/.ci/llgo/ltoplugin/build/LLGOLTOPlugin.so GOPATH=/home/runner/work/benchmarks/benchmarks/.ci/bent-run/gopath GOOS=linux GOARCH=amd64 GO111MODULE=auto ROOT=/home/runner/work/benchmarks/benchmarks/.ci/bent-run GOROOT=/opt/hostedtoolcache/go/1.26.2/x64/ BENT_BENCH=aws_restjson BENT_CONFIG=LLGoFullLTONoGlobalDCE BENT_I=0 GOCACHE=/home/runner/work/benchmarks/benchmarks/.ci/bent-run/build-cache/runs/cache-1646765355/go-build XDG_CACHE_HOME=/home/runner/work/benchmarks/benchmarks/.ci/bent-run/build-cache/runs/cache-1646765355/xdg LocalAppData=/home/runner/work/benchmarks/benchmarks/.ci/bent-run/build-cache/runs/cache-1646765355/local-app-data /home/runner/work/benchmarks/benchmarks/.ci/llgo/llgo test -c -o /home/runner/work/benchmarks/benchmarks/.ci/bent-run/testbin/aws_restjson_v1_LLGoFullLTONoGlobalDCE -lto=full -globaldce=false github.com/aws/aws-sdk-go/private/protocol/restjson )
goarch: amd64
toolchain: LLGoFullLTONoGlobalDCE
BenchmarkAws_restjson 1 133248283505 build-real-ns/op 164944165000 build-user-ns/op 2308328000 build-sys-ns/op
toolchain: LLGoFullLTONoGlobalDCE
( LLGO_COMMITTED_AT=2026-09-17T18:45:12+08:00 LLGO_BUILD_GO_VERSION=1.27.0 LLGO_BIN=/home/runner/work/benchmarks/benchmarks/.ci/llgo/llgo BENT_TIMING_LOG=/home/runner/work/benchmarks/benchmarks/.ci/bent-run/download-timings.log GOROOT_1_25_X64=/opt/hostedtoolcache/go/1.25.14/x64 LLGO_MAIN_INDEX=1663 LLGO_COMMIT=cc16553ba9d03cc36037140f2bceb6644d3094f6 GO_VERSION=1.26.2 LLGO_REPOSITORY=xgo-dev/llgo GOROOT_1_24_X64=/opt/hostedtoolcache/go/1.24.13/x64 GOROOT_1_26_X64=/opt/hostedtoolcache/go/1.26.8/x64 BENT_REAL_GO=/opt/hostedtoolcache/go/1.26.2/x64/bin/go LLGO_ROOT=/home/runner/work/benchmarks/benchmarks/.ci/llgo LLGO_LTO_PLUGIN=/home/runner/work/benchmarks/benchmarks/.ci/llgo/ltoplugin/build/LLGOLTOPlugin.so GOPATH=/home/runner/work/benchmarks/benchmarks/.ci/bent-run/gopath GOOS=linux GOARCH=amd64 GO111MODULE=auto ROOT=/home/runner/work/benchmarks/benchmarks/.ci/bent-run GOROOT=/opt/hostedtoolcache/go/1.26.2/x64/ BENT_BENCH=aws_restjson BENT_CONFIG=LLGoFullLTONoGlobalDCE BENT_I=0 GOCACHE=/home/runner/work/benchmarks/benchmarks/.ci/bent-run/build-cache/runs/cache-1646765355/go-build XDG_CACHE_HOME=/home/runner/work/benchmarks/benchmarks/.ci/bent-run/build-cache/runs/cache-1646765355/xdg LocalAppData=/home/runner/work/benchmarks/benchmarks/.ci/bent-run/build-cache/runs/cache-1646765355/local-app-data /home/runner/work/benchmarks/benchmarks/.ci/bent-run/benchsize /home/runner/work/benchmarks/benchmarks/.ci/bent-run/testbin/aws_restjson_v1_LLGoFullLTONoGlobalDCE Aws_restjson )
goos: linux
goarch: amd64
pkg:
Unit total-bytes assume=exact
BenchmarkAws_restjson 1 12255864 total-bytes
Unit text-bytes assume=exact
BenchmarkAws_restjson 1 4692861 text-bytes
Unit data-bytes assume=exact
BenchmarkAws_restjson 1 4068392 data-bytes
Unit rodata-bytes assume=exact
BenchmarkAws_restjson 1 3846168 rodata-bytes
Unit pclntab-bytes assume=exact
BenchmarkAws_restjson 1 0 pclntab-bytes
Unit debug-bytes assume=exact
BenchmarkAws_restjson 1 0 debug-bytes

rm -rf /home/runner/work/benchmarks/benchmarks/.ci/bent-run/gopath/bin
(cd /home/runner/work/benchmarks/benchmarks/.ci/bent-run/build/dustin_humanize; LLGO_COMMITTED_AT=2026-09-17T18:45:12+08:00 LLGO_BUILD_GO_VERSION=1.27.0 LLGO_BIN=/home/runner/work/benchmarks/benchmarks/.ci/llgo/llgo BENT_TIMING_LOG=/home/runner/work/benchmarks/benchmarks/.ci/bent-run/download-timings.log GOROOT_1_25_X64=/opt/hostedtoolcache/go/1.25.14/x64 LLGO_MAIN_INDEX=1663 LLGO_COMMIT=cc16553ba9d03cc36037140f2bceb6644d3094f6 GO_VERSION=1.26.2 LLGO_REPOSITORY=xgo-dev/llgo GOROOT_1_24_X64=/opt/hostedtoolcache/go/1.24.13/x64 GOROOT_1_26_X64=/opt/hostedtoolcache/go/1.26.8/x64 BENT_REAL_GO=/opt/hostedtoolcache/go/1.26.2/x64/bin/go LLGO_ROOT=/home/runner/work/benchmarks/benchmarks/.ci/llgo LLGO_LTO_PLUGIN=/home/runner/work/benchmarks/benchmarks/.ci/llgo/ltoplugin/build/LLGOLTOPlugin.so GOPATH=/home/runner/work/benchmarks/benchmarks/.ci/bent-run/gopath GOOS=linux GOARCH=amd64 GO111MODULE=auto ROOT=/home/runner/work/benchmarks/benchmarks/.ci/bent-run GOROOT=/opt/hostedtoolcache/go/1.26.2/x64/ BENT_BENCH=dustin_humanize BENT_CONFIG=LLGoDeadcodeDrop BENT_I=0 GOCACHE=/home/runner/work/benchmarks/benchmarks/.ci/bent-run/build-cache/runs/cache-559211328/go-build XDG_CACHE_HOME=/home/runner/work/benchmarks/benchmarks/.ci/bent-run/build-cache/runs/cache-559211328/xdg LocalAppData=/home/runner/work/benchmarks/benchmarks/.ci/bent-run/build-cache/runs/cache-559211328/local-app-data /home/runner/work/benchmarks/benchmarks/.ci/llgo/llgo test -c -o /home/runner/work/benchmarks/benchmarks/.ci/bent-run/testbin/dustin_humanize_LLGoDeadcodeDrop -deadcodedrop github.com/dustin/go-humanize )
goarch: amd64
toolchain: LLGoDeadcodeDrop
BenchmarkDustin_humanize 1 5668788592 build-real-ns/op 12008060000 build-user-ns/op 802867000 build-sys-ns/op
toolchain: LLGoDeadcodeDrop
( LLGO_COMMITTED_AT=2026-09-17T18:45:12+08:00 LLGO_BUILD_GO_VERSION=1.27.0 LLGO_BIN=/home/runner/work/benchmarks/benchmarks/.ci/llgo/llgo BENT_TIMING_LOG=/home/runner/work/benchmarks/benchmarks/.ci/bent-run/download-timings.log GOROOT_1_25_X64=/opt/hostedtoolcache/go/1.25.14/x64 LLGO_MAIN_INDEX=1663 LLGO_COMMIT=cc16553ba9d03cc36037140f2bceb6644d3094f6 GO_VERSION=1.26.2 LLGO_REPOSITORY=xgo-dev/llgo GOROOT_1_24_X64=/opt/hostedtoolcache/go/1.24.13/x64 GOROOT_1_26_X64=/opt/hostedtoolcache/go/1.26.8/x64 BENT_REAL_GO=/opt/hostedtoolcache/go/1.26.2/x64/bin/go LLGO_ROOT=/home/runner/work/benchmarks/benchmarks/.ci/llgo LLGO_LTO_PLUGIN=/home/runner/work/benchmarks/benchmarks/.ci/llgo/ltoplugin/build/LLGOLTOPlugin.so GOPATH=/home/runner/work/benchmarks/benchmarks/.ci/bent-run/gopath GOOS=linux GOARCH=amd64 GO111MODULE=auto ROOT=/home/runner/work/benchmarks/benchmarks/.ci/bent-run GOROOT=/opt/hostedtoolcache/go/1.26.2/x64/ BENT_BENCH=dustin_humanize BENT_CONFIG=LLGoDeadcodeDrop BENT_I=0 GOCACHE=/home/runner/work/benchmarks/benchmarks/.ci/bent-run/build-cache/runs/cache-559211328/go-build XDG_CACHE_HOME=/home/runner/work/benchmarks/benchmarks/.ci/bent-run/build-cache/runs/cache-559211328/xdg LocalAppData=/home/runner/work/benchmarks/benchmarks/.ci/bent-run/build-cache/runs/cache-559211328/local-app-data /home/runner/work/benchmarks/benchmarks/.ci/bent-run/benchsize /home/runner/work/benchmarks/benchmarks/.ci/bent-run/testbin/dustin_humanize_LLGoDeadcodeDrop Dustin_humanize )
goos: linux
goarch: amd64
pkg:
Unit total-bytes assume=exact
BenchmarkDustin_humanize 1 3399752 total-bytes
Unit text-bytes assume=exact
BenchmarkDustin_humanize 1 988165 text-bytes
Unit data-bytes assume=exact
BenchmarkDustin_humanize 1 1501752 data-bytes
Unit rodata-bytes assume=exact
BenchmarkDustin_humanize 1 892048 rodata-bytes
Unit pclntab-bytes assume=exact
BenchmarkDustin_humanize 1 0 pclntab-bytes
Unit debug-bytes assume=exact
BenchmarkDustin_humanize 1 0 debug-bytes

rm -rf /home/runner/work/benchmarks/benchmarks/.ci/bent-run/gopath/bin
(cd /home/runner/work/benchmarks/benchmarks/.ci/bent-run/build/iXGo; LLGO_COMMITTED_AT=2026-09-17T18:45:12+08:00 LLGO_BUILD_GO_VERSION=1.27.0 LLGO_BIN=/home/runner/work/benchmarks/benchmarks/.ci/llgo/llgo BENT_TIMING_LOG=/home/runner/work/benchmarks/benchmarks/.ci/bent-run/download-timings.log GOROOT_1_25_X64=/opt/hostedtoolcache/go/1.25.14/x64 LLGO_MAIN_INDEX=1663 LLGO_COMMIT=cc16553ba9d03cc36037140f2bceb6644d3094f6 GO_VERSION=1.26.2 LLGO_REPOSITORY=xgo-dev/llgo GOROOT_1_24_X64=/opt/hostedtoolcache/go/1.24.13/x64 GOROOT_1_26_X64=/opt/hostedtoolcache/go/1.26.8/x64 BENT_REAL_GO=/opt/hostedtoolcache/go/1.26.2/x64/bin/go LLGO_ROOT=/home/runner/work/benchmarks/benchmarks/.ci/llgo LLGO_LTO_PLUGIN=/home/runner/work/benchmarks/benchmarks/.ci/llgo/ltoplugin/build/LLGOLTOPlugin.so GOPATH=/home/runner/work/benchmarks/benchmarks/.ci/bent-run/gopath GOOS=linux GOARCH=amd64 GO111MODULE=auto ROOT=/home/runner/work/benchmarks/benchmarks/.ci/bent-run GOROOT=/home/runner/work/benchmarks/benchmarks/.ci/bent-run/goroots/Go BENT_BENCH=iXGo BENT_CONFIG=Go BENT_I=0 GOCACHE=/home/runner/work/benchmarks/benchmarks/.ci/bent-run/build-cache/runs/cache-3343928157/go-build XDG_CACHE_HOME=/home/runner/work/benchmarks/benchmarks/.ci/bent-run/build-cache/runs/cache-3343928157/xdg LocalAppData=/home/runner/work/benchmarks/benchmarks/.ci/bent-run/build-cache/runs/cache-3343928157/local-app-data /home/runner/work/benchmarks/benchmarks/.ci/bent-run/goroots/Go/bin/go build -o /home/runner/work/benchmarks/benchmarks/.ci/bent-run/testbin/iXGo_Go github.com/goplus/ixgo/cmd/ixgo )
goarch: amd64
toolchain: Go
BenchmarkIXGo 1 21936533320 build-real-ns/op 72672305000 build-user-ns/op 5656476000 build-sys-ns/op
toolchain: Go
( LLGO_COMMITTED_AT=2026-09-17T18:45:12+08:00 LLGO_BUILD_GO_VERSION=1.27.0 LLGO_BIN=/home/runner/work/benchmarks/benchmarks/.ci/llgo/llgo BENT_TIMING_LOG=/home/runner/work/benchmarks/benchmarks/.ci/bent-run/download-timings.log GOROOT_1_25_X64=/opt/hostedtoolcache/go/1.25.14/x64 LLGO_MAIN_INDEX=1663 LLGO_COMMIT=cc16553ba9d03cc36037140f2bceb6644d3094f6 GO_VERSION=1.26.2 LLGO_REPOSITORY=xgo-dev/llgo GOROOT_1_24_X64=/opt/hostedtoolcache/go/1.24.13/x64 GOROOT_1_26_X64=/opt/hostedtoolcache/go/1.26.8/x64 BENT_REAL_GO=/opt/hostedtoolcache/go/1.26.2/x64/bin/go LLGO_ROOT=/home/runner/work/benchmarks/benchmarks/.ci/llgo LLGO_LTO_PLUGIN=/home/runner/work/benchmarks/benchmarks/.ci/llgo/ltoplugin/build/LLGOLTOPlugin.so GOPATH=/home/runner/work/benchmarks/benchmarks/.ci/bent-run/gopath GOOS=linux GOARCH=amd64 GO111MODULE=auto ROOT=/home/runner/work/benchmarks/benchmarks/.ci/bent-run GOROOT=/home/runner/work/benchmarks/benchmarks/.ci/bent-run/goroots/Go BENT_BENCH=iXGo BENT_CONFIG=Go BENT_I=0 GOCACHE=/home/runner/work/benchmarks/benchmarks/.ci/bent-run/build-cache/runs/cache-3343928157/go-build XDG_CACHE_HOME=/home/runner/work/benchmarks/benchmarks/.ci/bent-run/build-cache/runs/cache-3343928157/xdg LocalAppData=/home/runner/work/benchmarks/benchmarks/.ci/bent-run/build-cache/runs/cache-3343928157/local-app-data /home/runner/work/benchmarks/benchmarks/.ci/bent-run/benchsize /home/runner/work/benchmarks/benchmarks/.ci/bent-run/testbin/iXGo_Go IXGo )
goos: linux
goarch: amd64
pkg:
Unit total-bytes assume=exact
BenchmarkIXGo 1 47404136 total-bytes
Unit text-bytes assume=exact
BenchmarkIXGo 1 16239697 text-bytes
Unit data-bytes assume=exact
BenchmarkIXGo 1 4330556 data-bytes
Unit rodata-bytes assume=exact
BenchmarkIXGo 1 3648921 rodata-bytes
Unit pclntab-bytes assume=exact
BenchmarkIXGo 1 13082153 pclntab-bytes
Unit debug-bytes assume=exact
BenchmarkIXGo 1 8717939 debug-bytes

rm -rf /home/runner/work/benchmarks/benchmarks/.ci/bent-run/gopath/bin
(cd /home/runner/work/benchmarks/benchmarks/.ci/bent-run/build/toml; LLGO_COMMITTED_AT=2026-09-17T18:45:12+08:00 LLGO_BUILD_GO_VERSION=1.27.0 LLGO_BIN=/home/runner/work/benchmarks/benchmarks/.ci/llgo/llgo BENT_TIMING_LOG=/home/runner/work/benchmarks/benchmarks/.ci/bent-run/download-timings.log GOROOT_1_25_X64=/opt/hostedtoolcache/go/1.25.14/x64 LLGO_MAIN_INDEX=1663 LLGO_COMMIT=cc16553ba9d03cc36037140f2bceb6644d3094f6 GO_VERSION=1.26.2 LLGO_REPOSITORY=xgo-dev/llgo GOROOT_1_24_X64=/opt/hostedtoolcache/go/1.24.13/x64 GOROOT_1_26_X64=/opt/hostedtoolcache/go/1.26.8/x64 BENT_REAL_GO=/opt/hostedtoolcache/go/1.26.2/x64/bin/go LLGO_ROOT=/home/runner/work/benchmarks/benchmarks/.ci/llgo LLGO_LTO_PLUGIN=/home/runner/work/benchmarks/benchmarks/.ci/llgo/ltoplugin/build/LLGOLTOPlugin.so GOPATH=/home/runner/work/benchmarks/benchmarks/.ci/bent-run/gopath GOOS=linux GOARCH=amd64 GO111MODULE=auto ROOT=/home/runner/work/benchmarks/benchmarks/.ci/bent-run GOROOT=/opt/hostedtoolcache/go/1.26.2/x64/ BENT_BENCH=toml BENT_CONFIG=LLGoNoLTO BENT_I=0 GOCACHE=/home/runner/work/benchmarks/benchmarks/.ci/bent-run/build-cache/runs/cache-1002110189/go-build XDG_CACHE_HOME=/home/runner/work/benchmarks/benchmarks/.ci/bent-run/build-cache/runs/cache-1002110189/xdg LocalAppData=/home/runner/work/benchmarks/benchmarks/.ci/bent-run/build-cache/runs/cache-1002110189/local-app-data /home/runner/work/benchmarks/benchmarks/.ci/llgo/llgo test -c -o /home/runner/work/benchmarks/benchmarks/.ci/bent-run/testbin/toml_LLGoNoLTO github.com/BurntSushi/toml )
goarch: amd64
toolchain: LLGoNoLTO
BenchmarkToml 1 8419782562 build-real-ns/op 21194488000 build-user-ns/op 1000270000 build-sys-ns/op
toolchain: LLGoNoLTO
( LLGO_COMMITTED_AT=2026-09-17T18:45:12+08:00 LLGO_BUILD_GO_VERSION=1.27.0 LLGO_BIN=/home/runner/work/benchmarks/benchmarks/.ci/llgo/llgo BENT_TIMING_LOG=/home/runner/work/benchmarks/benchmarks/.ci/bent-run/download-timings.log GOROOT_1_25_X64=/opt/hostedtoolcache/go/1.25.14/x64 LLGO_MAIN_INDEX=1663 LLGO_COMMIT=cc16553ba9d03cc36037140f2bceb6644d3094f6 GO_VERSION=1.26.2 LLGO_REPOSITORY=xgo-dev/llgo GOROOT_1_24_X64=/opt/hostedtoolcache/go/1.24.13/x64 GOROOT_1_26_X64=/opt/hostedtoolcache/go/1.26.8/x64 BENT_REAL_GO=/opt/hostedtoolcache/go/1.26.2/x64/bin/go LLGO_ROOT=/home/runner/work/benchmarks/benchmarks/.ci/llgo LLGO_LTO_PLUGIN=/home/runner/work/benchmarks/benchmarks/.ci/llgo/ltoplugin/build/LLGOLTOPlugin.so GOPATH=/home/runner/work/benchmarks/benchmarks/.ci/bent-run/gopath GOOS=linux GOARCH=amd64 GO111MODULE=auto ROOT=/home/runner/work/benchmarks/benchmarks/.ci/bent-run GOROOT=/opt/hostedtoolcache/go/1.26.2/x64/ BENT_BENCH=toml BENT_CONFIG=LLGoNoLTO BENT_I=0 GOCACHE=/home/runner/work/benchmarks/benchmarks/.ci/bent-run/build-cache/runs/cache-1002110189/go-build XDG_CACHE_HOME=/home/runner/work/benchmarks/benchmarks/.ci/bent-run/build-cache/runs/cache-1002110189/xdg LocalAppData=/home/runner/work/benchmarks/benchmarks/.ci/bent-run/build-cache/runs/cache-1002110189/local-app-data /home/runner/work/benchmarks/benchmarks/.ci/bent-run/benchsize /home/runner/work/benchmarks/benchmarks/.ci/bent-run/testbin/toml_LLGoNoLTO Toml )
goos: linux
goarch: amd64
pkg:
Unit total-bytes assume=exact
BenchmarkToml 1 6196296 total-bytes
Unit text-bytes assume=exact
BenchmarkToml 1 2337966 text-bytes
Unit data-bytes assume=exact
BenchmarkToml 1 2109248 data-bytes
Unit rodata-bytes assume=exact
BenchmarkToml 1 1304504 rodata-bytes
Unit pclntab-bytes assume=exact
BenchmarkToml 1 0 pclntab-bytes
Unit debug-bytes assume=exact
BenchmarkToml 1 0 debug-bytes

rm -rf /home/runner/work/benchmarks/benchmarks/.ci/bent-run/gopath/bin
(cd /home/runner/work/benchmarks/benchmarks/.ci/bent-run/build/toml; LLGO_COMMITTED_AT=2026-09-17T18:45:12+08:00 LLGO_BUILD_GO_VERSION=1.27.0 LLGO_BIN=/home/runner/work/benchmarks/benchmarks/.ci/llgo/llgo BENT_TIMING_LOG=/home/runner/work/benchmarks/benchmarks/.ci/bent-run/download-timings.log GOROOT_1_25_X64=/opt/hostedtoolcache/go/1.25.14/x64 LLGO_MAIN_INDEX=1663 LLGO_COMMIT=cc16553ba9d03cc36037140f2bceb6644d3094f6 GO_VERSION=1.26.2 LLGO_REPOSITORY=xgo-dev/llgo GOROOT_1_24_X64=/opt/hostedtoolcache/go/1.24.13/x64 GOROOT_1_26_X64=/opt/hostedtoolcache/go/1.26.8/x64 BENT_REAL_GO=/opt/hostedtoolcache/go/1.26.2/x64/bin/go LLGO_ROOT=/home/runner/work/benchmarks/benchmarks/.ci/llgo LLGO_LTO_PLUGIN=/home/runner/work/benchmarks/benchmarks/.ci/llgo/ltoplugin/build/LLGOLTOPlugin.so GOPATH=/home/runner/work/benchmarks/benchmarks/.ci/bent-run/gopath GOOS=linux GOARCH=amd64 GO111MODULE=auto ROOT=/home/runner/work/benchmarks/benchmarks/.ci/bent-run GOROOT=/opt/hostedtoolcache/go/1.26.2/x64/ BENT_BENCH=toml BENT_CONFIG=LLGoFullLTONoGlobalDCE BENT_I=0 GOCACHE=/home/runner/work/benchmarks/benchmarks/.ci/bent-run/build-cache/runs/cache-3887754343/go-build XDG_CACHE_HOME=/home/runner/work/benchmarks/benchmarks/.ci/bent-run/build-cache/runs/cache-3887754343/xdg LocalAppData=/home/runner/work/benchmarks/benchmarks/.ci/bent-run/build-cache/runs/cache-3887754343/local-app-data /home/runner/work/benchmarks/benchmarks/.ci/llgo/llgo test -c -o /home/runner/work/benchmarks/benchmarks/.ci/bent-run/testbin/toml_LLGoFullLTONoGlobalDCE -lto=full -globaldce=false github.com/BurntSushi/toml )
goarch: amd64
toolchain: LLGoFullLTONoGlobalDCE
BenchmarkToml 1 35775914319 build-real-ns/op 45830033000 build-user-ns/op 1111506000 build-sys-ns/op
toolchain: LLGoFullLTONoGlobalDCE
( LLGO_COMMITTED_AT=2026-09-17T18:45:12+08:00 LLGO_BUILD_GO_VERSION=1.27.0 LLGO_BIN=/home/runner/work/benchmarks/benchmarks/.ci/llgo/llgo BENT_TIMING_LOG=/home/runner/work/benchmarks/benchmarks/.ci/bent-run/download-timings.log GOROOT_1_25_X64=/opt/hostedtoolcache/go/1.25.14/x64 LLGO_MAIN_INDEX=1663 LLGO_COMMIT=cc16553ba9d03cc36037140f2bceb6644d3094f6 GO_VERSION=1.26.2 LLGO_REPOSITORY=xgo-dev/llgo GOROOT_1_24_X64=/opt/hostedtoolcache/go/1.24.13/x64 GOROOT_1_26_X64=/opt/hostedtoolcache/go/1.26.8/x64 BENT_REAL_GO=/opt/hostedtoolcache/go/1.26.2/x64/bin/go LLGO_ROOT=/home/runner/work/benchmarks/benchmarks/.ci/llgo LLGO_LTO_PLUGIN=/home/runner/work/benchmarks/benchmarks/.ci/llgo/ltoplugin/build/LLGOLTOPlugin.so GOPATH=/home/runner/work/benchmarks/benchmarks/.ci/bent-run/gopath GOOS=linux GOARCH=amd64 GO111MODULE=auto ROOT=/home/runner/work/benchmarks/benchmarks/.ci/bent-run GOROOT=/opt/hostedtoolcache/go/1.26.2/x64/ BENT_BENCH=toml BENT_CONFIG=LLGoFullLTONoGlobalDCE BENT_I=0 GOCACHE=/home/runner/work/benchmarks/benchmarks/.ci/bent-run/build-cache/runs/cache-3887754343/go-build XDG_CACHE_HOME=/home/runner/work/benchmarks/benchmarks/.ci/bent-run/build-cache/runs/cache-3887754343/xdg LocalAppData=/home/runner/work/benchmarks/benchmarks/.ci/bent-run/build-cache/runs/cache-3887754343/local-app-data /home/runner/work/benchmarks/benchmarks/.ci/bent-run/benchsize /home/runner/work/benchmarks/benchmarks/.ci/bent-run/testbin/toml_LLGoFullLTONoGlobalDCE Toml )
goos: linux
goarch: amd64
pkg:
Unit total-bytes assume=exact
BenchmarkToml 1 5811424 total-bytes
Unit text-bytes assume=exact
BenchmarkToml 1 2153549 text-bytes
Unit data-bytes assume=exact
BenchmarkToml 1 2098928 data-bytes
Unit rodata-bytes assume=exact
BenchmarkToml 1 2009704 rodata-bytes
Unit pclntab-bytes assume=exact
BenchmarkToml 1 0 pclntab-bytes
Unit debug-bytes assume=exact
BenchmarkToml 1 0 debug-bytes

rm -rf /home/runner/work/benchmarks/benchmarks/.ci/bent-run/gopath/bin
(cd /home/runner/work/benchmarks/benchmarks/.ci/bent-run/build/toml; LLGO_COMMITTED_AT=2026-09-17T18:45:12+08:00 LLGO_BUILD_GO_VERSION=1.27.0 LLGO_BIN=/home/runner/work/benchmarks/benchmarks/.ci/llgo/llgo BENT_TIMING_LOG=/home/runner/work/benchmarks/benchmarks/.ci/bent-run/download-timings.log GOROOT_1_25_X64=/opt/hostedtoolcache/go/1.25.14/x64 LLGO_MAIN_INDEX=1663 LLGO_COMMIT=cc16553ba9d03cc36037140f2bceb6644d3094f6 GO_VERSION=1.26.2 LLGO_REPOSITORY=xgo-dev/llgo GOROOT_1_24_X64=/opt/hostedtoolcache/go/1.24.13/x64 GOROOT_1_26_X64=/opt/hostedtoolcache/go/1.26.8/x64 BENT_REAL_GO=/opt/hostedtoolcache/go/1.26.2/x64/bin/go LLGO_ROOT=/home/runner/work/benchmarks/benchmarks/.ci/llgo LLGO_LTO_PLUGIN=/home/runner/work/benchmarks/benchmarks/.ci/llgo/ltoplugin/build/LLGOLTOPlugin.so GOPATH=/home/runner/work/benchmarks/benchmarks/.ci/bent-run/gopath GOOS=linux GOARCH=amd64 GO111MODULE=auto ROOT=/home/runner/work/benchmarks/benchmarks/.ci/bent-run GOROOT=/opt/hostedtoolcache/go/1.26.2/x64/ BENT_BENCH=toml BENT_CONFIG=LLGoFullLTOGlobalDCEPlugin BENT_I=0 GOCACHE=/home/runner/work/benchmarks/benchmarks/.ci/bent-run/build-cache/runs/cache-81497974/go-build XDG_CACHE_HOME=/home/runner/work/benchmarks/benchmarks/.ci/bent-run/build-cache/runs/cache-81497974/xdg LocalAppData=/home/runner/work/benchmarks/benchmarks/.ci/bent-run/build-cache/runs/cache-81497974/local-app-data /home/runner/work/benchmarks/benchmarks/.ci/llgo/llgo test -c -o /home/runner/work/benchmarks/benchmarks/.ci/bent-run/testbin/toml_LLGoFullLTOGlobalDCEPlugin -lto=full -lto-pass-plugin=/home/runner/work/benchmarks/benchmarks/.ci/llgo/ltoplugin/build/LLGOLTOPlugin.so github.com/BurntSushi/toml )
goarch: amd64
toolchain: LLGoFullLTOGlobalDCEPlugin
BenchmarkToml 1 28358002656 build-real-ns/op 39390940000 build-user-ns/op 1080484000 build-sys-ns/op
toolchain: LLGoFullLTOGlobalDCEPlugin
( LLGO_COMMITTED_AT=2026-09-17T18:45:12+08:00 LLGO_BUILD_GO_VERSION=1.27.0 LLGO_BIN=/home/runner/work/benchmarks/benchmarks/.ci/llgo/llgo BENT_TIMING_LOG=/home/runner/work/benchmarks/benchmarks/.ci/bent-run/download-timings.log GOROOT_1_25_X64=/opt/hostedtoolcache/go/1.25.14/x64 LLGO_MAIN_INDEX=1663 LLGO_COMMIT=cc16553ba9d03cc36037140f2bceb6644d3094f6 GO_VERSION=1.26.2 LLGO_REPOSITORY=xgo-dev/llgo GOROOT_1_24_X64=/opt/hostedtoolcache/go/1.24.13/x64 GOROOT_1_26_X64=/opt/hostedtoolcache/go/1.26.8/x64 BENT_REAL_GO=/opt/hostedtoolcache/go/1.26.2/x64/bin/go LLGO_ROOT=/home/runner/work/benchmarks/benchmarks/.ci/llgo LLGO_LTO_PLUGIN=/home/runner/work/benchmarks/benchmarks/.ci/llgo/ltoplugin/build/LLGOLTOPlugin.so GOPATH=/home/runner/work/benchmarks/benchmarks/.ci/bent-run/gopath GOOS=linux GOARCH=amd64 GO111MODULE=auto ROOT=/home/runner/work/benchmarks/benchmarks/.ci/bent-run GOROOT=/opt/hostedtoolcache/go/1.26.2/x64/ BENT_BENCH=toml BENT_CONFIG=LLGoFullLTOGlobalDCEPlugin BENT_I=0 GOCACHE=/home/runner/work/benchmarks/benchmarks/.ci/bent-run/build-cache/runs/cache-81497974/go-build XDG_CACHE_HOME=/home/runner/work/benchmarks/benchmarks/.ci/bent-run/build-cache/runs/cache-81497974/xdg LocalAppData=/home/runner/work/benchmarks/benchmarks/.ci/bent-run/build-cache/runs/cache-81497974/local-app-data /home/runner/work/benchmarks/benchmarks/.ci/bent-run/benchsize /home/runner/work/benchmarks/benchmarks/.ci/bent-run/testbin/toml_LLGoFullLTOGlobalDCEPlugin Toml )
goos: linux
goarch: amd64
pkg:
Unit total-bytes assume=exact
BenchmarkToml 1 4872320 total-bytes
Unit text-bytes assume=exact
BenchmarkToml 1 1570924 text-bytes
Unit data-bytes assume=exact
BenchmarkToml 1 2082952 data-bytes
Unit rodata-bytes assume=exact
BenchmarkToml 1 1993856 rodata-bytes
Unit pclntab-bytes assume=exact
BenchmarkToml 1 0 pclntab-bytes
Unit debug-bytes assume=exact
BenchmarkToml 1 0 debug-bytes

rm -rf /home/runner/work/benchmarks/benchmarks/.ci/bent-run/gopath/bin
[timing] Bent dependency acquisition and six-configuration build | real=1:06:14 user=7478.15 sys=211.82 maxrss=10659436KB
::endgroup::
