::group::Bent initialize run directory
Copied asset foo to current directory
Copied asset memprofile to current directory
Copied asset cpuprofile to current directory
Copied asset testjson to current directory
Copied asset tmpclr to current directory
Copied asset benchtime to current directory
Copied asset benchsize to current directory
Copied asset benchdwarf to current directory
Copied asset cronjob.sh to current directory
Copied asset cmpjob.sh to current directory
Copied asset cmpcl.sh to current directory
Copied asset cmpcl-phase.sh to current directory
Copied asset tweet-results to current directory
Copied asset benchmarks-all.toml to current directory
Copied asset benchmarks-100.toml to current directory
Copied asset benchmarks-gc.toml to current directory
Copied asset benchmarks-gcplus.toml to current directory
Copied asset benchmarks-trial.toml to current directory
Copied asset configurations-sample.toml to current directory
Copied asset configurations-gollvm.toml to current directory
Copied asset configurations-cronjob.toml to current directory
Copied asset configurations-cmpjob.toml to current directory
Copied asset configurations-pgo.toml to current directory
Copied asset configurations-random.toml to current directory
Copied asset suites.toml to current directory
Copied asset configurations-llgo-size.toml to current directory
Copied asset benchmarks-llgo-size.toml to current directory
Copied asset configurations-llgo-performance.toml to current directory
Copied asset benchmarks-llgo-performance.toml to current directory
Copied asset configurations-llgo-compatibility.toml to current directory
Copied asset benchmarks-llgo-compatibility.toml to current directory
Created Dockerfile
[timing] Bent initialize run directory | real=0:00.00 user=0.00 sys=0.00 maxrss=4900KB
::endgroup::
::group::Bent dependency acquisition and six-configuration build
(cd /home/runner/work/benchmarks/benchmarks/.ci/bent-run/build/toml; cat <<EOF > go.mod
module build

go 1.25

EOF)
(cd /home/runner/work/benchmarks/benchmarks/.ci/bent-run/build/toml; LLGO_BUILD_TIMEOUT_SECONDS=1200 LLGO_COMMITTED_AT=2026-09-26T17:50:40+08:00 LLGO_BUILD_GO_VERSION=1.27.0 LLGO_BIN=/home/runner/work/benchmarks/benchmarks/ci/llgo-size/bin/llgo-build-timeout BENT_TIMING_LOG=/home/runner/work/benchmarks/benchmarks/.ci/bent-run/download-timings.log GOROOT_1_25_X64=/opt/hostedtoolcache/go/1.25.14/x64 LLGO_MAIN_INDEX=1701 LLGO_BUILD_KILL_GRACE_SECONDS=30 LLGO_COMMIT=4c39f5820e46f4c8be8628827d9b508486b89f52 GOROOT=/opt/hostedtoolcache/go/1.26.2/x64 GO_VERSION=1.26.2 LLGO_REPOSITORY=xgo-dev/llgo GOROOT_1_24_X64=/opt/hostedtoolcache/go/1.24.13/x64 GOROOT_1_26_X64=/opt/hostedtoolcache/go/1.26.8/x64 BENT_REAL_GO=/opt/hostedtoolcache/go/1.26.2/x64/bin/go LLGO_ROOT=/home/runner/work/benchmarks/benchmarks/.ci/llgo LLGO_REAL_BIN=/home/runner/work/benchmarks/benchmarks/.ci/llgo/llgo LLGO_LTO_PLUGIN=/home/runner/work/benchmarks/benchmarks/.ci/llgo/ltoplugin/build/LLGOLTOPlugin.so GOPATH=/home/runner/work/benchmarks/benchmarks/.ci/bent-run/gopath GOOS=linux GOARCH=amd64 GO111MODULE=auto ROOT=/home/runner/work/benchmarks/benchmarks/.ci/bent-run go get -t -v github.com/BurntSushi/toml@v1.6.0 )
(cd /home/runner/work/benchmarks/benchmarks/.ci/bent-run/build/aws_restjson_v1; cat <<EOF > go.mod
module build

go 1.25

EOF)
(cd /home/runner/work/benchmarks/benchmarks/.ci/bent-run/build/aws_restjson_v1; LLGO_BUILD_TIMEOUT_SECONDS=1200 LLGO_COMMITTED_AT=2026-09-26T17:50:40+08:00 LLGO_BUILD_GO_VERSION=1.27.0 LLGO_BIN=/home/runner/work/benchmarks/benchmarks/ci/llgo-size/bin/llgo-build-timeout BENT_TIMING_LOG=/home/runner/work/benchmarks/benchmarks/.ci/bent-run/download-timings.log GOROOT_1_25_X64=/opt/hostedtoolcache/go/1.25.14/x64 LLGO_MAIN_INDEX=1701 LLGO_BUILD_KILL_GRACE_SECONDS=30 LLGO_COMMIT=4c39f5820e46f4c8be8628827d9b508486b89f52 GOROOT=/opt/hostedtoolcache/go/1.26.2/x64 GO_VERSION=1.26.2 LLGO_REPOSITORY=xgo-dev/llgo GOROOT_1_24_X64=/opt/hostedtoolcache/go/1.24.13/x64 GOROOT_1_26_X64=/opt/hostedtoolcache/go/1.26.8/x64 BENT_REAL_GO=/opt/hostedtoolcache/go/1.26.2/x64/bin/go LLGO_ROOT=/home/runner/work/benchmarks/benchmarks/.ci/llgo LLGO_REAL_BIN=/home/runner/work/benchmarks/benchmarks/.ci/llgo/llgo LLGO_LTO_PLUGIN=/home/runner/work/benchmarks/benchmarks/.ci/llgo/ltoplugin/build/LLGOLTOPlugin.so GOPATH=/home/runner/work/benchmarks/benchmarks/.ci/bent-run/gopath GOOS=linux GOARCH=amd64 GO111MODULE=auto ROOT=/home/runner/work/benchmarks/benchmarks/.ci/bent-run go get -t -v github.com/aws/aws-sdk-go/private/protocol/restjson@v1.41.1 )
(cd /home/runner/work/benchmarks/benchmarks/.ci/bent-run/build/dustin_humanize; cat <<EOF > go.mod
module build

go 1.25

EOF)
(cd /home/runner/work/benchmarks/benchmarks/.ci/bent-run/build/dustin_humanize; LLGO_BUILD_TIMEOUT_SECONDS=1200 LLGO_COMMITTED_AT=2026-09-26T17:50:40+08:00 LLGO_BUILD_GO_VERSION=1.27.0 LLGO_BIN=/home/runner/work/benchmarks/benchmarks/ci/llgo-size/bin/llgo-build-timeout BENT_TIMING_LOG=/home/runner/work/benchmarks/benchmarks/.ci/bent-run/download-timings.log GOROOT_1_25_X64=/opt/hostedtoolcache/go/1.25.14/x64 LLGO_MAIN_INDEX=1701 LLGO_BUILD_KILL_GRACE_SECONDS=30 LLGO_COMMIT=4c39f5820e46f4c8be8628827d9b508486b89f52 GOROOT=/opt/hostedtoolcache/go/1.26.2/x64 GO_VERSION=1.26.2 LLGO_REPOSITORY=xgo-dev/llgo GOROOT_1_24_X64=/opt/hostedtoolcache/go/1.24.13/x64 GOROOT_1_26_X64=/opt/hostedtoolcache/go/1.26.8/x64 BENT_REAL_GO=/opt/hostedtoolcache/go/1.26.2/x64/bin/go LLGO_ROOT=/home/runner/work/benchmarks/benchmarks/.ci/llgo LLGO_REAL_BIN=/home/runner/work/benchmarks/benchmarks/.ci/llgo/llgo LLGO_LTO_PLUGIN=/home/runner/work/benchmarks/benchmarks/.ci/llgo/ltoplugin/build/LLGOLTOPlugin.so GOPATH=/home/runner/work/benchmarks/benchmarks/.ci/bent-run/gopath GOOS=linux GOARCH=amd64 GO111MODULE=auto ROOT=/home/runner/work/benchmarks/benchmarks/.ci/bent-run go get -t -v github.com/dustin/go-humanize@v1.0.1 )
(cd /home/runner/work/benchmarks/benchmarks/.ci/bent-run/build/k8s_workqueue; cat <<EOF > go.mod
module build

go 1.25

EOF)
(cd /home/runner/work/benchmarks/benchmarks/.ci/bent-run/build/k8s_workqueue; LLGO_BUILD_TIMEOUT_SECONDS=1200 LLGO_COMMITTED_AT=2026-09-26T17:50:40+08:00 LLGO_BUILD_GO_VERSION=1.27.0 LLGO_BIN=/home/runner/work/benchmarks/benchmarks/ci/llgo-size/bin/llgo-build-timeout BENT_TIMING_LOG=/home/runner/work/benchmarks/benchmarks/.ci/bent-run/download-timings.log GOROOT_1_25_X64=/opt/hostedtoolcache/go/1.25.14/x64 LLGO_MAIN_INDEX=1701 LLGO_BUILD_KILL_GRACE_SECONDS=30 LLGO_COMMIT=4c39f5820e46f4c8be8628827d9b508486b89f52 GOROOT=/opt/hostedtoolcache/go/1.26.2/x64 GO_VERSION=1.26.2 LLGO_REPOSITORY=xgo-dev/llgo GOROOT_1_24_X64=/opt/hostedtoolcache/go/1.24.13/x64 GOROOT_1_26_X64=/opt/hostedtoolcache/go/1.26.8/x64 BENT_REAL_GO=/opt/hostedtoolcache/go/1.26.2/x64/bin/go LLGO_ROOT=/home/runner/work/benchmarks/benchmarks/.ci/llgo LLGO_REAL_BIN=/home/runner/work/benchmarks/benchmarks/.ci/llgo/llgo LLGO_LTO_PLUGIN=/home/runner/work/benchmarks/benchmarks/.ci/llgo/ltoplugin/build/LLGOLTOPlugin.so GOPATH=/home/runner/work/benchmarks/benchmarks/.ci/bent-run/gopath GOOS=linux GOARCH=amd64 GO111MODULE=auto ROOT=/home/runner/work/benchmarks/benchmarks/.ci/bent-run go get -t -v k8s.io/client-go/util/workqueue@v0.36.2 )
(cd /home/runner/work/benchmarks/benchmarks/.ci/bent-run/build/uber_zap; cat <<EOF > go.mod
module build

go 1.25

EOF)
(cd /home/runner/work/benchmarks/benchmarks/.ci/bent-run/build/uber_zap; LLGO_BUILD_TIMEOUT_SECONDS=1200 LLGO_COMMITTED_AT=2026-09-26T17:50:40+08:00 LLGO_BUILD_GO_VERSION=1.27.0 LLGO_BIN=/home/runner/work/benchmarks/benchmarks/ci/llgo-size/bin/llgo-build-timeout BENT_TIMING_LOG=/home/runner/work/benchmarks/benchmarks/.ci/bent-run/download-timings.log GOROOT_1_25_X64=/opt/hostedtoolcache/go/1.25.14/x64 LLGO_MAIN_INDEX=1701 LLGO_BUILD_KILL_GRACE_SECONDS=30 LLGO_COMMIT=4c39f5820e46f4c8be8628827d9b508486b89f52 GOROOT=/opt/hostedtoolcache/go/1.26.2/x64 GO_VERSION=1.26.2 LLGO_REPOSITORY=xgo-dev/llgo GOROOT_1_24_X64=/opt/hostedtoolcache/go/1.24.13/x64 GOROOT_1_26_X64=/opt/hostedtoolcache/go/1.26.8/x64 BENT_REAL_GO=/opt/hostedtoolcache/go/1.26.2/x64/bin/go LLGO_ROOT=/home/runner/work/benchmarks/benchmarks/.ci/llgo LLGO_REAL_BIN=/home/runner/work/benchmarks/benchmarks/.ci/llgo/llgo LLGO_LTO_PLUGIN=/home/runner/work/benchmarks/benchmarks/.ci/llgo/ltoplugin/build/LLGOLTOPlugin.so GOPATH=/home/runner/work/benchmarks/benchmarks/.ci/bent-run/gopath GOOS=linux GOARCH=amd64 GO111MODULE=auto ROOT=/home/runner/work/benchmarks/benchmarks/.ci/bent-run go get -t -v go.uber.org/zap/zapcore@v1.27.0 )
(cd /home/runner/work/benchmarks/benchmarks/.ci/bent-run/build/gorm_schema; cat <<EOF > go.mod
module build

go 1.25

EOF)
(cd /home/runner/work/benchmarks/benchmarks/.ci/bent-run/build/gorm_schema; LLGO_BUILD_TIMEOUT_SECONDS=1200 LLGO_COMMITTED_AT=2026-09-26T17:50:40+08:00 LLGO_BUILD_GO_VERSION=1.27.0 LLGO_BIN=/home/runner/work/benchmarks/benchmarks/ci/llgo-size/bin/llgo-build-timeout BENT_TIMING_LOG=/home/runner/work/benchmarks/benchmarks/.ci/bent-run/download-timings.log GOROOT_1_25_X64=/opt/hostedtoolcache/go/1.25.14/x64 LLGO_MAIN_INDEX=1701 LLGO_BUILD_KILL_GRACE_SECONDS=30 LLGO_COMMIT=4c39f5820e46f4c8be8628827d9b508486b89f52 GOROOT=/opt/hostedtoolcache/go/1.26.2/x64 GO_VERSION=1.26.2 LLGO_REPOSITORY=xgo-dev/llgo GOROOT_1_24_X64=/opt/hostedtoolcache/go/1.24.13/x64 GOROOT_1_26_X64=/opt/hostedtoolcache/go/1.26.8/x64 BENT_REAL_GO=/opt/hostedtoolcache/go/1.26.2/x64/bin/go LLGO_ROOT=/home/runner/work/benchmarks/benchmarks/.ci/llgo LLGO_REAL_BIN=/home/runner/work/benchmarks/benchmarks/.ci/llgo/llgo LLGO_LTO_PLUGIN=/home/runner/work/benchmarks/benchmarks/.ci/llgo/ltoplugin/build/LLGOLTOPlugin.so GOPATH=/home/runner/work/benchmarks/benchmarks/.ci/bent-run/gopath GOOS=linux GOARCH=amd64 GO111MODULE=auto ROOT=/home/runner/work/benchmarks/benchmarks/.ci/bent-run go get -t -v gorm.io/gorm/schema@v1.31.2 )
(cd /home/runner/work/benchmarks/benchmarks/.ci/bent-run/build/etcdctl; cat <<EOF > go.mod
module build

go 1.25

EOF)
(cd /home/runner/work/benchmarks/benchmarks/.ci/bent-run/build/etcdctl; LLGO_BUILD_TIMEOUT_SECONDS=1200 LLGO_COMMITTED_AT=2026-09-26T17:50:40+08:00 LLGO_BUILD_GO_VERSION=1.27.0 LLGO_BIN=/home/runner/work/benchmarks/benchmarks/ci/llgo-size/bin/llgo-build-timeout BENT_TIMING_LOG=/home/runner/work/benchmarks/benchmarks/.ci/bent-run/download-timings.log GOROOT_1_25_X64=/opt/hostedtoolcache/go/1.25.14/x64 LLGO_MAIN_INDEX=1701 LLGO_BUILD_KILL_GRACE_SECONDS=30 LLGO_COMMIT=4c39f5820e46f4c8be8628827d9b508486b89f52 GOROOT=/opt/hostedtoolcache/go/1.26.2/x64 GO_VERSION=1.26.2 LLGO_REPOSITORY=xgo-dev/llgo GOROOT_1_24_X64=/opt/hostedtoolcache/go/1.24.13/x64 GOROOT_1_26_X64=/opt/hostedtoolcache/go/1.26.8/x64 BENT_REAL_GO=/opt/hostedtoolcache/go/1.26.2/x64/bin/go LLGO_ROOT=/home/runner/work/benchmarks/benchmarks/.ci/llgo LLGO_REAL_BIN=/home/runner/work/benchmarks/benchmarks/.ci/llgo/llgo LLGO_LTO_PLUGIN=/home/runner/work/benchmarks/benchmarks/.ci/llgo/ltoplugin/build/LLGOLTOPlugin.so GOPATH=/home/runner/work/benchmarks/benchmarks/.ci/bent-run/gopath GOOS=linux GOARCH=amd64 GO111MODULE=auto ROOT=/home/runner/work/benchmarks/benchmarks/.ci/bent-run go get -t -v go.etcd.io/etcd/etcdctl/v3@v3.6.14 )
(cd /home/runner/work/benchmarks/benchmarks/.ci/bent-run/build/XGo; cat <<EOF > go.mod
module build

go 1.25

EOF)
(cd /home/runner/work/benchmarks/benchmarks/.ci/bent-run/build/XGo; LLGO_BUILD_TIMEOUT_SECONDS=1200 LLGO_COMMITTED_AT=2026-09-26T17:50:40+08:00 LLGO_BUILD_GO_VERSION=1.27.0 LLGO_BIN=/home/runner/work/benchmarks/benchmarks/ci/llgo-size/bin/llgo-build-timeout BENT_TIMING_LOG=/home/runner/work/benchmarks/benchmarks/.ci/bent-run/download-timings.log GOROOT_1_25_X64=/opt/hostedtoolcache/go/1.25.14/x64 LLGO_MAIN_INDEX=1701 LLGO_BUILD_KILL_GRACE_SECONDS=30 LLGO_COMMIT=4c39f5820e46f4c8be8628827d9b508486b89f52 GOROOT=/opt/hostedtoolcache/go/1.26.2/x64 GO_VERSION=1.26.2 LLGO_REPOSITORY=xgo-dev/llgo GOROOT_1_24_X64=/opt/hostedtoolcache/go/1.24.13/x64 GOROOT_1_26_X64=/opt/hostedtoolcache/go/1.26.8/x64 BENT_REAL_GO=/opt/hostedtoolcache/go/1.26.2/x64/bin/go LLGO_ROOT=/home/runner/work/benchmarks/benchmarks/.ci/llgo LLGO_REAL_BIN=/home/runner/work/benchmarks/benchmarks/.ci/llgo/llgo LLGO_LTO_PLUGIN=/home/runner/work/benchmarks/benchmarks/.ci/llgo/ltoplugin/build/LLGOLTOPlugin.so GOPATH=/home/runner/work/benchmarks/benchmarks/.ci/bent-run/gopath GOOS=linux GOARCH=amd64 GO111MODULE=auto ROOT=/home/runner/work/benchmarks/benchmarks/.ci/bent-run go get -t -v github.com/goplus/xgo/cmd/xgo@v1.7.5 )
(cd /home/runner/work/benchmarks/benchmarks/.ci/bent-run/build/iXGo; cat <<EOF > go.mod
module build

go 1.25

EOF)
(cd /home/runner/work/benchmarks/benchmarks/.ci/bent-run/build/iXGo; LLGO_BUILD_TIMEOUT_SECONDS=1200 LLGO_COMMITTED_AT=2026-09-26T17:50:40+08:00 LLGO_BUILD_GO_VERSION=1.27.0 LLGO_BIN=/home/runner/work/benchmarks/benchmarks/ci/llgo-size/bin/llgo-build-timeout BENT_TIMING_LOG=/home/runner/work/benchmarks/benchmarks/.ci/bent-run/download-timings.log GOROOT_1_25_X64=/opt/hostedtoolcache/go/1.25.14/x64 LLGO_MAIN_INDEX=1701 LLGO_BUILD_KILL_GRACE_SECONDS=30 LLGO_COMMIT=4c39f5820e46f4c8be8628827d9b508486b89f52 GOROOT=/opt/hostedtoolcache/go/1.26.2/x64 GO_VERSION=1.26.2 LLGO_REPOSITORY=xgo-dev/llgo GOROOT_1_24_X64=/opt/hostedtoolcache/go/1.24.13/x64 GOROOT_1_26_X64=/opt/hostedtoolcache/go/1.26.8/x64 BENT_REAL_GO=/opt/hostedtoolcache/go/1.26.2/x64/bin/go LLGO_ROOT=/home/runner/work/benchmarks/benchmarks/.ci/llgo LLGO_REAL_BIN=/home/runner/work/benchmarks/benchmarks/.ci/llgo/llgo LLGO_LTO_PLUGIN=/home/runner/work/benchmarks/benchmarks/.ci/llgo/ltoplugin/build/LLGOLTOPlugin.so GOPATH=/home/runner/work/benchmarks/benchmarks/.ci/bent-run/gopath GOOS=linux GOARCH=amd64 GO111MODULE=auto ROOT=/home/runner/work/benchmarks/benchmarks/.ci/bent-run go get -t -v github.com/goplus/ixgo/cmd/ixgo@v1.1.8 )
rm -rf /home/runner/work/benchmarks/benchmarks/.ci/bent-run/goroots/Go
Copying directory /opt/hostedtoolcache/go/1.26.2/x64/bin to /home/runner/work/benchmarks/benchmarks/.ci/bent-run/goroots/Go/bin, error=<nil>
Copying directory /opt/hostedtoolcache/go/1.26.2/x64/src to /home/runner/work/benchmarks/benchmarks/.ci/bent-run/goroots/Go/src, error=<nil>
Copying directory /opt/hostedtoolcache/go/1.26.2/x64/pkg to /home/runner/work/benchmarks/benchmarks/.ci/bent-run/goroots/Go/pkg, error=<nil>
Prewarming 316 standard-library packages for Go
Prewarming 316 standard-library packages for LLGoNoLTO
Prewarming 316 standard-library packages for LLGoDeadcodeDrop
Prewarming 316 standard-library packages for LLGoFullLTONoGlobalDCE
Prewarming 316 standard-library packages for LLGoFullLTOGlobalDCE
Prewarming 316 standard-library packages for LLGoFullLTOGlobalDCEPlugin
(cd /home/runner/work/benchmarks/benchmarks/.ci/bent-run/build/dustin_humanize; LLGO_BUILD_TIMEOUT_SECONDS=1200 LLGO_COMMITTED_AT=2026-09-26T17:50:40+08:00 LLGO_BUILD_GO_VERSION=1.27.0 LLGO_BIN=/home/runner/work/benchmarks/benchmarks/ci/llgo-size/bin/llgo-build-timeout BENT_TIMING_LOG=/home/runner/work/benchmarks/benchmarks/.ci/bent-run/download-timings.log GOROOT_1_25_X64=/opt/hostedtoolcache/go/1.25.14/x64 LLGO_MAIN_INDEX=1701 LLGO_BUILD_KILL_GRACE_SECONDS=30 LLGO_COMMIT=4c39f5820e46f4c8be8628827d9b508486b89f52 GO_VERSION=1.26.2 LLGO_REPOSITORY=xgo-dev/llgo GOROOT_1_24_X64=/opt/hostedtoolcache/go/1.24.13/x64 GOROOT_1_26_X64=/opt/hostedtoolcache/go/1.26.8/x64 BENT_REAL_GO=/opt/hostedtoolcache/go/1.26.2/x64/bin/go LLGO_ROOT=/home/runner/work/benchmarks/benchmarks/.ci/llgo LLGO_REAL_BIN=/home/runner/work/benchmarks/benchmarks/.ci/llgo/llgo LLGO_LTO_PLUGIN=/home/runner/work/benchmarks/benchmarks/.ci/llgo/ltoplugin/build/LLGOLTOPlugin.so GOPATH=/home/runner/work/benchmarks/benchmarks/.ci/bent-run/gopath GOOS=linux GOARCH=amd64 GO111MODULE=auto ROOT=/home/runner/work/benchmarks/benchmarks/.ci/bent-run GOROOT=/opt/hostedtoolcache/go/1.26.2/x64/ BENT_BENCH=dustin_humanize BENT_CONFIG=LLGoFullLTOGlobalDCE BENT_I=0 GOCACHE=/home/runner/work/benchmarks/benchmarks/.ci/bent-run/build-cache/runs/cache-2771193045/go-build XDG_CACHE_HOME=/home/runner/work/benchmarks/benchmarks/.ci/bent-run/build-cache/runs/cache-2771193045/xdg LocalAppData=/home/runner/work/benchmarks/benchmarks/.ci/bent-run/build-cache/runs/cache-2771193045/local-app-data /home/runner/work/benchmarks/benchmarks/ci/llgo-size/bin/llgo-build-timeout test -c -o /home/runner/work/benchmarks/benchmarks/.ci/bent-run/testbin/dustin_humanize_LLGoFullLTOGlobalDCE -lto=full github.com/dustin/go-humanize )
goarch: amd64
toolchain: LLGoFullLTOGlobalDCE
BenchmarkDustin_humanize 1 18249619305 build-real-ns/op 24500394000 build-user-ns/op 877403000 build-sys-ns/op
toolchain: LLGoFullLTOGlobalDCE
( LLGO_BUILD_TIMEOUT_SECONDS=1200 LLGO_COMMITTED_AT=2026-09-26T17:50:40+08:00 LLGO_BUILD_GO_VERSION=1.27.0 LLGO_BIN=/home/runner/work/benchmarks/benchmarks/ci/llgo-size/bin/llgo-build-timeout BENT_TIMING_LOG=/home/runner/work/benchmarks/benchmarks/.ci/bent-run/download-timings.log GOROOT_1_25_X64=/opt/hostedtoolcache/go/1.25.14/x64 LLGO_MAIN_INDEX=1701 LLGO_BUILD_KILL_GRACE_SECONDS=30 LLGO_COMMIT=4c39f5820e46f4c8be8628827d9b508486b89f52 GO_VERSION=1.26.2 LLGO_REPOSITORY=xgo-dev/llgo GOROOT_1_24_X64=/opt/hostedtoolcache/go/1.24.13/x64 GOROOT_1_26_X64=/opt/hostedtoolcache/go/1.26.8/x64 BENT_REAL_GO=/opt/hostedtoolcache/go/1.26.2/x64/bin/go LLGO_ROOT=/home/runner/work/benchmarks/benchmarks/.ci/llgo LLGO_REAL_BIN=/home/runner/work/benchmarks/benchmarks/.ci/llgo/llgo LLGO_LTO_PLUGIN=/home/runner/work/benchmarks/benchmarks/.ci/llgo/ltoplugin/build/LLGOLTOPlugin.so GOPATH=/home/runner/work/benchmarks/benchmarks/.ci/bent-run/gopath GOOS=linux GOARCH=amd64 GO111MODULE=auto ROOT=/home/runner/work/benchmarks/benchmarks/.ci/bent-run GOROOT=/opt/hostedtoolcache/go/1.26.2/x64/ BENT_BENCH=dustin_humanize BENT_CONFIG=LLGoFullLTOGlobalDCE BENT_I=0 GOCACHE=/home/runner/work/benchmarks/benchmarks/.ci/bent-run/build-cache/runs/cache-2771193045/go-build XDG_CACHE_HOME=/home/runner/work/benchmarks/benchmarks/.ci/bent-run/build-cache/runs/cache-2771193045/xdg LocalAppData=/home/runner/work/benchmarks/benchmarks/.ci/bent-run/build-cache/runs/cache-2771193045/local-app-data /home/runner/work/benchmarks/benchmarks/.ci/bent-run/benchsize /home/runner/work/benchmarks/benchmarks/.ci/bent-run/testbin/dustin_humanize_LLGoFullLTOGlobalDCE Dustin_humanize )
goos: linux
goarch: amd64
pkg:
Unit total-bytes assume=exact
BenchmarkDustin_humanize 1 3293960 total-bytes
Unit text-bytes assume=exact
BenchmarkDustin_humanize 1 940415 text-bytes
Unit data-bytes assume=exact
BenchmarkDustin_humanize 1 1505944 data-bytes
Unit rodata-bytes assume=exact
BenchmarkDustin_humanize 1 1417792 rodata-bytes
Unit pclntab-bytes assume=exact
BenchmarkDustin_humanize 1 0 pclntab-bytes
Unit debug-bytes assume=exact
BenchmarkDustin_humanize 1 0 debug-bytes

rm -rf /home/runner/work/benchmarks/benchmarks/.ci/bent-run/gopath/bin
(cd /home/runner/work/benchmarks/benchmarks/.ci/bent-run/build/dustin_humanize; LLGO_BUILD_TIMEOUT_SECONDS=1200 LLGO_COMMITTED_AT=2026-09-26T17:50:40+08:00 LLGO_BUILD_GO_VERSION=1.27.0 LLGO_BIN=/home/runner/work/benchmarks/benchmarks/ci/llgo-size/bin/llgo-build-timeout BENT_TIMING_LOG=/home/runner/work/benchmarks/benchmarks/.ci/bent-run/download-timings.log GOROOT_1_25_X64=/opt/hostedtoolcache/go/1.25.14/x64 LLGO_MAIN_INDEX=1701 LLGO_BUILD_KILL_GRACE_SECONDS=30 LLGO_COMMIT=4c39f5820e46f4c8be8628827d9b508486b89f52 GO_VERSION=1.26.2 LLGO_REPOSITORY=xgo-dev/llgo GOROOT_1_24_X64=/opt/hostedtoolcache/go/1.24.13/x64 GOROOT_1_26_X64=/opt/hostedtoolcache/go/1.26.8/x64 BENT_REAL_GO=/opt/hostedtoolcache/go/1.26.2/x64/bin/go LLGO_ROOT=/home/runner/work/benchmarks/benchmarks/.ci/llgo LLGO_REAL_BIN=/home/runner/work/benchmarks/benchmarks/.ci/llgo/llgo LLGO_LTO_PLUGIN=/home/runner/work/benchmarks/benchmarks/.ci/llgo/ltoplugin/build/LLGOLTOPlugin.so GOPATH=/home/runner/work/benchmarks/benchmarks/.ci/bent-run/gopath GOOS=linux GOARCH=amd64 GO111MODULE=auto ROOT=/home/runner/work/benchmarks/benchmarks/.ci/bent-run GOROOT=/opt/hostedtoolcache/go/1.26.2/x64/ BENT_BENCH=dustin_humanize BENT_CONFIG=LLGoFullLTONoGlobalDCE BENT_I=0 GOCACHE=/home/runner/work/benchmarks/benchmarks/.ci/bent-run/build-cache/runs/cache-2135558114/go-build XDG_CACHE_HOME=/home/runner/work/benchmarks/benchmarks/.ci/bent-run/build-cache/runs/cache-2135558114/xdg LocalAppData=/home/runner/work/benchmarks/benchmarks/.ci/bent-run/build-cache/runs/cache-2135558114/local-app-data /home/runner/work/benchmarks/benchmarks/ci/llgo-size/bin/llgo-build-timeout test -c -o /home/runner/work/benchmarks/benchmarks/.ci/bent-run/testbin/dustin_humanize_LLGoFullLTONoGlobalDCE -lto=full -globaldce=false github.com/dustin/go-humanize )
goarch: amd64
toolchain: LLGoFullLTONoGlobalDCE
BenchmarkDustin_humanize 1 26975700093 build-real-ns/op 33198327000 build-user-ns/op 959437000 build-sys-ns/op
toolchain: LLGoFullLTONoGlobalDCE
( LLGO_BUILD_TIMEOUT_SECONDS=1200 LLGO_COMMITTED_AT=2026-09-26T17:50:40+08:00 LLGO_BUILD_GO_VERSION=1.27.0 LLGO_BIN=/home/runner/work/benchmarks/benchmarks/ci/llgo-size/bin/llgo-build-timeout BENT_TIMING_LOG=/home/runner/work/benchmarks/benchmarks/.ci/bent-run/download-timings.log GOROOT_1_25_X64=/opt/hostedtoolcache/go/1.25.14/x64 LLGO_MAIN_INDEX=1701 LLGO_BUILD_KILL_GRACE_SECONDS=30 LLGO_COMMIT=4c39f5820e46f4c8be8628827d9b508486b89f52 GO_VERSION=1.26.2 LLGO_REPOSITORY=xgo-dev/llgo GOROOT_1_24_X64=/opt/hostedtoolcache/go/1.24.13/x64 GOROOT_1_26_X64=/opt/hostedtoolcache/go/1.26.8/x64 BENT_REAL_GO=/opt/hostedtoolcache/go/1.26.2/x64/bin/go LLGO_ROOT=/home/runner/work/benchmarks/benchmarks/.ci/llgo LLGO_REAL_BIN=/home/runner/work/benchmarks/benchmarks/.ci/llgo/llgo LLGO_LTO_PLUGIN=/home/runner/work/benchmarks/benchmarks/.ci/llgo/ltoplugin/build/LLGOLTOPlugin.so GOPATH=/home/runner/work/benchmarks/benchmarks/.ci/bent-run/gopath GOOS=linux GOARCH=amd64 GO111MODULE=auto ROOT=/home/runner/work/benchmarks/benchmarks/.ci/bent-run GOROOT=/opt/hostedtoolcache/go/1.26.2/x64/ BENT_BENCH=dustin_humanize BENT_CONFIG=LLGoFullLTONoGlobalDCE BENT_I=0 GOCACHE=/home/runner/work/benchmarks/benchmarks/.ci/bent-run/build-cache/runs/cache-2135558114/go-build XDG_CACHE_HOME=/home/runner/work/benchmarks/benchmarks/.ci/bent-run/build-cache/runs/cache-2135558114/xdg LocalAppData=/home/runner/work/benchmarks/benchmarks/.ci/bent-run/build-cache/runs/cache-2135558114/local-app-data /home/runner/work/benchmarks/benchmarks/.ci/bent-run/benchsize /home/runner/work/benchmarks/benchmarks/.ci/bent-run/testbin/dustin_humanize_LLGoFullLTONoGlobalDCE Dustin_humanize )
goos: linux
goarch: amd64
pkg:
Unit total-bytes assume=exact
BenchmarkDustin_humanize 1 4398312 total-bytes
Unit text-bytes assume=exact
BenchmarkDustin_humanize 1 1630541 text-bytes
Unit data-bytes assume=exact
BenchmarkDustin_humanize 1 1542368 data-bytes
Unit rodata-bytes assume=exact
BenchmarkDustin_humanize 1 1454192 rodata-bytes
Unit pclntab-bytes assume=exact
BenchmarkDustin_humanize 1 0 pclntab-bytes
Unit debug-bytes assume=exact
BenchmarkDustin_humanize 1 0 debug-bytes

rm -rf /home/runner/work/benchmarks/benchmarks/.ci/bent-run/gopath/bin
(cd /home/runner/work/benchmarks/benchmarks/.ci/bent-run/build/k8s_workqueue; LLGO_BUILD_TIMEOUT_SECONDS=1200 LLGO_COMMITTED_AT=2026-09-26T17:50:40+08:00 LLGO_BUILD_GO_VERSION=1.27.0 LLGO_BIN=/home/runner/work/benchmarks/benchmarks/ci/llgo-size/bin/llgo-build-timeout BENT_TIMING_LOG=/home/runner/work/benchmarks/benchmarks/.ci/bent-run/download-timings.log GOROOT_1_25_X64=/opt/hostedtoolcache/go/1.25.14/x64 LLGO_MAIN_INDEX=1701 LLGO_BUILD_KILL_GRACE_SECONDS=30 LLGO_COMMIT=4c39f5820e46f4c8be8628827d9b508486b89f52 GO_VERSION=1.26.2 LLGO_REPOSITORY=xgo-dev/llgo GOROOT_1_24_X64=/opt/hostedtoolcache/go/1.24.13/x64 GOROOT_1_26_X64=/opt/hostedtoolcache/go/1.26.8/x64 BENT_REAL_GO=/opt/hostedtoolcache/go/1.26.2/x64/bin/go LLGO_ROOT=/home/runner/work/benchmarks/benchmarks/.ci/llgo LLGO_REAL_BIN=/home/runner/work/benchmarks/benchmarks/.ci/llgo/llgo LLGO_LTO_PLUGIN=/home/runner/work/benchmarks/benchmarks/.ci/llgo/ltoplugin/build/LLGOLTOPlugin.so GOPATH=/home/runner/work/benchmarks/benchmarks/.ci/bent-run/gopath GOOS=linux GOARCH=amd64 GO111MODULE=auto ROOT=/home/runner/work/benchmarks/benchmarks/.ci/bent-run GOROOT=/home/runner/work/benchmarks/benchmarks/.ci/bent-run/goroots/Go BENT_BENCH=k8s_workqueue BENT_CONFIG=Go BENT_I=0 GOCACHE=/home/runner/work/benchmarks/benchmarks/.ci/bent-run/build-cache/runs/cache-1822777516/go-build XDG_CACHE_HOME=/home/runner/work/benchmarks/benchmarks/.ci/bent-run/build-cache/runs/cache-1822777516/xdg LocalAppData=/home/runner/work/benchmarks/benchmarks/.ci/bent-run/build-cache/runs/cache-1822777516/local-app-data /home/runner/work/benchmarks/benchmarks/.ci/bent-run/goroots/Go/bin/go test -vet=off -c -o /home/runner/work/benchmarks/benchmarks/.ci/bent-run/testbin/k8s_workqueue_Go k8s.io/client-go/util/workqueue )
goarch: amd64
toolchain: Go
BenchmarkK8s_workqueue 1 1630770666 build-real-ns/op 4107287000 build-user-ns/op 478294000 build-sys-ns/op
toolchain: Go
( LLGO_BUILD_TIMEOUT_SECONDS=1200 LLGO_COMMITTED_AT=2026-09-26T17:50:40+08:00 LLGO_BUILD_GO_VERSION=1.27.0 LLGO_BIN=/home/runner/work/benchmarks/benchmarks/ci/llgo-size/bin/llgo-build-timeout BENT_TIMING_LOG=/home/runner/work/benchmarks/benchmarks/.ci/bent-run/download-timings.log GOROOT_1_25_X64=/opt/hostedtoolcache/go/1.25.14/x64 LLGO_MAIN_INDEX=1701 LLGO_BUILD_KILL_GRACE_SECONDS=30 LLGO_COMMIT=4c39f5820e46f4c8be8628827d9b508486b89f52 GO_VERSION=1.26.2 LLGO_REPOSITORY=xgo-dev/llgo GOROOT_1_24_X64=/opt/hostedtoolcache/go/1.24.13/x64 GOROOT_1_26_X64=/opt/hostedtoolcache/go/1.26.8/x64 BENT_REAL_GO=/opt/hostedtoolcache/go/1.26.2/x64/bin/go LLGO_ROOT=/home/runner/work/benchmarks/benchmarks/.ci/llgo LLGO_REAL_BIN=/home/runner/work/benchmarks/benchmarks/.ci/llgo/llgo LLGO_LTO_PLUGIN=/home/runner/work/benchmarks/benchmarks/.ci/llgo/ltoplugin/build/LLGOLTOPlugin.so GOPATH=/home/runner/work/benchmarks/benchmarks/.ci/bent-run/gopath GOOS=linux GOARCH=amd64 GO111MODULE=auto ROOT=/home/runner/work/benchmarks/benchmarks/.ci/bent-run GOROOT=/home/runner/work/benchmarks/benchmarks/.ci/bent-run/goroots/Go BENT_BENCH=k8s_workqueue BENT_CONFIG=Go BENT_I=0 GOCACHE=/home/runner/work/benchmarks/benchmarks/.ci/bent-run/build-cache/runs/cache-1822777516/go-build XDG_CACHE_HOME=/home/runner/work/benchmarks/benchmarks/.ci/bent-run/build-cache/runs/cache-1822777516/xdg LocalAppData=/home/runner/work/benchmarks/benchmarks/.ci/bent-run/build-cache/runs/cache-1822777516/local-app-data /home/runner/work/benchmarks/benchmarks/.ci/bent-run/benchsize /home/runner/work/benchmarks/benchmarks/.ci/bent-run/testbin/k8s_workqueue_Go K8s_workqueue )
goos: linux
goarch: amd64
pkg:
Unit total-bytes assume=exact
BenchmarkK8s_workqueue 1 10681819 total-bytes
Unit text-bytes assume=exact
BenchmarkK8s_workqueue 1 3305809 text-bytes
Unit data-bytes assume=exact
BenchmarkK8s_workqueue 1 1280748 data-bytes
Unit rodata-bytes assume=exact
BenchmarkK8s_workqueue 1 916057 rodata-bytes
Unit pclntab-bytes assume=exact
BenchmarkK8s_workqueue 1 2794874 pclntab-bytes
Unit debug-bytes assume=exact
BenchmarkK8s_workqueue 1 2323654 debug-bytes

rm -rf /home/runner/work/benchmarks/benchmarks/.ci/bent-run/gopath/bin
(cd /home/runner/work/benchmarks/benchmarks/.ci/bent-run/build/XGo; LLGO_BUILD_TIMEOUT_SECONDS=1200 LLGO_COMMITTED_AT=2026-09-26T17:50:40+08:00 LLGO_BUILD_GO_VERSION=1.27.0 LLGO_BIN=/home/runner/work/benchmarks/benchmarks/ci/llgo-size/bin/llgo-build-timeout BENT_TIMING_LOG=/home/runner/work/benchmarks/benchmarks/.ci/bent-run/download-timings.log GOROOT_1_25_X64=/opt/hostedtoolcache/go/1.25.14/x64 LLGO_MAIN_INDEX=1701 LLGO_BUILD_KILL_GRACE_SECONDS=30 LLGO_COMMIT=4c39f5820e46f4c8be8628827d9b508486b89f52 GO_VERSION=1.26.2 LLGO_REPOSITORY=xgo-dev/llgo GOROOT_1_24_X64=/opt/hostedtoolcache/go/1.24.13/x64 GOROOT_1_26_X64=/opt/hostedtoolcache/go/1.26.8/x64 BENT_REAL_GO=/opt/hostedtoolcache/go/1.26.2/x64/bin/go LLGO_ROOT=/home/runner/work/benchmarks/benchmarks/.ci/llgo LLGO_REAL_BIN=/home/runner/work/benchmarks/benchmarks/.ci/llgo/llgo LLGO_LTO_PLUGIN=/home/runner/work/benchmarks/benchmarks/.ci/llgo/ltoplugin/build/LLGOLTOPlugin.so GOPATH=/home/runner/work/benchmarks/benchmarks/.ci/bent-run/gopath GOOS=linux GOARCH=amd64 GO111MODULE=auto ROOT=/home/runner/work/benchmarks/benchmarks/.ci/bent-run GOROOT=/opt/hostedtoolcache/go/1.26.2/x64/ BENT_BENCH=XGo BENT_CONFIG=LLGoFullLTOGlobalDCE BENT_I=0 GOCACHE=/home/runner/work/benchmarks/benchmarks/.ci/bent-run/build-cache/runs/cache-2015404096/go-build XDG_CACHE_HOME=/home/runner/work/benchmarks/benchmarks/.ci/bent-run/build-cache/runs/cache-2015404096/xdg LocalAppData=/home/runner/work/benchmarks/benchmarks/.ci/bent-run/build-cache/runs/cache-2015404096/local-app-data /home/runner/work/benchmarks/benchmarks/ci/llgo-size/bin/llgo-build-timeout build -o /home/runner/work/benchmarks/benchmarks/.ci/bent-run/testbin/XGo_LLGoFullLTOGlobalDCE -lto=full github.com/goplus/xgo/cmd/xgo )
goarch: amd64
toolchain: LLGoFullLTOGlobalDCE
BenchmarkXGo 1 125406208491 build-real-ns/op 174567500000 build-user-ns/op 4034309000 build-sys-ns/op
toolchain: LLGoFullLTOGlobalDCE
( LLGO_BUILD_TIMEOUT_SECONDS=1200 LLGO_COMMITTED_AT=2026-09-26T17:50:40+08:00 LLGO_BUILD_GO_VERSION=1.27.0 LLGO_BIN=/home/runner/work/benchmarks/benchmarks/ci/llgo-size/bin/llgo-build-timeout BENT_TIMING_LOG=/home/runner/work/benchmarks/benchmarks/.ci/bent-run/download-timings.log GOROOT_1_25_X64=/opt/hostedtoolcache/go/1.25.14/x64 LLGO_MAIN_INDEX=1701 LLGO_BUILD_KILL_GRACE_SECONDS=30 LLGO_COMMIT=4c39f5820e46f4c8be8628827d9b508486b89f52 GO_VERSION=1.26.2 LLGO_REPOSITORY=xgo-dev/llgo GOROOT_1_24_X64=/opt/hostedtoolcache/go/1.24.13/x64 GOROOT_1_26_X64=/opt/hostedtoolcache/go/1.26.8/x64 BENT_REAL_GO=/opt/hostedtoolcache/go/1.26.2/x64/bin/go LLGO_ROOT=/home/runner/work/benchmarks/benchmarks/.ci/llgo LLGO_REAL_BIN=/home/runner/work/benchmarks/benchmarks/.ci/llgo/llgo LLGO_LTO_PLUGIN=/home/runner/work/benchmarks/benchmarks/.ci/llgo/ltoplugin/build/LLGOLTOPlugin.so GOPATH=/home/runner/work/benchmarks/benchmarks/.ci/bent-run/gopath GOOS=linux GOARCH=amd64 GO111MODULE=auto ROOT=/home/runner/work/benchmarks/benchmarks/.ci/bent-run GOROOT=/opt/hostedtoolcache/go/1.26.2/x64/ BENT_BENCH=XGo BENT_CONFIG=LLGoFullLTOGlobalDCE BENT_I=0 GOCACHE=/home/runner/work/benchmarks/benchmarks/.ci/bent-run/build-cache/runs/cache-2015404096/go-build XDG_CACHE_HOME=/home/runner/work/benchmarks/benchmarks/.ci/bent-run/build-cache/runs/cache-2015404096/xdg LocalAppData=/home/runner/work/benchmarks/benchmarks/.ci/bent-run/build-cache/runs/cache-2015404096/local-app-data /home/runner/work/benchmarks/benchmarks/.ci/bent-run/benchsize /home/runner/work/benchmarks/benchmarks/.ci/bent-run/testbin/XGo_LLGoFullLTOGlobalDCE XGo )
goos: linux
goarch: amd64
pkg:
Unit total-bytes assume=exact
BenchmarkXGo 1 16789176 total-bytes
Unit text-bytes assume=exact
BenchmarkXGo 1 5588854 text-bytes
Unit data-bytes assume=exact
BenchmarkXGo 1 5747064 data-bytes
Unit rodata-bytes assume=exact
BenchmarkXGo 1 5520904 rodata-bytes
Unit pclntab-bytes assume=exact
BenchmarkXGo 1 0 pclntab-bytes
Unit debug-bytes assume=exact
BenchmarkXGo 1 0 debug-bytes

rm -rf /home/runner/work/benchmarks/benchmarks/.ci/bent-run/gopath/bin
(cd /home/runner/work/benchmarks/benchmarks/.ci/bent-run/build/k8s_workqueue; LLGO_BUILD_TIMEOUT_SECONDS=1200 LLGO_COMMITTED_AT=2026-09-26T17:50:40+08:00 LLGO_BUILD_GO_VERSION=1.27.0 LLGO_BIN=/home/runner/work/benchmarks/benchmarks/ci/llgo-size/bin/llgo-build-timeout BENT_TIMING_LOG=/home/runner/work/benchmarks/benchmarks/.ci/bent-run/download-timings.log GOROOT_1_25_X64=/opt/hostedtoolcache/go/1.25.14/x64 LLGO_MAIN_INDEX=1701 LLGO_BUILD_KILL_GRACE_SECONDS=30 LLGO_COMMIT=4c39f5820e46f4c8be8628827d9b508486b89f52 GO_VERSION=1.26.2 LLGO_REPOSITORY=xgo-dev/llgo GOROOT_1_24_X64=/opt/hostedtoolcache/go/1.24.13/x64 GOROOT_1_26_X64=/opt/hostedtoolcache/go/1.26.8/x64 BENT_REAL_GO=/opt/hostedtoolcache/go/1.26.2/x64/bin/go LLGO_ROOT=/home/runner/work/benchmarks/benchmarks/.ci/llgo LLGO_REAL_BIN=/home/runner/work/benchmarks/benchmarks/.ci/llgo/llgo LLGO_LTO_PLUGIN=/home/runner/work/benchmarks/benchmarks/.ci/llgo/ltoplugin/build/LLGOLTOPlugin.so GOPATH=/home/runner/work/benchmarks/benchmarks/.ci/bent-run/gopath GOOS=linux GOARCH=amd64 GO111MODULE=auto ROOT=/home/runner/work/benchmarks/benchmarks/.ci/bent-run GOROOT=/opt/hostedtoolcache/go/1.26.2/x64/ BENT_BENCH=k8s_workqueue BENT_CONFIG=LLGoDeadcodeDrop BENT_I=0 GOCACHE=/home/runner/work/benchmarks/benchmarks/.ci/bent-run/build-cache/runs/cache-142546008/go-build XDG_CACHE_HOME=/home/runner/work/benchmarks/benchmarks/.ci/bent-run/build-cache/runs/cache-142546008/xdg LocalAppData=/home/runner/work/benchmarks/benchmarks/.ci/bent-run/build-cache/runs/cache-142546008/local-app-data /home/runner/work/benchmarks/benchmarks/ci/llgo-size/bin/llgo-build-timeout test -c -o /home/runner/work/benchmarks/benchmarks/.ci/bent-run/testbin/k8s_workqueue_LLGoDeadcodeDrop -deadcodedrop k8s.io/client-go/util/workqueue )
goarch: amd64
toolchain: LLGoDeadcodeDrop
BenchmarkK8s_workqueue 1 22741569732 build-real-ns/op 46677072000 build-user-ns/op 1544288000 build-sys-ns/op
toolchain: LLGoDeadcodeDrop
( LLGO_BUILD_TIMEOUT_SECONDS=1200 LLGO_COMMITTED_AT=2026-09-26T17:50:40+08:00 LLGO_BUILD_GO_VERSION=1.27.0 LLGO_BIN=/home/runner/work/benchmarks/benchmarks/ci/llgo-size/bin/llgo-build-timeout BENT_TIMING_LOG=/home/runner/work/benchmarks/benchmarks/.ci/bent-run/download-timings.log GOROOT_1_25_X64=/opt/hostedtoolcache/go/1.25.14/x64 LLGO_MAIN_INDEX=1701 LLGO_BUILD_KILL_GRACE_SECONDS=30 LLGO_COMMIT=4c39f5820e46f4c8be8628827d9b508486b89f52 GO_VERSION=1.26.2 LLGO_REPOSITORY=xgo-dev/llgo GOROOT_1_24_X64=/opt/hostedtoolcache/go/1.24.13/x64 GOROOT_1_26_X64=/opt/hostedtoolcache/go/1.26.8/x64 BENT_REAL_GO=/opt/hostedtoolcache/go/1.26.2/x64/bin/go LLGO_ROOT=/home/runner/work/benchmarks/benchmarks/.ci/llgo LLGO_REAL_BIN=/home/runner/work/benchmarks/benchmarks/.ci/llgo/llgo LLGO_LTO_PLUGIN=/home/runner/work/benchmarks/benchmarks/.ci/llgo/ltoplugin/build/LLGOLTOPlugin.so GOPATH=/home/runner/work/benchmarks/benchmarks/.ci/bent-run/gopath GOOS=linux GOARCH=amd64 GO111MODULE=auto ROOT=/home/runner/work/benchmarks/benchmarks/.ci/bent-run GOROOT=/opt/hostedtoolcache/go/1.26.2/x64/ BENT_BENCH=k8s_workqueue BENT_CONFIG=LLGoDeadcodeDrop BENT_I=0 GOCACHE=/home/runner/work/benchmarks/benchmarks/.ci/bent-run/build-cache/runs/cache-142546008/go-build XDG_CACHE_HOME=/home/runner/work/benchmarks/benchmarks/.ci/bent-run/build-cache/runs/cache-142546008/xdg LocalAppData=/home/runner/work/benchmarks/benchmarks/.ci/bent-run/build-cache/runs/cache-142546008/local-app-data /home/runner/work/benchmarks/benchmarks/.ci/bent-run/benchsize /home/runner/work/benchmarks/benchmarks/.ci/bent-run/testbin/k8s_workqueue_LLGoDeadcodeDrop K8s_workqueue )
goos: linux
goarch: amd64
pkg:
Unit total-bytes assume=exact
BenchmarkK8s_workqueue 1 10695776 total-bytes
Unit text-bytes assume=exact
BenchmarkK8s_workqueue 1 3768862 text-bytes
Unit data-bytes assume=exact
BenchmarkK8s_workqueue 1 3714216 data-bytes
Unit rodata-bytes assume=exact
BenchmarkK8s_workqueue 1 2112472 rodata-bytes
Unit pclntab-bytes assume=exact
BenchmarkK8s_workqueue 1 0 pclntab-bytes
Unit debug-bytes assume=exact
BenchmarkK8s_workqueue 1 0 debug-bytes

rm -rf /home/runner/work/benchmarks/benchmarks/.ci/bent-run/gopath/bin
(cd /home/runner/work/benchmarks/benchmarks/.ci/bent-run/build/dustin_humanize; LLGO_BUILD_TIMEOUT_SECONDS=1200 LLGO_COMMITTED_AT=2026-09-26T17:50:40+08:00 LLGO_BUILD_GO_VERSION=1.27.0 LLGO_BIN=/home/runner/work/benchmarks/benchmarks/ci/llgo-size/bin/llgo-build-timeout BENT_TIMING_LOG=/home/runner/work/benchmarks/benchmarks/.ci/bent-run/download-timings.log GOROOT_1_25_X64=/opt/hostedtoolcache/go/1.25.14/x64 LLGO_MAIN_INDEX=1701 LLGO_BUILD_KILL_GRACE_SECONDS=30 LLGO_COMMIT=4c39f5820e46f4c8be8628827d9b508486b89f52 GO_VERSION=1.26.2 LLGO_REPOSITORY=xgo-dev/llgo GOROOT_1_24_X64=/opt/hostedtoolcache/go/1.24.13/x64 GOROOT_1_26_X64=/opt/hostedtoolcache/go/1.26.8/x64 BENT_REAL_GO=/opt/hostedtoolcache/go/1.26.2/x64/bin/go LLGO_ROOT=/home/runner/work/benchmarks/benchmarks/.ci/llgo LLGO_REAL_BIN=/home/runner/work/benchmarks/benchmarks/.ci/llgo/llgo LLGO_LTO_PLUGIN=/home/runner/work/benchmarks/benchmarks/.ci/llgo/ltoplugin/build/LLGOLTOPlugin.so GOPATH=/home/runner/work/benchmarks/benchmarks/.ci/bent-run/gopath GOOS=linux GOARCH=amd64 GO111MODULE=auto ROOT=/home/runner/work/benchmarks/benchmarks/.ci/bent-run GOROOT=/home/runner/work/benchmarks/benchmarks/.ci/bent-run/goroots/Go BENT_BENCH=dustin_humanize BENT_CONFIG=Go BENT_I=0 GOCACHE=/home/runner/work/benchmarks/benchmarks/.ci/bent-run/build-cache/runs/cache-1883903572/go-build XDG_CACHE_HOME=/home/runner/work/benchmarks/benchmarks/.ci/bent-run/build-cache/runs/cache-1883903572/xdg LocalAppData=/home/runner/work/benchmarks/benchmarks/.ci/bent-run/build-cache/runs/cache-1883903572/local-app-data /home/runner/work/benchmarks/benchmarks/.ci/bent-run/goroots/Go/bin/go test -vet=off -c -o /home/runner/work/benchmarks/benchmarks/.ci/bent-run/testbin/dustin_humanize_Go github.com/dustin/go-humanize )
goarch: amd64
toolchain: Go
BenchmarkDustin_humanize 1 388162856 build-real-ns/op 660135000 build-user-ns/op 144480000 build-sys-ns/op
toolchain: Go
( LLGO_BUILD_TIMEOUT_SECONDS=1200 LLGO_COMMITTED_AT=2026-09-26T17:50:40+08:00 LLGO_BUILD_GO_VERSION=1.27.0 LLGO_BIN=/home/runner/work/benchmarks/benchmarks/ci/llgo-size/bin/llgo-build-timeout BENT_TIMING_LOG=/home/runner/work/benchmarks/benchmarks/.ci/bent-run/download-timings.log GOROOT_1_25_X64=/opt/hostedtoolcache/go/1.25.14/x64 LLGO_MAIN_INDEX=1701 LLGO_BUILD_KILL_GRACE_SECONDS=30 LLGO_COMMIT=4c39f5820e46f4c8be8628827d9b508486b89f52 GO_VERSION=1.26.2 LLGO_REPOSITORY=xgo-dev/llgo GOROOT_1_24_X64=/opt/hostedtoolcache/go/1.24.13/x64 GOROOT_1_26_X64=/opt/hostedtoolcache/go/1.26.8/x64 BENT_REAL_GO=/opt/hostedtoolcache/go/1.26.2/x64/bin/go LLGO_ROOT=/home/runner/work/benchmarks/benchmarks/.ci/llgo LLGO_REAL_BIN=/home/runner/work/benchmarks/benchmarks/.ci/llgo/llgo LLGO_LTO_PLUGIN=/home/runner/work/benchmarks/benchmarks/.ci/llgo/ltoplugin/build/LLGOLTOPlugin.so GOPATH=/home/runner/work/benchmarks/benchmarks/.ci/bent-run/gopath GOOS=linux GOARCH=amd64 GO111MODULE=auto ROOT=/home/runner/work/benchmarks/benchmarks/.ci/bent-run GOROOT=/home/runner/work/benchmarks/benchmarks/.ci/bent-run/goroots/Go BENT_BENCH=dustin_humanize BENT_CONFIG=Go BENT_I=0 GOCACHE=/home/runner/work/benchmarks/benchmarks/.ci/bent-run/build-cache/runs/cache-1883903572/go-build XDG_CACHE_HOME=/home/runner/work/benchmarks/benchmarks/.ci/bent-run/build-cache/runs/cache-1883903572/xdg LocalAppData=/home/runner/work/benchmarks/benchmarks/.ci/bent-run/build-cache/runs/cache-1883903572/local-app-data /home/runner/work/benchmarks/benchmarks/.ci/bent-run/benchsize /home/runner/work/benchmarks/benchmarks/.ci/bent-run/testbin/dustin_humanize_Go Dustin_humanize )
goos: linux
goarch: amd64
pkg:
Unit total-bytes assume=exact
BenchmarkDustin_humanize 1 4999034 total-bytes
Unit text-bytes assume=exact
BenchmarkDustin_humanize 1 1533553 text-bytes
Unit data-bytes assume=exact
BenchmarkDustin_humanize 1 574420 data-bytes
Unit rodata-bytes assume=exact
BenchmarkDustin_humanize 1 429793 rodata-bytes
Unit pclntab-bytes assume=exact
BenchmarkDustin_humanize 1 1310667 pclntab-bytes
Unit debug-bytes assume=exact
BenchmarkDustin_humanize 1 1154248 debug-bytes

rm -rf /home/runner/work/benchmarks/benchmarks/.ci/bent-run/gopath/bin
(cd /home/runner/work/benchmarks/benchmarks/.ci/bent-run/build/gorm_schema; LLGO_BUILD_TIMEOUT_SECONDS=1200 LLGO_COMMITTED_AT=2026-09-26T17:50:40+08:00 LLGO_BUILD_GO_VERSION=1.27.0 LLGO_BIN=/home/runner/work/benchmarks/benchmarks/ci/llgo-size/bin/llgo-build-timeout BENT_TIMING_LOG=/home/runner/work/benchmarks/benchmarks/.ci/bent-run/download-timings.log GOROOT_1_25_X64=/opt/hostedtoolcache/go/1.25.14/x64 LLGO_MAIN_INDEX=1701 LLGO_BUILD_KILL_GRACE_SECONDS=30 LLGO_COMMIT=4c39f5820e46f4c8be8628827d9b508486b89f52 GO_VERSION=1.26.2 LLGO_REPOSITORY=xgo-dev/llgo GOROOT_1_24_X64=/opt/hostedtoolcache/go/1.24.13/x64 GOROOT_1_26_X64=/opt/hostedtoolcache/go/1.26.8/x64 BENT_REAL_GO=/opt/hostedtoolcache/go/1.26.2/x64/bin/go LLGO_ROOT=/home/runner/work/benchmarks/benchmarks/.ci/llgo LLGO_REAL_BIN=/home/runner/work/benchmarks/benchmarks/.ci/llgo/llgo LLGO_LTO_PLUGIN=/home/runner/work/benchmarks/benchmarks/.ci/llgo/ltoplugin/build/LLGOLTOPlugin.so GOPATH=/home/runner/work/benchmarks/benchmarks/.ci/bent-run/gopath GOOS=linux GOARCH=amd64 GO111MODULE=auto ROOT=/home/runner/work/benchmarks/benchmarks/.ci/bent-run GOROOT=/opt/hostedtoolcache/go/1.26.2/x64/ BENT_BENCH=gorm_schema BENT_CONFIG=LLGoFullLTOGlobalDCE BENT_I=0 GOCACHE=/home/runner/work/benchmarks/benchmarks/.ci/bent-run/build-cache/runs/cache-1933778353/go-build XDG_CACHE_HOME=/home/runner/work/benchmarks/benchmarks/.ci/bent-run/build-cache/runs/cache-1933778353/xdg LocalAppData=/home/runner/work/benchmarks/benchmarks/.ci/bent-run/build-cache/runs/cache-1933778353/local-app-data /home/runner/work/benchmarks/benchmarks/ci/llgo-size/bin/llgo-build-timeout test -c -o /home/runner/work/benchmarks/benchmarks/.ci/bent-run/testbin/gorm_schema_LLGoFullLTOGlobalDCE -lto=full gorm.io/gorm/schema )
goarch: amd64
toolchain: LLGoFullLTOGlobalDCE
BenchmarkGorm_schema 1 41978204879 build-real-ns/op 59448566000 build-user-ns/op 1480081000 build-sys-ns/op
toolchain: LLGoFullLTOGlobalDCE
( LLGO_BUILD_TIMEOUT_SECONDS=1200 LLGO_COMMITTED_AT=2026-09-26T17:50:40+08:00 LLGO_BUILD_GO_VERSION=1.27.0 LLGO_BIN=/home/runner/work/benchmarks/benchmarks/ci/llgo-size/bin/llgo-build-timeout BENT_TIMING_LOG=/home/runner/work/benchmarks/benchmarks/.ci/bent-run/download-timings.log GOROOT_1_25_X64=/opt/hostedtoolcache/go/1.25.14/x64 LLGO_MAIN_INDEX=1701 LLGO_BUILD_KILL_GRACE_SECONDS=30 LLGO_COMMIT=4c39f5820e46f4c8be8628827d9b508486b89f52 GO_VERSION=1.26.2 LLGO_REPOSITORY=xgo-dev/llgo GOROOT_1_24_X64=/opt/hostedtoolcache/go/1.24.13/x64 GOROOT_1_26_X64=/opt/hostedtoolcache/go/1.26.8/x64 BENT_REAL_GO=/opt/hostedtoolcache/go/1.26.2/x64/bin/go LLGO_ROOT=/home/runner/work/benchmarks/benchmarks/.ci/llgo LLGO_REAL_BIN=/home/runner/work/benchmarks/benchmarks/.ci/llgo/llgo LLGO_LTO_PLUGIN=/home/runner/work/benchmarks/benchmarks/.ci/llgo/ltoplugin/build/LLGOLTOPlugin.so GOPATH=/home/runner/work/benchmarks/benchmarks/.ci/bent-run/gopath GOOS=linux GOARCH=amd64 GO111MODULE=auto ROOT=/home/runner/work/benchmarks/benchmarks/.ci/bent-run GOROOT=/opt/hostedtoolcache/go/1.26.2/x64/ BENT_BENCH=gorm_schema BENT_CONFIG=LLGoFullLTOGlobalDCE BENT_I=0 GOCACHE=/home/runner/work/benchmarks/benchmarks/.ci/bent-run/build-cache/runs/cache-1933778353/go-build XDG_CACHE_HOME=/home/runner/work/benchmarks/benchmarks/.ci/bent-run/build-cache/runs/cache-1933778353/xdg LocalAppData=/home/runner/work/benchmarks/benchmarks/.ci/bent-run/build-cache/runs/cache-1933778353/local-app-data /home/runner/work/benchmarks/benchmarks/.ci/bent-run/benchsize /home/runner/work/benchmarks/benchmarks/.ci/bent-run/testbin/gorm_schema_LLGoFullLTOGlobalDCE Gorm_schema )
goos: linux
goarch: amd64
pkg:
Unit total-bytes assume=exact
BenchmarkGorm_schema 1 6544328 total-bytes
Unit text-bytes assume=exact
BenchmarkGorm_schema 1 2226904 text-bytes
Unit data-bytes assume=exact
BenchmarkGorm_schema 1 2432264 data-bytes
Unit rodata-bytes assume=exact
BenchmarkGorm_schema 1 2305544 rodata-bytes
Unit pclntab-bytes assume=exact
BenchmarkGorm_schema 1 0 pclntab-bytes
Unit debug-bytes assume=exact
BenchmarkGorm_schema 1 0 debug-bytes

rm -rf /home/runner/work/benchmarks/benchmarks/.ci/bent-run/gopath/bin
(cd /home/runner/work/benchmarks/benchmarks/.ci/bent-run/build/toml; LLGO_BUILD_TIMEOUT_SECONDS=1200 LLGO_COMMITTED_AT=2026-09-26T17:50:40+08:00 LLGO_BUILD_GO_VERSION=1.27.0 LLGO_BIN=/home/runner/work/benchmarks/benchmarks/ci/llgo-size/bin/llgo-build-timeout BENT_TIMING_LOG=/home/runner/work/benchmarks/benchmarks/.ci/bent-run/download-timings.log GOROOT_1_25_X64=/opt/hostedtoolcache/go/1.25.14/x64 LLGO_MAIN_INDEX=1701 LLGO_BUILD_KILL_GRACE_SECONDS=30 LLGO_COMMIT=4c39f5820e46f4c8be8628827d9b508486b89f52 GO_VERSION=1.26.2 LLGO_REPOSITORY=xgo-dev/llgo GOROOT_1_24_X64=/opt/hostedtoolcache/go/1.24.13/x64 GOROOT_1_26_X64=/opt/hostedtoolcache/go/1.26.8/x64 BENT_REAL_GO=/opt/hostedtoolcache/go/1.26.2/x64/bin/go LLGO_ROOT=/home/runner/work/benchmarks/benchmarks/.ci/llgo LLGO_REAL_BIN=/home/runner/work/benchmarks/benchmarks/.ci/llgo/llgo LLGO_LTO_PLUGIN=/home/runner/work/benchmarks/benchmarks/.ci/llgo/ltoplugin/build/LLGOLTOPlugin.so GOPATH=/home/runner/work/benchmarks/benchmarks/.ci/bent-run/gopath GOOS=linux GOARCH=amd64 GO111MODULE=auto ROOT=/home/runner/work/benchmarks/benchmarks/.ci/bent-run GOROOT=/opt/hostedtoolcache/go/1.26.2/x64/ BENT_BENCH=toml BENT_CONFIG=LLGoDeadcodeDrop BENT_I=0 GOCACHE=/home/runner/work/benchmarks/benchmarks/.ci/bent-run/build-cache/runs/cache-4174360598/go-build XDG_CACHE_HOME=/home/runner/work/benchmarks/benchmarks/.ci/bent-run/build-cache/runs/cache-4174360598/xdg LocalAppData=/home/runner/work/benchmarks/benchmarks/.ci/bent-run/build-cache/runs/cache-4174360598/local-app-data /home/runner/work/benchmarks/benchmarks/ci/llgo-size/bin/llgo-build-timeout test -c -o /home/runner/work/benchmarks/benchmarks/.ci/bent-run/testbin/toml_LLGoDeadcodeDrop -deadcodedrop github.com/BurntSushi/toml )
goarch: amd64
toolchain: LLGoDeadcodeDrop
BenchmarkToml 1 8987479111 build-real-ns/op 22807467000 build-user-ns/op 1056221000 build-sys-ns/op
toolchain: LLGoDeadcodeDrop
( LLGO_BUILD_TIMEOUT_SECONDS=1200 LLGO_COMMITTED_AT=2026-09-26T17:50:40+08:00 LLGO_BUILD_GO_VERSION=1.27.0 LLGO_BIN=/home/runner/work/benchmarks/benchmarks/ci/llgo-size/bin/llgo-build-timeout BENT_TIMING_LOG=/home/runner/work/benchmarks/benchmarks/.ci/bent-run/download-timings.log GOROOT_1_25_X64=/opt/hostedtoolcache/go/1.25.14/x64 LLGO_MAIN_INDEX=1701 LLGO_BUILD_KILL_GRACE_SECONDS=30 LLGO_COMMIT=4c39f5820e46f4c8be8628827d9b508486b89f52 GO_VERSION=1.26.2 LLGO_REPOSITORY=xgo-dev/llgo GOROOT_1_24_X64=/opt/hostedtoolcache/go/1.24.13/x64 GOROOT_1_26_X64=/opt/hostedtoolcache/go/1.26.8/x64 BENT_REAL_GO=/opt/hostedtoolcache/go/1.26.2/x64/bin/go LLGO_ROOT=/home/runner/work/benchmarks/benchmarks/.ci/llgo LLGO_REAL_BIN=/home/runner/work/benchmarks/benchmarks/.ci/llgo/llgo LLGO_LTO_PLUGIN=/home/runner/work/benchmarks/benchmarks/.ci/llgo/ltoplugin/build/LLGOLTOPlugin.so GOPATH=/home/runner/work/benchmarks/benchmarks/.ci/bent-run/gopath GOOS=linux GOARCH=amd64 GO111MODULE=auto ROOT=/home/runner/work/benchmarks/benchmarks/.ci/bent-run GOROOT=/opt/hostedtoolcache/go/1.26.2/x64/ BENT_BENCH=toml BENT_CONFIG=LLGoDeadcodeDrop BENT_I=0 GOCACHE=/home/runner/work/benchmarks/benchmarks/.ci/bent-run/build-cache/runs/cache-4174360598/go-build XDG_CACHE_HOME=/home/runner/work/benchmarks/benchmarks/.ci/bent-run/build-cache/runs/cache-4174360598/xdg LocalAppData=/home/runner/work/benchmarks/benchmarks/.ci/bent-run/build-cache/runs/cache-4174360598/local-app-data /home/runner/work/benchmarks/benchmarks/.ci/bent-run/benchsize /home/runner/work/benchmarks/benchmarks/.ci/bent-run/testbin/toml_LLGoDeadcodeDrop Toml )
goos: linux
goarch: amd64
pkg:
Unit total-bytes assume=exact
BenchmarkToml 1 5043992 total-bytes
Unit text-bytes assume=exact
BenchmarkToml 1 1618918 text-bytes
Unit data-bytes assume=exact
BenchmarkToml 1 2081544 data-bytes
Unit rodata-bytes assume=exact
BenchmarkToml 1 1288040 rodata-bytes
Unit pclntab-bytes assume=exact
BenchmarkToml 1 0 pclntab-bytes
Unit debug-bytes assume=exact
BenchmarkToml 1 0 debug-bytes

rm -rf /home/runner/work/benchmarks/benchmarks/.ci/bent-run/gopath/bin
(cd /home/runner/work/benchmarks/benchmarks/.ci/bent-run/build/etcdctl; LLGO_BUILD_TIMEOUT_SECONDS=1200 LLGO_COMMITTED_AT=2026-09-26T17:50:40+08:00 LLGO_BUILD_GO_VERSION=1.27.0 LLGO_BIN=/home/runner/work/benchmarks/benchmarks/ci/llgo-size/bin/llgo-build-timeout BENT_TIMING_LOG=/home/runner/work/benchmarks/benchmarks/.ci/bent-run/download-timings.log GOROOT_1_25_X64=/opt/hostedtoolcache/go/1.25.14/x64 LLGO_MAIN_INDEX=1701 LLGO_BUILD_KILL_GRACE_SECONDS=30 LLGO_COMMIT=4c39f5820e46f4c8be8628827d9b508486b89f52 GO_VERSION=1.26.2 LLGO_REPOSITORY=xgo-dev/llgo GOROOT_1_24_X64=/opt/hostedtoolcache/go/1.24.13/x64 GOROOT_1_26_X64=/opt/hostedtoolcache/go/1.26.8/x64 BENT_REAL_GO=/opt/hostedtoolcache/go/1.26.2/x64/bin/go LLGO_ROOT=/home/runner/work/benchmarks/benchmarks/.ci/llgo LLGO_REAL_BIN=/home/runner/work/benchmarks/benchmarks/.ci/llgo/llgo LLGO_LTO_PLUGIN=/home/runner/work/benchmarks/benchmarks/.ci/llgo/ltoplugin/build/LLGOLTOPlugin.so GOPATH=/home/runner/work/benchmarks/benchmarks/.ci/bent-run/gopath GOOS=linux GOARCH=amd64 GO111MODULE=auto ROOT=/home/runner/work/benchmarks/benchmarks/.ci/bent-run GOROOT=/opt/hostedtoolcache/go/1.26.2/x64/ BENT_BENCH=etcdctl BENT_CONFIG=LLGoFullLTOGlobalDCEPlugin BENT_I=0 GOCACHE=/home/runner/work/benchmarks/benchmarks/.ci/bent-run/build-cache/runs/cache-1371791257/go-build XDG_CACHE_HOME=/home/runner/work/benchmarks/benchmarks/.ci/bent-run/build-cache/runs/cache-1371791257/xdg LocalAppData=/home/runner/work/benchmarks/benchmarks/.ci/bent-run/build-cache/runs/cache-1371791257/local-app-data /home/runner/work/benchmarks/benchmarks/ci/llgo-size/bin/llgo-build-timeout build -o /home/runner/work/benchmarks/benchmarks/.ci/bent-run/testbin/etcdctl_LLGoFullLTOGlobalDCEPlugin -lto=full -lto-pass-plugin=/home/runner/work/benchmarks/benchmarks/.ci/llgo/ltoplugin/build/LLGOLTOPlugin.so go.etcd.io/etcd/etcdctl/v3 )
goarch: amd64
toolchain: LLGoFullLTOGlobalDCEPlugin
BenchmarkEtcdctl 1 162287788141 build-real-ns/op 254165930000 build-user-ns/op 5928039000 build-sys-ns/op
toolchain: LLGoFullLTOGlobalDCEPlugin
( LLGO_BUILD_TIMEOUT_SECONDS=1200 LLGO_COMMITTED_AT=2026-09-26T17:50:40+08:00 LLGO_BUILD_GO_VERSION=1.27.0 LLGO_BIN=/home/runner/work/benchmarks/benchmarks/ci/llgo-size/bin/llgo-build-timeout BENT_TIMING_LOG=/home/runner/work/benchmarks/benchmarks/.ci/bent-run/download-timings.log GOROOT_1_25_X64=/opt/hostedtoolcache/go/1.25.14/x64 LLGO_MAIN_INDEX=1701 LLGO_BUILD_KILL_GRACE_SECONDS=30 LLGO_COMMIT=4c39f5820e46f4c8be8628827d9b508486b89f52 GO_VERSION=1.26.2 LLGO_REPOSITORY=xgo-dev/llgo GOROOT_1_24_X64=/opt/hostedtoolcache/go/1.24.13/x64 GOROOT_1_26_X64=/opt/hostedtoolcache/go/1.26.8/x64 BENT_REAL_GO=/opt/hostedtoolcache/go/1.26.2/x64/bin/go LLGO_ROOT=/home/runner/work/benchmarks/benchmarks/.ci/llgo LLGO_REAL_BIN=/home/runner/work/benchmarks/benchmarks/.ci/llgo/llgo LLGO_LTO_PLUGIN=/home/runner/work/benchmarks/benchmarks/.ci/llgo/ltoplugin/build/LLGOLTOPlugin.so GOPATH=/home/runner/work/benchmarks/benchmarks/.ci/bent-run/gopath GOOS=linux GOARCH=amd64 GO111MODULE=auto ROOT=/home/runner/work/benchmarks/benchmarks/.ci/bent-run GOROOT=/opt/hostedtoolcache/go/1.26.2/x64/ BENT_BENCH=etcdctl BENT_CONFIG=LLGoFullLTOGlobalDCEPlugin BENT_I=0 GOCACHE=/home/runner/work/benchmarks/benchmarks/.ci/bent-run/build-cache/runs/cache-1371791257/go-build XDG_CACHE_HOME=/home/runner/work/benchmarks/benchmarks/.ci/bent-run/build-cache/runs/cache-1371791257/xdg LocalAppData=/home/runner/work/benchmarks/benchmarks/.ci/bent-run/build-cache/runs/cache-1371791257/local-app-data /home/runner/work/benchmarks/benchmarks/.ci/bent-run/benchsize /home/runner/work/benchmarks/benchmarks/.ci/bent-run/testbin/etcdctl_LLGoFullLTOGlobalDCEPlugin Etcdctl )
goos: linux
goarch: amd64
pkg:
Unit total-bytes assume=exact
BenchmarkEtcdctl 1 20314296 total-bytes
Unit text-bytes assume=exact
BenchmarkEtcdctl 1 6786678 text-bytes
Unit data-bytes assume=exact
BenchmarkEtcdctl 1 7546288 data-bytes
Unit rodata-bytes assume=exact
BenchmarkEtcdctl 1 7012336 rodata-bytes
Unit pclntab-bytes assume=exact
BenchmarkEtcdctl 1 0 pclntab-bytes
Unit debug-bytes assume=exact
BenchmarkEtcdctl 1 0 debug-bytes

rm -rf /home/runner/work/benchmarks/benchmarks/.ci/bent-run/gopath/bin
(cd /home/runner/work/benchmarks/benchmarks/.ci/bent-run/build/toml; LLGO_BUILD_TIMEOUT_SECONDS=1200 LLGO_COMMITTED_AT=2026-09-26T17:50:40+08:00 LLGO_BUILD_GO_VERSION=1.27.0 LLGO_BIN=/home/runner/work/benchmarks/benchmarks/ci/llgo-size/bin/llgo-build-timeout BENT_TIMING_LOG=/home/runner/work/benchmarks/benchmarks/.ci/bent-run/download-timings.log GOROOT_1_25_X64=/opt/hostedtoolcache/go/1.25.14/x64 LLGO_MAIN_INDEX=1701 LLGO_BUILD_KILL_GRACE_SECONDS=30 LLGO_COMMIT=4c39f5820e46f4c8be8628827d9b508486b89f52 GO_VERSION=1.26.2 LLGO_REPOSITORY=xgo-dev/llgo GOROOT_1_24_X64=/opt/hostedtoolcache/go/1.24.13/x64 GOROOT_1_26_X64=/opt/hostedtoolcache/go/1.26.8/x64 BENT_REAL_GO=/opt/hostedtoolcache/go/1.26.2/x64/bin/go LLGO_ROOT=/home/runner/work/benchmarks/benchmarks/.ci/llgo LLGO_REAL_BIN=/home/runner/work/benchmarks/benchmarks/.ci/llgo/llgo LLGO_LTO_PLUGIN=/home/runner/work/benchmarks/benchmarks/.ci/llgo/ltoplugin/build/LLGOLTOPlugin.so GOPATH=/home/runner/work/benchmarks/benchmarks/.ci/bent-run/gopath GOOS=linux GOARCH=amd64 GO111MODULE=auto ROOT=/home/runner/work/benchmarks/benchmarks/.ci/bent-run GOROOT=/opt/hostedtoolcache/go/1.26.2/x64/ BENT_BENCH=toml BENT_CONFIG=LLGoFullLTONoGlobalDCE BENT_I=0 GOCACHE=/home/runner/work/benchmarks/benchmarks/.ci/bent-run/build-cache/runs/cache-3134631461/go-build XDG_CACHE_HOME=/home/runner/work/benchmarks/benchmarks/.ci/bent-run/build-cache/runs/cache-3134631461/xdg LocalAppData=/home/runner/work/benchmarks/benchmarks/.ci/bent-run/build-cache/runs/cache-3134631461/local-app-data /home/runner/work/benchmarks/benchmarks/ci/llgo-size/bin/llgo-build-timeout test -c -o /home/runner/work/benchmarks/benchmarks/.ci/bent-run/testbin/toml_LLGoFullLTONoGlobalDCE -lto=full -globaldce=false github.com/BurntSushi/toml )
goarch: amd64
toolchain: LLGoFullLTONoGlobalDCE
BenchmarkToml 1 36855787072 build-real-ns/op 47025949000 build-user-ns/op 1157653000 build-sys-ns/op
toolchain: LLGoFullLTONoGlobalDCE
( LLGO_BUILD_TIMEOUT_SECONDS=1200 LLGO_COMMITTED_AT=2026-09-26T17:50:40+08:00 LLGO_BUILD_GO_VERSION=1.27.0 LLGO_BIN=/home/runner/work/benchmarks/benchmarks/ci/llgo-size/bin/llgo-build-timeout BENT_TIMING_LOG=/home/runner/work/benchmarks/benchmarks/.ci/bent-run/download-timings.log GOROOT_1_25_X64=/opt/hostedtoolcache/go/1.25.14/x64 LLGO_MAIN_INDEX=1701 LLGO_BUILD_KILL_GRACE_SECONDS=30 LLGO_COMMIT=4c39f5820e46f4c8be8628827d9b508486b89f52 GO_VERSION=1.26.2 LLGO_REPOSITORY=xgo-dev/llgo GOROOT_1_24_X64=/opt/hostedtoolcache/go/1.24.13/x64 GOROOT_1_26_X64=/opt/hostedtoolcache/go/1.26.8/x64 BENT_REAL_GO=/opt/hostedtoolcache/go/1.26.2/x64/bin/go LLGO_ROOT=/home/runner/work/benchmarks/benchmarks/.ci/llgo LLGO_REAL_BIN=/home/runner/work/benchmarks/benchmarks/.ci/llgo/llgo LLGO_LTO_PLUGIN=/home/runner/work/benchmarks/benchmarks/.ci/llgo/ltoplugin/build/LLGOLTOPlugin.so GOPATH=/home/runner/work/benchmarks/benchmarks/.ci/bent-run/gopath GOOS=linux GOARCH=amd64 GO111MODULE=auto ROOT=/home/runner/work/benchmarks/benchmarks/.ci/bent-run GOROOT=/opt/hostedtoolcache/go/1.26.2/x64/ BENT_BENCH=toml BENT_CONFIG=LLGoFullLTONoGlobalDCE BENT_I=0 GOCACHE=/home/runner/work/benchmarks/benchmarks/.ci/bent-run/build-cache/runs/cache-3134631461/go-build XDG_CACHE_HOME=/home/runner/work/benchmarks/benchmarks/.ci/bent-run/build-cache/runs/cache-3134631461/xdg LocalAppData=/home/runner/work/benchmarks/benchmarks/.ci/bent-run/build-cache/runs/cache-3134631461/local-app-data /home/runner/work/benchmarks/benchmarks/.ci/bent-run/benchsize /home/runner/work/benchmarks/benchmarks/.ci/bent-run/testbin/toml_LLGoFullLTONoGlobalDCE Toml )
goos: linux
goarch: amd64
pkg:
Unit total-bytes assume=exact
BenchmarkToml 1 5805656 total-bytes
Unit text-bytes assume=exact
BenchmarkToml 1 2147247 text-bytes
Unit data-bytes assume=exact
BenchmarkToml 1 2100448 data-bytes
Unit rodata-bytes assume=exact
BenchmarkToml 1 2011224 rodata-bytes
Unit pclntab-bytes assume=exact
BenchmarkToml 1 0 pclntab-bytes
Unit debug-bytes assume=exact
BenchmarkToml 1 0 debug-bytes

rm -rf /home/runner/work/benchmarks/benchmarks/.ci/bent-run/gopath/bin
(cd /home/runner/work/benchmarks/benchmarks/.ci/bent-run/build/iXGo; LLGO_BUILD_TIMEOUT_SECONDS=1200 LLGO_COMMITTED_AT=2026-09-26T17:50:40+08:00 LLGO_BUILD_GO_VERSION=1.27.0 LLGO_BIN=/home/runner/work/benchmarks/benchmarks/ci/llgo-size/bin/llgo-build-timeout BENT_TIMING_LOG=/home/runner/work/benchmarks/benchmarks/.ci/bent-run/download-timings.log GOROOT_1_25_X64=/opt/hostedtoolcache/go/1.25.14/x64 LLGO_MAIN_INDEX=1701 LLGO_BUILD_KILL_GRACE_SECONDS=30 LLGO_COMMIT=4c39f5820e46f4c8be8628827d9b508486b89f52 GO_VERSION=1.26.2 LLGO_REPOSITORY=xgo-dev/llgo GOROOT_1_24_X64=/opt/hostedtoolcache/go/1.24.13/x64 GOROOT_1_26_X64=/opt/hostedtoolcache/go/1.26.8/x64 BENT_REAL_GO=/opt/hostedtoolcache/go/1.26.2/x64/bin/go LLGO_ROOT=/home/runner/work/benchmarks/benchmarks/.ci/llgo LLGO_REAL_BIN=/home/runner/work/benchmarks/benchmarks/.ci/llgo/llgo LLGO_LTO_PLUGIN=/home/runner/work/benchmarks/benchmarks/.ci/llgo/ltoplugin/build/LLGOLTOPlugin.so GOPATH=/home/runner/work/benchmarks/benchmarks/.ci/bent-run/gopath GOOS=linux GOARCH=amd64 GO111MODULE=auto ROOT=/home/runner/work/benchmarks/benchmarks/.ci/bent-run GOROOT=/opt/hostedtoolcache/go/1.26.2/x64/ BENT_BENCH=iXGo BENT_CONFIG=LLGoDeadcodeDrop BENT_I=0 GOCACHE=/home/runner/work/benchmarks/benchmarks/.ci/bent-run/build-cache/runs/cache-1121412383/go-build XDG_CACHE_HOME=/home/runner/work/benchmarks/benchmarks/.ci/bent-run/build-cache/runs/cache-1121412383/xdg LocalAppData=/home/runner/work/benchmarks/benchmarks/.ci/bent-run/build-cache/runs/cache-1121412383/local-app-data /home/runner/work/benchmarks/benchmarks/ci/llgo-size/bin/llgo-build-timeout build -o /home/runner/work/benchmarks/benchmarks/.ci/bent-run/testbin/iXGo_LLGoDeadcodeDrop -deadcodedrop github.com/goplus/ixgo/cmd/ixgo )
goarch: amd64
toolchain: LLGoDeadcodeDrop
BenchmarkIXGo 1 141259307654 build-real-ns/op 466343542000 build-user-ns/op 11848305000 build-sys-ns/op
toolchain: LLGoDeadcodeDrop
( LLGO_BUILD_TIMEOUT_SECONDS=1200 LLGO_COMMITTED_AT=2026-09-26T17:50:40+08:00 LLGO_BUILD_GO_VERSION=1.27.0 LLGO_BIN=/home/runner/work/benchmarks/benchmarks/ci/llgo-size/bin/llgo-build-timeout BENT_TIMING_LOG=/home/runner/work/benchmarks/benchmarks/.ci/bent-run/download-timings.log GOROOT_1_25_X64=/opt/hostedtoolcache/go/1.25.14/x64 LLGO_MAIN_INDEX=1701 LLGO_BUILD_KILL_GRACE_SECONDS=30 LLGO_COMMIT=4c39f5820e46f4c8be8628827d9b508486b89f52 GO_VERSION=1.26.2 LLGO_REPOSITORY=xgo-dev/llgo GOROOT_1_24_X64=/opt/hostedtoolcache/go/1.24.13/x64 GOROOT_1_26_X64=/opt/hostedtoolcache/go/1.26.8/x64 BENT_REAL_GO=/opt/hostedtoolcache/go/1.26.2/x64/bin/go LLGO_ROOT=/home/runner/work/benchmarks/benchmarks/.ci/llgo LLGO_REAL_BIN=/home/runner/work/benchmarks/benchmarks/.ci/llgo/llgo LLGO_LTO_PLUGIN=/home/runner/work/benchmarks/benchmarks/.ci/llgo/ltoplugin/build/LLGOLTOPlugin.so GOPATH=/home/runner/work/benchmarks/benchmarks/.ci/bent-run/gopath GOOS=linux GOARCH=amd64 GO111MODULE=auto ROOT=/home/runner/work/benchmarks/benchmarks/.ci/bent-run GOROOT=/opt/hostedtoolcache/go/1.26.2/x64/ BENT_BENCH=iXGo BENT_CONFIG=LLGoDeadcodeDrop BENT_I=0 GOCACHE=/home/runner/work/benchmarks/benchmarks/.ci/bent-run/build-cache/runs/cache-1121412383/go-build XDG_CACHE_HOME=/home/runner/work/benchmarks/benchmarks/.ci/bent-run/build-cache/runs/cache-1121412383/xdg LocalAppData=/home/runner/work/benchmarks/benchmarks/.ci/bent-run/build-cache/runs/cache-1121412383/local-app-data /home/runner/work/benchmarks/benchmarks/.ci/bent-run/benchsize /home/runner/work/benchmarks/benchmarks/.ci/bent-run/testbin/iXGo_LLGoDeadcodeDrop IXGo )
goos: linux
goarch: amd64
pkg:
Unit total-bytes assume=exact
BenchmarkIXGo 1 30725200 total-bytes
Unit text-bytes assume=exact
BenchmarkIXGo 1 10796727 text-bytes
Unit data-bytes assume=exact
BenchmarkIXGo 1 10398736 data-bytes
Unit rodata-bytes assume=exact
BenchmarkIXGo 1 6078584 rodata-bytes
Unit pclntab-bytes assume=exact
BenchmarkIXGo 1 0 pclntab-bytes
Unit debug-bytes assume=exact
BenchmarkIXGo 1 0 debug-bytes

rm -rf /home/runner/work/benchmarks/benchmarks/.ci/bent-run/gopath/bin
(cd /home/runner/work/benchmarks/benchmarks/.ci/bent-run/build/aws_restjson_v1; LLGO_BUILD_TIMEOUT_SECONDS=1200 LLGO_COMMITTED_AT=2026-09-26T17:50:40+08:00 LLGO_BUILD_GO_VERSION=1.27.0 LLGO_BIN=/home/runner/work/benchmarks/benchmarks/ci/llgo-size/bin/llgo-build-timeout BENT_TIMING_LOG=/home/runner/work/benchmarks/benchmarks/.ci/bent-run/download-timings.log GOROOT_1_25_X64=/opt/hostedtoolcache/go/1.25.14/x64 LLGO_MAIN_INDEX=1701 LLGO_BUILD_KILL_GRACE_SECONDS=30 LLGO_COMMIT=4c39f5820e46f4c8be8628827d9b508486b89f52 GO_VERSION=1.26.2 LLGO_REPOSITORY=xgo-dev/llgo GOROOT_1_24_X64=/opt/hostedtoolcache/go/1.24.13/x64 GOROOT_1_26_X64=/opt/hostedtoolcache/go/1.26.8/x64 BENT_REAL_GO=/opt/hostedtoolcache/go/1.26.2/x64/bin/go LLGO_ROOT=/home/runner/work/benchmarks/benchmarks/.ci/llgo LLGO_REAL_BIN=/home/runner/work/benchmarks/benchmarks/.ci/llgo/llgo LLGO_LTO_PLUGIN=/home/runner/work/benchmarks/benchmarks/.ci/llgo/ltoplugin/build/LLGOLTOPlugin.so GOPATH=/home/runner/work/benchmarks/benchmarks/.ci/bent-run/gopath GOOS=linux GOARCH=amd64 GO111MODULE=auto ROOT=/home/runner/work/benchmarks/benchmarks/.ci/bent-run GOROOT=/home/runner/work/benchmarks/benchmarks/.ci/bent-run/goroots/Go BENT_BENCH=aws_restjson BENT_CONFIG=Go BENT_I=0 GOCACHE=/home/runner/work/benchmarks/benchmarks/.ci/bent-run/build-cache/runs/cache-3615594996/go-build XDG_CACHE_HOME=/home/runner/work/benchmarks/benchmarks/.ci/bent-run/build-cache/runs/cache-3615594996/xdg LocalAppData=/home/runner/work/benchmarks/benchmarks/.ci/bent-run/build-cache/runs/cache-3615594996/local-app-data /home/runner/work/benchmarks/benchmarks/.ci/bent-run/goroots/Go/bin/go test -vet=off -c -o /home/runner/work/benchmarks/benchmarks/.ci/bent-run/testbin/aws_restjson_v1_Go github.com/aws/aws-sdk-go/private/protocol/restjson )
goarch: amd64
toolchain: Go
BenchmarkAws_restjson 1 3964981589 build-real-ns/op 7112474000 build-user-ns/op 948475000 build-sys-ns/op
toolchain: Go
( LLGO_BUILD_TIMEOUT_SECONDS=1200 LLGO_COMMITTED_AT=2026-09-26T17:50:40+08:00 LLGO_BUILD_GO_VERSION=1.27.0 LLGO_BIN=/home/runner/work/benchmarks/benchmarks/ci/llgo-size/bin/llgo-build-timeout BENT_TIMING_LOG=/home/runner/work/benchmarks/benchmarks/.ci/bent-run/download-timings.log GOROOT_1_25_X64=/opt/hostedtoolcache/go/1.25.14/x64 LLGO_MAIN_INDEX=1701 LLGO_BUILD_KILL_GRACE_SECONDS=30 LLGO_COMMIT=4c39f5820e46f4c8be8628827d9b508486b89f52 GO_VERSION=1.26.2 LLGO_REPOSITORY=xgo-dev/llgo GOROOT_1_24_X64=/opt/hostedtoolcache/go/1.24.13/x64 GOROOT_1_26_X64=/opt/hostedtoolcache/go/1.26.8/x64 BENT_REAL_GO=/opt/hostedtoolcache/go/1.26.2/x64/bin/go LLGO_ROOT=/home/runner/work/benchmarks/benchmarks/.ci/llgo LLGO_REAL_BIN=/home/runner/work/benchmarks/benchmarks/.ci/llgo/llgo LLGO_LTO_PLUGIN=/home/runner/work/benchmarks/benchmarks/.ci/llgo/ltoplugin/build/LLGOLTOPlugin.so GOPATH=/home/runner/work/benchmarks/benchmarks/.ci/bent-run/gopath GOOS=linux GOARCH=amd64 GO111MODULE=auto ROOT=/home/runner/work/benchmarks/benchmarks/.ci/bent-run GOROOT=/home/runner/work/benchmarks/benchmarks/.ci/bent-run/goroots/Go BENT_BENCH=aws_restjson BENT_CONFIG=Go BENT_I=0 GOCACHE=/home/runner/work/benchmarks/benchmarks/.ci/bent-run/build-cache/runs/cache-3615594996/go-build XDG_CACHE_HOME=/home/runner/work/benchmarks/benchmarks/.ci/bent-run/build-cache/runs/cache-3615594996/xdg LocalAppData=/home/runner/work/benchmarks/benchmarks/.ci/bent-run/build-cache/runs/cache-3615594996/local-app-data /home/runner/work/benchmarks/benchmarks/.ci/bent-run/benchsize /home/runner/work/benchmarks/benchmarks/.ci/bent-run/testbin/aws_restjson_v1_Go Aws_restjson )
goos: linux
goarch: amd64
pkg:
Unit total-bytes assume=exact
BenchmarkAws_restjson 1 14635492 total-bytes
Unit text-bytes assume=exact
BenchmarkAws_restjson 1 5291601 text-bytes
Unit data-bytes assume=exact
BenchmarkAws_restjson 1 1732332 data-bytes
Unit rodata-bytes assume=exact
BenchmarkAws_restjson 1 1341145 rodata-bytes
Unit pclntab-bytes assume=exact
BenchmarkAws_restjson 1 3738191 pclntab-bytes
Unit debug-bytes assume=exact
BenchmarkAws_restjson 1 2731179 debug-bytes

rm -rf /home/runner/work/benchmarks/benchmarks/.ci/bent-run/gopath/bin
(cd /home/runner/work/benchmarks/benchmarks/.ci/bent-run/build/aws_restjson_v1; LLGO_BUILD_TIMEOUT_SECONDS=1200 LLGO_COMMITTED_AT=2026-09-26T17:50:40+08:00 LLGO_BUILD_GO_VERSION=1.27.0 LLGO_BIN=/home/runner/work/benchmarks/benchmarks/ci/llgo-size/bin/llgo-build-timeout BENT_TIMING_LOG=/home/runner/work/benchmarks/benchmarks/.ci/bent-run/download-timings.log GOROOT_1_25_X64=/opt/hostedtoolcache/go/1.25.14/x64 LLGO_MAIN_INDEX=1701 LLGO_BUILD_KILL_GRACE_SECONDS=30 LLGO_COMMIT=4c39f5820e46f4c8be8628827d9b508486b89f52 GO_VERSION=1.26.2 LLGO_REPOSITORY=xgo-dev/llgo GOROOT_1_24_X64=/opt/hostedtoolcache/go/1.24.13/x64 GOROOT_1_26_X64=/opt/hostedtoolcache/go/1.26.8/x64 BENT_REAL_GO=/opt/hostedtoolcache/go/1.26.2/x64/bin/go LLGO_ROOT=/home/runner/work/benchmarks/benchmarks/.ci/llgo LLGO_REAL_BIN=/home/runner/work/benchmarks/benchmarks/.ci/llgo/llgo LLGO_LTO_PLUGIN=/home/runner/work/benchmarks/benchmarks/.ci/llgo/ltoplugin/build/LLGOLTOPlugin.so GOPATH=/home/runner/work/benchmarks/benchmarks/.ci/bent-run/gopath GOOS=linux GOARCH=amd64 GO111MODULE=auto ROOT=/home/runner/work/benchmarks/benchmarks/.ci/bent-run GOROOT=/opt/hostedtoolcache/go/1.26.2/x64/ BENT_BENCH=aws_restjson BENT_CONFIG=LLGoFullLTONoGlobalDCE BENT_I=0 GOCACHE=/home/runner/work/benchmarks/benchmarks/.ci/bent-run/build-cache/runs/cache-3204343290/go-build XDG_CACHE_HOME=/home/runner/work/benchmarks/benchmarks/.ci/bent-run/build-cache/runs/cache-3204343290/xdg LocalAppData=/home/runner/work/benchmarks/benchmarks/.ci/bent-run/build-cache/runs/cache-3204343290/local-app-data /home/runner/work/benchmarks/benchmarks/ci/llgo-size/bin/llgo-build-timeout test -c -o /home/runner/work/benchmarks/benchmarks/.ci/bent-run/testbin/aws_restjson_v1_LLGoFullLTONoGlobalDCE -lto=full -globaldce=false github.com/aws/aws-sdk-go/private/protocol/restjson )
goarch: amd64
toolchain: LLGoFullLTONoGlobalDCE
BenchmarkAws_restjson 1 102213912320 build-real-ns/op 134739842000 build-user-ns/op 2621073000 build-sys-ns/op
toolchain: LLGoFullLTONoGlobalDCE
( LLGO_BUILD_TIMEOUT_SECONDS=1200 LLGO_COMMITTED_AT=2026-09-26T17:50:40+08:00 LLGO_BUILD_GO_VERSION=1.27.0 LLGO_BIN=/home/runner/work/benchmarks/benchmarks/ci/llgo-size/bin/llgo-build-timeout BENT_TIMING_LOG=/home/runner/work/benchmarks/benchmarks/.ci/bent-run/download-timings.log GOROOT_1_25_X64=/opt/hostedtoolcache/go/1.25.14/x64 LLGO_MAIN_INDEX=1701 LLGO_BUILD_KILL_GRACE_SECONDS=30 LLGO_COMMIT=4c39f5820e46f4c8be8628827d9b508486b89f52 GO_VERSION=1.26.2 LLGO_REPOSITORY=xgo-dev/llgo GOROOT_1_24_X64=/opt/hostedtoolcache/go/1.24.13/x64 GOROOT_1_26_X64=/opt/hostedtoolcache/go/1.26.8/x64 BENT_REAL_GO=/opt/hostedtoolcache/go/1.26.2/x64/bin/go LLGO_ROOT=/home/runner/work/benchmarks/benchmarks/.ci/llgo LLGO_REAL_BIN=/home/runner/work/benchmarks/benchmarks/.ci/llgo/llgo LLGO_LTO_PLUGIN=/home/runner/work/benchmarks/benchmarks/.ci/llgo/ltoplugin/build/LLGOLTOPlugin.so GOPATH=/home/runner/work/benchmarks/benchmarks/.ci/bent-run/gopath GOOS=linux GOARCH=amd64 GO111MODULE=auto ROOT=/home/runner/work/benchmarks/benchmarks/.ci/bent-run GOROOT=/opt/hostedtoolcache/go/1.26.2/x64/ BENT_BENCH=aws_restjson BENT_CONFIG=LLGoFullLTONoGlobalDCE BENT_I=0 GOCACHE=/home/runner/work/benchmarks/benchmarks/.ci/bent-run/build-cache/runs/cache-3204343290/go-build XDG_CACHE_HOME=/home/runner/work/benchmarks/benchmarks/.ci/bent-run/build-cache/runs/cache-3204343290/xdg LocalAppData=/home/runner/work/benchmarks/benchmarks/.ci/bent-run/build-cache/runs/cache-3204343290/local-app-data /home/runner/work/benchmarks/benchmarks/.ci/bent-run/benchsize /home/runner/work/benchmarks/benchmarks/.ci/bent-run/testbin/aws_restjson_v1_LLGoFullLTONoGlobalDCE Aws_restjson )
goos: linux
goarch: amd64
pkg:
Unit total-bytes assume=exact
BenchmarkAws_restjson 1 12286856 total-bytes
Unit text-bytes assume=exact
BenchmarkAws_restjson 1 4723182 text-bytes
Unit data-bytes assume=exact
BenchmarkAws_restjson 1 4070904 data-bytes
Unit rodata-bytes assume=exact
BenchmarkAws_restjson 1 3848816 rodata-bytes
Unit pclntab-bytes assume=exact
BenchmarkAws_restjson 1 0 pclntab-bytes
Unit debug-bytes assume=exact
BenchmarkAws_restjson 1 0 debug-bytes

rm -rf /home/runner/work/benchmarks/benchmarks/.ci/bent-run/gopath/bin
(cd /home/runner/work/benchmarks/benchmarks/.ci/bent-run/build/k8s_workqueue; LLGO_BUILD_TIMEOUT_SECONDS=1200 LLGO_COMMITTED_AT=2026-09-26T17:50:40+08:00 LLGO_BUILD_GO_VERSION=1.27.0 LLGO_BIN=/home/runner/work/benchmarks/benchmarks/ci/llgo-size/bin/llgo-build-timeout BENT_TIMING_LOG=/home/runner/work/benchmarks/benchmarks/.ci/bent-run/download-timings.log GOROOT_1_25_X64=/opt/hostedtoolcache/go/1.25.14/x64 LLGO_MAIN_INDEX=1701 LLGO_BUILD_KILL_GRACE_SECONDS=30 LLGO_COMMIT=4c39f5820e46f4c8be8628827d9b508486b89f52 GO_VERSION=1.26.2 LLGO_REPOSITORY=xgo-dev/llgo GOROOT_1_24_X64=/opt/hostedtoolcache/go/1.24.13/x64 GOROOT_1_26_X64=/opt/hostedtoolcache/go/1.26.8/x64 BENT_REAL_GO=/opt/hostedtoolcache/go/1.26.2/x64/bin/go LLGO_ROOT=/home/runner/work/benchmarks/benchmarks/.ci/llgo LLGO_REAL_BIN=/home/runner/work/benchmarks/benchmarks/.ci/llgo/llgo LLGO_LTO_PLUGIN=/home/runner/work/benchmarks/benchmarks/.ci/llgo/ltoplugin/build/LLGOLTOPlugin.so GOPATH=/home/runner/work/benchmarks/benchmarks/.ci/bent-run/gopath GOOS=linux GOARCH=amd64 GO111MODULE=auto ROOT=/home/runner/work/benchmarks/benchmarks/.ci/bent-run GOROOT=/opt/hostedtoolcache/go/1.26.2/x64/ BENT_BENCH=k8s_workqueue BENT_CONFIG=LLGoNoLTO BENT_I=0 GOCACHE=/home/runner/work/benchmarks/benchmarks/.ci/bent-run/build-cache/runs/cache-3068028443/go-build XDG_CACHE_HOME=/home/runner/work/benchmarks/benchmarks/.ci/bent-run/build-cache/runs/cache-3068028443/xdg LocalAppData=/home/runner/work/benchmarks/benchmarks/.ci/bent-run/build-cache/runs/cache-3068028443/local-app-data /home/runner/work/benchmarks/benchmarks/ci/llgo-size/bin/llgo-build-timeout test -c -o /home/runner/work/benchmarks/benchmarks/.ci/bent-run/testbin/k8s_workqueue_LLGoNoLTO k8s.io/client-go/util/workqueue )
goarch: amd64
toolchain: LLGoNoLTO
BenchmarkK8s_workqueue 1 22517593447 build-real-ns/op 46176811000 build-user-ns/op 1691429000 build-sys-ns/op
toolchain: LLGoNoLTO
( LLGO_BUILD_TIMEOUT_SECONDS=1200 LLGO_COMMITTED_AT=2026-09-26T17:50:40+08:00 LLGO_BUILD_GO_VERSION=1.27.0 LLGO_BIN=/home/runner/work/benchmarks/benchmarks/ci/llgo-size/bin/llgo-build-timeout BENT_TIMING_LOG=/home/runner/work/benchmarks/benchmarks/.ci/bent-run/download-timings.log GOROOT_1_25_X64=/opt/hostedtoolcache/go/1.25.14/x64 LLGO_MAIN_INDEX=1701 LLGO_BUILD_KILL_GRACE_SECONDS=30 LLGO_COMMIT=4c39f5820e46f4c8be8628827d9b508486b89f52 GO_VERSION=1.26.2 LLGO_REPOSITORY=xgo-dev/llgo GOROOT_1_24_X64=/opt/hostedtoolcache/go/1.24.13/x64 GOROOT_1_26_X64=/opt/hostedtoolcache/go/1.26.8/x64 BENT_REAL_GO=/opt/hostedtoolcache/go/1.26.2/x64/bin/go LLGO_ROOT=/home/runner/work/benchmarks/benchmarks/.ci/llgo LLGO_REAL_BIN=/home/runner/work/benchmarks/benchmarks/.ci/llgo/llgo LLGO_LTO_PLUGIN=/home/runner/work/benchmarks/benchmarks/.ci/llgo/ltoplugin/build/LLGOLTOPlugin.so GOPATH=/home/runner/work/benchmarks/benchmarks/.ci/bent-run/gopath GOOS=linux GOARCH=amd64 GO111MODULE=auto ROOT=/home/runner/work/benchmarks/benchmarks/.ci/bent-run GOROOT=/opt/hostedtoolcache/go/1.26.2/x64/ BENT_BENCH=k8s_workqueue BENT_CONFIG=LLGoNoLTO BENT_I=0 GOCACHE=/home/runner/work/benchmarks/benchmarks/.ci/bent-run/build-cache/runs/cache-3068028443/go-build XDG_CACHE_HOME=/home/runner/work/benchmarks/benchmarks/.ci/bent-run/build-cache/runs/cache-3068028443/xdg LocalAppData=/home/runner/work/benchmarks/benchmarks/.ci/bent-run/build-cache/runs/cache-3068028443/local-app-data /home/runner/work/benchmarks/benchmarks/.ci/bent-run/benchsize /home/runner/work/benchmarks/benchmarks/.ci/bent-run/testbin/k8s_workqueue_LLGoNoLTO K8s_workqueue )
goos: linux
goarch: amd64
pkg:
Unit total-bytes assume=exact
BenchmarkK8s_workqueue 1 11407424 total-bytes
Unit text-bytes assume=exact
BenchmarkK8s_workqueue 1 4138855 text-bytes
Unit data-bytes assume=exact
BenchmarkK8s_workqueue 1 3725376 data-bytes
Unit rodata-bytes assume=exact
BenchmarkK8s_workqueue 1 2116912 rodata-bytes
Unit pclntab-bytes assume=exact
BenchmarkK8s_workqueue 1 0 pclntab-bytes
Unit debug-bytes assume=exact
BenchmarkK8s_workqueue 1 0 debug-bytes

rm -rf /home/runner/work/benchmarks/benchmarks/.ci/bent-run/gopath/bin
(cd /home/runner/work/benchmarks/benchmarks/.ci/bent-run/build/dustin_humanize; LLGO_BUILD_TIMEOUT_SECONDS=1200 LLGO_COMMITTED_AT=2026-09-26T17:50:40+08:00 LLGO_BUILD_GO_VERSION=1.27.0 LLGO_BIN=/home/runner/work/benchmarks/benchmarks/ci/llgo-size/bin/llgo-build-timeout BENT_TIMING_LOG=/home/runner/work/benchmarks/benchmarks/.ci/bent-run/download-timings.log GOROOT_1_25_X64=/opt/hostedtoolcache/go/1.25.14/x64 LLGO_MAIN_INDEX=1701 LLGO_BUILD_KILL_GRACE_SECONDS=30 LLGO_COMMIT=4c39f5820e46f4c8be8628827d9b508486b89f52 GO_VERSION=1.26.2 LLGO_REPOSITORY=xgo-dev/llgo GOROOT_1_24_X64=/opt/hostedtoolcache/go/1.24.13/x64 GOROOT_1_26_X64=/opt/hostedtoolcache/go/1.26.8/x64 BENT_REAL_GO=/opt/hostedtoolcache/go/1.26.2/x64/bin/go LLGO_ROOT=/home/runner/work/benchmarks/benchmarks/.ci/llgo LLGO_REAL_BIN=/home/runner/work/benchmarks/benchmarks/.ci/llgo/llgo LLGO_LTO_PLUGIN=/home/runner/work/benchmarks/benchmarks/.ci/llgo/ltoplugin/build/LLGOLTOPlugin.so GOPATH=/home/runner/work/benchmarks/benchmarks/.ci/bent-run/gopath GOOS=linux GOARCH=amd64 GO111MODULE=auto ROOT=/home/runner/work/benchmarks/benchmarks/.ci/bent-run GOROOT=/opt/hostedtoolcache/go/1.26.2/x64/ BENT_BENCH=dustin_humanize BENT_CONFIG=LLGoDeadcodeDrop BENT_I=0 GOCACHE=/home/runner/work/benchmarks/benchmarks/.ci/bent-run/build-cache/runs/cache-1287535596/go-build XDG_CACHE_HOME=/home/runner/work/benchmarks/benchmarks/.ci/bent-run/build-cache/runs/cache-1287535596/xdg LocalAppData=/home/runner/work/benchmarks/benchmarks/.ci/bent-run/build-cache/runs/cache-1287535596/local-app-data /home/runner/work/benchmarks/benchmarks/ci/llgo-size/bin/llgo-build-timeout test -c -o /home/runner/work/benchmarks/benchmarks/.ci/bent-run/testbin/dustin_humanize_LLGoDeadcodeDrop -deadcodedrop github.com/dustin/go-humanize )
goarch: amd64
toolchain: LLGoDeadcodeDrop
BenchmarkDustin_humanize 1 5712775733 build-real-ns/op 12195149000 build-user-ns/op 810820000 build-sys-ns/op
toolchain: LLGoDeadcodeDrop
( LLGO_BUILD_TIMEOUT_SECONDS=1200 LLGO_COMMITTED_AT=2026-09-26T17:50:40+08:00 LLGO_BUILD_GO_VERSION=1.27.0 LLGO_BIN=/home/runner/work/benchmarks/benchmarks/ci/llgo-size/bin/llgo-build-timeout BENT_TIMING_LOG=/home/runner/work/benchmarks/benchmarks/.ci/bent-run/download-timings.log GOROOT_1_25_X64=/opt/hostedtoolcache/go/1.25.14/x64 LLGO_MAIN_INDEX=1701 LLGO_BUILD_KILL_GRACE_SECONDS=30 LLGO_COMMIT=4c39f5820e46f4c8be8628827d9b508486b89f52 GO_VERSION=1.26.2 LLGO_REPOSITORY=xgo-dev/llgo GOROOT_1_24_X64=/opt/hostedtoolcache/go/1.24.13/x64 GOROOT_1_26_X64=/opt/hostedtoolcache/go/1.26.8/x64 BENT_REAL_GO=/opt/hostedtoolcache/go/1.26.2/x64/bin/go LLGO_ROOT=/home/runner/work/benchmarks/benchmarks/.ci/llgo LLGO_REAL_BIN=/home/runner/work/benchmarks/benchmarks/.ci/llgo/llgo LLGO_LTO_PLUGIN=/home/runner/work/benchmarks/benchmarks/.ci/llgo/ltoplugin/build/LLGOLTOPlugin.so GOPATH=/home/runner/work/benchmarks/benchmarks/.ci/bent-run/gopath GOOS=linux GOARCH=amd64 GO111MODULE=auto ROOT=/home/runner/work/benchmarks/benchmarks/.ci/bent-run GOROOT=/opt/hostedtoolcache/go/1.26.2/x64/ BENT_BENCH=dustin_humanize BENT_CONFIG=LLGoDeadcodeDrop BENT_I=0 GOCACHE=/home/runner/work/benchmarks/benchmarks/.ci/bent-run/build-cache/runs/cache-1287535596/go-build XDG_CACHE_HOME=/home/runner/work/benchmarks/benchmarks/.ci/bent-run/build-cache/runs/cache-1287535596/xdg LocalAppData=/home/runner/work/benchmarks/benchmarks/.ci/bent-run/build-cache/runs/cache-1287535596/local-app-data /home/runner/work/benchmarks/benchmarks/.ci/bent-run/benchsize /home/runner/work/benchmarks/benchmarks/.ci/bent-run/testbin/dustin_humanize_LLGoDeadcodeDrop Dustin_humanize )
goos: linux
goarch: amd64
pkg:
Unit total-bytes assume=exact
BenchmarkDustin_humanize 1 3391864 total-bytes
Unit text-bytes assume=exact
BenchmarkDustin_humanize 1 978752 text-bytes
Unit data-bytes assume=exact
BenchmarkDustin_humanize 1 1503192 data-bytes
Unit rodata-bytes assume=exact
BenchmarkDustin_humanize 1 893488 rodata-bytes
Unit pclntab-bytes assume=exact
BenchmarkDustin_humanize 1 0 pclntab-bytes
Unit debug-bytes assume=exact
BenchmarkDustin_humanize 1 0 debug-bytes

rm -rf /home/runner/work/benchmarks/benchmarks/.ci/bent-run/gopath/bin
(cd /home/runner/work/benchmarks/benchmarks/.ci/bent-run/build/uber_zap; LLGO_BUILD_TIMEOUT_SECONDS=1200 LLGO_COMMITTED_AT=2026-09-26T17:50:40+08:00 LLGO_BUILD_GO_VERSION=1.27.0 LLGO_BIN=/home/runner/work/benchmarks/benchmarks/ci/llgo-size/bin/llgo-build-timeout BENT_TIMING_LOG=/home/runner/work/benchmarks/benchmarks/.ci/bent-run/download-timings.log GOROOT_1_25_X64=/opt/hostedtoolcache/go/1.25.14/x64 LLGO_MAIN_INDEX=1701 LLGO_BUILD_KILL_GRACE_SECONDS=30 LLGO_COMMIT=4c39f5820e46f4c8be8628827d9b508486b89f52 GO_VERSION=1.26.2 LLGO_REPOSITORY=xgo-dev/llgo GOROOT_1_24_X64=/opt/hostedtoolcache/go/1.24.13/x64 GOROOT_1_26_X64=/opt/hostedtoolcache/go/1.26.8/x64 BENT_REAL_GO=/opt/hostedtoolcache/go/1.26.2/x64/bin/go LLGO_ROOT=/home/runner/work/benchmarks/benchmarks/.ci/llgo LLGO_REAL_BIN=/home/runner/work/benchmarks/benchmarks/.ci/llgo/llgo LLGO_LTO_PLUGIN=/home/runner/work/benchmarks/benchmarks/.ci/llgo/ltoplugin/build/LLGOLTOPlugin.so GOPATH=/home/runner/work/benchmarks/benchmarks/.ci/bent-run/gopath GOOS=linux GOARCH=amd64 GO111MODULE=auto ROOT=/home/runner/work/benchmarks/benchmarks/.ci/bent-run GOROOT=/opt/hostedtoolcache/go/1.26.2/x64/ BENT_BENCH=uber_zap BENT_CONFIG=LLGoFullLTONoGlobalDCE BENT_I=0 GOCACHE=/home/runner/work/benchmarks/benchmarks/.ci/bent-run/build-cache/runs/cache-4237832192/go-build XDG_CACHE_HOME=/home/runner/work/benchmarks/benchmarks/.ci/bent-run/build-cache/runs/cache-4237832192/xdg LocalAppData=/home/runner/work/benchmarks/benchmarks/.ci/bent-run/build-cache/runs/cache-4237832192/local-app-data /home/runner/work/benchmarks/benchmarks/ci/llgo-size/bin/llgo-build-timeout test -c -o /home/runner/work/benchmarks/benchmarks/.ci/bent-run/testbin/uber_zap_LLGoFullLTONoGlobalDCE -lto=full -globaldce=false go.uber.org/zap/zapcore )
goarch: amd64
toolchain: LLGoFullLTONoGlobalDCE
BenchmarkUber_zap 1 83048865706 build-real-ns/op 105646765000 build-user-ns/op 1969110000 build-sys-ns/op
toolchain: LLGoFullLTONoGlobalDCE
( LLGO_BUILD_TIMEOUT_SECONDS=1200 LLGO_COMMITTED_AT=2026-09-26T17:50:40+08:00 LLGO_BUILD_GO_VERSION=1.27.0 LLGO_BIN=/home/runner/work/benchmarks/benchmarks/ci/llgo-size/bin/llgo-build-timeout BENT_TIMING_LOG=/home/runner/work/benchmarks/benchmarks/.ci/bent-run/download-timings.log GOROOT_1_25_X64=/opt/hostedtoolcache/go/1.25.14/x64 LLGO_MAIN_INDEX=1701 LLGO_BUILD_KILL_GRACE_SECONDS=30 LLGO_COMMIT=4c39f5820e46f4c8be8628827d9b508486b89f52 GO_VERSION=1.26.2 LLGO_REPOSITORY=xgo-dev/llgo GOROOT_1_24_X64=/opt/hostedtoolcache/go/1.24.13/x64 GOROOT_1_26_X64=/opt/hostedtoolcache/go/1.26.8/x64 BENT_REAL_GO=/opt/hostedtoolcache/go/1.26.2/x64/bin/go LLGO_ROOT=/home/runner/work/benchmarks/benchmarks/.ci/llgo LLGO_REAL_BIN=/home/runner/work/benchmarks/benchmarks/.ci/llgo/llgo LLGO_LTO_PLUGIN=/home/runner/work/benchmarks/benchmarks/.ci/llgo/ltoplugin/build/LLGOLTOPlugin.so GOPATH=/home/runner/work/benchmarks/benchmarks/.ci/bent-run/gopath GOOS=linux GOARCH=amd64 GO111MODULE=auto ROOT=/home/runner/work/benchmarks/benchmarks/.ci/bent-run GOROOT=/opt/hostedtoolcache/go/1.26.2/x64/ BENT_BENCH=uber_zap BENT_CONFIG=LLGoFullLTONoGlobalDCE BENT_I=0 GOCACHE=/home/runner/work/benchmarks/benchmarks/.ci/bent-run/build-cache/runs/cache-4237832192/go-build XDG_CACHE_HOME=/home/runner/work/benchmarks/benchmarks/.ci/bent-run/build-cache/runs/cache-4237832192/xdg LocalAppData=/home/runner/work/benchmarks/benchmarks/.ci/bent-run/build-cache/runs/cache-4237832192/local-app-data /home/runner/work/benchmarks/benchmarks/.ci/bent-run/benchsize /home/runner/work/benchmarks/benchmarks/.ci/bent-run/testbin/uber_zap_LLGoFullLTONoGlobalDCE Uber_zap )
goos: linux
goarch: amd64
pkg:
Unit total-bytes assume=exact
BenchmarkUber_zap 1 11138408 total-bytes
Unit text-bytes assume=exact
BenchmarkUber_zap 1 4059149 text-bytes
Unit data-bytes assume=exact
BenchmarkUber_zap 1 3787616 data-bytes
Unit rodata-bytes assume=exact
BenchmarkUber_zap 1 3564408 rodata-bytes
Unit pclntab-bytes assume=exact
BenchmarkUber_zap 1 0 pclntab-bytes
Unit debug-bytes assume=exact
BenchmarkUber_zap 1 0 debug-bytes

rm -rf /home/runner/work/benchmarks/benchmarks/.ci/bent-run/gopath/bin
(cd /home/runner/work/benchmarks/benchmarks/.ci/bent-run/build/uber_zap; LLGO_BUILD_TIMEOUT_SECONDS=1200 LLGO_COMMITTED_AT=2026-09-26T17:50:40+08:00 LLGO_BUILD_GO_VERSION=1.27.0 LLGO_BIN=/home/runner/work/benchmarks/benchmarks/ci/llgo-size/bin/llgo-build-timeout BENT_TIMING_LOG=/home/runner/work/benchmarks/benchmarks/.ci/bent-run/download-timings.log GOROOT_1_25_X64=/opt/hostedtoolcache/go/1.25.14/x64 LLGO_MAIN_INDEX=1701 LLGO_BUILD_KILL_GRACE_SECONDS=30 LLGO_COMMIT=4c39f5820e46f4c8be8628827d9b508486b89f52 GO_VERSION=1.26.2 LLGO_REPOSITORY=xgo-dev/llgo GOROOT_1_24_X64=/opt/hostedtoolcache/go/1.24.13/x64 GOROOT_1_26_X64=/opt/hostedtoolcache/go/1.26.8/x64 BENT_REAL_GO=/opt/hostedtoolcache/go/1.26.2/x64/bin/go LLGO_ROOT=/home/runner/work/benchmarks/benchmarks/.ci/llgo LLGO_REAL_BIN=/home/runner/work/benchmarks/benchmarks/.ci/llgo/llgo LLGO_LTO_PLUGIN=/home/runner/work/benchmarks/benchmarks/.ci/llgo/ltoplugin/build/LLGOLTOPlugin.so GOPATH=/home/runner/work/benchmarks/benchmarks/.ci/bent-run/gopath GOOS=linux GOARCH=amd64 GO111MODULE=auto ROOT=/home/runner/work/benchmarks/benchmarks/.ci/bent-run GOROOT=/opt/hostedtoolcache/go/1.26.2/x64/ BENT_BENCH=uber_zap BENT_CONFIG=LLGoDeadcodeDrop BENT_I=0 GOCACHE=/home/runner/work/benchmarks/benchmarks/.ci/bent-run/build-cache/runs/cache-2407600597/go-build XDG_CACHE_HOME=/home/runner/work/benchmarks/benchmarks/.ci/bent-run/build-cache/runs/cache-2407600597/xdg LocalAppData=/home/runner/work/benchmarks/benchmarks/.ci/bent-run/build-cache/runs/cache-2407600597/local-app-data /home/runner/work/benchmarks/benchmarks/ci/llgo-size/bin/llgo-build-timeout test -c -o /home/runner/work/benchmarks/benchmarks/.ci/bent-run/testbin/uber_zap_LLGoDeadcodeDrop -deadcodedrop go.uber.org/zap/zapcore )
goarch: amd64
toolchain: LLGoDeadcodeDrop
BenchmarkUber_zap 1 24890800489 build-real-ns/op 54608352000 build-user-ns/op 1683394000 build-sys-ns/op
toolchain: LLGoDeadcodeDrop
( LLGO_BUILD_TIMEOUT_SECONDS=1200 LLGO_COMMITTED_AT=2026-09-26T17:50:40+08:00 LLGO_BUILD_GO_VERSION=1.27.0 LLGO_BIN=/home/runner/work/benchmarks/benchmarks/ci/llgo-size/bin/llgo-build-timeout BENT_TIMING_LOG=/home/runner/work/benchmarks/benchmarks/.ci/bent-run/download-timings.log GOROOT_1_25_X64=/opt/hostedtoolcache/go/1.25.14/x64 LLGO_MAIN_INDEX=1701 LLGO_BUILD_KILL_GRACE_SECONDS=30 LLGO_COMMIT=4c39f5820e46f4c8be8628827d9b508486b89f52 GO_VERSION=1.26.2 LLGO_REPOSITORY=xgo-dev/llgo GOROOT_1_24_X64=/opt/hostedtoolcache/go/1.24.13/x64 GOROOT_1_26_X64=/opt/hostedtoolcache/go/1.26.8/x64 BENT_REAL_GO=/opt/hostedtoolcache/go/1.26.2/x64/bin/go LLGO_ROOT=/home/runner/work/benchmarks/benchmarks/.ci/llgo LLGO_REAL_BIN=/home/runner/work/benchmarks/benchmarks/.ci/llgo/llgo LLGO_LTO_PLUGIN=/home/runner/work/benchmarks/benchmarks/.ci/llgo/ltoplugin/build/LLGOLTOPlugin.so GOPATH=/home/runner/work/benchmarks/benchmarks/.ci/bent-run/gopath GOOS=linux GOARCH=amd64 GO111MODULE=auto ROOT=/home/runner/work/benchmarks/benchmarks/.ci/bent-run GOROOT=/opt/hostedtoolcache/go/1.26.2/x64/ BENT_BENCH=uber_zap BENT_CONFIG=LLGoDeadcodeDrop BENT_I=0 GOCACHE=/home/runner/work/benchmarks/benchmarks/.ci/bent-run/build-cache/runs/cache-2407600597/go-build XDG_CACHE_HOME=/home/runner/work/benchmarks/benchmarks/.ci/bent-run/build-cache/runs/cache-2407600597/xdg LocalAppData=/home/runner/work/benchmarks/benchmarks/.ci/bent-run/build-cache/runs/cache-2407600597/local-app-data /home/runner/work/benchmarks/benchmarks/.ci/bent-run/benchsize /home/runner/work/benchmarks/benchmarks/.ci/bent-run/testbin/uber_zap_LLGoDeadcodeDrop Uber_zap )
goos: linux
goarch: amd64
pkg:
Unit total-bytes assume=exact
BenchmarkUber_zap 1 9281016 total-bytes
Unit text-bytes assume=exact
BenchmarkUber_zap 1 3118995 text-bytes
Unit data-bytes assume=exact
BenchmarkUber_zap 1 3738464 data-bytes
Unit rodata-bytes assume=exact
BenchmarkUber_zap 1 2162104 rodata-bytes
Unit pclntab-bytes assume=exact
BenchmarkUber_zap 1 0 pclntab-bytes
Unit debug-bytes assume=exact
BenchmarkUber_zap 1 0 debug-bytes

rm -rf /home/runner/work/benchmarks/benchmarks/.ci/bent-run/gopath/bin
(cd /home/runner/work/benchmarks/benchmarks/.ci/bent-run/build/uber_zap; LLGO_BUILD_TIMEOUT_SECONDS=1200 LLGO_COMMITTED_AT=2026-09-26T17:50:40+08:00 LLGO_BUILD_GO_VERSION=1.27.0 LLGO_BIN=/home/runner/work/benchmarks/benchmarks/ci/llgo-size/bin/llgo-build-timeout BENT_TIMING_LOG=/home/runner/work/benchmarks/benchmarks/.ci/bent-run/download-timings.log GOROOT_1_25_X64=/opt/hostedtoolcache/go/1.25.14/x64 LLGO_MAIN_INDEX=1701 LLGO_BUILD_KILL_GRACE_SECONDS=30 LLGO_COMMIT=4c39f5820e46f4c8be8628827d9b508486b89f52 GO_VERSION=1.26.2 LLGO_REPOSITORY=xgo-dev/llgo GOROOT_1_24_X64=/opt/hostedtoolcache/go/1.24.13/x64 GOROOT_1_26_X64=/opt/hostedtoolcache/go/1.26.8/x64 BENT_REAL_GO=/opt/hostedtoolcache/go/1.26.2/x64/bin/go LLGO_ROOT=/home/runner/work/benchmarks/benchmarks/.ci/llgo LLGO_REAL_BIN=/home/runner/work/benchmarks/benchmarks/.ci/llgo/llgo LLGO_LTO_PLUGIN=/home/runner/work/benchmarks/benchmarks/.ci/llgo/ltoplugin/build/LLGOLTOPlugin.so GOPATH=/home/runner/work/benchmarks/benchmarks/.ci/bent-run/gopath GOOS=linux GOARCH=amd64 GO111MODULE=auto ROOT=/home/runner/work/benchmarks/benchmarks/.ci/bent-run GOROOT=/opt/hostedtoolcache/go/1.26.2/x64/ BENT_BENCH=uber_zap BENT_CONFIG=LLGoNoLTO BENT_I=0 GOCACHE=/home/runner/work/benchmarks/benchmarks/.ci/bent-run/build-cache/runs/cache-211781244/go-build XDG_CACHE_HOME=/home/runner/work/benchmarks/benchmarks/.ci/bent-run/build-cache/runs/cache-211781244/xdg LocalAppData=/home/runner/work/benchmarks/benchmarks/.ci/bent-run/build-cache/runs/cache-211781244/local-app-data /home/runner/work/benchmarks/benchmarks/ci/llgo-size/bin/llgo-build-timeout test -c -o /home/runner/work/benchmarks/benchmarks/.ci/bent-run/testbin/uber_zap_LLGoNoLTO go.uber.org/zap/zapcore )
goarch: amd64
toolchain: LLGoNoLTO
BenchmarkUber_zap 1 24483597634 build-real-ns/op 53776950000 build-user-ns/op 1529656000 build-sys-ns/op
toolchain: LLGoNoLTO
( LLGO_BUILD_TIMEOUT_SECONDS=1200 LLGO_COMMITTED_AT=2026-09-26T17:50:40+08:00 LLGO_BUILD_GO_VERSION=1.27.0 LLGO_BIN=/home/runner/work/benchmarks/benchmarks/ci/llgo-size/bin/llgo-build-timeout BENT_TIMING_LOG=/home/runner/work/benchmarks/benchmarks/.ci/bent-run/download-timings.log GOROOT_1_25_X64=/opt/hostedtoolcache/go/1.25.14/x64 LLGO_MAIN_INDEX=1701 LLGO_BUILD_KILL_GRACE_SECONDS=30 LLGO_COMMIT=4c39f5820e46f4c8be8628827d9b508486b89f52 GO_VERSION=1.26.2 LLGO_REPOSITORY=xgo-dev/llgo GOROOT_1_24_X64=/opt/hostedtoolcache/go/1.24.13/x64 GOROOT_1_26_X64=/opt/hostedtoolcache/go/1.26.8/x64 BENT_REAL_GO=/opt/hostedtoolcache/go/1.26.2/x64/bin/go LLGO_ROOT=/home/runner/work/benchmarks/benchmarks/.ci/llgo LLGO_REAL_BIN=/home/runner/work/benchmarks/benchmarks/.ci/llgo/llgo LLGO_LTO_PLUGIN=/home/runner/work/benchmarks/benchmarks/.ci/llgo/ltoplugin/build/LLGOLTOPlugin.so GOPATH=/home/runner/work/benchmarks/benchmarks/.ci/bent-run/gopath GOOS=linux GOARCH=amd64 GO111MODULE=auto ROOT=/home/runner/work/benchmarks/benchmarks/.ci/bent-run GOROOT=/opt/hostedtoolcache/go/1.26.2/x64/ BENT_BENCH=uber_zap BENT_CONFIG=LLGoNoLTO BENT_I=0 GOCACHE=/home/runner/work/benchmarks/benchmarks/.ci/bent-run/build-cache/runs/cache-211781244/go-build XDG_CACHE_HOME=/home/runner/work/benchmarks/benchmarks/.ci/bent-run/build-cache/runs/cache-211781244/xdg LocalAppData=/home/runner/work/benchmarks/benchmarks/.ci/bent-run/build-cache/runs/cache-211781244/local-app-data /home/runner/work/benchmarks/benchmarks/.ci/bent-run/benchsize /home/runner/work/benchmarks/benchmarks/.ci/bent-run/testbin/uber_zap_LLGoNoLTO Uber_zap )
goos: linux
goarch: amd64
pkg:
Unit total-bytes assume=exact
BenchmarkUber_zap 1 11653080 total-bytes
Unit text-bytes assume=exact
BenchmarkUber_zap 1 4287939 text-bytes
Unit data-bytes assume=exact
BenchmarkUber_zap 1 3800336 data-bytes
Unit rodata-bytes assume=exact
BenchmarkUber_zap 1 2204576 rodata-bytes
Unit pclntab-bytes assume=exact
BenchmarkUber_zap 1 0 pclntab-bytes
Unit debug-bytes assume=exact
BenchmarkUber_zap 1 0 debug-bytes

rm -rf /home/runner/work/benchmarks/benchmarks/.ci/bent-run/gopath/bin
(cd /home/runner/work/benchmarks/benchmarks/.ci/bent-run/build/etcdctl; LLGO_BUILD_TIMEOUT_SECONDS=1200 LLGO_COMMITTED_AT=2026-09-26T17:50:40+08:00 LLGO_BUILD_GO_VERSION=1.27.0 LLGO_BIN=/home/runner/work/benchmarks/benchmarks/ci/llgo-size/bin/llgo-build-timeout BENT_TIMING_LOG=/home/runner/work/benchmarks/benchmarks/.ci/bent-run/download-timings.log GOROOT_1_25_X64=/opt/hostedtoolcache/go/1.25.14/x64 LLGO_MAIN_INDEX=1701 LLGO_BUILD_KILL_GRACE_SECONDS=30 LLGO_COMMIT=4c39f5820e46f4c8be8628827d9b508486b89f52 GO_VERSION=1.26.2 LLGO_REPOSITORY=xgo-dev/llgo GOROOT_1_24_X64=/opt/hostedtoolcache/go/1.24.13/x64 GOROOT_1_26_X64=/opt/hostedtoolcache/go/1.26.8/x64 BENT_REAL_GO=/opt/hostedtoolcache/go/1.26.2/x64/bin/go LLGO_ROOT=/home/runner/work/benchmarks/benchmarks/.ci/llgo LLGO_REAL_BIN=/home/runner/work/benchmarks/benchmarks/.ci/llgo/llgo LLGO_LTO_PLUGIN=/home/runner/work/benchmarks/benchmarks/.ci/llgo/ltoplugin/build/LLGOLTOPlugin.so GOPATH=/home/runner/work/benchmarks/benchmarks/.ci/bent-run/gopath GOOS=linux GOARCH=amd64 GO111MODULE=auto ROOT=/home/runner/work/benchmarks/benchmarks/.ci/bent-run GOROOT=/opt/hostedtoolcache/go/1.26.2/x64/ BENT_BENCH=etcdctl BENT_CONFIG=LLGoFullLTOGlobalDCE BENT_I=0 GOCACHE=/home/runner/work/benchmarks/benchmarks/.ci/bent-run/build-cache/runs/cache-613102364/go-build XDG_CACHE_HOME=/home/runner/work/benchmarks/benchmarks/.ci/bent-run/build-cache/runs/cache-613102364/xdg LocalAppData=/home/runner/work/benchmarks/benchmarks/.ci/bent-run/build-cache/runs/cache-613102364/local-app-data /home/runner/work/benchmarks/benchmarks/ci/llgo-size/bin/llgo-build-timeout build -o /home/runner/work/benchmarks/benchmarks/.ci/bent-run/testbin/etcdctl_LLGoFullLTOGlobalDCE -lto=full go.etcd.io/etcd/etcdctl/v3 )
goarch: amd64
toolchain: LLGoFullLTOGlobalDCE
BenchmarkEtcdctl 1 158558310982 build-real-ns/op 248543362000 build-user-ns/op 5171115000 build-sys-ns/op
toolchain: LLGoFullLTOGlobalDCE
( LLGO_BUILD_TIMEOUT_SECONDS=1200 LLGO_COMMITTED_AT=2026-09-26T17:50:40+08:00 LLGO_BUILD_GO_VERSION=1.27.0 LLGO_BIN=/home/runner/work/benchmarks/benchmarks/ci/llgo-size/bin/llgo-build-timeout BENT_TIMING_LOG=/home/runner/work/benchmarks/benchmarks/.ci/bent-run/download-timings.log GOROOT_1_25_X64=/opt/hostedtoolcache/go/1.25.14/x64 LLGO_MAIN_INDEX=1701 LLGO_BUILD_KILL_GRACE_SECONDS=30 LLGO_COMMIT=4c39f5820e46f4c8be8628827d9b508486b89f52 GO_VERSION=1.26.2 LLGO_REPOSITORY=xgo-dev/llgo GOROOT_1_24_X64=/opt/hostedtoolcache/go/1.24.13/x64 GOROOT_1_26_X64=/opt/hostedtoolcache/go/1.26.8/x64 BENT_REAL_GO=/opt/hostedtoolcache/go/1.26.2/x64/bin/go LLGO_ROOT=/home/runner/work/benchmarks/benchmarks/.ci/llgo LLGO_REAL_BIN=/home/runner/work/benchmarks/benchmarks/.ci/llgo/llgo LLGO_LTO_PLUGIN=/home/runner/work/benchmarks/benchmarks/.ci/llgo/ltoplugin/build/LLGOLTOPlugin.so GOPATH=/home/runner/work/benchmarks/benchmarks/.ci/bent-run/gopath GOOS=linux GOARCH=amd64 GO111MODULE=auto ROOT=/home/runner/work/benchmarks/benchmarks/.ci/bent-run GOROOT=/opt/hostedtoolcache/go/1.26.2/x64/ BENT_BENCH=etcdctl BENT_CONFIG=LLGoFullLTOGlobalDCE BENT_I=0 GOCACHE=/home/runner/work/benchmarks/benchmarks/.ci/bent-run/build-cache/runs/cache-613102364/go-build XDG_CACHE_HOME=/home/runner/work/benchmarks/benchmarks/.ci/bent-run/build-cache/runs/cache-613102364/xdg LocalAppData=/home/runner/work/benchmarks/benchmarks/.ci/bent-run/build-cache/runs/cache-613102364/local-app-data /home/runner/work/benchmarks/benchmarks/.ci/bent-run/benchsize /home/runner/work/benchmarks/benchmarks/.ci/bent-run/testbin/etcdctl_LLGoFullLTOGlobalDCE Etcdctl )
goos: linux
goarch: amd64
pkg:
Unit total-bytes assume=exact
BenchmarkEtcdctl 1 20610072 total-bytes
Unit text-bytes assume=exact
BenchmarkEtcdctl 1 6784296 text-bytes
Unit data-bytes assume=exact
BenchmarkEtcdctl 1 7548432 data-bytes
Unit rodata-bytes assume=exact
BenchmarkEtcdctl 1 7014480 rodata-bytes
Unit pclntab-bytes assume=exact
BenchmarkEtcdctl 1 0 pclntab-bytes
Unit debug-bytes assume=exact
BenchmarkEtcdctl 1 0 debug-bytes

rm -rf /home/runner/work/benchmarks/benchmarks/.ci/bent-run/gopath/bin
(cd /home/runner/work/benchmarks/benchmarks/.ci/bent-run/build/etcdctl; LLGO_BUILD_TIMEOUT_SECONDS=1200 LLGO_COMMITTED_AT=2026-09-26T17:50:40+08:00 LLGO_BUILD_GO_VERSION=1.27.0 LLGO_BIN=/home/runner/work/benchmarks/benchmarks/ci/llgo-size/bin/llgo-build-timeout BENT_TIMING_LOG=/home/runner/work/benchmarks/benchmarks/.ci/bent-run/download-timings.log GOROOT_1_25_X64=/opt/hostedtoolcache/go/1.25.14/x64 LLGO_MAIN_INDEX=1701 LLGO_BUILD_KILL_GRACE_SECONDS=30 LLGO_COMMIT=4c39f5820e46f4c8be8628827d9b508486b89f52 GO_VERSION=1.26.2 LLGO_REPOSITORY=xgo-dev/llgo GOROOT_1_24_X64=/opt/hostedtoolcache/go/1.24.13/x64 GOROOT_1_26_X64=/opt/hostedtoolcache/go/1.26.8/x64 BENT_REAL_GO=/opt/hostedtoolcache/go/1.26.2/x64/bin/go LLGO_ROOT=/home/runner/work/benchmarks/benchmarks/.ci/llgo LLGO_REAL_BIN=/home/runner/work/benchmarks/benchmarks/.ci/llgo/llgo LLGO_LTO_PLUGIN=/home/runner/work/benchmarks/benchmarks/.ci/llgo/ltoplugin/build/LLGOLTOPlugin.so GOPATH=/home/runner/work/benchmarks/benchmarks/.ci/bent-run/gopath GOOS=linux GOARCH=amd64 GO111MODULE=auto ROOT=/home/runner/work/benchmarks/benchmarks/.ci/bent-run GOROOT=/home/runner/work/benchmarks/benchmarks/.ci/bent-run/goroots/Go BENT_BENCH=etcdctl BENT_CONFIG=Go BENT_I=0 GOCACHE=/home/runner/work/benchmarks/benchmarks/.ci/bent-run/build-cache/runs/cache-2316097045/go-build XDG_CACHE_HOME=/home/runner/work/benchmarks/benchmarks/.ci/bent-run/build-cache/runs/cache-2316097045/xdg LocalAppData=/home/runner/work/benchmarks/benchmarks/.ci/bent-run/build-cache/runs/cache-2316097045/local-app-data /home/runner/work/benchmarks/benchmarks/.ci/bent-run/goroots/Go/bin/go build -o /home/runner/work/benchmarks/benchmarks/.ci/bent-run/testbin/etcdctl_Go go.etcd.io/etcd/etcdctl/v3 )
goarch: amd64
toolchain: Go
BenchmarkEtcdctl 1 9950720428 build-real-ns/op 30575407000 build-user-ns/op 2193069000 build-sys-ns/op
toolchain: Go
( LLGO_BUILD_TIMEOUT_SECONDS=1200 LLGO_COMMITTED_AT=2026-09-26T17:50:40+08:00 LLGO_BUILD_GO_VERSION=1.27.0 LLGO_BIN=/home/runner/work/benchmarks/benchmarks/ci/llgo-size/bin/llgo-build-timeout BENT_TIMING_LOG=/home/runner/work/benchmarks/benchmarks/.ci/bent-run/download-timings.log GOROOT_1_25_X64=/opt/hostedtoolcache/go/1.25.14/x64 LLGO_MAIN_INDEX=1701 LLGO_BUILD_KILL_GRACE_SECONDS=30 LLGO_COMMIT=4c39f5820e46f4c8be8628827d9b508486b89f52 GO_VERSION=1.26.2 LLGO_REPOSITORY=xgo-dev/llgo GOROOT_1_24_X64=/opt/hostedtoolcache/go/1.24.13/x64 GOROOT_1_26_X64=/opt/hostedtoolcache/go/1.26.8/x64 BENT_REAL_GO=/opt/hostedtoolcache/go/1.26.2/x64/bin/go LLGO_ROOT=/home/runner/work/benchmarks/benchmarks/.ci/llgo LLGO_REAL_BIN=/home/runner/work/benchmarks/benchmarks/.ci/llgo/llgo LLGO_LTO_PLUGIN=/home/runner/work/benchmarks/benchmarks/.ci/llgo/ltoplugin/build/LLGOLTOPlugin.so GOPATH=/home/runner/work/benchmarks/benchmarks/.ci/bent-run/gopath GOOS=linux GOARCH=amd64 GO111MODULE=auto ROOT=/home/runner/work/benchmarks/benchmarks/.ci/bent-run GOROOT=/home/runner/work/benchmarks/benchmarks/.ci/bent-run/goroots/Go BENT_BENCH=etcdctl BENT_CONFIG=Go BENT_I=0 GOCACHE=/home/runner/work/benchmarks/benchmarks/.ci/bent-run/build-cache/runs/cache-2316097045/go-build XDG_CACHE_HOME=/home/runner/work/benchmarks/benchmarks/.ci/bent-run/build-cache/runs/cache-2316097045/xdg LocalAppData=/home/runner/work/benchmarks/benchmarks/.ci/bent-run/build-cache/runs/cache-2316097045/local-app-data /home/runner/work/benchmarks/benchmarks/.ci/bent-run/benchsize /home/runner/work/benchmarks/benchmarks/.ci/bent-run/testbin/etcdctl_Go Etcdctl )
goos: linux
goarch: amd64
pkg:
Unit total-bytes assume=exact
BenchmarkEtcdctl 1 25896983 total-bytes
Unit text-bytes assume=exact
BenchmarkEtcdctl 1 7873137 text-bytes
Unit data-bytes assume=exact
BenchmarkEtcdctl 1 3387820 data-bytes
Unit rodata-bytes assume=exact
BenchmarkEtcdctl 1 2522489 rodata-bytes
Unit pclntab-bytes assume=exact
BenchmarkEtcdctl 1 6735295 pclntab-bytes
Unit debug-bytes assume=exact
BenchmarkEtcdctl 1 5123631 debug-bytes

rm -rf /home/runner/work/benchmarks/benchmarks/.ci/bent-run/gopath/bin
(cd /home/runner/work/benchmarks/benchmarks/.ci/bent-run/build/k8s_workqueue; LLGO_BUILD_TIMEOUT_SECONDS=1200 LLGO_COMMITTED_AT=2026-09-26T17:50:40+08:00 LLGO_BUILD_GO_VERSION=1.27.0 LLGO_BIN=/home/runner/work/benchmarks/benchmarks/ci/llgo-size/bin/llgo-build-timeout BENT_TIMING_LOG=/home/runner/work/benchmarks/benchmarks/.ci/bent-run/download-timings.log GOROOT_1_25_X64=/opt/hostedtoolcache/go/1.25.14/x64 LLGO_MAIN_INDEX=1701 LLGO_BUILD_KILL_GRACE_SECONDS=30 LLGO_COMMIT=4c39f5820e46f4c8be8628827d9b508486b89f52 GO_VERSION=1.26.2 LLGO_REPOSITORY=xgo-dev/llgo GOROOT_1_24_X64=/opt/hostedtoolcache/go/1.24.13/x64 GOROOT_1_26_X64=/opt/hostedtoolcache/go/1.26.8/x64 BENT_REAL_GO=/opt/hostedtoolcache/go/1.26.2/x64/bin/go LLGO_ROOT=/home/runner/work/benchmarks/benchmarks/.ci/llgo LLGO_REAL_BIN=/home/runner/work/benchmarks/benchmarks/.ci/llgo/llgo LLGO_LTO_PLUGIN=/home/runner/work/benchmarks/benchmarks/.ci/llgo/ltoplugin/build/LLGOLTOPlugin.so GOPATH=/home/runner/work/benchmarks/benchmarks/.ci/bent-run/gopath GOOS=linux GOARCH=amd64 GO111MODULE=auto ROOT=/home/runner/work/benchmarks/benchmarks/.ci/bent-run GOROOT=/opt/hostedtoolcache/go/1.26.2/x64/ BENT_BENCH=k8s_workqueue BENT_CONFIG=LLGoFullLTONoGlobalDCE BENT_I=0 GOCACHE=/home/runner/work/benchmarks/benchmarks/.ci/bent-run/build-cache/runs/cache-532088395/go-build XDG_CACHE_HOME=/home/runner/work/benchmarks/benchmarks/.ci/bent-run/build-cache/runs/cache-532088395/xdg LocalAppData=/home/runner/work/benchmarks/benchmarks/.ci/bent-run/build-cache/runs/cache-532088395/local-app-data /home/runner/work/benchmarks/benchmarks/ci/llgo-size/bin/llgo-build-timeout test -c -o /home/runner/work/benchmarks/benchmarks/.ci/bent-run/testbin/k8s_workqueue_LLGoFullLTONoGlobalDCE -lto=full -globaldce=false k8s.io/client-go/util/workqueue )
goarch: amd64
toolchain: LLGoFullLTONoGlobalDCE
BenchmarkK8s_workqueue 1 80286856535 build-real-ns/op 100149596000 build-user-ns/op 1870505000 build-sys-ns/op
toolchain: LLGoFullLTONoGlobalDCE
( LLGO_BUILD_TIMEOUT_SECONDS=1200 LLGO_COMMITTED_AT=2026-09-26T17:50:40+08:00 LLGO_BUILD_GO_VERSION=1.27.0 LLGO_BIN=/home/runner/work/benchmarks/benchmarks/ci/llgo-size/bin/llgo-build-timeout BENT_TIMING_LOG=/home/runner/work/benchmarks/benchmarks/.ci/bent-run/download-timings.log GOROOT_1_25_X64=/opt/hostedtoolcache/go/1.25.14/x64 LLGO_MAIN_INDEX=1701 LLGO_BUILD_KILL_GRACE_SECONDS=30 LLGO_COMMIT=4c39f5820e46f4c8be8628827d9b508486b89f52 GO_VERSION=1.26.2 LLGO_REPOSITORY=xgo-dev/llgo GOROOT_1_24_X64=/opt/hostedtoolcache/go/1.24.13/x64 GOROOT_1_26_X64=/opt/hostedtoolcache/go/1.26.8/x64 BENT_REAL_GO=/opt/hostedtoolcache/go/1.26.2/x64/bin/go LLGO_ROOT=/home/runner/work/benchmarks/benchmarks/.ci/llgo LLGO_REAL_BIN=/home/runner/work/benchmarks/benchmarks/.ci/llgo/llgo LLGO_LTO_PLUGIN=/home/runner/work/benchmarks/benchmarks/.ci/llgo/ltoplugin/build/LLGOLTOPlugin.so GOPATH=/home/runner/work/benchmarks/benchmarks/.ci/bent-run/gopath GOOS=linux GOARCH=amd64 GO111MODULE=auto ROOT=/home/runner/work/benchmarks/benchmarks/.ci/bent-run GOROOT=/opt/hostedtoolcache/go/1.26.2/x64/ BENT_BENCH=k8s_workqueue BENT_CONFIG=LLGoFullLTONoGlobalDCE BENT_I=0 GOCACHE=/home/runner/work/benchmarks/benchmarks/.ci/bent-run/build-cache/runs/cache-532088395/go-build XDG_CACHE_HOME=/home/runner/work/benchmarks/benchmarks/.ci/bent-run/build-cache/runs/cache-532088395/xdg LocalAppData=/home/runner/work/benchmarks/benchmarks/.ci/bent-run/build-cache/runs/cache-532088395/local-app-data /home/runner/work/benchmarks/benchmarks/.ci/bent-run/benchsize /home/runner/work/benchmarks/benchmarks/.ci/bent-run/testbin/k8s_workqueue_LLGoFullLTONoGlobalDCE K8s_workqueue )
goos: linux
goarch: amd64
pkg:
Unit total-bytes assume=exact
BenchmarkK8s_workqueue 1 10915784 total-bytes
Unit text-bytes assume=exact
BenchmarkK8s_workqueue 1 3927818 text-bytes
Unit data-bytes assume=exact
BenchmarkK8s_workqueue 1 3714792 data-bytes
Unit rodata-bytes assume=exact
BenchmarkK8s_workqueue 1 3496328 rodata-bytes
Unit pclntab-bytes assume=exact
BenchmarkK8s_workqueue 1 0 pclntab-bytes
Unit debug-bytes assume=exact
BenchmarkK8s_workqueue 1 0 debug-bytes

rm -rf /home/runner/work/benchmarks/benchmarks/.ci/bent-run/gopath/bin
(cd /home/runner/work/benchmarks/benchmarks/.ci/bent-run/build/uber_zap; LLGO_BUILD_TIMEOUT_SECONDS=1200 LLGO_COMMITTED_AT=2026-09-26T17:50:40+08:00 LLGO_BUILD_GO_VERSION=1.27.0 LLGO_BIN=/home/runner/work/benchmarks/benchmarks/ci/llgo-size/bin/llgo-build-timeout BENT_TIMING_LOG=/home/runner/work/benchmarks/benchmarks/.ci/bent-run/download-timings.log GOROOT_1_25_X64=/opt/hostedtoolcache/go/1.25.14/x64 LLGO_MAIN_INDEX=1701 LLGO_BUILD_KILL_GRACE_SECONDS=30 LLGO_COMMIT=4c39f5820e46f4c8be8628827d9b508486b89f52 GO_VERSION=1.26.2 LLGO_REPOSITORY=xgo-dev/llgo GOROOT_1_24_X64=/opt/hostedtoolcache/go/1.24.13/x64 GOROOT_1_26_X64=/opt/hostedtoolcache/go/1.26.8/x64 BENT_REAL_GO=/opt/hostedtoolcache/go/1.26.2/x64/bin/go LLGO_ROOT=/home/runner/work/benchmarks/benchmarks/.ci/llgo LLGO_REAL_BIN=/home/runner/work/benchmarks/benchmarks/.ci/llgo/llgo LLGO_LTO_PLUGIN=/home/runner/work/benchmarks/benchmarks/.ci/llgo/ltoplugin/build/LLGOLTOPlugin.so GOPATH=/home/runner/work/benchmarks/benchmarks/.ci/bent-run/gopath GOOS=linux GOARCH=amd64 GO111MODULE=auto ROOT=/home/runner/work/benchmarks/benchmarks/.ci/bent-run GOROOT=/home/runner/work/benchmarks/benchmarks/.ci/bent-run/goroots/Go BENT_BENCH=uber_zap BENT_CONFIG=Go BENT_I=0 GOCACHE=/home/runner/work/benchmarks/benchmarks/.ci/bent-run/build-cache/runs/cache-1363917646/go-build XDG_CACHE_HOME=/home/runner/work/benchmarks/benchmarks/.ci/bent-run/build-cache/runs/cache-1363917646/xdg LocalAppData=/home/runner/work/benchmarks/benchmarks/.ci/bent-run/build-cache/runs/cache-1363917646/local-app-data /home/runner/work/benchmarks/benchmarks/.ci/bent-run/goroots/Go/bin/go test -vet=off -c -o /home/runner/work/benchmarks/benchmarks/.ci/bent-run/testbin/uber_zap_Go go.uber.org/zap/zapcore )
goarch: amd64
toolchain: Go
BenchmarkUber_zap 1 2055082253 build-real-ns/op 4774441000 build-user-ns/op 460036000 build-sys-ns/op
toolchain: Go
( LLGO_BUILD_TIMEOUT_SECONDS=1200 LLGO_COMMITTED_AT=2026-09-26T17:50:40+08:00 LLGO_BUILD_GO_VERSION=1.27.0 LLGO_BIN=/home/runner/work/benchmarks/benchmarks/ci/llgo-size/bin/llgo-build-timeout BENT_TIMING_LOG=/home/runner/work/benchmarks/benchmarks/.ci/bent-run/download-timings.log GOROOT_1_25_X64=/opt/hostedtoolcache/go/1.25.14/x64 LLGO_MAIN_INDEX=1701 LLGO_BUILD_KILL_GRACE_SECONDS=30 LLGO_COMMIT=4c39f5820e46f4c8be8628827d9b508486b89f52 GO_VERSION=1.26.2 LLGO_REPOSITORY=xgo-dev/llgo GOROOT_1_24_X64=/opt/hostedtoolcache/go/1.24.13/x64 GOROOT_1_26_X64=/opt/hostedtoolcache/go/1.26.8/x64 BENT_REAL_GO=/opt/hostedtoolcache/go/1.26.2/x64/bin/go LLGO_ROOT=/home/runner/work/benchmarks/benchmarks/.ci/llgo LLGO_REAL_BIN=/home/runner/work/benchmarks/benchmarks/.ci/llgo/llgo LLGO_LTO_PLUGIN=/home/runner/work/benchmarks/benchmarks/.ci/llgo/ltoplugin/build/LLGOLTOPlugin.so GOPATH=/home/runner/work/benchmarks/benchmarks/.ci/bent-run/gopath GOOS=linux GOARCH=amd64 GO111MODULE=auto ROOT=/home/runner/work/benchmarks/benchmarks/.ci/bent-run GOROOT=/home/runner/work/benchmarks/benchmarks/.ci/bent-run/goroots/Go BENT_BENCH=uber_zap BENT_CONFIG=Go BENT_I=0 GOCACHE=/home/runner/work/benchmarks/benchmarks/.ci/bent-run/build-cache/runs/cache-1363917646/go-build XDG_CACHE_HOME=/home/runner/work/benchmarks/benchmarks/.ci/bent-run/build-cache/runs/cache-1363917646/xdg LocalAppData=/home/runner/work/benchmarks/benchmarks/.ci/bent-run/build-cache/runs/cache-1363917646/local-app-data /home/runner/work/benchmarks/benchmarks/.ci/bent-run/benchsize /home/runner/work/benchmarks/benchmarks/.ci/bent-run/testbin/uber_zap_Go Uber_zap )
goos: linux
goarch: amd64
pkg:
Unit total-bytes assume=exact
BenchmarkUber_zap 1 10024992 total-bytes
Unit text-bytes assume=exact
BenchmarkUber_zap 1 3188785 text-bytes
Unit data-bytes assume=exact
BenchmarkUber_zap 1 1281612 data-bytes
Unit rodata-bytes assume=exact
BenchmarkUber_zap 1 914713 rodata-bytes
Unit pclntab-bytes assume=exact
BenchmarkUber_zap 1 2515781 pclntab-bytes
Unit debug-bytes assume=exact
BenchmarkUber_zap 1 2158037 debug-bytes

rm -rf /home/runner/work/benchmarks/benchmarks/.ci/bent-run/gopath/bin
(cd /home/runner/work/benchmarks/benchmarks/.ci/bent-run/build/iXGo; LLGO_BUILD_TIMEOUT_SECONDS=1200 LLGO_COMMITTED_AT=2026-09-26T17:50:40+08:00 LLGO_BUILD_GO_VERSION=1.27.0 LLGO_BIN=/home/runner/work/benchmarks/benchmarks/ci/llgo-size/bin/llgo-build-timeout BENT_TIMING_LOG=/home/runner/work/benchmarks/benchmarks/.ci/bent-run/download-timings.log GOROOT_1_25_X64=/opt/hostedtoolcache/go/1.25.14/x64 LLGO_MAIN_INDEX=1701 LLGO_BUILD_KILL_GRACE_SECONDS=30 LLGO_COMMIT=4c39f5820e46f4c8be8628827d9b508486b89f52 GO_VERSION=1.26.2 LLGO_REPOSITORY=xgo-dev/llgo GOROOT_1_24_X64=/opt/hostedtoolcache/go/1.24.13/x64 GOROOT_1_26_X64=/opt/hostedtoolcache/go/1.26.8/x64 BENT_REAL_GO=/opt/hostedtoolcache/go/1.26.2/x64/bin/go LLGO_ROOT=/home/runner/work/benchmarks/benchmarks/.ci/llgo LLGO_REAL_BIN=/home/runner/work/benchmarks/benchmarks/.ci/llgo/llgo LLGO_LTO_PLUGIN=/home/runner/work/benchmarks/benchmarks/.ci/llgo/ltoplugin/build/LLGOLTOPlugin.so GOPATH=/home/runner/work/benchmarks/benchmarks/.ci/bent-run/gopath GOOS=linux GOARCH=amd64 GO111MODULE=auto ROOT=/home/runner/work/benchmarks/benchmarks/.ci/bent-run GOROOT=/opt/hostedtoolcache/go/1.26.2/x64/ BENT_BENCH=iXGo BENT_CONFIG=LLGoFullLTOGlobalDCEPlugin BENT_I=0 GOCACHE=/home/runner/work/benchmarks/benchmarks/.ci/bent-run/build-cache/runs/cache-3626868951/go-build XDG_CACHE_HOME=/home/runner/work/benchmarks/benchmarks/.ci/bent-run/build-cache/runs/cache-3626868951/xdg LocalAppData=/home/runner/work/benchmarks/benchmarks/.ci/bent-run/build-cache/runs/cache-3626868951/local-app-data /home/runner/work/benchmarks/benchmarks/ci/llgo-size/bin/llgo-build-timeout build -o /home/runner/work/benchmarks/benchmarks/.ci/bent-run/testbin/iXGo_LLGoFullLTOGlobalDCEPlugin -lto=full -lto-pass-plugin=/home/runner/work/benchmarks/benchmarks/.ci/llgo/ltoplugin/build/LLGOLTOPlugin.so github.com/goplus/ixgo/cmd/ixgo )
goarch: amd64
toolchain: LLGoFullLTOGlobalDCEPlugin
BenchmarkIXGo 1 327008075295 build-real-ns/op 598435522000 build-user-ns/op 19248324000 build-sys-ns/op
toolchain: LLGoFullLTOGlobalDCEPlugin
( LLGO_BUILD_TIMEOUT_SECONDS=1200 LLGO_COMMITTED_AT=2026-09-26T17:50:40+08:00 LLGO_BUILD_GO_VERSION=1.27.0 LLGO_BIN=/home/runner/work/benchmarks/benchmarks/ci/llgo-size/bin/llgo-build-timeout BENT_TIMING_LOG=/home/runner/work/benchmarks/benchmarks/.ci/bent-run/download-timings.log GOROOT_1_25_X64=/opt/hostedtoolcache/go/1.25.14/x64 LLGO_MAIN_INDEX=1701 LLGO_BUILD_KILL_GRACE_SECONDS=30 LLGO_COMMIT=4c39f5820e46f4c8be8628827d9b508486b89f52 GO_VERSION=1.26.2 LLGO_REPOSITORY=xgo-dev/llgo GOROOT_1_24_X64=/opt/hostedtoolcache/go/1.24.13/x64 GOROOT_1_26_X64=/opt/hostedtoolcache/go/1.26.8/x64 BENT_REAL_GO=/opt/hostedtoolcache/go/1.26.2/x64/bin/go LLGO_ROOT=/home/runner/work/benchmarks/benchmarks/.ci/llgo LLGO_REAL_BIN=/home/runner/work/benchmarks/benchmarks/.ci/llgo/llgo LLGO_LTO_PLUGIN=/home/runner/work/benchmarks/benchmarks/.ci/llgo/ltoplugin/build/LLGOLTOPlugin.so GOPATH=/home/runner/work/benchmarks/benchmarks/.ci/bent-run/gopath GOOS=linux GOARCH=amd64 GO111MODULE=auto ROOT=/home/runner/work/benchmarks/benchmarks/.ci/bent-run GOROOT=/opt/hostedtoolcache/go/1.26.2/x64/ BENT_BENCH=iXGo BENT_CONFIG=LLGoFullLTOGlobalDCEPlugin BENT_I=0 GOCACHE=/home/runner/work/benchmarks/benchmarks/.ci/bent-run/build-cache/runs/cache-3626868951/go-build XDG_CACHE_HOME=/home/runner/work/benchmarks/benchmarks/.ci/bent-run/build-cache/runs/cache-3626868951/xdg LocalAppData=/home/runner/work/benchmarks/benchmarks/.ci/bent-run/build-cache/runs/cache-3626868951/local-app-data /home/runner/work/benchmarks/benchmarks/.ci/bent-run/benchsize /home/runner/work/benchmarks/benchmarks/.ci/bent-run/testbin/iXGo_LLGoFullLTOGlobalDCEPlugin IXGo )
goos: linux
goarch: amd64
pkg:
Unit total-bytes assume=exact
BenchmarkIXGo 1 29731784 total-bytes
Unit text-bytes assume=exact
BenchmarkIXGo 1 10296666 text-bytes
Unit data-bytes assume=exact
BenchmarkIXGo 1 10198336 data-bytes
Unit rodata-bytes assume=exact
BenchmarkIXGo 1 9139560 rodata-bytes
Unit pclntab-bytes assume=exact
BenchmarkIXGo 1 0 pclntab-bytes
Unit debug-bytes assume=exact
BenchmarkIXGo 1 0 debug-bytes

rm -rf /home/runner/work/benchmarks/benchmarks/.ci/bent-run/gopath/bin
(cd /home/runner/work/benchmarks/benchmarks/.ci/bent-run/build/aws_restjson_v1; LLGO_BUILD_TIMEOUT_SECONDS=1200 LLGO_COMMITTED_AT=2026-09-26T17:50:40+08:00 LLGO_BUILD_GO_VERSION=1.27.0 LLGO_BIN=/home/runner/work/benchmarks/benchmarks/ci/llgo-size/bin/llgo-build-timeout BENT_TIMING_LOG=/home/runner/work/benchmarks/benchmarks/.ci/bent-run/download-timings.log GOROOT_1_25_X64=/opt/hostedtoolcache/go/1.25.14/x64 LLGO_MAIN_INDEX=1701 LLGO_BUILD_KILL_GRACE_SECONDS=30 LLGO_COMMIT=4c39f5820e46f4c8be8628827d9b508486b89f52 GO_VERSION=1.26.2 LLGO_REPOSITORY=xgo-dev/llgo GOROOT_1_24_X64=/opt/hostedtoolcache/go/1.24.13/x64 GOROOT_1_26_X64=/opt/hostedtoolcache/go/1.26.8/x64 BENT_REAL_GO=/opt/hostedtoolcache/go/1.26.2/x64/bin/go LLGO_ROOT=/home/runner/work/benchmarks/benchmarks/.ci/llgo LLGO_REAL_BIN=/home/runner/work/benchmarks/benchmarks/.ci/llgo/llgo LLGO_LTO_PLUGIN=/home/runner/work/benchmarks/benchmarks/.ci/llgo/ltoplugin/build/LLGOLTOPlugin.so GOPATH=/home/runner/work/benchmarks/benchmarks/.ci/bent-run/gopath GOOS=linux GOARCH=amd64 GO111MODULE=auto ROOT=/home/runner/work/benchmarks/benchmarks/.ci/bent-run GOROOT=/opt/hostedtoolcache/go/1.26.2/x64/ BENT_BENCH=aws_restjson BENT_CONFIG=LLGoNoLTO BENT_I=0 GOCACHE=/home/runner/work/benchmarks/benchmarks/.ci/bent-run/build-cache/runs/cache-4241200723/go-build XDG_CACHE_HOME=/home/runner/work/benchmarks/benchmarks/.ci/bent-run/build-cache/runs/cache-4241200723/xdg LocalAppData=/home/runner/work/benchmarks/benchmarks/.ci/bent-run/build-cache/runs/cache-4241200723/local-app-data /home/runner/work/benchmarks/benchmarks/ci/llgo-size/bin/llgo-build-timeout test -c -o /home/runner/work/benchmarks/benchmarks/.ci/bent-run/testbin/aws_restjson_v1_LLGoNoLTO github.com/aws/aws-sdk-go/private/protocol/restjson )
goarch: amd64
toolchain: LLGoNoLTO
BenchmarkAws_restjson 1 41764555279 build-real-ns/op 81526428000 build-user-ns/op 2346126000 build-sys-ns/op
toolchain: LLGoNoLTO
( LLGO_BUILD_TIMEOUT_SECONDS=1200 LLGO_COMMITTED_AT=2026-09-26T17:50:40+08:00 LLGO_BUILD_GO_VERSION=1.27.0 LLGO_BIN=/home/runner/work/benchmarks/benchmarks/ci/llgo-size/bin/llgo-build-timeout BENT_TIMING_LOG=/home/runner/work/benchmarks/benchmarks/.ci/bent-run/download-timings.log GOROOT_1_25_X64=/opt/hostedtoolcache/go/1.25.14/x64 LLGO_MAIN_INDEX=1701 LLGO_BUILD_KILL_GRACE_SECONDS=30 LLGO_COMMIT=4c39f5820e46f4c8be8628827d9b508486b89f52 GO_VERSION=1.26.2 LLGO_REPOSITORY=xgo-dev/llgo GOROOT_1_24_X64=/opt/hostedtoolcache/go/1.24.13/x64 GOROOT_1_26_X64=/opt/hostedtoolcache/go/1.26.8/x64 BENT_REAL_GO=/opt/hostedtoolcache/go/1.26.2/x64/bin/go LLGO_ROOT=/home/runner/work/benchmarks/benchmarks/.ci/llgo LLGO_REAL_BIN=/home/runner/work/benchmarks/benchmarks/.ci/llgo/llgo LLGO_LTO_PLUGIN=/home/runner/work/benchmarks/benchmarks/.ci/llgo/ltoplugin/build/LLGOLTOPlugin.so GOPATH=/home/runner/work/benchmarks/benchmarks/.ci/bent-run/gopath GOOS=linux GOARCH=amd64 GO111MODULE=auto ROOT=/home/runner/work/benchmarks/benchmarks/.ci/bent-run GOROOT=/opt/hostedtoolcache/go/1.26.2/x64/ BENT_BENCH=aws_restjson BENT_CONFIG=LLGoNoLTO BENT_I=0 GOCACHE=/home/runner/work/benchmarks/benchmarks/.ci/bent-run/build-cache/runs/cache-4241200723/go-build XDG_CACHE_HOME=/home/runner/work/benchmarks/benchmarks/.ci/bent-run/build-cache/runs/cache-4241200723/xdg LocalAppData=/home/runner/work/benchmarks/benchmarks/.ci/bent-run/build-cache/runs/cache-4241200723/local-app-data /home/runner/work/benchmarks/benchmarks/.ci/bent-run/benchsize /home/runner/work/benchmarks/benchmarks/.ci/bent-run/testbin/aws_restjson_v1_LLGoNoLTO Aws_restjson )
goos: linux
goarch: amd64
pkg:
Unit total-bytes assume=exact
BenchmarkAws_restjson 1 12954592 total-bytes
Unit text-bytes assume=exact
BenchmarkAws_restjson 1 5048401 text-bytes
Unit data-bytes assume=exact
BenchmarkAws_restjson 1 4088848 data-bytes
Unit rodata-bytes assume=exact
BenchmarkAws_restjson 1 2375608 rodata-bytes
Unit pclntab-bytes assume=exact
BenchmarkAws_restjson 1 0 pclntab-bytes
Unit debug-bytes assume=exact
BenchmarkAws_restjson 1 0 debug-bytes

rm -rf /home/runner/work/benchmarks/benchmarks/.ci/bent-run/gopath/bin
(cd /home/runner/work/benchmarks/benchmarks/.ci/bent-run/build/k8s_workqueue; LLGO_BUILD_TIMEOUT_SECONDS=1200 LLGO_COMMITTED_AT=2026-09-26T17:50:40+08:00 LLGO_BUILD_GO_VERSION=1.27.0 LLGO_BIN=/home/runner/work/benchmarks/benchmarks/ci/llgo-size/bin/llgo-build-timeout BENT_TIMING_LOG=/home/runner/work/benchmarks/benchmarks/.ci/bent-run/download-timings.log GOROOT_1_25_X64=/opt/hostedtoolcache/go/1.25.14/x64 LLGO_MAIN_INDEX=1701 LLGO_BUILD_KILL_GRACE_SECONDS=30 LLGO_COMMIT=4c39f5820e46f4c8be8628827d9b508486b89f52 GO_VERSION=1.26.2 LLGO_REPOSITORY=xgo-dev/llgo GOROOT_1_24_X64=/opt/hostedtoolcache/go/1.24.13/x64 GOROOT_1_26_X64=/opt/hostedtoolcache/go/1.26.8/x64 BENT_REAL_GO=/opt/hostedtoolcache/go/1.26.2/x64/bin/go LLGO_ROOT=/home/runner/work/benchmarks/benchmarks/.ci/llgo LLGO_REAL_BIN=/home/runner/work/benchmarks/benchmarks/.ci/llgo/llgo LLGO_LTO_PLUGIN=/home/runner/work/benchmarks/benchmarks/.ci/llgo/ltoplugin/build/LLGOLTOPlugin.so GOPATH=/home/runner/work/benchmarks/benchmarks/.ci/bent-run/gopath GOOS=linux GOARCH=amd64 GO111MODULE=auto ROOT=/home/runner/work/benchmarks/benchmarks/.ci/bent-run GOROOT=/opt/hostedtoolcache/go/1.26.2/x64/ BENT_BENCH=k8s_workqueue BENT_CONFIG=LLGoFullLTOGlobalDCE BENT_I=0 GOCACHE=/home/runner/work/benchmarks/benchmarks/.ci/bent-run/build-cache/runs/cache-1486157189/go-build XDG_CACHE_HOME=/home/runner/work/benchmarks/benchmarks/.ci/bent-run/build-cache/runs/cache-1486157189/xdg LocalAppData=/home/runner/work/benchmarks/benchmarks/.ci/bent-run/build-cache/runs/cache-1486157189/local-app-data /home/runner/work/benchmarks/benchmarks/ci/llgo-size/bin/llgo-build-timeout test -c -o /home/runner/work/benchmarks/benchmarks/.ci/bent-run/testbin/k8s_workqueue_LLGoFullLTOGlobalDCE -lto=full k8s.io/client-go/util/workqueue )
goarch: amd64
toolchain: LLGoFullLTOGlobalDCE
BenchmarkK8s_workqueue 1 81333238666 build-real-ns/op 101408277000 build-user-ns/op 2083448000 build-sys-ns/op
toolchain: LLGoFullLTOGlobalDCE
( LLGO_BUILD_TIMEOUT_SECONDS=1200 LLGO_COMMITTED_AT=2026-09-26T17:50:40+08:00 LLGO_BUILD_GO_VERSION=1.27.0 LLGO_BIN=/home/runner/work/benchmarks/benchmarks/ci/llgo-size/bin/llgo-build-timeout BENT_TIMING_LOG=/home/runner/work/benchmarks/benchmarks/.ci/bent-run/download-timings.log GOROOT_1_25_X64=/opt/hostedtoolcache/go/1.25.14/x64 LLGO_MAIN_INDEX=1701 LLGO_BUILD_KILL_GRACE_SECONDS=30 LLGO_COMMIT=4c39f5820e46f4c8be8628827d9b508486b89f52 GO_VERSION=1.26.2 LLGO_REPOSITORY=xgo-dev/llgo GOROOT_1_24_X64=/opt/hostedtoolcache/go/1.24.13/x64 GOROOT_1_26_X64=/opt/hostedtoolcache/go/1.26.8/x64 BENT_REAL_GO=/opt/hostedtoolcache/go/1.26.2/x64/bin/go LLGO_ROOT=/home/runner/work/benchmarks/benchmarks/.ci/llgo LLGO_REAL_BIN=/home/runner/work/benchmarks/benchmarks/.ci/llgo/llgo LLGO_LTO_PLUGIN=/home/runner/work/benchmarks/benchmarks/.ci/llgo/ltoplugin/build/LLGOLTOPlugin.so GOPATH=/home/runner/work/benchmarks/benchmarks/.ci/bent-run/gopath GOOS=linux GOARCH=amd64 GO111MODULE=auto ROOT=/home/runner/work/benchmarks/benchmarks/.ci/bent-run GOROOT=/opt/hostedtoolcache/go/1.26.2/x64/ BENT_BENCH=k8s_workqueue BENT_CONFIG=LLGoFullLTOGlobalDCE BENT_I=0 GOCACHE=/home/runner/work/benchmarks/benchmarks/.ci/bent-run/build-cache/runs/cache-1486157189/go-build XDG_CACHE_HOME=/home/runner/work/benchmarks/benchmarks/.ci/bent-run/build-cache/runs/cache-1486157189/xdg LocalAppData=/home/runner/work/benchmarks/benchmarks/.ci/bent-run/build-cache/runs/cache-1486157189/local-app-data /home/runner/work/benchmarks/benchmarks/.ci/bent-run/benchsize /home/runner/work/benchmarks/benchmarks/.ci/bent-run/testbin/k8s_workqueue_LLGoFullLTOGlobalDCE K8s_workqueue )
goos: linux
goarch: amd64
pkg:
Unit total-bytes assume=exact
BenchmarkK8s_workqueue 1 10822216 total-bytes
Unit text-bytes assume=exact
BenchmarkK8s_workqueue 1 3823631 text-bytes
Unit data-bytes assume=exact
BenchmarkK8s_workqueue 1 3726536 data-bytes
Unit rodata-bytes assume=exact
BenchmarkK8s_workqueue 1 3508072 rodata-bytes
Unit pclntab-bytes assume=exact
BenchmarkK8s_workqueue 1 0 pclntab-bytes
Unit debug-bytes assume=exact
BenchmarkK8s_workqueue 1 0 debug-bytes

rm -rf /home/runner/work/benchmarks/benchmarks/.ci/bent-run/gopath/bin
(cd /home/runner/work/benchmarks/benchmarks/.ci/bent-run/build/etcdctl; LLGO_BUILD_TIMEOUT_SECONDS=1200 LLGO_COMMITTED_AT=2026-09-26T17:50:40+08:00 LLGO_BUILD_GO_VERSION=1.27.0 LLGO_BIN=/home/runner/work/benchmarks/benchmarks/ci/llgo-size/bin/llgo-build-timeout BENT_TIMING_LOG=/home/runner/work/benchmarks/benchmarks/.ci/bent-run/download-timings.log GOROOT_1_25_X64=/opt/hostedtoolcache/go/1.25.14/x64 LLGO_MAIN_INDEX=1701 LLGO_BUILD_KILL_GRACE_SECONDS=30 LLGO_COMMIT=4c39f5820e46f4c8be8628827d9b508486b89f52 GO_VERSION=1.26.2 LLGO_REPOSITORY=xgo-dev/llgo GOROOT_1_24_X64=/opt/hostedtoolcache/go/1.24.13/x64 GOROOT_1_26_X64=/opt/hostedtoolcache/go/1.26.8/x64 BENT_REAL_GO=/opt/hostedtoolcache/go/1.26.2/x64/bin/go LLGO_ROOT=/home/runner/work/benchmarks/benchmarks/.ci/llgo LLGO_REAL_BIN=/home/runner/work/benchmarks/benchmarks/.ci/llgo/llgo LLGO_LTO_PLUGIN=/home/runner/work/benchmarks/benchmarks/.ci/llgo/ltoplugin/build/LLGOLTOPlugin.so GOPATH=/home/runner/work/benchmarks/benchmarks/.ci/bent-run/gopath GOOS=linux GOARCH=amd64 GO111MODULE=auto ROOT=/home/runner/work/benchmarks/benchmarks/.ci/bent-run GOROOT=/opt/hostedtoolcache/go/1.26.2/x64/ BENT_BENCH=etcdctl BENT_CONFIG=LLGoFullLTONoGlobalDCE BENT_I=0 GOCACHE=/home/runner/work/benchmarks/benchmarks/.ci/bent-run/build-cache/runs/cache-2213669554/go-build XDG_CACHE_HOME=/home/runner/work/benchmarks/benchmarks/.ci/bent-run/build-cache/runs/cache-2213669554/xdg LocalAppData=/home/runner/work/benchmarks/benchmarks/.ci/bent-run/build-cache/runs/cache-2213669554/local-app-data /home/runner/work/benchmarks/benchmarks/ci/llgo-size/bin/llgo-build-timeout build -o /home/runner/work/benchmarks/benchmarks/.ci/bent-run/testbin/etcdctl_LLGoFullLTONoGlobalDCE -lto=full -globaldce=false go.etcd.io/etcd/etcdctl/v3 )
goarch: amd64
toolchain: LLGoFullLTONoGlobalDCE
BenchmarkEtcdctl 1 159182644278 build-real-ns/op 245716685000 build-user-ns/op 5123757000 build-sys-ns/op
toolchain: LLGoFullLTONoGlobalDCE
( LLGO_BUILD_TIMEOUT_SECONDS=1200 LLGO_COMMITTED_AT=2026-09-26T17:50:40+08:00 LLGO_BUILD_GO_VERSION=1.27.0 LLGO_BIN=/home/runner/work/benchmarks/benchmarks/ci/llgo-size/bin/llgo-build-timeout BENT_TIMING_LOG=/home/runner/work/benchmarks/benchmarks/.ci/bent-run/download-timings.log GOROOT_1_25_X64=/opt/hostedtoolcache/go/1.25.14/x64 LLGO_MAIN_INDEX=1701 LLGO_BUILD_KILL_GRACE_SECONDS=30 LLGO_COMMIT=4c39f5820e46f4c8be8628827d9b508486b89f52 GO_VERSION=1.26.2 LLGO_REPOSITORY=xgo-dev/llgo GOROOT_1_24_X64=/opt/hostedtoolcache/go/1.24.13/x64 GOROOT_1_26_X64=/opt/hostedtoolcache/go/1.26.8/x64 BENT_REAL_GO=/opt/hostedtoolcache/go/1.26.2/x64/bin/go LLGO_ROOT=/home/runner/work/benchmarks/benchmarks/.ci/llgo LLGO_REAL_BIN=/home/runner/work/benchmarks/benchmarks/.ci/llgo/llgo LLGO_LTO_PLUGIN=/home/runner/work/benchmarks/benchmarks/.ci/llgo/ltoplugin/build/LLGOLTOPlugin.so GOPATH=/home/runner/work/benchmarks/benchmarks/.ci/bent-run/gopath GOOS=linux GOARCH=amd64 GO111MODULE=auto ROOT=/home/runner/work/benchmarks/benchmarks/.ci/bent-run GOROOT=/opt/hostedtoolcache/go/1.26.2/x64/ BENT_BENCH=etcdctl BENT_CONFIG=LLGoFullLTONoGlobalDCE BENT_I=0 GOCACHE=/home/runner/work/benchmarks/benchmarks/.ci/bent-run/build-cache/runs/cache-2213669554/go-build XDG_CACHE_HOME=/home/runner/work/benchmarks/benchmarks/.ci/bent-run/build-cache/runs/cache-2213669554/xdg LocalAppData=/home/runner/work/benchmarks/benchmarks/.ci/bent-run/build-cache/runs/cache-2213669554/local-app-data /home/runner/work/benchmarks/benchmarks/.ci/bent-run/benchsize /home/runner/work/benchmarks/benchmarks/.ci/bent-run/testbin/etcdctl_LLGoFullLTONoGlobalDCE Etcdctl )
goos: linux
goarch: amd64
pkg:
Unit total-bytes assume=exact
BenchmarkEtcdctl 1 20985336 total-bytes
Unit text-bytes assume=exact
BenchmarkEtcdctl 1 7078402 text-bytes
Unit data-bytes assume=exact
BenchmarkEtcdctl 1 7523336 data-bytes
Unit rodata-bytes assume=exact
BenchmarkEtcdctl 1 6989384 rodata-bytes
Unit pclntab-bytes assume=exact
BenchmarkEtcdctl 1 0 pclntab-bytes
Unit debug-bytes assume=exact
BenchmarkEtcdctl 1 0 debug-bytes

rm -rf /home/runner/work/benchmarks/benchmarks/.ci/bent-run/gopath/bin
(cd /home/runner/work/benchmarks/benchmarks/.ci/bent-run/build/etcdctl; LLGO_BUILD_TIMEOUT_SECONDS=1200 LLGO_COMMITTED_AT=2026-09-26T17:50:40+08:00 LLGO_BUILD_GO_VERSION=1.27.0 LLGO_BIN=/home/runner/work/benchmarks/benchmarks/ci/llgo-size/bin/llgo-build-timeout BENT_TIMING_LOG=/home/runner/work/benchmarks/benchmarks/.ci/bent-run/download-timings.log GOROOT_1_25_X64=/opt/hostedtoolcache/go/1.25.14/x64 LLGO_MAIN_INDEX=1701 LLGO_BUILD_KILL_GRACE_SECONDS=30 LLGO_COMMIT=4c39f5820e46f4c8be8628827d9b508486b89f52 GO_VERSION=1.26.2 LLGO_REPOSITORY=xgo-dev/llgo GOROOT_1_24_X64=/opt/hostedtoolcache/go/1.24.13/x64 GOROOT_1_26_X64=/opt/hostedtoolcache/go/1.26.8/x64 BENT_REAL_GO=/opt/hostedtoolcache/go/1.26.2/x64/bin/go LLGO_ROOT=/home/runner/work/benchmarks/benchmarks/.ci/llgo LLGO_REAL_BIN=/home/runner/work/benchmarks/benchmarks/.ci/llgo/llgo LLGO_LTO_PLUGIN=/home/runner/work/benchmarks/benchmarks/.ci/llgo/ltoplugin/build/LLGOLTOPlugin.so GOPATH=/home/runner/work/benchmarks/benchmarks/.ci/bent-run/gopath GOOS=linux GOARCH=amd64 GO111MODULE=auto ROOT=/home/runner/work/benchmarks/benchmarks/.ci/bent-run GOROOT=/opt/hostedtoolcache/go/1.26.2/x64/ BENT_BENCH=etcdctl BENT_CONFIG=LLGoDeadcodeDrop BENT_I=0 GOCACHE=/home/runner/work/benchmarks/benchmarks/.ci/bent-run/build-cache/runs/cache-487872963/go-build XDG_CACHE_HOME=/home/runner/work/benchmarks/benchmarks/.ci/bent-run/build-cache/runs/cache-487872963/xdg LocalAppData=/home/runner/work/benchmarks/benchmarks/.ci/bent-run/build-cache/runs/cache-487872963/local-app-data /home/runner/work/benchmarks/benchmarks/ci/llgo-size/bin/llgo-build-timeout build -o /home/runner/work/benchmarks/benchmarks/.ci/bent-run/testbin/etcdctl_LLGoDeadcodeDrop -deadcodedrop go.etcd.io/etcd/etcdctl/v3 )
goarch: amd64
toolchain: LLGoDeadcodeDrop
BenchmarkEtcdctl 1 62745537489 build-real-ns/op 182763180000 build-user-ns/op 4544782000 build-sys-ns/op
toolchain: LLGoDeadcodeDrop
( LLGO_BUILD_TIMEOUT_SECONDS=1200 LLGO_COMMITTED_AT=2026-09-26T17:50:40+08:00 LLGO_BUILD_GO_VERSION=1.27.0 LLGO_BIN=/home/runner/work/benchmarks/benchmarks/ci/llgo-size/bin/llgo-build-timeout BENT_TIMING_LOG=/home/runner/work/benchmarks/benchmarks/.ci/bent-run/download-timings.log GOROOT_1_25_X64=/opt/hostedtoolcache/go/1.25.14/x64 LLGO_MAIN_INDEX=1701 LLGO_BUILD_KILL_GRACE_SECONDS=30 LLGO_COMMIT=4c39f5820e46f4c8be8628827d9b508486b89f52 GO_VERSION=1.26.2 LLGO_REPOSITORY=xgo-dev/llgo GOROOT_1_24_X64=/opt/hostedtoolcache/go/1.24.13/x64 GOROOT_1_26_X64=/opt/hostedtoolcache/go/1.26.8/x64 BENT_REAL_GO=/opt/hostedtoolcache/go/1.26.2/x64/bin/go LLGO_ROOT=/home/runner/work/benchmarks/benchmarks/.ci/llgo LLGO_REAL_BIN=/home/runner/work/benchmarks/benchmarks/.ci/llgo/llgo LLGO_LTO_PLUGIN=/home/runner/work/benchmarks/benchmarks/.ci/llgo/ltoplugin/build/LLGOLTOPlugin.so GOPATH=/home/runner/work/benchmarks/benchmarks/.ci/bent-run/gopath GOOS=linux GOARCH=amd64 GO111MODULE=auto ROOT=/home/runner/work/benchmarks/benchmarks/.ci/bent-run GOROOT=/opt/hostedtoolcache/go/1.26.2/x64/ BENT_BENCH=etcdctl BENT_CONFIG=LLGoDeadcodeDrop BENT_I=0 GOCACHE=/home/runner/work/benchmarks/benchmarks/.ci/bent-run/build-cache/runs/cache-487872963/go-build XDG_CACHE_HOME=/home/runner/work/benchmarks/benchmarks/.ci/bent-run/build-cache/runs/cache-487872963/xdg LocalAppData=/home/runner/work/benchmarks/benchmarks/.ci/bent-run/build-cache/runs/cache-487872963/local-app-data /home/runner/work/benchmarks/benchmarks/.ci/bent-run/benchsize /home/runner/work/benchmarks/benchmarks/.ci/bent-run/testbin/etcdctl_LLGoDeadcodeDrop Etcdctl )
goos: linux
goarch: amd64
pkg:
Unit total-bytes assume=exact
BenchmarkEtcdctl 1 20498856 total-bytes
Unit text-bytes assume=exact
BenchmarkEtcdctl 1 6707149 text-bytes
Unit data-bytes assume=exact
BenchmarkEtcdctl 1 7650032 data-bytes
Unit rodata-bytes assume=exact
BenchmarkEtcdctl 1 4105768 rodata-bytes
Unit pclntab-bytes assume=exact
BenchmarkEtcdctl 1 0 pclntab-bytes
Unit debug-bytes assume=exact
BenchmarkEtcdctl 1 0 debug-bytes

rm -rf /home/runner/work/benchmarks/benchmarks/.ci/bent-run/gopath/bin
(cd /home/runner/work/benchmarks/benchmarks/.ci/bent-run/build/toml; LLGO_BUILD_TIMEOUT_SECONDS=1200 LLGO_COMMITTED_AT=2026-09-26T17:50:40+08:00 LLGO_BUILD_GO_VERSION=1.27.0 LLGO_BIN=/home/runner/work/benchmarks/benchmarks/ci/llgo-size/bin/llgo-build-timeout BENT_TIMING_LOG=/home/runner/work/benchmarks/benchmarks/.ci/bent-run/download-timings.log GOROOT_1_25_X64=/opt/hostedtoolcache/go/1.25.14/x64 LLGO_MAIN_INDEX=1701 LLGO_BUILD_KILL_GRACE_SECONDS=30 LLGO_COMMIT=4c39f5820e46f4c8be8628827d9b508486b89f52 GO_VERSION=1.26.2 LLGO_REPOSITORY=xgo-dev/llgo GOROOT_1_24_X64=/opt/hostedtoolcache/go/1.24.13/x64 GOROOT_1_26_X64=/opt/hostedtoolcache/go/1.26.8/x64 BENT_REAL_GO=/opt/hostedtoolcache/go/1.26.2/x64/bin/go LLGO_ROOT=/home/runner/work/benchmarks/benchmarks/.ci/llgo LLGO_REAL_BIN=/home/runner/work/benchmarks/benchmarks/.ci/llgo/llgo LLGO_LTO_PLUGIN=/home/runner/work/benchmarks/benchmarks/.ci/llgo/ltoplugin/build/LLGOLTOPlugin.so GOPATH=/home/runner/work/benchmarks/benchmarks/.ci/bent-run/gopath GOOS=linux GOARCH=amd64 GO111MODULE=auto ROOT=/home/runner/work/benchmarks/benchmarks/.ci/bent-run GOROOT=/opt/hostedtoolcache/go/1.26.2/x64/ BENT_BENCH=toml BENT_CONFIG=LLGoFullLTOGlobalDCE BENT_I=0 GOCACHE=/home/runner/work/benchmarks/benchmarks/.ci/bent-run/build-cache/runs/cache-409735288/go-build XDG_CACHE_HOME=/home/runner/work/benchmarks/benchmarks/.ci/bent-run/build-cache/runs/cache-409735288/xdg LocalAppData=/home/runner/work/benchmarks/benchmarks/.ci/bent-run/build-cache/runs/cache-409735288/local-app-data /home/runner/work/benchmarks/benchmarks/ci/llgo-size/bin/llgo-build-timeout test -c -o /home/runner/work/benchmarks/benchmarks/.ci/bent-run/testbin/toml_LLGoFullLTOGlobalDCE -lto=full github.com/BurntSushi/toml )
goarch: amd64
toolchain: LLGoFullLTOGlobalDCE
BenchmarkToml 1 29177826062 build-real-ns/op 39728587000 build-user-ns/op 1083089000 build-sys-ns/op
toolchain: LLGoFullLTOGlobalDCE
( LLGO_BUILD_TIMEOUT_SECONDS=1200 LLGO_COMMITTED_AT=2026-09-26T17:50:40+08:00 LLGO_BUILD_GO_VERSION=1.27.0 LLGO_BIN=/home/runner/work/benchmarks/benchmarks/ci/llgo-size/bin/llgo-build-timeout BENT_TIMING_LOG=/home/runner/work/benchmarks/benchmarks/.ci/bent-run/download-timings.log GOROOT_1_25_X64=/opt/hostedtoolcache/go/1.25.14/x64 LLGO_MAIN_INDEX=1701 LLGO_BUILD_KILL_GRACE_SECONDS=30 LLGO_COMMIT=4c39f5820e46f4c8be8628827d9b508486b89f52 GO_VERSION=1.26.2 LLGO_REPOSITORY=xgo-dev/llgo GOROOT_1_24_X64=/opt/hostedtoolcache/go/1.24.13/x64 GOROOT_1_26_X64=/opt/hostedtoolcache/go/1.26.8/x64 BENT_REAL_GO=/opt/hostedtoolcache/go/1.26.2/x64/bin/go LLGO_ROOT=/home/runner/work/benchmarks/benchmarks/.ci/llgo LLGO_REAL_BIN=/home/runner/work/benchmarks/benchmarks/.ci/llgo/llgo LLGO_LTO_PLUGIN=/home/runner/work/benchmarks/benchmarks/.ci/llgo/ltoplugin/build/LLGOLTOPlugin.so GOPATH=/home/runner/work/benchmarks/benchmarks/.ci/bent-run/gopath GOOS=linux GOARCH=amd64 GO111MODULE=auto ROOT=/home/runner/work/benchmarks/benchmarks/.ci/bent-run GOROOT=/opt/hostedtoolcache/go/1.26.2/x64/ BENT_BENCH=toml BENT_CONFIG=LLGoFullLTOGlobalDCE BENT_I=0 GOCACHE=/home/runner/work/benchmarks/benchmarks/.ci/bent-run/build-cache/runs/cache-409735288/go-build XDG_CACHE_HOME=/home/runner/work/benchmarks/benchmarks/.ci/bent-run/build-cache/runs/cache-409735288/xdg LocalAppData=/home/runner/work/benchmarks/benchmarks/.ci/bent-run/build-cache/runs/cache-409735288/local-app-data /home/runner/work/benchmarks/benchmarks/.ci/bent-run/benchsize /home/runner/work/benchmarks/benchmarks/.ci/bent-run/testbin/toml_LLGoFullLTOGlobalDCE Toml )
goos: linux
goarch: amd64
pkg:
Unit total-bytes assume=exact
BenchmarkToml 1 4927856 total-bytes
Unit text-bytes assume=exact
BenchmarkToml 1 1574223 text-bytes
Unit data-bytes assume=exact
BenchmarkToml 1 2085432 data-bytes
Unit rodata-bytes assume=exact
BenchmarkToml 1 1996336 rodata-bytes
Unit pclntab-bytes assume=exact
BenchmarkToml 1 0 pclntab-bytes
Unit debug-bytes assume=exact
BenchmarkToml 1 0 debug-bytes

rm -rf /home/runner/work/benchmarks/benchmarks/.ci/bent-run/gopath/bin
(cd /home/runner/work/benchmarks/benchmarks/.ci/bent-run/build/aws_restjson_v1; LLGO_BUILD_TIMEOUT_SECONDS=1200 LLGO_COMMITTED_AT=2026-09-26T17:50:40+08:00 LLGO_BUILD_GO_VERSION=1.27.0 LLGO_BIN=/home/runner/work/benchmarks/benchmarks/ci/llgo-size/bin/llgo-build-timeout BENT_TIMING_LOG=/home/runner/work/benchmarks/benchmarks/.ci/bent-run/download-timings.log GOROOT_1_25_X64=/opt/hostedtoolcache/go/1.25.14/x64 LLGO_MAIN_INDEX=1701 LLGO_BUILD_KILL_GRACE_SECONDS=30 LLGO_COMMIT=4c39f5820e46f4c8be8628827d9b508486b89f52 GO_VERSION=1.26.2 LLGO_REPOSITORY=xgo-dev/llgo GOROOT_1_24_X64=/opt/hostedtoolcache/go/1.24.13/x64 GOROOT_1_26_X64=/opt/hostedtoolcache/go/1.26.8/x64 BENT_REAL_GO=/opt/hostedtoolcache/go/1.26.2/x64/bin/go LLGO_ROOT=/home/runner/work/benchmarks/benchmarks/.ci/llgo LLGO_REAL_BIN=/home/runner/work/benchmarks/benchmarks/.ci/llgo/llgo LLGO_LTO_PLUGIN=/home/runner/work/benchmarks/benchmarks/.ci/llgo/ltoplugin/build/LLGOLTOPlugin.so GOPATH=/home/runner/work/benchmarks/benchmarks/.ci/bent-run/gopath GOOS=linux GOARCH=amd64 GO111MODULE=auto ROOT=/home/runner/work/benchmarks/benchmarks/.ci/bent-run GOROOT=/opt/hostedtoolcache/go/1.26.2/x64/ BENT_BENCH=aws_restjson BENT_CONFIG=LLGoFullLTOGlobalDCE BENT_I=0 GOCACHE=/home/runner/work/benchmarks/benchmarks/.ci/bent-run/build-cache/runs/cache-449496900/go-build XDG_CACHE_HOME=/home/runner/work/benchmarks/benchmarks/.ci/bent-run/build-cache/runs/cache-449496900/xdg LocalAppData=/home/runner/work/benchmarks/benchmarks/.ci/bent-run/build-cache/runs/cache-449496900/local-app-data /home/runner/work/benchmarks/benchmarks/ci/llgo-size/bin/llgo-build-timeout test -c -o /home/runner/work/benchmarks/benchmarks/.ci/bent-run/testbin/aws_restjson_v1_LLGoFullLTOGlobalDCE -lto=full github.com/aws/aws-sdk-go/private/protocol/restjson )
goarch: amd64
toolchain: LLGoFullLTOGlobalDCE
BenchmarkAws_restjson 1 89684614650 build-real-ns/op 123357638000 build-user-ns/op 2725157000 build-sys-ns/op
toolchain: LLGoFullLTOGlobalDCE
( LLGO_BUILD_TIMEOUT_SECONDS=1200 LLGO_COMMITTED_AT=2026-09-26T17:50:40+08:00 LLGO_BUILD_GO_VERSION=1.27.0 LLGO_BIN=/home/runner/work/benchmarks/benchmarks/ci/llgo-size/bin/llgo-build-timeout BENT_TIMING_LOG=/home/runner/work/benchmarks/benchmarks/.ci/bent-run/download-timings.log GOROOT_1_25_X64=/opt/hostedtoolcache/go/1.25.14/x64 LLGO_MAIN_INDEX=1701 LLGO_BUILD_KILL_GRACE_SECONDS=30 LLGO_COMMIT=4c39f5820e46f4c8be8628827d9b508486b89f52 GO_VERSION=1.26.2 LLGO_REPOSITORY=xgo-dev/llgo GOROOT_1_24_X64=/opt/hostedtoolcache/go/1.24.13/x64 GOROOT_1_26_X64=/opt/hostedtoolcache/go/1.26.8/x64 BENT_REAL_GO=/opt/hostedtoolcache/go/1.26.2/x64/bin/go LLGO_ROOT=/home/runner/work/benchmarks/benchmarks/.ci/llgo LLGO_REAL_BIN=/home/runner/work/benchmarks/benchmarks/.ci/llgo/llgo LLGO_LTO_PLUGIN=/home/runner/work/benchmarks/benchmarks/.ci/llgo/ltoplugin/build/LLGOLTOPlugin.so GOPATH=/home/runner/work/benchmarks/benchmarks/.ci/bent-run/gopath GOOS=linux GOARCH=amd64 GO111MODULE=auto ROOT=/home/runner/work/benchmarks/benchmarks/.ci/bent-run GOROOT=/opt/hostedtoolcache/go/1.26.2/x64/ BENT_BENCH=aws_restjson BENT_CONFIG=LLGoFullLTOGlobalDCE BENT_I=0 GOCACHE=/home/runner/work/benchmarks/benchmarks/.ci/bent-run/build-cache/runs/cache-449496900/go-build XDG_CACHE_HOME=/home/runner/work/benchmarks/benchmarks/.ci/bent-run/build-cache/runs/cache-449496900/xdg LocalAppData=/home/runner/work/benchmarks/benchmarks/.ci/bent-run/build-cache/runs/cache-449496900/local-app-data /home/runner/work/benchmarks/benchmarks/.ci/bent-run/benchsize /home/runner/work/benchmarks/benchmarks/.ci/bent-run/testbin/aws_restjson_v1_LLGoFullLTOGlobalDCE Aws_restjson )
goos: linux
goarch: amd64
pkg:
Unit total-bytes assume=exact
BenchmarkAws_restjson 1 10394200 total-bytes
Unit text-bytes assume=exact
BenchmarkAws_restjson 1 3642450 text-bytes
Unit data-bytes assume=exact
BenchmarkAws_restjson 1 4028752 data-bytes
Unit rodata-bytes assume=exact
BenchmarkAws_restjson 1 3806760 rodata-bytes
Unit pclntab-bytes assume=exact
BenchmarkAws_restjson 1 0 pclntab-bytes
Unit debug-bytes assume=exact
BenchmarkAws_restjson 1 0 debug-bytes

rm -rf /home/runner/work/benchmarks/benchmarks/.ci/bent-run/gopath/bin
(cd /home/runner/work/benchmarks/benchmarks/.ci/bent-run/build/XGo; LLGO_BUILD_TIMEOUT_SECONDS=1200 LLGO_COMMITTED_AT=2026-09-26T17:50:40+08:00 LLGO_BUILD_GO_VERSION=1.27.0 LLGO_BIN=/home/runner/work/benchmarks/benchmarks/ci/llgo-size/bin/llgo-build-timeout BENT_TIMING_LOG=/home/runner/work/benchmarks/benchmarks/.ci/bent-run/download-timings.log GOROOT_1_25_X64=/opt/hostedtoolcache/go/1.25.14/x64 LLGO_MAIN_INDEX=1701 LLGO_BUILD_KILL_GRACE_SECONDS=30 LLGO_COMMIT=4c39f5820e46f4c8be8628827d9b508486b89f52 GO_VERSION=1.26.2 LLGO_REPOSITORY=xgo-dev/llgo GOROOT_1_24_X64=/opt/hostedtoolcache/go/1.24.13/x64 GOROOT_1_26_X64=/opt/hostedtoolcache/go/1.26.8/x64 BENT_REAL_GO=/opt/hostedtoolcache/go/1.26.2/x64/bin/go LLGO_ROOT=/home/runner/work/benchmarks/benchmarks/.ci/llgo LLGO_REAL_BIN=/home/runner/work/benchmarks/benchmarks/.ci/llgo/llgo LLGO_LTO_PLUGIN=/home/runner/work/benchmarks/benchmarks/.ci/llgo/ltoplugin/build/LLGOLTOPlugin.so GOPATH=/home/runner/work/benchmarks/benchmarks/.ci/bent-run/gopath GOOS=linux GOARCH=amd64 GO111MODULE=auto ROOT=/home/runner/work/benchmarks/benchmarks/.ci/bent-run GOROOT=/home/runner/work/benchmarks/benchmarks/.ci/bent-run/goroots/Go BENT_BENCH=XGo BENT_CONFIG=Go BENT_I=0 GOCACHE=/home/runner/work/benchmarks/benchmarks/.ci/bent-run/build-cache/runs/cache-3462188274/go-build XDG_CACHE_HOME=/home/runner/work/benchmarks/benchmarks/.ci/bent-run/build-cache/runs/cache-3462188274/xdg LocalAppData=/home/runner/work/benchmarks/benchmarks/.ci/bent-run/build-cache/runs/cache-3462188274/local-app-data /home/runner/work/benchmarks/benchmarks/.ci/bent-run/goroots/Go/bin/go build -o /home/runner/work/benchmarks/benchmarks/.ci/bent-run/testbin/XGo_Go github.com/goplus/xgo/cmd/xgo )
goarch: amd64
toolchain: Go
BenchmarkXGo 1 5866180330 build-real-ns/op 17450613000 build-user-ns/op 1444643000 build-sys-ns/op
toolchain: Go
( LLGO_BUILD_TIMEOUT_SECONDS=1200 LLGO_COMMITTED_AT=2026-09-26T17:50:40+08:00 LLGO_BUILD_GO_VERSION=1.27.0 LLGO_BIN=/home/runner/work/benchmarks/benchmarks/ci/llgo-size/bin/llgo-build-timeout BENT_TIMING_LOG=/home/runner/work/benchmarks/benchmarks/.ci/bent-run/download-timings.log GOROOT_1_25_X64=/opt/hostedtoolcache/go/1.25.14/x64 LLGO_MAIN_INDEX=1701 LLGO_BUILD_KILL_GRACE_SECONDS=30 LLGO_COMMIT=4c39f5820e46f4c8be8628827d9b508486b89f52 GO_VERSION=1.26.2 LLGO_REPOSITORY=xgo-dev/llgo GOROOT_1_24_X64=/opt/hostedtoolcache/go/1.24.13/x64 GOROOT_1_26_X64=/opt/hostedtoolcache/go/1.26.8/x64 BENT_REAL_GO=/opt/hostedtoolcache/go/1.26.2/x64/bin/go LLGO_ROOT=/home/runner/work/benchmarks/benchmarks/.ci/llgo LLGO_REAL_BIN=/home/runner/work/benchmarks/benchmarks/.ci/llgo/llgo LLGO_LTO_PLUGIN=/home/runner/work/benchmarks/benchmarks/.ci/llgo/ltoplugin/build/LLGOLTOPlugin.so GOPATH=/home/runner/work/benchmarks/benchmarks/.ci/bent-run/gopath GOOS=linux GOARCH=amd64 GO111MODULE=auto ROOT=/home/runner/work/benchmarks/benchmarks/.ci/bent-run GOROOT=/home/runner/work/benchmarks/benchmarks/.ci/bent-run/goroots/Go BENT_BENCH=XGo BENT_CONFIG=Go BENT_I=0 GOCACHE=/home/runner/work/benchmarks/benchmarks/.ci/bent-run/build-cache/runs/cache-3462188274/go-build XDG_CACHE_HOME=/home/runner/work/benchmarks/benchmarks/.ci/bent-run/build-cache/runs/cache-3462188274/xdg LocalAppData=/home/runner/work/benchmarks/benchmarks/.ci/bent-run/build-cache/runs/cache-3462188274/local-app-data /home/runner/work/benchmarks/benchmarks/.ci/bent-run/benchsize /home/runner/work/benchmarks/benchmarks/.ci/bent-run/testbin/XGo_Go XGo )
goos: linux
goarch: amd64
pkg:
Unit total-bytes assume=exact
BenchmarkXGo 1 18662581 total-bytes
Unit text-bytes assume=exact
BenchmarkXGo 1 6216337 text-bytes
Unit data-bytes assume=exact
BenchmarkXGo 1 2077932 data-bytes
Unit rodata-bytes assume=exact
BenchmarkXGo 1 1655417 rodata-bytes
Unit pclntab-bytes assume=exact
BenchmarkXGo 1 4599299 pclntab-bytes
Unit debug-bytes assume=exact
BenchmarkXGo 1 4165037 debug-bytes

rm -rf /home/runner/work/benchmarks/benchmarks/.ci/bent-run/gopath/bin
(cd /home/runner/work/benchmarks/benchmarks/.ci/bent-run/build/toml; LLGO_BUILD_TIMEOUT_SECONDS=1200 LLGO_COMMITTED_AT=2026-09-26T17:50:40+08:00 LLGO_BUILD_GO_VERSION=1.27.0 LLGO_BIN=/home/runner/work/benchmarks/benchmarks/ci/llgo-size/bin/llgo-build-timeout BENT_TIMING_LOG=/home/runner/work/benchmarks/benchmarks/.ci/bent-run/download-timings.log GOROOT_1_25_X64=/opt/hostedtoolcache/go/1.25.14/x64 LLGO_MAIN_INDEX=1701 LLGO_BUILD_KILL_GRACE_SECONDS=30 LLGO_COMMIT=4c39f5820e46f4c8be8628827d9b508486b89f52 GO_VERSION=1.26.2 LLGO_REPOSITORY=xgo-dev/llgo GOROOT_1_24_X64=/opt/hostedtoolcache/go/1.24.13/x64 GOROOT_1_26_X64=/opt/hostedtoolcache/go/1.26.8/x64 BENT_REAL_GO=/opt/hostedtoolcache/go/1.26.2/x64/bin/go LLGO_ROOT=/home/runner/work/benchmarks/benchmarks/.ci/llgo LLGO_REAL_BIN=/home/runner/work/benchmarks/benchmarks/.ci/llgo/llgo LLGO_LTO_PLUGIN=/home/runner/work/benchmarks/benchmarks/.ci/llgo/ltoplugin/build/LLGOLTOPlugin.so GOPATH=/home/runner/work/benchmarks/benchmarks/.ci/bent-run/gopath GOOS=linux GOARCH=amd64 GO111MODULE=auto ROOT=/home/runner/work/benchmarks/benchmarks/.ci/bent-run GOROOT=/opt/hostedtoolcache/go/1.26.2/x64/ BENT_BENCH=toml BENT_CONFIG=LLGoFullLTOGlobalDCEPlugin BENT_I=0 GOCACHE=/home/runner/work/benchmarks/benchmarks/.ci/bent-run/build-cache/runs/cache-2315524485/go-build XDG_CACHE_HOME=/home/runner/work/benchmarks/benchmarks/.ci/bent-run/build-cache/runs/cache-2315524485/xdg LocalAppData=/home/runner/work/benchmarks/benchmarks/.ci/bent-run/build-cache/runs/cache-2315524485/local-app-data /home/runner/work/benchmarks/benchmarks/ci/llgo-size/bin/llgo-build-timeout test -c -o /home/runner/work/benchmarks/benchmarks/.ci/bent-run/testbin/toml_LLGoFullLTOGlobalDCEPlugin -lto=full -lto-pass-plugin=/home/runner/work/benchmarks/benchmarks/.ci/llgo/ltoplugin/build/LLGOLTOPlugin.so github.com/BurntSushi/toml )
goarch: amd64
toolchain: LLGoFullLTOGlobalDCEPlugin
BenchmarkToml 1 29141710220 build-real-ns/op 40036093000 build-user-ns/op 1210447000 build-sys-ns/op
toolchain: LLGoFullLTOGlobalDCEPlugin
( LLGO_BUILD_TIMEOUT_SECONDS=1200 LLGO_COMMITTED_AT=2026-09-26T17:50:40+08:00 LLGO_BUILD_GO_VERSION=1.27.0 LLGO_BIN=/home/runner/work/benchmarks/benchmarks/ci/llgo-size/bin/llgo-build-timeout BENT_TIMING_LOG=/home/runner/work/benchmarks/benchmarks/.ci/bent-run/download-timings.log GOROOT_1_25_X64=/opt/hostedtoolcache/go/1.25.14/x64 LLGO_MAIN_INDEX=1701 LLGO_BUILD_KILL_GRACE_SECONDS=30 LLGO_COMMIT=4c39f5820e46f4c8be8628827d9b508486b89f52 GO_VERSION=1.26.2 LLGO_REPOSITORY=xgo-dev/llgo GOROOT_1_24_X64=/opt/hostedtoolcache/go/1.24.13/x64 GOROOT_1_26_X64=/opt/hostedtoolcache/go/1.26.8/x64 BENT_REAL_GO=/opt/hostedtoolcache/go/1.26.2/x64/bin/go LLGO_ROOT=/home/runner/work/benchmarks/benchmarks/.ci/llgo LLGO_REAL_BIN=/home/runner/work/benchmarks/benchmarks/.ci/llgo/llgo LLGO_LTO_PLUGIN=/home/runner/work/benchmarks/benchmarks/.ci/llgo/ltoplugin/build/LLGOLTOPlugin.so GOPATH=/home/runner/work/benchmarks/benchmarks/.ci/bent-run/gopath GOOS=linux GOARCH=amd64 GO111MODULE=auto ROOT=/home/runner/work/benchmarks/benchmarks/.ci/bent-run GOROOT=/opt/hostedtoolcache/go/1.26.2/x64/ BENT_BENCH=toml BENT_CONFIG=LLGoFullLTOGlobalDCEPlugin BENT_I=0 GOCACHE=/home/runner/work/benchmarks/benchmarks/.ci/bent-run/build-cache/runs/cache-2315524485/go-build XDG_CACHE_HOME=/home/runner/work/benchmarks/benchmarks/.ci/bent-run/build-cache/runs/cache-2315524485/xdg LocalAppData=/home/runner/work/benchmarks/benchmarks/.ci/bent-run/build-cache/runs/cache-2315524485/local-app-data /home/runner/work/benchmarks/benchmarks/.ci/bent-run/benchsize /home/runner/work/benchmarks/benchmarks/.ci/bent-run/testbin/toml_LLGoFullLTOGlobalDCEPlugin Toml )
goos: linux
goarch: amd64
pkg:
Unit total-bytes assume=exact
BenchmarkToml 1 4871872 total-bytes
Unit text-bytes assume=exact
BenchmarkToml 1 1568474 text-bytes
Unit data-bytes assume=exact
BenchmarkToml 1 2084664 data-bytes
Unit rodata-bytes assume=exact
BenchmarkToml 1 1995568 rodata-bytes
Unit pclntab-bytes assume=exact
BenchmarkToml 1 0 pclntab-bytes
Unit debug-bytes assume=exact
BenchmarkToml 1 0 debug-bytes

rm -rf /home/runner/work/benchmarks/benchmarks/.ci/bent-run/gopath/bin
(cd /home/runner/work/benchmarks/benchmarks/.ci/bent-run/build/etcdctl; LLGO_BUILD_TIMEOUT_SECONDS=1200 LLGO_COMMITTED_AT=2026-09-26T17:50:40+08:00 LLGO_BUILD_GO_VERSION=1.27.0 LLGO_BIN=/home/runner/work/benchmarks/benchmarks/ci/llgo-size/bin/llgo-build-timeout BENT_TIMING_LOG=/home/runner/work/benchmarks/benchmarks/.ci/bent-run/download-timings.log GOROOT_1_25_X64=/opt/hostedtoolcache/go/1.25.14/x64 LLGO_MAIN_INDEX=1701 LLGO_BUILD_KILL_GRACE_SECONDS=30 LLGO_COMMIT=4c39f5820e46f4c8be8628827d9b508486b89f52 GO_VERSION=1.26.2 LLGO_REPOSITORY=xgo-dev/llgo GOROOT_1_24_X64=/opt/hostedtoolcache/go/1.24.13/x64 GOROOT_1_26_X64=/opt/hostedtoolcache/go/1.26.8/x64 BENT_REAL_GO=/opt/hostedtoolcache/go/1.26.2/x64/bin/go LLGO_ROOT=/home/runner/work/benchmarks/benchmarks/.ci/llgo LLGO_REAL_BIN=/home/runner/work/benchmarks/benchmarks/.ci/llgo/llgo LLGO_LTO_PLUGIN=/home/runner/work/benchmarks/benchmarks/.ci/llgo/ltoplugin/build/LLGOLTOPlugin.so GOPATH=/home/runner/work/benchmarks/benchmarks/.ci/bent-run/gopath GOOS=linux GOARCH=amd64 GO111MODULE=auto ROOT=/home/runner/work/benchmarks/benchmarks/.ci/bent-run GOROOT=/opt/hostedtoolcache/go/1.26.2/x64/ BENT_BENCH=etcdctl BENT_CONFIG=LLGoNoLTO BENT_I=0 GOCACHE=/home/runner/work/benchmarks/benchmarks/.ci/bent-run/build-cache/runs/cache-3792026956/go-build XDG_CACHE_HOME=/home/runner/work/benchmarks/benchmarks/.ci/bent-run/build-cache/runs/cache-3792026956/xdg LocalAppData=/home/runner/work/benchmarks/benchmarks/.ci/bent-run/build-cache/runs/cache-3792026956/local-app-data /home/runner/work/benchmarks/benchmarks/ci/llgo-size/bin/llgo-build-timeout build -o /home/runner/work/benchmarks/benchmarks/.ci/bent-run/testbin/etcdctl_LLGoNoLTO go.etcd.io/etcd/etcdctl/v3 )
goarch: amd64
toolchain: LLGoNoLTO
BenchmarkEtcdctl 1 60624282611 build-real-ns/op 176633223000 build-user-ns/op 4419958000 build-sys-ns/op
toolchain: LLGoNoLTO
( LLGO_BUILD_TIMEOUT_SECONDS=1200 LLGO_COMMITTED_AT=2026-09-26T17:50:40+08:00 LLGO_BUILD_GO_VERSION=1.27.0 LLGO_BIN=/home/runner/work/benchmarks/benchmarks/ci/llgo-size/bin/llgo-build-timeout BENT_TIMING_LOG=/home/runner/work/benchmarks/benchmarks/.ci/bent-run/download-timings.log GOROOT_1_25_X64=/opt/hostedtoolcache/go/1.25.14/x64 LLGO_MAIN_INDEX=1701 LLGO_BUILD_KILL_GRACE_SECONDS=30 LLGO_COMMIT=4c39f5820e46f4c8be8628827d9b508486b89f52 GO_VERSION=1.26.2 LLGO_REPOSITORY=xgo-dev/llgo GOROOT_1_24_X64=/opt/hostedtoolcache/go/1.24.13/x64 GOROOT_1_26_X64=/opt/hostedtoolcache/go/1.26.8/x64 BENT_REAL_GO=/opt/hostedtoolcache/go/1.26.2/x64/bin/go LLGO_ROOT=/home/runner/work/benchmarks/benchmarks/.ci/llgo LLGO_REAL_BIN=/home/runner/work/benchmarks/benchmarks/.ci/llgo/llgo LLGO_LTO_PLUGIN=/home/runner/work/benchmarks/benchmarks/.ci/llgo/ltoplugin/build/LLGOLTOPlugin.so GOPATH=/home/runner/work/benchmarks/benchmarks/.ci/bent-run/gopath GOOS=linux GOARCH=amd64 GO111MODULE=auto ROOT=/home/runner/work/benchmarks/benchmarks/.ci/bent-run GOROOT=/opt/hostedtoolcache/go/1.26.2/x64/ BENT_BENCH=etcdctl BENT_CONFIG=LLGoNoLTO BENT_I=0 GOCACHE=/home/runner/work/benchmarks/benchmarks/.ci/bent-run/build-cache/runs/cache-3792026956/go-build XDG_CACHE_HOME=/home/runner/work/benchmarks/benchmarks/.ci/bent-run/build-cache/runs/cache-3792026956/xdg LocalAppData=/home/runner/work/benchmarks/benchmarks/.ci/bent-run/build-cache/runs/cache-3792026956/local-app-data /home/runner/work/benchmarks/benchmarks/.ci/bent-run/benchsize /home/runner/work/benchmarks/benchmarks/.ci/bent-run/testbin/etcdctl_LLGoNoLTO Etcdctl )
goos: linux
goarch: amd64
pkg:
Unit total-bytes assume=exact
BenchmarkEtcdctl 1 21779088 total-bytes
Unit text-bytes assume=exact
BenchmarkEtcdctl 1 7363736 text-bytes
Unit data-bytes assume=exact
BenchmarkEtcdctl 1 7662752 data-bytes
Unit rodata-bytes assume=exact
BenchmarkEtcdctl 1 4110472 rodata-bytes
Unit pclntab-bytes assume=exact
BenchmarkEtcdctl 1 0 pclntab-bytes
Unit debug-bytes assume=exact
BenchmarkEtcdctl 1 0 debug-bytes

rm -rf /home/runner/work/benchmarks/benchmarks/.ci/bent-run/gopath/bin
(cd /home/runner/work/benchmarks/benchmarks/.ci/bent-run/build/gorm_schema; LLGO_BUILD_TIMEOUT_SECONDS=1200 LLGO_COMMITTED_AT=2026-09-26T17:50:40+08:00 LLGO_BUILD_GO_VERSION=1.27.0 LLGO_BIN=/home/runner/work/benchmarks/benchmarks/ci/llgo-size/bin/llgo-build-timeout BENT_TIMING_LOG=/home/runner/work/benchmarks/benchmarks/.ci/bent-run/download-timings.log GOROOT_1_25_X64=/opt/hostedtoolcache/go/1.25.14/x64 LLGO_MAIN_INDEX=1701 LLGO_BUILD_KILL_GRACE_SECONDS=30 LLGO_COMMIT=4c39f5820e46f4c8be8628827d9b508486b89f52 GO_VERSION=1.26.2 LLGO_REPOSITORY=xgo-dev/llgo GOROOT_1_24_X64=/opt/hostedtoolcache/go/1.24.13/x64 GOROOT_1_26_X64=/opt/hostedtoolcache/go/1.26.8/x64 BENT_REAL_GO=/opt/hostedtoolcache/go/1.26.2/x64/bin/go LLGO_ROOT=/home/runner/work/benchmarks/benchmarks/.ci/llgo LLGO_REAL_BIN=/home/runner/work/benchmarks/benchmarks/.ci/llgo/llgo LLGO_LTO_PLUGIN=/home/runner/work/benchmarks/benchmarks/.ci/llgo/ltoplugin/build/LLGOLTOPlugin.so GOPATH=/home/runner/work/benchmarks/benchmarks/.ci/bent-run/gopath GOOS=linux GOARCH=amd64 GO111MODULE=auto ROOT=/home/runner/work/benchmarks/benchmarks/.ci/bent-run GOROOT=/home/runner/work/benchmarks/benchmarks/.ci/bent-run/goroots/Go BENT_BENCH=gorm_schema BENT_CONFIG=Go BENT_I=0 GOCACHE=/home/runner/work/benchmarks/benchmarks/.ci/bent-run/build-cache/runs/cache-3621310104/go-build XDG_CACHE_HOME=/home/runner/work/benchmarks/benchmarks/.ci/bent-run/build-cache/runs/cache-3621310104/xdg LocalAppData=/home/runner/work/benchmarks/benchmarks/.ci/bent-run/build-cache/runs/cache-3621310104/local-app-data /home/runner/work/benchmarks/benchmarks/.ci/bent-run/goroots/Go/bin/go test -vet=off -c -o /home/runner/work/benchmarks/benchmarks/.ci/bent-run/testbin/gorm_schema_Go gorm.io/gorm/schema )
goarch: amd64
toolchain: Go
BenchmarkGorm_schema 1 2236595988 build-real-ns/op 5176709000 build-user-ns/op 479629000 build-sys-ns/op
toolchain: Go
( LLGO_BUILD_TIMEOUT_SECONDS=1200 LLGO_COMMITTED_AT=2026-09-26T17:50:40+08:00 LLGO_BUILD_GO_VERSION=1.27.0 LLGO_BIN=/home/runner/work/benchmarks/benchmarks/ci/llgo-size/bin/llgo-build-timeout BENT_TIMING_LOG=/home/runner/work/benchmarks/benchmarks/.ci/bent-run/download-timings.log GOROOT_1_25_X64=/opt/hostedtoolcache/go/1.25.14/x64 LLGO_MAIN_INDEX=1701 LLGO_BUILD_KILL_GRACE_SECONDS=30 LLGO_COMMIT=4c39f5820e46f4c8be8628827d9b508486b89f52 GO_VERSION=1.26.2 LLGO_REPOSITORY=xgo-dev/llgo GOROOT_1_24_X64=/opt/hostedtoolcache/go/1.24.13/x64 GOROOT_1_26_X64=/opt/hostedtoolcache/go/1.26.8/x64 BENT_REAL_GO=/opt/hostedtoolcache/go/1.26.2/x64/bin/go LLGO_ROOT=/home/runner/work/benchmarks/benchmarks/.ci/llgo LLGO_REAL_BIN=/home/runner/work/benchmarks/benchmarks/.ci/llgo/llgo LLGO_LTO_PLUGIN=/home/runner/work/benchmarks/benchmarks/.ci/llgo/ltoplugin/build/LLGOLTOPlugin.so GOPATH=/home/runner/work/benchmarks/benchmarks/.ci/bent-run/gopath GOOS=linux GOARCH=amd64 GO111MODULE=auto ROOT=/home/runner/work/benchmarks/benchmarks/.ci/bent-run GOROOT=/home/runner/work/benchmarks/benchmarks/.ci/bent-run/goroots/Go BENT_BENCH=gorm_schema BENT_CONFIG=Go BENT_I=0 GOCACHE=/home/runner/work/benchmarks/benchmarks/.ci/bent-run/build-cache/runs/cache-3621310104/go-build XDG_CACHE_HOME=/home/runner/work/benchmarks/benchmarks/.ci/bent-run/build-cache/runs/cache-3621310104/xdg LocalAppData=/home/runner/work/benchmarks/benchmarks/.ci/bent-run/build-cache/runs/cache-3621310104/local-app-data /home/runner/work/benchmarks/benchmarks/.ci/bent-run/benchsize /home/runner/work/benchmarks/benchmarks/.ci/bent-run/testbin/gorm_schema_Go Gorm_schema )
goos: linux
goarch: amd64
pkg:
Unit total-bytes assume=exact
BenchmarkGorm_schema 1 9421683 total-bytes
Unit text-bytes assume=exact
BenchmarkGorm_schema 1 3020785 text-bytes
Unit data-bytes assume=exact
BenchmarkGorm_schema 1 1135284 data-bytes
Unit rodata-bytes assume=exact
BenchmarkGorm_schema 1 883937 rodata-bytes
Unit pclntab-bytes assume=exact
BenchmarkGorm_schema 1 2425080 pclntab-bytes
Unit debug-bytes assume=exact
BenchmarkGorm_schema 1 2007428 debug-bytes

rm -rf /home/runner/work/benchmarks/benchmarks/.ci/bent-run/gopath/bin
(cd /home/runner/work/benchmarks/benchmarks/.ci/bent-run/build/k8s_workqueue; LLGO_BUILD_TIMEOUT_SECONDS=1200 LLGO_COMMITTED_AT=2026-09-26T17:50:40+08:00 LLGO_BUILD_GO_VERSION=1.27.0 LLGO_BIN=/home/runner/work/benchmarks/benchmarks/ci/llgo-size/bin/llgo-build-timeout BENT_TIMING_LOG=/home/runner/work/benchmarks/benchmarks/.ci/bent-run/download-timings.log GOROOT_1_25_X64=/opt/hostedtoolcache/go/1.25.14/x64 LLGO_MAIN_INDEX=1701 LLGO_BUILD_KILL_GRACE_SECONDS=30 LLGO_COMMIT=4c39f5820e46f4c8be8628827d9b508486b89f52 GO_VERSION=1.26.2 LLGO_REPOSITORY=xgo-dev/llgo GOROOT_1_24_X64=/opt/hostedtoolcache/go/1.24.13/x64 GOROOT_1_26_X64=/opt/hostedtoolcache/go/1.26.8/x64 BENT_REAL_GO=/opt/hostedtoolcache/go/1.26.2/x64/bin/go LLGO_ROOT=/home/runner/work/benchmarks/benchmarks/.ci/llgo LLGO_REAL_BIN=/home/runner/work/benchmarks/benchmarks/.ci/llgo/llgo LLGO_LTO_PLUGIN=/home/runner/work/benchmarks/benchmarks/.ci/llgo/ltoplugin/build/LLGOLTOPlugin.so GOPATH=/home/runner/work/benchmarks/benchmarks/.ci/bent-run/gopath GOOS=linux GOARCH=amd64 GO111MODULE=auto ROOT=/home/runner/work/benchmarks/benchmarks/.ci/bent-run GOROOT=/opt/hostedtoolcache/go/1.26.2/x64/ BENT_BENCH=k8s_workqueue BENT_CONFIG=LLGoFullLTOGlobalDCEPlugin BENT_I=0 GOCACHE=/home/runner/work/benchmarks/benchmarks/.ci/bent-run/build-cache/runs/cache-81630167/go-build XDG_CACHE_HOME=/home/runner/work/benchmarks/benchmarks/.ci/bent-run/build-cache/runs/cache-81630167/xdg LocalAppData=/home/runner/work/benchmarks/benchmarks/.ci/bent-run/build-cache/runs/cache-81630167/local-app-data /home/runner/work/benchmarks/benchmarks/ci/llgo-size/bin/llgo-build-timeout test -c -o /home/runner/work/benchmarks/benchmarks/.ci/bent-run/testbin/k8s_workqueue_LLGoFullLTOGlobalDCEPlugin -lto=full -lto-pass-plugin=/home/runner/work/benchmarks/benchmarks/.ci/llgo/ltoplugin/build/LLGOLTOPlugin.so k8s.io/client-go/util/workqueue )
goarch: amd64
toolchain: LLGoFullLTOGlobalDCEPlugin
BenchmarkK8s_workqueue 1 66137803924 build-real-ns/op 86311497000 build-user-ns/op 1895669000 build-sys-ns/op
toolchain: LLGoFullLTOGlobalDCEPlugin
( LLGO_BUILD_TIMEOUT_SECONDS=1200 LLGO_COMMITTED_AT=2026-09-26T17:50:40+08:00 LLGO_BUILD_GO_VERSION=1.27.0 LLGO_BIN=/home/runner/work/benchmarks/benchmarks/ci/llgo-size/bin/llgo-build-timeout BENT_TIMING_LOG=/home/runner/work/benchmarks/benchmarks/.ci/bent-run/download-timings.log GOROOT_1_25_X64=/opt/hostedtoolcache/go/1.25.14/x64 LLGO_MAIN_INDEX=1701 LLGO_BUILD_KILL_GRACE_SECONDS=30 LLGO_COMMIT=4c39f5820e46f4c8be8628827d9b508486b89f52 GO_VERSION=1.26.2 LLGO_REPOSITORY=xgo-dev/llgo GOROOT_1_24_X64=/opt/hostedtoolcache/go/1.24.13/x64 GOROOT_1_26_X64=/opt/hostedtoolcache/go/1.26.8/x64 BENT_REAL_GO=/opt/hostedtoolcache/go/1.26.2/x64/bin/go LLGO_ROOT=/home/runner/work/benchmarks/benchmarks/.ci/llgo LLGO_REAL_BIN=/home/runner/work/benchmarks/benchmarks/.ci/llgo/llgo LLGO_LTO_PLUGIN=/home/runner/work/benchmarks/benchmarks/.ci/llgo/ltoplugin/build/LLGOLTOPlugin.so GOPATH=/home/runner/work/benchmarks/benchmarks/.ci/bent-run/gopath GOOS=linux GOARCH=amd64 GO111MODULE=auto ROOT=/home/runner/work/benchmarks/benchmarks/.ci/bent-run GOROOT=/opt/hostedtoolcache/go/1.26.2/x64/ BENT_BENCH=k8s_workqueue BENT_CONFIG=LLGoFullLTOGlobalDCEPlugin BENT_I=0 GOCACHE=/home/runner/work/benchmarks/benchmarks/.ci/bent-run/build-cache/runs/cache-81630167/go-build XDG_CACHE_HOME=/home/runner/work/benchmarks/benchmarks/.ci/bent-run/build-cache/runs/cache-81630167/xdg LocalAppData=/home/runner/work/benchmarks/benchmarks/.ci/bent-run/build-cache/runs/cache-81630167/local-app-data /home/runner/work/benchmarks/benchmarks/.ci/bent-run/benchsize /home/runner/work/benchmarks/benchmarks/.ci/bent-run/testbin/k8s_workqueue_LLGoFullLTOGlobalDCEPlugin K8s_workqueue )
goos: linux
goarch: amd64
pkg:
Unit total-bytes assume=exact
BenchmarkK8s_workqueue 1 8716664 total-bytes
Unit text-bytes assume=exact
BenchmarkK8s_workqueue 1 2773575 text-bytes
Unit data-bytes assume=exact
BenchmarkK8s_workqueue 1 3661792 data-bytes
Unit rodata-bytes assume=exact
BenchmarkK8s_workqueue 1 3443488 rodata-bytes
Unit pclntab-bytes assume=exact
BenchmarkK8s_workqueue 1 0 pclntab-bytes
Unit debug-bytes assume=exact
BenchmarkK8s_workqueue 1 0 debug-bytes

rm -rf /home/runner/work/benchmarks/benchmarks/.ci/bent-run/gopath/bin
(cd /home/runner/work/benchmarks/benchmarks/.ci/bent-run/build/toml; LLGO_BUILD_TIMEOUT_SECONDS=1200 LLGO_COMMITTED_AT=2026-09-26T17:50:40+08:00 LLGO_BUILD_GO_VERSION=1.27.0 LLGO_BIN=/home/runner/work/benchmarks/benchmarks/ci/llgo-size/bin/llgo-build-timeout BENT_TIMING_LOG=/home/runner/work/benchmarks/benchmarks/.ci/bent-run/download-timings.log GOROOT_1_25_X64=/opt/hostedtoolcache/go/1.25.14/x64 LLGO_MAIN_INDEX=1701 LLGO_BUILD_KILL_GRACE_SECONDS=30 LLGO_COMMIT=4c39f5820e46f4c8be8628827d9b508486b89f52 GO_VERSION=1.26.2 LLGO_REPOSITORY=xgo-dev/llgo GOROOT_1_24_X64=/opt/hostedtoolcache/go/1.24.13/x64 GOROOT_1_26_X64=/opt/hostedtoolcache/go/1.26.8/x64 BENT_REAL_GO=/opt/hostedtoolcache/go/1.26.2/x64/bin/go LLGO_ROOT=/home/runner/work/benchmarks/benchmarks/.ci/llgo LLGO_REAL_BIN=/home/runner/work/benchmarks/benchmarks/.ci/llgo/llgo LLGO_LTO_PLUGIN=/home/runner/work/benchmarks/benchmarks/.ci/llgo/ltoplugin/build/LLGOLTOPlugin.so GOPATH=/home/runner/work/benchmarks/benchmarks/.ci/bent-run/gopath GOOS=linux GOARCH=amd64 GO111MODULE=auto ROOT=/home/runner/work/benchmarks/benchmarks/.ci/bent-run GOROOT=/opt/hostedtoolcache/go/1.26.2/x64/ BENT_BENCH=toml BENT_CONFIG=LLGoNoLTO BENT_I=0 GOCACHE=/home/runner/work/benchmarks/benchmarks/.ci/bent-run/build-cache/runs/cache-696596640/go-build XDG_CACHE_HOME=/home/runner/work/benchmarks/benchmarks/.ci/bent-run/build-cache/runs/cache-696596640/xdg LocalAppData=/home/runner/work/benchmarks/benchmarks/.ci/bent-run/build-cache/runs/cache-696596640/local-app-data /home/runner/work/benchmarks/benchmarks/ci/llgo-size/bin/llgo-build-timeout test -c -o /home/runner/work/benchmarks/benchmarks/.ci/bent-run/testbin/toml_LLGoNoLTO github.com/BurntSushi/toml )
goarch: amd64
toolchain: LLGoNoLTO
BenchmarkToml 1 8629657364 build-real-ns/op 21689956000 build-user-ns/op 1019516000 build-sys-ns/op
toolchain: LLGoNoLTO
( LLGO_BUILD_TIMEOUT_SECONDS=1200 LLGO_COMMITTED_AT=2026-09-26T17:50:40+08:00 LLGO_BUILD_GO_VERSION=1.27.0 LLGO_BIN=/home/runner/work/benchmarks/benchmarks/ci/llgo-size/bin/llgo-build-timeout BENT_TIMING_LOG=/home/runner/work/benchmarks/benchmarks/.ci/bent-run/download-timings.log GOROOT_1_25_X64=/opt/hostedtoolcache/go/1.25.14/x64 LLGO_MAIN_INDEX=1701 LLGO_BUILD_KILL_GRACE_SECONDS=30 LLGO_COMMIT=4c39f5820e46f4c8be8628827d9b508486b89f52 GO_VERSION=1.26.2 LLGO_REPOSITORY=xgo-dev/llgo GOROOT_1_24_X64=/opt/hostedtoolcache/go/1.24.13/x64 GOROOT_1_26_X64=/opt/hostedtoolcache/go/1.26.8/x64 BENT_REAL_GO=/opt/hostedtoolcache/go/1.26.2/x64/bin/go LLGO_ROOT=/home/runner/work/benchmarks/benchmarks/.ci/llgo LLGO_REAL_BIN=/home/runner/work/benchmarks/benchmarks/.ci/llgo/llgo LLGO_LTO_PLUGIN=/home/runner/work/benchmarks/benchmarks/.ci/llgo/ltoplugin/build/LLGOLTOPlugin.so GOPATH=/home/runner/work/benchmarks/benchmarks/.ci/bent-run/gopath GOOS=linux GOARCH=amd64 GO111MODULE=auto ROOT=/home/runner/work/benchmarks/benchmarks/.ci/bent-run GOROOT=/opt/hostedtoolcache/go/1.26.2/x64/ BENT_BENCH=toml BENT_CONFIG=LLGoNoLTO BENT_I=0 GOCACHE=/home/runner/work/benchmarks/benchmarks/.ci/bent-run/build-cache/runs/cache-696596640/go-build XDG_CACHE_HOME=/home/runner/work/benchmarks/benchmarks/.ci/bent-run/build-cache/runs/cache-696596640/xdg LocalAppData=/home/runner/work/benchmarks/benchmarks/.ci/bent-run/build-cache/runs/cache-696596640/local-app-data /home/runner/work/benchmarks/benchmarks/.ci/bent-run/benchsize /home/runner/work/benchmarks/benchmarks/.ci/bent-run/testbin/toml_LLGoNoLTO Toml )
goos: linux
goarch: amd64
pkg:
Unit total-bytes assume=exact
BenchmarkToml 1 6178264 total-bytes
Unit text-bytes assume=exact
BenchmarkToml 1 2318726 text-bytes
Unit data-bytes assume=exact
BenchmarkToml 1 2110544 data-bytes
Unit rodata-bytes assume=exact
BenchmarkToml 1 1305800 rodata-bytes
Unit pclntab-bytes assume=exact
BenchmarkToml 1 0 pclntab-bytes
Unit debug-bytes assume=exact
BenchmarkToml 1 0 debug-bytes

rm -rf /home/runner/work/benchmarks/benchmarks/.ci/bent-run/gopath/bin
(cd /home/runner/work/benchmarks/benchmarks/.ci/bent-run/build/gorm_schema; LLGO_BUILD_TIMEOUT_SECONDS=1200 LLGO_COMMITTED_AT=2026-09-26T17:50:40+08:00 LLGO_BUILD_GO_VERSION=1.27.0 LLGO_BIN=/home/runner/work/benchmarks/benchmarks/ci/llgo-size/bin/llgo-build-timeout BENT_TIMING_LOG=/home/runner/work/benchmarks/benchmarks/.ci/bent-run/download-timings.log GOROOT_1_25_X64=/opt/hostedtoolcache/go/1.25.14/x64 LLGO_MAIN_INDEX=1701 LLGO_BUILD_KILL_GRACE_SECONDS=30 LLGO_COMMIT=4c39f5820e46f4c8be8628827d9b508486b89f52 GO_VERSION=1.26.2 LLGO_REPOSITORY=xgo-dev/llgo GOROOT_1_24_X64=/opt/hostedtoolcache/go/1.24.13/x64 GOROOT_1_26_X64=/opt/hostedtoolcache/go/1.26.8/x64 BENT_REAL_GO=/opt/hostedtoolcache/go/1.26.2/x64/bin/go LLGO_ROOT=/home/runner/work/benchmarks/benchmarks/.ci/llgo LLGO_REAL_BIN=/home/runner/work/benchmarks/benchmarks/.ci/llgo/llgo LLGO_LTO_PLUGIN=/home/runner/work/benchmarks/benchmarks/.ci/llgo/ltoplugin/build/LLGOLTOPlugin.so GOPATH=/home/runner/work/benchmarks/benchmarks/.ci/bent-run/gopath GOOS=linux GOARCH=amd64 GO111MODULE=auto ROOT=/home/runner/work/benchmarks/benchmarks/.ci/bent-run GOROOT=/opt/hostedtoolcache/go/1.26.2/x64/ BENT_BENCH=gorm_schema BENT_CONFIG=LLGoDeadcodeDrop BENT_I=0 GOCACHE=/home/runner/work/benchmarks/benchmarks/.ci/bent-run/build-cache/runs/cache-26342640/go-build XDG_CACHE_HOME=/home/runner/work/benchmarks/benchmarks/.ci/bent-run/build-cache/runs/cache-26342640/xdg LocalAppData=/home/runner/work/benchmarks/benchmarks/.ci/bent-run/build-cache/runs/cache-26342640/local-app-data /home/runner/work/benchmarks/benchmarks/ci/llgo-size/bin/llgo-build-timeout test -c -o /home/runner/work/benchmarks/benchmarks/.ci/bent-run/testbin/gorm_schema_LLGoDeadcodeDrop -deadcodedrop gorm.io/gorm/schema )
goarch: amd64
toolchain: LLGoDeadcodeDrop
BenchmarkGorm_schema 1 12906322371 build-real-ns/op 36852039000 build-user-ns/op 1248290000 build-sys-ns/op
toolchain: LLGoDeadcodeDrop
( LLGO_BUILD_TIMEOUT_SECONDS=1200 LLGO_COMMITTED_AT=2026-09-26T17:50:40+08:00 LLGO_BUILD_GO_VERSION=1.27.0 LLGO_BIN=/home/runner/work/benchmarks/benchmarks/ci/llgo-size/bin/llgo-build-timeout BENT_TIMING_LOG=/home/runner/work/benchmarks/benchmarks/.ci/bent-run/download-timings.log GOROOT_1_25_X64=/opt/hostedtoolcache/go/1.25.14/x64 LLGO_MAIN_INDEX=1701 LLGO_BUILD_KILL_GRACE_SECONDS=30 LLGO_COMMIT=4c39f5820e46f4c8be8628827d9b508486b89f52 GO_VERSION=1.26.2 LLGO_REPOSITORY=xgo-dev/llgo GOROOT_1_24_X64=/opt/hostedtoolcache/go/1.24.13/x64 GOROOT_1_26_X64=/opt/hostedtoolcache/go/1.26.8/x64 BENT_REAL_GO=/opt/hostedtoolcache/go/1.26.2/x64/bin/go LLGO_ROOT=/home/runner/work/benchmarks/benchmarks/.ci/llgo LLGO_REAL_BIN=/home/runner/work/benchmarks/benchmarks/.ci/llgo/llgo LLGO_LTO_PLUGIN=/home/runner/work/benchmarks/benchmarks/.ci/llgo/ltoplugin/build/LLGOLTOPlugin.so GOPATH=/home/runner/work/benchmarks/benchmarks/.ci/bent-run/gopath GOOS=linux GOARCH=amd64 GO111MODULE=auto ROOT=/home/runner/work/benchmarks/benchmarks/.ci/bent-run GOROOT=/opt/hostedtoolcache/go/1.26.2/x64/ BENT_BENCH=gorm_schema BENT_CONFIG=LLGoDeadcodeDrop BENT_I=0 GOCACHE=/home/runner/work/benchmarks/benchmarks/.ci/bent-run/build-cache/runs/cache-26342640/go-build XDG_CACHE_HOME=/home/runner/work/benchmarks/benchmarks/.ci/bent-run/build-cache/runs/cache-26342640/xdg LocalAppData=/home/runner/work/benchmarks/benchmarks/.ci/bent-run/build-cache/runs/cache-26342640/local-app-data /home/runner/work/benchmarks/benchmarks/.ci/bent-run/benchsize /home/runner/work/benchmarks/benchmarks/.ci/bent-run/testbin/gorm_schema_LLGoDeadcodeDrop Gorm_schema )
goos: linux
goarch: amd64
pkg:
Unit total-bytes assume=exact
BenchmarkGorm_schema 1 6465936 total-bytes
Unit text-bytes assume=exact
BenchmarkGorm_schema 1 2118496 text-bytes
Unit data-bytes assume=exact
BenchmarkGorm_schema 1 2422168 data-bytes
Unit rodata-bytes assume=exact
BenchmarkGorm_schema 1 1352112 rodata-bytes
Unit pclntab-bytes assume=exact
BenchmarkGorm_schema 1 0 pclntab-bytes
Unit debug-bytes assume=exact
BenchmarkGorm_schema 1 0 debug-bytes

rm -rf /home/runner/work/benchmarks/benchmarks/.ci/bent-run/gopath/bin
(cd /home/runner/work/benchmarks/benchmarks/.ci/bent-run/build/iXGo; LLGO_BUILD_TIMEOUT_SECONDS=1200 LLGO_COMMITTED_AT=2026-09-26T17:50:40+08:00 LLGO_BUILD_GO_VERSION=1.27.0 LLGO_BIN=/home/runner/work/benchmarks/benchmarks/ci/llgo-size/bin/llgo-build-timeout BENT_TIMING_LOG=/home/runner/work/benchmarks/benchmarks/.ci/bent-run/download-timings.log GOROOT_1_25_X64=/opt/hostedtoolcache/go/1.25.14/x64 LLGO_MAIN_INDEX=1701 LLGO_BUILD_KILL_GRACE_SECONDS=30 LLGO_COMMIT=4c39f5820e46f4c8be8628827d9b508486b89f52 GO_VERSION=1.26.2 LLGO_REPOSITORY=xgo-dev/llgo GOROOT_1_24_X64=/opt/hostedtoolcache/go/1.24.13/x64 GOROOT_1_26_X64=/opt/hostedtoolcache/go/1.26.8/x64 BENT_REAL_GO=/opt/hostedtoolcache/go/1.26.2/x64/bin/go LLGO_ROOT=/home/runner/work/benchmarks/benchmarks/.ci/llgo LLGO_REAL_BIN=/home/runner/work/benchmarks/benchmarks/.ci/llgo/llgo LLGO_LTO_PLUGIN=/home/runner/work/benchmarks/benchmarks/.ci/llgo/ltoplugin/build/LLGOLTOPlugin.so GOPATH=/home/runner/work/benchmarks/benchmarks/.ci/bent-run/gopath GOOS=linux GOARCH=amd64 GO111MODULE=auto ROOT=/home/runner/work/benchmarks/benchmarks/.ci/bent-run GOROOT=/opt/hostedtoolcache/go/1.26.2/x64/ BENT_BENCH=iXGo BENT_CONFIG=LLGoNoLTO BENT_I=0 GOCACHE=/home/runner/work/benchmarks/benchmarks/.ci/bent-run/build-cache/runs/cache-2477554963/go-build XDG_CACHE_HOME=/home/runner/work/benchmarks/benchmarks/.ci/bent-run/build-cache/runs/cache-2477554963/xdg LocalAppData=/home/runner/work/benchmarks/benchmarks/.ci/bent-run/build-cache/runs/cache-2477554963/local-app-data /home/runner/work/benchmarks/benchmarks/ci/llgo-size/bin/llgo-build-timeout build -o /home/runner/work/benchmarks/benchmarks/.ci/bent-run/testbin/iXGo_LLGoNoLTO github.com/goplus/ixgo/cmd/ixgo )
goarch: amd64
toolchain: LLGoNoLTO
BenchmarkIXGo 1 136167082509 build-real-ns/op 446747541000 build-user-ns/op 10722368000 build-sys-ns/op
toolchain: LLGoNoLTO
( LLGO_BUILD_TIMEOUT_SECONDS=1200 LLGO_COMMITTED_AT=2026-09-26T17:50:40+08:00 LLGO_BUILD_GO_VERSION=1.27.0 LLGO_BIN=/home/runner/work/benchmarks/benchmarks/ci/llgo-size/bin/llgo-build-timeout BENT_TIMING_LOG=/home/runner/work/benchmarks/benchmarks/.ci/bent-run/download-timings.log GOROOT_1_25_X64=/opt/hostedtoolcache/go/1.25.14/x64 LLGO_MAIN_INDEX=1701 LLGO_BUILD_KILL_GRACE_SECONDS=30 LLGO_COMMIT=4c39f5820e46f4c8be8628827d9b508486b89f52 GO_VERSION=1.26.2 LLGO_REPOSITORY=xgo-dev/llgo GOROOT_1_24_X64=/opt/hostedtoolcache/go/1.24.13/x64 GOROOT_1_26_X64=/opt/hostedtoolcache/go/1.26.8/x64 BENT_REAL_GO=/opt/hostedtoolcache/go/1.26.2/x64/bin/go LLGO_ROOT=/home/runner/work/benchmarks/benchmarks/.ci/llgo LLGO_REAL_BIN=/home/runner/work/benchmarks/benchmarks/.ci/llgo/llgo LLGO_LTO_PLUGIN=/home/runner/work/benchmarks/benchmarks/.ci/llgo/ltoplugin/build/LLGOLTOPlugin.so GOPATH=/home/runner/work/benchmarks/benchmarks/.ci/bent-run/gopath GOOS=linux GOARCH=amd64 GO111MODULE=auto ROOT=/home/runner/work/benchmarks/benchmarks/.ci/bent-run GOROOT=/opt/hostedtoolcache/go/1.26.2/x64/ BENT_BENCH=iXGo BENT_CONFIG=LLGoNoLTO BENT_I=0 GOCACHE=/home/runner/work/benchmarks/benchmarks/.ci/bent-run/build-cache/runs/cache-2477554963/go-build XDG_CACHE_HOME=/home/runner/work/benchmarks/benchmarks/.ci/bent-run/build-cache/runs/cache-2477554963/xdg LocalAppData=/home/runner/work/benchmarks/benchmarks/.ci/bent-run/build-cache/runs/cache-2477554963/local-app-data /home/runner/work/benchmarks/benchmarks/.ci/bent-run/benchsize /home/runner/work/benchmarks/benchmarks/.ci/bent-run/testbin/iXGo_LLGoNoLTO IXGo )
goos: linux
goarch: amd64
pkg:
Unit total-bytes assume=exact
BenchmarkIXGo 1 31427440 total-bytes
Unit text-bytes assume=exact
BenchmarkIXGo 1 11137456 text-bytes
Unit data-bytes assume=exact
BenchmarkIXGo 1 10393568 data-bytes
Unit rodata-bytes assume=exact
BenchmarkIXGo 1 6071576 rodata-bytes
Unit pclntab-bytes assume=exact
BenchmarkIXGo 1 0 pclntab-bytes
Unit debug-bytes assume=exact
BenchmarkIXGo 1 0 debug-bytes

rm -rf /home/runner/work/benchmarks/benchmarks/.ci/bent-run/gopath/bin
(cd /home/runner/work/benchmarks/benchmarks/.ci/bent-run/build/XGo; LLGO_BUILD_TIMEOUT_SECONDS=1200 LLGO_COMMITTED_AT=2026-09-26T17:50:40+08:00 LLGO_BUILD_GO_VERSION=1.27.0 LLGO_BIN=/home/runner/work/benchmarks/benchmarks/ci/llgo-size/bin/llgo-build-timeout BENT_TIMING_LOG=/home/runner/work/benchmarks/benchmarks/.ci/bent-run/download-timings.log GOROOT_1_25_X64=/opt/hostedtoolcache/go/1.25.14/x64 LLGO_MAIN_INDEX=1701 LLGO_BUILD_KILL_GRACE_SECONDS=30 LLGO_COMMIT=4c39f5820e46f4c8be8628827d9b508486b89f52 GO_VERSION=1.26.2 LLGO_REPOSITORY=xgo-dev/llgo GOROOT_1_24_X64=/opt/hostedtoolcache/go/1.24.13/x64 GOROOT_1_26_X64=/opt/hostedtoolcache/go/1.26.8/x64 BENT_REAL_GO=/opt/hostedtoolcache/go/1.26.2/x64/bin/go LLGO_ROOT=/home/runner/work/benchmarks/benchmarks/.ci/llgo LLGO_REAL_BIN=/home/runner/work/benchmarks/benchmarks/.ci/llgo/llgo LLGO_LTO_PLUGIN=/home/runner/work/benchmarks/benchmarks/.ci/llgo/ltoplugin/build/LLGOLTOPlugin.so GOPATH=/home/runner/work/benchmarks/benchmarks/.ci/bent-run/gopath GOOS=linux GOARCH=amd64 GO111MODULE=auto ROOT=/home/runner/work/benchmarks/benchmarks/.ci/bent-run GOROOT=/opt/hostedtoolcache/go/1.26.2/x64/ BENT_BENCH=XGo BENT_CONFIG=LLGoFullLTOGlobalDCEPlugin BENT_I=0 GOCACHE=/home/runner/work/benchmarks/benchmarks/.ci/bent-run/build-cache/runs/cache-3670457247/go-build XDG_CACHE_HOME=/home/runner/work/benchmarks/benchmarks/.ci/bent-run/build-cache/runs/cache-3670457247/xdg LocalAppData=/home/runner/work/benchmarks/benchmarks/.ci/bent-run/build-cache/runs/cache-3670457247/local-app-data /home/runner/work/benchmarks/benchmarks/ci/llgo-size/bin/llgo-build-timeout build -o /home/runner/work/benchmarks/benchmarks/.ci/bent-run/testbin/XGo_LLGoFullLTOGlobalDCEPlugin -lto=full -lto-pass-plugin=/home/runner/work/benchmarks/benchmarks/.ci/llgo/ltoplugin/build/LLGOLTOPlugin.so github.com/goplus/xgo/cmd/xgo )
goarch: amd64
toolchain: LLGoFullLTOGlobalDCEPlugin
BenchmarkXGo 1 129775234685 build-real-ns/op 179495121000 build-user-ns/op 3585909000 build-sys-ns/op
toolchain: LLGoFullLTOGlobalDCEPlugin
( LLGO_BUILD_TIMEOUT_SECONDS=1200 LLGO_COMMITTED_AT=2026-09-26T17:50:40+08:00 LLGO_BUILD_GO_VERSION=1.27.0 LLGO_BIN=/home/runner/work/benchmarks/benchmarks/ci/llgo-size/bin/llgo-build-timeout BENT_TIMING_LOG=/home/runner/work/benchmarks/benchmarks/.ci/bent-run/download-timings.log GOROOT_1_25_X64=/opt/hostedtoolcache/go/1.25.14/x64 LLGO_MAIN_INDEX=1701 LLGO_BUILD_KILL_GRACE_SECONDS=30 LLGO_COMMIT=4c39f5820e46f4c8be8628827d9b508486b89f52 GO_VERSION=1.26.2 LLGO_REPOSITORY=xgo-dev/llgo GOROOT_1_24_X64=/opt/hostedtoolcache/go/1.24.13/x64 GOROOT_1_26_X64=/opt/hostedtoolcache/go/1.26.8/x64 BENT_REAL_GO=/opt/hostedtoolcache/go/1.26.2/x64/bin/go LLGO_ROOT=/home/runner/work/benchmarks/benchmarks/.ci/llgo LLGO_REAL_BIN=/home/runner/work/benchmarks/benchmarks/.ci/llgo/llgo LLGO_LTO_PLUGIN=/home/runner/work/benchmarks/benchmarks/.ci/llgo/ltoplugin/build/LLGOLTOPlugin.so GOPATH=/home/runner/work/benchmarks/benchmarks/.ci/bent-run/gopath GOOS=linux GOARCH=amd64 GO111MODULE=auto ROOT=/home/runner/work/benchmarks/benchmarks/.ci/bent-run GOROOT=/opt/hostedtoolcache/go/1.26.2/x64/ BENT_BENCH=XGo BENT_CONFIG=LLGoFullLTOGlobalDCEPlugin BENT_I=0 GOCACHE=/home/runner/work/benchmarks/benchmarks/.ci/bent-run/build-cache/runs/cache-3670457247/go-build XDG_CACHE_HOME=/home/runner/work/benchmarks/benchmarks/.ci/bent-run/build-cache/runs/cache-3670457247/xdg LocalAppData=/home/runner/work/benchmarks/benchmarks/.ci/bent-run/build-cache/runs/cache-3670457247/local-app-data /home/runner/work/benchmarks/benchmarks/.ci/bent-run/benchsize /home/runner/work/benchmarks/benchmarks/.ci/bent-run/testbin/XGo_LLGoFullLTOGlobalDCEPlugin XGo )
goos: linux
goarch: amd64
pkg:
Unit total-bytes assume=exact
BenchmarkXGo 1 16683192 total-bytes
Unit text-bytes assume=exact
BenchmarkXGo 1 5588882 text-bytes
Unit data-bytes assume=exact
BenchmarkXGo 1 5746032 data-bytes
Unit rodata-bytes assume=exact
BenchmarkXGo 1 5519872 rodata-bytes
Unit pclntab-bytes assume=exact
BenchmarkXGo 1 0 pclntab-bytes
Unit debug-bytes assume=exact
BenchmarkXGo 1 0 debug-bytes

rm -rf /home/runner/work/benchmarks/benchmarks/.ci/bent-run/gopath/bin
(cd /home/runner/work/benchmarks/benchmarks/.ci/bent-run/build/gorm_schema; LLGO_BUILD_TIMEOUT_SECONDS=1200 LLGO_COMMITTED_AT=2026-09-26T17:50:40+08:00 LLGO_BUILD_GO_VERSION=1.27.0 LLGO_BIN=/home/runner/work/benchmarks/benchmarks/ci/llgo-size/bin/llgo-build-timeout BENT_TIMING_LOG=/home/runner/work/benchmarks/benchmarks/.ci/bent-run/download-timings.log GOROOT_1_25_X64=/opt/hostedtoolcache/go/1.25.14/x64 LLGO_MAIN_INDEX=1701 LLGO_BUILD_KILL_GRACE_SECONDS=30 LLGO_COMMIT=4c39f5820e46f4c8be8628827d9b508486b89f52 GO_VERSION=1.26.2 LLGO_REPOSITORY=xgo-dev/llgo GOROOT_1_24_X64=/opt/hostedtoolcache/go/1.24.13/x64 GOROOT_1_26_X64=/opt/hostedtoolcache/go/1.26.8/x64 BENT_REAL_GO=/opt/hostedtoolcache/go/1.26.2/x64/bin/go LLGO_ROOT=/home/runner/work/benchmarks/benchmarks/.ci/llgo LLGO_REAL_BIN=/home/runner/work/benchmarks/benchmarks/.ci/llgo/llgo LLGO_LTO_PLUGIN=/home/runner/work/benchmarks/benchmarks/.ci/llgo/ltoplugin/build/LLGOLTOPlugin.so GOPATH=/home/runner/work/benchmarks/benchmarks/.ci/bent-run/gopath GOOS=linux GOARCH=amd64 GO111MODULE=auto ROOT=/home/runner/work/benchmarks/benchmarks/.ci/bent-run GOROOT=/opt/hostedtoolcache/go/1.26.2/x64/ BENT_BENCH=gorm_schema BENT_CONFIG=LLGoNoLTO BENT_I=0 GOCACHE=/home/runner/work/benchmarks/benchmarks/.ci/bent-run/build-cache/runs/cache-3418228804/go-build XDG_CACHE_HOME=/home/runner/work/benchmarks/benchmarks/.ci/bent-run/build-cache/runs/cache-3418228804/xdg LocalAppData=/home/runner/work/benchmarks/benchmarks/.ci/bent-run/build-cache/runs/cache-3418228804/local-app-data /home/runner/work/benchmarks/benchmarks/ci/llgo-size/bin/llgo-build-timeout test -c -o /home/runner/work/benchmarks/benchmarks/.ci/bent-run/testbin/gorm_schema_LLGoNoLTO gorm.io/gorm/schema )
goarch: amd64
toolchain: LLGoNoLTO
BenchmarkGorm_schema 1 12759031960 build-real-ns/op 36297105000 build-user-ns/op 1280865000 build-sys-ns/op
toolchain: LLGoNoLTO
( LLGO_BUILD_TIMEOUT_SECONDS=1200 LLGO_COMMITTED_AT=2026-09-26T17:50:40+08:00 LLGO_BUILD_GO_VERSION=1.27.0 LLGO_BIN=/home/runner/work/benchmarks/benchmarks/ci/llgo-size/bin/llgo-build-timeout BENT_TIMING_LOG=/home/runner/work/benchmarks/benchmarks/.ci/bent-run/download-timings.log GOROOT_1_25_X64=/opt/hostedtoolcache/go/1.25.14/x64 LLGO_MAIN_INDEX=1701 LLGO_BUILD_KILL_GRACE_SECONDS=30 LLGO_COMMIT=4c39f5820e46f4c8be8628827d9b508486b89f52 GO_VERSION=1.26.2 LLGO_REPOSITORY=xgo-dev/llgo GOROOT_1_24_X64=/opt/hostedtoolcache/go/1.24.13/x64 GOROOT_1_26_X64=/opt/hostedtoolcache/go/1.26.8/x64 BENT_REAL_GO=/opt/hostedtoolcache/go/1.26.2/x64/bin/go LLGO_ROOT=/home/runner/work/benchmarks/benchmarks/.ci/llgo LLGO_REAL_BIN=/home/runner/work/benchmarks/benchmarks/.ci/llgo/llgo LLGO_LTO_PLUGIN=/home/runner/work/benchmarks/benchmarks/.ci/llgo/ltoplugin/build/LLGOLTOPlugin.so GOPATH=/home/runner/work/benchmarks/benchmarks/.ci/bent-run/gopath GOOS=linux GOARCH=amd64 GO111MODULE=auto ROOT=/home/runner/work/benchmarks/benchmarks/.ci/bent-run GOROOT=/opt/hostedtoolcache/go/1.26.2/x64/ BENT_BENCH=gorm_schema BENT_CONFIG=LLGoNoLTO BENT_I=0 GOCACHE=/home/runner/work/benchmarks/benchmarks/.ci/bent-run/build-cache/runs/cache-3418228804/go-build XDG_CACHE_HOME=/home/runner/work/benchmarks/benchmarks/.ci/bent-run/build-cache/runs/cache-3418228804/xdg LocalAppData=/home/runner/work/benchmarks/benchmarks/.ci/bent-run/build-cache/runs/cache-3418228804/local-app-data /home/runner/work/benchmarks/benchmarks/.ci/bent-run/benchsize /home/runner/work/benchmarks/benchmarks/.ci/bent-run/testbin/gorm_schema_LLGoNoLTO Gorm_schema )
goos: linux
goarch: amd64
pkg:
Unit total-bytes assume=exact
BenchmarkGorm_schema 1 7078992 total-bytes
Unit text-bytes assume=exact
BenchmarkGorm_schema 1 2501887 text-bytes
Unit data-bytes assume=exact
BenchmarkGorm_schema 1 2437112 data-bytes
Unit rodata-bytes assume=exact
BenchmarkGorm_schema 1 1357688 rodata-bytes
Unit pclntab-bytes assume=exact
BenchmarkGorm_schema 1 0 pclntab-bytes
Unit debug-bytes assume=exact
BenchmarkGorm_schema 1 0 debug-bytes

rm -rf /home/runner/work/benchmarks/benchmarks/.ci/bent-run/gopath/bin
(cd /home/runner/work/benchmarks/benchmarks/.ci/bent-run/build/iXGo; LLGO_BUILD_TIMEOUT_SECONDS=1200 LLGO_COMMITTED_AT=2026-09-26T17:50:40+08:00 LLGO_BUILD_GO_VERSION=1.27.0 LLGO_BIN=/home/runner/work/benchmarks/benchmarks/ci/llgo-size/bin/llgo-build-timeout BENT_TIMING_LOG=/home/runner/work/benchmarks/benchmarks/.ci/bent-run/download-timings.log GOROOT_1_25_X64=/opt/hostedtoolcache/go/1.25.14/x64 LLGO_MAIN_INDEX=1701 LLGO_BUILD_KILL_GRACE_SECONDS=30 LLGO_COMMIT=4c39f5820e46f4c8be8628827d9b508486b89f52 GO_VERSION=1.26.2 LLGO_REPOSITORY=xgo-dev/llgo GOROOT_1_24_X64=/opt/hostedtoolcache/go/1.24.13/x64 GOROOT_1_26_X64=/opt/hostedtoolcache/go/1.26.8/x64 BENT_REAL_GO=/opt/hostedtoolcache/go/1.26.2/x64/bin/go LLGO_ROOT=/home/runner/work/benchmarks/benchmarks/.ci/llgo LLGO_REAL_BIN=/home/runner/work/benchmarks/benchmarks/.ci/llgo/llgo LLGO_LTO_PLUGIN=/home/runner/work/benchmarks/benchmarks/.ci/llgo/ltoplugin/build/LLGOLTOPlugin.so GOPATH=/home/runner/work/benchmarks/benchmarks/.ci/bent-run/gopath GOOS=linux GOARCH=amd64 GO111MODULE=auto ROOT=/home/runner/work/benchmarks/benchmarks/.ci/bent-run GOROOT=/opt/hostedtoolcache/go/1.26.2/x64/ BENT_BENCH=iXGo BENT_CONFIG=LLGoFullLTONoGlobalDCE BENT_I=0 GOCACHE=/home/runner/work/benchmarks/benchmarks/.ci/bent-run/build-cache/runs/cache-3575899033/go-build XDG_CACHE_HOME=/home/runner/work/benchmarks/benchmarks/.ci/bent-run/build-cache/runs/cache-3575899033/xdg LocalAppData=/home/runner/work/benchmarks/benchmarks/.ci/bent-run/build-cache/runs/cache-3575899033/local-app-data /home/runner/work/benchmarks/benchmarks/ci/llgo-size/bin/llgo-build-timeout build -o /home/runner/work/benchmarks/benchmarks/.ci/bent-run/testbin/iXGo_LLGoFullLTONoGlobalDCE -lto=full -globaldce=false github.com/goplus/ixgo/cmd/ixgo )
goarch: amd64
toolchain: LLGoFullLTONoGlobalDCE
BenchmarkIXGo 1 306059598893 build-real-ns/op 580041611000 build-user-ns/op 12072908000 build-sys-ns/op
toolchain: LLGoFullLTONoGlobalDCE
( LLGO_BUILD_TIMEOUT_SECONDS=1200 LLGO_COMMITTED_AT=2026-09-26T17:50:40+08:00 LLGO_BUILD_GO_VERSION=1.27.0 LLGO_BIN=/home/runner/work/benchmarks/benchmarks/ci/llgo-size/bin/llgo-build-timeout BENT_TIMING_LOG=/home/runner/work/benchmarks/benchmarks/.ci/bent-run/download-timings.log GOROOT_1_25_X64=/opt/hostedtoolcache/go/1.25.14/x64 LLGO_MAIN_INDEX=1701 LLGO_BUILD_KILL_GRACE_SECONDS=30 LLGO_COMMIT=4c39f5820e46f4c8be8628827d9b508486b89f52 GO_VERSION=1.26.2 LLGO_REPOSITORY=xgo-dev/llgo GOROOT_1_24_X64=/opt/hostedtoolcache/go/1.24.13/x64 GOROOT_1_26_X64=/opt/hostedtoolcache/go/1.26.8/x64 BENT_REAL_GO=/opt/hostedtoolcache/go/1.26.2/x64/bin/go LLGO_ROOT=/home/runner/work/benchmarks/benchmarks/.ci/llgo LLGO_REAL_BIN=/home/runner/work/benchmarks/benchmarks/.ci/llgo/llgo LLGO_LTO_PLUGIN=/home/runner/work/benchmarks/benchmarks/.ci/llgo/ltoplugin/build/LLGOLTOPlugin.so GOPATH=/home/runner/work/benchmarks/benchmarks/.ci/bent-run/gopath GOOS=linux GOARCH=amd64 GO111MODULE=auto ROOT=/home/runner/work/benchmarks/benchmarks/.ci/bent-run GOROOT=/opt/hostedtoolcache/go/1.26.2/x64/ BENT_BENCH=iXGo BENT_CONFIG=LLGoFullLTONoGlobalDCE BENT_I=0 GOCACHE=/home/runner/work/benchmarks/benchmarks/.ci/bent-run/build-cache/runs/cache-3575899033/go-build XDG_CACHE_HOME=/home/runner/work/benchmarks/benchmarks/.ci/bent-run/build-cache/runs/cache-3575899033/xdg LocalAppData=/home/runner/work/benchmarks/benchmarks/.ci/bent-run/build-cache/runs/cache-3575899033/local-app-data /home/runner/work/benchmarks/benchmarks/.ci/bent-run/benchsize /home/runner/work/benchmarks/benchmarks/.ci/bent-run/testbin/iXGo_LLGoFullLTONoGlobalDCE IXGo )
goos: linux
goarch: amd64
pkg:
Unit total-bytes assume=exact
BenchmarkIXGo 1 30166312 total-bytes
Unit text-bytes assume=exact
BenchmarkIXGo 1 10560983 text-bytes
Unit data-bytes assume=exact
BenchmarkIXGo 1 10171064 data-bytes
Unit rodata-bytes assume=exact
BenchmarkIXGo 1 9112288 rodata-bytes
Unit pclntab-bytes assume=exact
BenchmarkIXGo 1 0 pclntab-bytes
Unit debug-bytes assume=exact
BenchmarkIXGo 1 0 debug-bytes

rm -rf /home/runner/work/benchmarks/benchmarks/.ci/bent-run/gopath/bin
(cd /home/runner/work/benchmarks/benchmarks/.ci/bent-run/build/uber_zap; LLGO_BUILD_TIMEOUT_SECONDS=1200 LLGO_COMMITTED_AT=2026-09-26T17:50:40+08:00 LLGO_BUILD_GO_VERSION=1.27.0 LLGO_BIN=/home/runner/work/benchmarks/benchmarks/ci/llgo-size/bin/llgo-build-timeout BENT_TIMING_LOG=/home/runner/work/benchmarks/benchmarks/.ci/bent-run/download-timings.log GOROOT_1_25_X64=/opt/hostedtoolcache/go/1.25.14/x64 LLGO_MAIN_INDEX=1701 LLGO_BUILD_KILL_GRACE_SECONDS=30 LLGO_COMMIT=4c39f5820e46f4c8be8628827d9b508486b89f52 GO_VERSION=1.26.2 LLGO_REPOSITORY=xgo-dev/llgo GOROOT_1_24_X64=/opt/hostedtoolcache/go/1.24.13/x64 GOROOT_1_26_X64=/opt/hostedtoolcache/go/1.26.8/x64 BENT_REAL_GO=/opt/hostedtoolcache/go/1.26.2/x64/bin/go LLGO_ROOT=/home/runner/work/benchmarks/benchmarks/.ci/llgo LLGO_REAL_BIN=/home/runner/work/benchmarks/benchmarks/.ci/llgo/llgo LLGO_LTO_PLUGIN=/home/runner/work/benchmarks/benchmarks/.ci/llgo/ltoplugin/build/LLGOLTOPlugin.so GOPATH=/home/runner/work/benchmarks/benchmarks/.ci/bent-run/gopath GOOS=linux GOARCH=amd64 GO111MODULE=auto ROOT=/home/runner/work/benchmarks/benchmarks/.ci/bent-run GOROOT=/opt/hostedtoolcache/go/1.26.2/x64/ BENT_BENCH=uber_zap BENT_CONFIG=LLGoFullLTOGlobalDCE BENT_I=0 GOCACHE=/home/runner/work/benchmarks/benchmarks/.ci/bent-run/build-cache/runs/cache-3729075129/go-build XDG_CACHE_HOME=/home/runner/work/benchmarks/benchmarks/.ci/bent-run/build-cache/runs/cache-3729075129/xdg LocalAppData=/home/runner/work/benchmarks/benchmarks/.ci/bent-run/build-cache/runs/cache-3729075129/local-app-data /home/runner/work/benchmarks/benchmarks/ci/llgo-size/bin/llgo-build-timeout test -c -o /home/runner/work/benchmarks/benchmarks/.ci/bent-run/testbin/uber_zap_LLGoFullLTOGlobalDCE -lto=full go.uber.org/zap/zapcore )
goarch: amd64
toolchain: LLGoFullLTOGlobalDCE
BenchmarkUber_zap 1 71902931055 build-real-ns/op 95667589000 build-user-ns/op 1900368000 build-sys-ns/op
toolchain: LLGoFullLTOGlobalDCE
( LLGO_BUILD_TIMEOUT_SECONDS=1200 LLGO_COMMITTED_AT=2026-09-26T17:50:40+08:00 LLGO_BUILD_GO_VERSION=1.27.0 LLGO_BIN=/home/runner/work/benchmarks/benchmarks/ci/llgo-size/bin/llgo-build-timeout BENT_TIMING_LOG=/home/runner/work/benchmarks/benchmarks/.ci/bent-run/download-timings.log GOROOT_1_25_X64=/opt/hostedtoolcache/go/1.25.14/x64 LLGO_MAIN_INDEX=1701 LLGO_BUILD_KILL_GRACE_SECONDS=30 LLGO_COMMIT=4c39f5820e46f4c8be8628827d9b508486b89f52 GO_VERSION=1.26.2 LLGO_REPOSITORY=xgo-dev/llgo GOROOT_1_24_X64=/opt/hostedtoolcache/go/1.24.13/x64 GOROOT_1_26_X64=/opt/hostedtoolcache/go/1.26.8/x64 BENT_REAL_GO=/opt/hostedtoolcache/go/1.26.2/x64/bin/go LLGO_ROOT=/home/runner/work/benchmarks/benchmarks/.ci/llgo LLGO_REAL_BIN=/home/runner/work/benchmarks/benchmarks/.ci/llgo/llgo LLGO_LTO_PLUGIN=/home/runner/work/benchmarks/benchmarks/.ci/llgo/ltoplugin/build/LLGOLTOPlugin.so GOPATH=/home/runner/work/benchmarks/benchmarks/.ci/bent-run/gopath GOOS=linux GOARCH=amd64 GO111MODULE=auto ROOT=/home/runner/work/benchmarks/benchmarks/.ci/bent-run GOROOT=/opt/hostedtoolcache/go/1.26.2/x64/ BENT_BENCH=uber_zap BENT_CONFIG=LLGoFullLTOGlobalDCE BENT_I=0 GOCACHE=/home/runner/work/benchmarks/benchmarks/.ci/bent-run/build-cache/runs/cache-3729075129/go-build XDG_CACHE_HOME=/home/runner/work/benchmarks/benchmarks/.ci/bent-run/build-cache/runs/cache-3729075129/xdg LocalAppData=/home/runner/work/benchmarks/benchmarks/.ci/bent-run/build-cache/runs/cache-3729075129/local-app-data /home/runner/work/benchmarks/benchmarks/.ci/bent-run/benchsize /home/runner/work/benchmarks/benchmarks/.ci/bent-run/testbin/uber_zap_LLGoFullLTOGlobalDCE Uber_zap )
goos: linux
goarch: amd64
pkg:
Unit total-bytes assume=exact
BenchmarkUber_zap 1 9567648 total-bytes
Unit text-bytes assume=exact
BenchmarkUber_zap 1 3205196 text-bytes
Unit data-bytes assume=exact
BenchmarkUber_zap 1 3757904 data-bytes
Unit rodata-bytes assume=exact
BenchmarkUber_zap 1 3534792 rodata-bytes
Unit pclntab-bytes assume=exact
BenchmarkUber_zap 1 0 pclntab-bytes
Unit debug-bytes assume=exact
BenchmarkUber_zap 1 0 debug-bytes

rm -rf /home/runner/work/benchmarks/benchmarks/.ci/bent-run/gopath/bin
(cd /home/runner/work/benchmarks/benchmarks/.ci/bent-run/build/aws_restjson_v1; LLGO_BUILD_TIMEOUT_SECONDS=1200 LLGO_COMMITTED_AT=2026-09-26T17:50:40+08:00 LLGO_BUILD_GO_VERSION=1.27.0 LLGO_BIN=/home/runner/work/benchmarks/benchmarks/ci/llgo-size/bin/llgo-build-timeout BENT_TIMING_LOG=/home/runner/work/benchmarks/benchmarks/.ci/bent-run/download-timings.log GOROOT_1_25_X64=/opt/hostedtoolcache/go/1.25.14/x64 LLGO_MAIN_INDEX=1701 LLGO_BUILD_KILL_GRACE_SECONDS=30 LLGO_COMMIT=4c39f5820e46f4c8be8628827d9b508486b89f52 GO_VERSION=1.26.2 LLGO_REPOSITORY=xgo-dev/llgo GOROOT_1_24_X64=/opt/hostedtoolcache/go/1.24.13/x64 GOROOT_1_26_X64=/opt/hostedtoolcache/go/1.26.8/x64 BENT_REAL_GO=/opt/hostedtoolcache/go/1.26.2/x64/bin/go LLGO_ROOT=/home/runner/work/benchmarks/benchmarks/.ci/llgo LLGO_REAL_BIN=/home/runner/work/benchmarks/benchmarks/.ci/llgo/llgo LLGO_LTO_PLUGIN=/home/runner/work/benchmarks/benchmarks/.ci/llgo/ltoplugin/build/LLGOLTOPlugin.so GOPATH=/home/runner/work/benchmarks/benchmarks/.ci/bent-run/gopath GOOS=linux GOARCH=amd64 GO111MODULE=auto ROOT=/home/runner/work/benchmarks/benchmarks/.ci/bent-run GOROOT=/opt/hostedtoolcache/go/1.26.2/x64/ BENT_BENCH=aws_restjson BENT_CONFIG=LLGoDeadcodeDrop BENT_I=0 GOCACHE=/home/runner/work/benchmarks/benchmarks/.ci/bent-run/build-cache/runs/cache-2382968874/go-build XDG_CACHE_HOME=/home/runner/work/benchmarks/benchmarks/.ci/bent-run/build-cache/runs/cache-2382968874/xdg LocalAppData=/home/runner/work/benchmarks/benchmarks/.ci/bent-run/build-cache/runs/cache-2382968874/local-app-data /home/runner/work/benchmarks/benchmarks/ci/llgo-size/bin/llgo-build-timeout test -c -o /home/runner/work/benchmarks/benchmarks/.ci/bent-run/testbin/aws_restjson_v1_LLGoDeadcodeDrop -deadcodedrop github.com/aws/aws-sdk-go/private/protocol/restjson )
goarch: amd64
toolchain: LLGoDeadcodeDrop
BenchmarkAws_restjson 1 39740200354 build-real-ns/op 79955826000 build-user-ns/op 2301164000 build-sys-ns/op
toolchain: LLGoDeadcodeDrop
( LLGO_BUILD_TIMEOUT_SECONDS=1200 LLGO_COMMITTED_AT=2026-09-26T17:50:40+08:00 LLGO_BUILD_GO_VERSION=1.27.0 LLGO_BIN=/home/runner/work/benchmarks/benchmarks/ci/llgo-size/bin/llgo-build-timeout BENT_TIMING_LOG=/home/runner/work/benchmarks/benchmarks/.ci/bent-run/download-timings.log GOROOT_1_25_X64=/opt/hostedtoolcache/go/1.25.14/x64 LLGO_MAIN_INDEX=1701 LLGO_BUILD_KILL_GRACE_SECONDS=30 LLGO_COMMIT=4c39f5820e46f4c8be8628827d9b508486b89f52 GO_VERSION=1.26.2 LLGO_REPOSITORY=xgo-dev/llgo GOROOT_1_24_X64=/opt/hostedtoolcache/go/1.24.13/x64 GOROOT_1_26_X64=/opt/hostedtoolcache/go/1.26.8/x64 BENT_REAL_GO=/opt/hostedtoolcache/go/1.26.2/x64/bin/go LLGO_ROOT=/home/runner/work/benchmarks/benchmarks/.ci/llgo LLGO_REAL_BIN=/home/runner/work/benchmarks/benchmarks/.ci/llgo/llgo LLGO_LTO_PLUGIN=/home/runner/work/benchmarks/benchmarks/.ci/llgo/ltoplugin/build/LLGOLTOPlugin.so GOPATH=/home/runner/work/benchmarks/benchmarks/.ci/bent-run/gopath GOOS=linux GOARCH=amd64 GO111MODULE=auto ROOT=/home/runner/work/benchmarks/benchmarks/.ci/bent-run GOROOT=/opt/hostedtoolcache/go/1.26.2/x64/ BENT_BENCH=aws_restjson BENT_CONFIG=LLGoDeadcodeDrop BENT_I=0 GOCACHE=/home/runner/work/benchmarks/benchmarks/.ci/bent-run/build-cache/runs/cache-2382968874/go-build XDG_CACHE_HOME=/home/runner/work/benchmarks/benchmarks/.ci/bent-run/build-cache/runs/cache-2382968874/xdg LocalAppData=/home/runner/work/benchmarks/benchmarks/.ci/bent-run/build-cache/runs/cache-2382968874/local-app-data /home/runner/work/benchmarks/benchmarks/.ci/bent-run/benchsize /home/runner/work/benchmarks/benchmarks/.ci/bent-run/testbin/aws_restjson_v1_LLGoDeadcodeDrop Aws_restjson )
goos: linux
goarch: amd64
pkg:
Unit total-bytes assume=exact
BenchmarkAws_restjson 1 10592776 total-bytes
Unit text-bytes assume=exact
BenchmarkAws_restjson 1 3766734 text-bytes
Unit data-bytes assume=exact
BenchmarkAws_restjson 1 4026960 data-bytes
Unit rodata-bytes assume=exact
BenchmarkAws_restjson 1 2334552 rodata-bytes
Unit pclntab-bytes assume=exact
BenchmarkAws_restjson 1 0 pclntab-bytes
Unit debug-bytes assume=exact
BenchmarkAws_restjson 1 0 debug-bytes

rm -rf /home/runner/work/benchmarks/benchmarks/.ci/bent-run/gopath/bin
(cd /home/runner/work/benchmarks/benchmarks/.ci/bent-run/build/XGo; LLGO_BUILD_TIMEOUT_SECONDS=1200 LLGO_COMMITTED_AT=2026-09-26T17:50:40+08:00 LLGO_BUILD_GO_VERSION=1.27.0 LLGO_BIN=/home/runner/work/benchmarks/benchmarks/ci/llgo-size/bin/llgo-build-timeout BENT_TIMING_LOG=/home/runner/work/benchmarks/benchmarks/.ci/bent-run/download-timings.log GOROOT_1_25_X64=/opt/hostedtoolcache/go/1.25.14/x64 LLGO_MAIN_INDEX=1701 LLGO_BUILD_KILL_GRACE_SECONDS=30 LLGO_COMMIT=4c39f5820e46f4c8be8628827d9b508486b89f52 GO_VERSION=1.26.2 LLGO_REPOSITORY=xgo-dev/llgo GOROOT_1_24_X64=/opt/hostedtoolcache/go/1.24.13/x64 GOROOT_1_26_X64=/opt/hostedtoolcache/go/1.26.8/x64 BENT_REAL_GO=/opt/hostedtoolcache/go/1.26.2/x64/bin/go LLGO_ROOT=/home/runner/work/benchmarks/benchmarks/.ci/llgo LLGO_REAL_BIN=/home/runner/work/benchmarks/benchmarks/.ci/llgo/llgo LLGO_LTO_PLUGIN=/home/runner/work/benchmarks/benchmarks/.ci/llgo/ltoplugin/build/LLGOLTOPlugin.so GOPATH=/home/runner/work/benchmarks/benchmarks/.ci/bent-run/gopath GOOS=linux GOARCH=amd64 GO111MODULE=auto ROOT=/home/runner/work/benchmarks/benchmarks/.ci/bent-run GOROOT=/opt/hostedtoolcache/go/1.26.2/x64/ BENT_BENCH=XGo BENT_CONFIG=LLGoFullLTONoGlobalDCE BENT_I=0 GOCACHE=/home/runner/work/benchmarks/benchmarks/.ci/bent-run/build-cache/runs/cache-1504054141/go-build XDG_CACHE_HOME=/home/runner/work/benchmarks/benchmarks/.ci/bent-run/build-cache/runs/cache-1504054141/xdg LocalAppData=/home/runner/work/benchmarks/benchmarks/.ci/bent-run/build-cache/runs/cache-1504054141/local-app-data /home/runner/work/benchmarks/benchmarks/ci/llgo-size/bin/llgo-build-timeout build -o /home/runner/work/benchmarks/benchmarks/.ci/bent-run/testbin/XGo_LLGoFullLTONoGlobalDCE -lto=full -globaldce=false github.com/goplus/xgo/cmd/xgo )
goarch: amd64
toolchain: LLGoFullLTONoGlobalDCE
BenchmarkXGo 1 124830653485 build-real-ns/op 173381998000 build-user-ns/op 3534022000 build-sys-ns/op
toolchain: LLGoFullLTONoGlobalDCE
( LLGO_BUILD_TIMEOUT_SECONDS=1200 LLGO_COMMITTED_AT=2026-09-26T17:50:40+08:00 LLGO_BUILD_GO_VERSION=1.27.0 LLGO_BIN=/home/runner/work/benchmarks/benchmarks/ci/llgo-size/bin/llgo-build-timeout BENT_TIMING_LOG=/home/runner/work/benchmarks/benchmarks/.ci/bent-run/download-timings.log GOROOT_1_25_X64=/opt/hostedtoolcache/go/1.25.14/x64 LLGO_MAIN_INDEX=1701 LLGO_BUILD_KILL_GRACE_SECONDS=30 LLGO_COMMIT=4c39f5820e46f4c8be8628827d9b508486b89f52 GO_VERSION=1.26.2 LLGO_REPOSITORY=xgo-dev/llgo GOROOT_1_24_X64=/opt/hostedtoolcache/go/1.24.13/x64 GOROOT_1_26_X64=/opt/hostedtoolcache/go/1.26.8/x64 BENT_REAL_GO=/opt/hostedtoolcache/go/1.26.2/x64/bin/go LLGO_ROOT=/home/runner/work/benchmarks/benchmarks/.ci/llgo LLGO_REAL_BIN=/home/runner/work/benchmarks/benchmarks/.ci/llgo/llgo LLGO_LTO_PLUGIN=/home/runner/work/benchmarks/benchmarks/.ci/llgo/ltoplugin/build/LLGOLTOPlugin.so GOPATH=/home/runner/work/benchmarks/benchmarks/.ci/bent-run/gopath GOOS=linux GOARCH=amd64 GO111MODULE=auto ROOT=/home/runner/work/benchmarks/benchmarks/.ci/bent-run GOROOT=/opt/hostedtoolcache/go/1.26.2/x64/ BENT_BENCH=XGo BENT_CONFIG=LLGoFullLTONoGlobalDCE BENT_I=0 GOCACHE=/home/runner/work/benchmarks/benchmarks/.ci/bent-run/build-cache/runs/cache-1504054141/go-build XDG_CACHE_HOME=/home/runner/work/benchmarks/benchmarks/.ci/bent-run/build-cache/runs/cache-1504054141/xdg LocalAppData=/home/runner/work/benchmarks/benchmarks/.ci/bent-run/build-cache/runs/cache-1504054141/local-app-data /home/runner/work/benchmarks/benchmarks/.ci/bent-run/benchsize /home/runner/work/benchmarks/benchmarks/.ci/bent-run/testbin/XGo_LLGoFullLTONoGlobalDCE XGo )
goos: linux
goarch: amd64
pkg:
Unit total-bytes assume=exact
BenchmarkXGo 1 17097128 total-bytes
Unit text-bytes assume=exact
BenchmarkXGo 1 5758204 text-bytes
Unit data-bytes assume=exact
BenchmarkXGo 1 5726480 data-bytes
Unit rodata-bytes assume=exact
BenchmarkXGo 1 5500320 rodata-bytes
Unit pclntab-bytes assume=exact
BenchmarkXGo 1 0 pclntab-bytes
Unit debug-bytes assume=exact
BenchmarkXGo 1 0 debug-bytes

rm -rf /home/runner/work/benchmarks/benchmarks/.ci/bent-run/gopath/bin
(cd /home/runner/work/benchmarks/benchmarks/.ci/bent-run/build/aws_restjson_v1; LLGO_BUILD_TIMEOUT_SECONDS=1200 LLGO_COMMITTED_AT=2026-09-26T17:50:40+08:00 LLGO_BUILD_GO_VERSION=1.27.0 LLGO_BIN=/home/runner/work/benchmarks/benchmarks/ci/llgo-size/bin/llgo-build-timeout BENT_TIMING_LOG=/home/runner/work/benchmarks/benchmarks/.ci/bent-run/download-timings.log GOROOT_1_25_X64=/opt/hostedtoolcache/go/1.25.14/x64 LLGO_MAIN_INDEX=1701 LLGO_BUILD_KILL_GRACE_SECONDS=30 LLGO_COMMIT=4c39f5820e46f4c8be8628827d9b508486b89f52 GO_VERSION=1.26.2 LLGO_REPOSITORY=xgo-dev/llgo GOROOT_1_24_X64=/opt/hostedtoolcache/go/1.24.13/x64 GOROOT_1_26_X64=/opt/hostedtoolcache/go/1.26.8/x64 BENT_REAL_GO=/opt/hostedtoolcache/go/1.26.2/x64/bin/go LLGO_ROOT=/home/runner/work/benchmarks/benchmarks/.ci/llgo LLGO_REAL_BIN=/home/runner/work/benchmarks/benchmarks/.ci/llgo/llgo LLGO_LTO_PLUGIN=/home/runner/work/benchmarks/benchmarks/.ci/llgo/ltoplugin/build/LLGOLTOPlugin.so GOPATH=/home/runner/work/benchmarks/benchmarks/.ci/bent-run/gopath GOOS=linux GOARCH=amd64 GO111MODULE=auto ROOT=/home/runner/work/benchmarks/benchmarks/.ci/bent-run GOROOT=/opt/hostedtoolcache/go/1.26.2/x64/ BENT_BENCH=aws_restjson BENT_CONFIG=LLGoFullLTOGlobalDCEPlugin BENT_I=0 GOCACHE=/home/runner/work/benchmarks/benchmarks/.ci/bent-run/build-cache/runs/cache-123426765/go-build XDG_CACHE_HOME=/home/runner/work/benchmarks/benchmarks/.ci/bent-run/build-cache/runs/cache-123426765/xdg LocalAppData=/home/runner/work/benchmarks/benchmarks/.ci/bent-run/build-cache/runs/cache-123426765/local-app-data /home/runner/work/benchmarks/benchmarks/ci/llgo-size/bin/llgo-build-timeout test -c -o /home/runner/work/benchmarks/benchmarks/.ci/bent-run/testbin/aws_restjson_v1_LLGoFullLTOGlobalDCEPlugin -lto=full -lto-pass-plugin=/home/runner/work/benchmarks/benchmarks/.ci/llgo/ltoplugin/build/LLGOLTOPlugin.so github.com/aws/aws-sdk-go/private/protocol/restjson )
goarch: amd64
toolchain: LLGoFullLTOGlobalDCEPlugin
BenchmarkAws_restjson 1 88260845712 build-real-ns/op 121986225000 build-user-ns/op 2555524000 build-sys-ns/op
toolchain: LLGoFullLTOGlobalDCEPlugin
( LLGO_BUILD_TIMEOUT_SECONDS=1200 LLGO_COMMITTED_AT=2026-09-26T17:50:40+08:00 LLGO_BUILD_GO_VERSION=1.27.0 LLGO_BIN=/home/runner/work/benchmarks/benchmarks/ci/llgo-size/bin/llgo-build-timeout BENT_TIMING_LOG=/home/runner/work/benchmarks/benchmarks/.ci/bent-run/download-timings.log GOROOT_1_25_X64=/opt/hostedtoolcache/go/1.25.14/x64 LLGO_MAIN_INDEX=1701 LLGO_BUILD_KILL_GRACE_SECONDS=30 LLGO_COMMIT=4c39f5820e46f4c8be8628827d9b508486b89f52 GO_VERSION=1.26.2 LLGO_REPOSITORY=xgo-dev/llgo GOROOT_1_24_X64=/opt/hostedtoolcache/go/1.24.13/x64 GOROOT_1_26_X64=/opt/hostedtoolcache/go/1.26.8/x64 BENT_REAL_GO=/opt/hostedtoolcache/go/1.26.2/x64/bin/go LLGO_ROOT=/home/runner/work/benchmarks/benchmarks/.ci/llgo LLGO_REAL_BIN=/home/runner/work/benchmarks/benchmarks/.ci/llgo/llgo LLGO_LTO_PLUGIN=/home/runner/work/benchmarks/benchmarks/.ci/llgo/ltoplugin/build/LLGOLTOPlugin.so GOPATH=/home/runner/work/benchmarks/benchmarks/.ci/bent-run/gopath GOOS=linux GOARCH=amd64 GO111MODULE=auto ROOT=/home/runner/work/benchmarks/benchmarks/.ci/bent-run GOROOT=/opt/hostedtoolcache/go/1.26.2/x64/ BENT_BENCH=aws_restjson BENT_CONFIG=LLGoFullLTOGlobalDCEPlugin BENT_I=0 GOCACHE=/home/runner/work/benchmarks/benchmarks/.ci/bent-run/build-cache/runs/cache-123426765/go-build XDG_CACHE_HOME=/home/runner/work/benchmarks/benchmarks/.ci/bent-run/build-cache/runs/cache-123426765/xdg LocalAppData=/home/runner/work/benchmarks/benchmarks/.ci/bent-run/build-cache/runs/cache-123426765/local-app-data /home/runner/work/benchmarks/benchmarks/.ci/bent-run/benchsize /home/runner/work/benchmarks/benchmarks/.ci/bent-run/testbin/aws_restjson_v1_LLGoFullLTOGlobalDCEPlugin Aws_restjson )
goos: linux
goarch: amd64
pkg:
Unit total-bytes assume=exact
BenchmarkAws_restjson 1 10281616 total-bytes
Unit text-bytes assume=exact
BenchmarkAws_restjson 1 3631304 text-bytes
Unit data-bytes assume=exact
BenchmarkAws_restjson 1 4027488 data-bytes
Unit rodata-bytes assume=exact
BenchmarkAws_restjson 1 3805496 rodata-bytes
Unit pclntab-bytes assume=exact
BenchmarkAws_restjson 1 0 pclntab-bytes
Unit debug-bytes assume=exact
BenchmarkAws_restjson 1 0 debug-bytes

rm -rf /home/runner/work/benchmarks/benchmarks/.ci/bent-run/gopath/bin
(cd /home/runner/work/benchmarks/benchmarks/.ci/bent-run/build/dustin_humanize; LLGO_BUILD_TIMEOUT_SECONDS=1200 LLGO_COMMITTED_AT=2026-09-26T17:50:40+08:00 LLGO_BUILD_GO_VERSION=1.27.0 LLGO_BIN=/home/runner/work/benchmarks/benchmarks/ci/llgo-size/bin/llgo-build-timeout BENT_TIMING_LOG=/home/runner/work/benchmarks/benchmarks/.ci/bent-run/download-timings.log GOROOT_1_25_X64=/opt/hostedtoolcache/go/1.25.14/x64 LLGO_MAIN_INDEX=1701 LLGO_BUILD_KILL_GRACE_SECONDS=30 LLGO_COMMIT=4c39f5820e46f4c8be8628827d9b508486b89f52 GO_VERSION=1.26.2 LLGO_REPOSITORY=xgo-dev/llgo GOROOT_1_24_X64=/opt/hostedtoolcache/go/1.24.13/x64 GOROOT_1_26_X64=/opt/hostedtoolcache/go/1.26.8/x64 BENT_REAL_GO=/opt/hostedtoolcache/go/1.26.2/x64/bin/go LLGO_ROOT=/home/runner/work/benchmarks/benchmarks/.ci/llgo LLGO_REAL_BIN=/home/runner/work/benchmarks/benchmarks/.ci/llgo/llgo LLGO_LTO_PLUGIN=/home/runner/work/benchmarks/benchmarks/.ci/llgo/ltoplugin/build/LLGOLTOPlugin.so GOPATH=/home/runner/work/benchmarks/benchmarks/.ci/bent-run/gopath GOOS=linux GOARCH=amd64 GO111MODULE=auto ROOT=/home/runner/work/benchmarks/benchmarks/.ci/bent-run GOROOT=/opt/hostedtoolcache/go/1.26.2/x64/ BENT_BENCH=dustin_humanize BENT_CONFIG=LLGoFullLTOGlobalDCEPlugin BENT_I=0 GOCACHE=/home/runner/work/benchmarks/benchmarks/.ci/bent-run/build-cache/runs/cache-1355201631/go-build XDG_CACHE_HOME=/home/runner/work/benchmarks/benchmarks/.ci/bent-run/build-cache/runs/cache-1355201631/xdg LocalAppData=/home/runner/work/benchmarks/benchmarks/.ci/bent-run/build-cache/runs/cache-1355201631/local-app-data /home/runner/work/benchmarks/benchmarks/ci/llgo-size/bin/llgo-build-timeout test -c -o /home/runner/work/benchmarks/benchmarks/.ci/bent-run/testbin/dustin_humanize_LLGoFullLTOGlobalDCEPlugin -lto=full -lto-pass-plugin=/home/runner/work/benchmarks/benchmarks/.ci/llgo/ltoplugin/build/LLGOLTOPlugin.so github.com/dustin/go-humanize )
goarch: amd64
toolchain: LLGoFullLTOGlobalDCEPlugin
BenchmarkDustin_humanize 1 17903400231 build-real-ns/op 24008062000 build-user-ns/op 842352000 build-sys-ns/op
toolchain: LLGoFullLTOGlobalDCEPlugin
( LLGO_BUILD_TIMEOUT_SECONDS=1200 LLGO_COMMITTED_AT=2026-09-26T17:50:40+08:00 LLGO_BUILD_GO_VERSION=1.27.0 LLGO_BIN=/home/runner/work/benchmarks/benchmarks/ci/llgo-size/bin/llgo-build-timeout BENT_TIMING_LOG=/home/runner/work/benchmarks/benchmarks/.ci/bent-run/download-timings.log GOROOT_1_25_X64=/opt/hostedtoolcache/go/1.25.14/x64 LLGO_MAIN_INDEX=1701 LLGO_BUILD_KILL_GRACE_SECONDS=30 LLGO_COMMIT=4c39f5820e46f4c8be8628827d9b508486b89f52 GO_VERSION=1.26.2 LLGO_REPOSITORY=xgo-dev/llgo GOROOT_1_24_X64=/opt/hostedtoolcache/go/1.24.13/x64 GOROOT_1_26_X64=/opt/hostedtoolcache/go/1.26.8/x64 BENT_REAL_GO=/opt/hostedtoolcache/go/1.26.2/x64/bin/go LLGO_ROOT=/home/runner/work/benchmarks/benchmarks/.ci/llgo LLGO_REAL_BIN=/home/runner/work/benchmarks/benchmarks/.ci/llgo/llgo LLGO_LTO_PLUGIN=/home/runner/work/benchmarks/benchmarks/.ci/llgo/ltoplugin/build/LLGOLTOPlugin.so GOPATH=/home/runner/work/benchmarks/benchmarks/.ci/bent-run/gopath GOOS=linux GOARCH=amd64 GO111MODULE=auto ROOT=/home/runner/work/benchmarks/benchmarks/.ci/bent-run GOROOT=/opt/hostedtoolcache/go/1.26.2/x64/ BENT_BENCH=dustin_humanize BENT_CONFIG=LLGoFullLTOGlobalDCEPlugin BENT_I=0 GOCACHE=/home/runner/work/benchmarks/benchmarks/.ci/bent-run/build-cache/runs/cache-1355201631/go-build XDG_CACHE_HOME=/home/runner/work/benchmarks/benchmarks/.ci/bent-run/build-cache/runs/cache-1355201631/xdg LocalAppData=/home/runner/work/benchmarks/benchmarks/.ci/bent-run/build-cache/runs/cache-1355201631/local-app-data /home/runner/work/benchmarks/benchmarks/.ci/bent-run/benchsize /home/runner/work/benchmarks/benchmarks/.ci/bent-run/testbin/dustin_humanize_LLGoFullLTOGlobalDCEPlugin Dustin_humanize )
goos: linux
goarch: amd64
pkg:
Unit total-bytes assume=exact
BenchmarkDustin_humanize 1 3250224 total-bytes
Unit text-bytes assume=exact
BenchmarkDustin_humanize 1 936422 text-bytes
Unit data-bytes assume=exact
BenchmarkDustin_humanize 1 1505376 data-bytes
Unit rodata-bytes assume=exact
BenchmarkDustin_humanize 1 1417224 rodata-bytes
Unit pclntab-bytes assume=exact
BenchmarkDustin_humanize 1 0 pclntab-bytes
Unit debug-bytes assume=exact
BenchmarkDustin_humanize 1 0 debug-bytes

rm -rf /home/runner/work/benchmarks/benchmarks/.ci/bent-run/gopath/bin
(cd /home/runner/work/benchmarks/benchmarks/.ci/bent-run/build/iXGo; LLGO_BUILD_TIMEOUT_SECONDS=1200 LLGO_COMMITTED_AT=2026-09-26T17:50:40+08:00 LLGO_BUILD_GO_VERSION=1.27.0 LLGO_BIN=/home/runner/work/benchmarks/benchmarks/ci/llgo-size/bin/llgo-build-timeout BENT_TIMING_LOG=/home/runner/work/benchmarks/benchmarks/.ci/bent-run/download-timings.log GOROOT_1_25_X64=/opt/hostedtoolcache/go/1.25.14/x64 LLGO_MAIN_INDEX=1701 LLGO_BUILD_KILL_GRACE_SECONDS=30 LLGO_COMMIT=4c39f5820e46f4c8be8628827d9b508486b89f52 GO_VERSION=1.26.2 LLGO_REPOSITORY=xgo-dev/llgo GOROOT_1_24_X64=/opt/hostedtoolcache/go/1.24.13/x64 GOROOT_1_26_X64=/opt/hostedtoolcache/go/1.26.8/x64 BENT_REAL_GO=/opt/hostedtoolcache/go/1.26.2/x64/bin/go LLGO_ROOT=/home/runner/work/benchmarks/benchmarks/.ci/llgo LLGO_REAL_BIN=/home/runner/work/benchmarks/benchmarks/.ci/llgo/llgo LLGO_LTO_PLUGIN=/home/runner/work/benchmarks/benchmarks/.ci/llgo/ltoplugin/build/LLGOLTOPlugin.so GOPATH=/home/runner/work/benchmarks/benchmarks/.ci/bent-run/gopath GOOS=linux GOARCH=amd64 GO111MODULE=auto ROOT=/home/runner/work/benchmarks/benchmarks/.ci/bent-run GOROOT=/opt/hostedtoolcache/go/1.26.2/x64/ BENT_BENCH=iXGo BENT_CONFIG=LLGoFullLTOGlobalDCE BENT_I=0 GOCACHE=/home/runner/work/benchmarks/benchmarks/.ci/bent-run/build-cache/runs/cache-2905283823/go-build XDG_CACHE_HOME=/home/runner/work/benchmarks/benchmarks/.ci/bent-run/build-cache/runs/cache-2905283823/xdg LocalAppData=/home/runner/work/benchmarks/benchmarks/.ci/bent-run/build-cache/runs/cache-2905283823/local-app-data /home/runner/work/benchmarks/benchmarks/ci/llgo-size/bin/llgo-build-timeout build -o /home/runner/work/benchmarks/benchmarks/.ci/bent-run/testbin/iXGo_LLGoFullLTOGlobalDCE -lto=full github.com/goplus/ixgo/cmd/ixgo )
goarch: amd64
toolchain: LLGoFullLTOGlobalDCE
BenchmarkIXGo 1 295625205480 build-real-ns/op 561390003000 build-user-ns/op 12680908000 build-sys-ns/op
toolchain: LLGoFullLTOGlobalDCE
( LLGO_BUILD_TIMEOUT_SECONDS=1200 LLGO_COMMITTED_AT=2026-09-26T17:50:40+08:00 LLGO_BUILD_GO_VERSION=1.27.0 LLGO_BIN=/home/runner/work/benchmarks/benchmarks/ci/llgo-size/bin/llgo-build-timeout BENT_TIMING_LOG=/home/runner/work/benchmarks/benchmarks/.ci/bent-run/download-timings.log GOROOT_1_25_X64=/opt/hostedtoolcache/go/1.25.14/x64 LLGO_MAIN_INDEX=1701 LLGO_BUILD_KILL_GRACE_SECONDS=30 LLGO_COMMIT=4c39f5820e46f4c8be8628827d9b508486b89f52 GO_VERSION=1.26.2 LLGO_REPOSITORY=xgo-dev/llgo GOROOT_1_24_X64=/opt/hostedtoolcache/go/1.24.13/x64 GOROOT_1_26_X64=/opt/hostedtoolcache/go/1.26.8/x64 BENT_REAL_GO=/opt/hostedtoolcache/go/1.26.2/x64/bin/go LLGO_ROOT=/home/runner/work/benchmarks/benchmarks/.ci/llgo LLGO_REAL_BIN=/home/runner/work/benchmarks/benchmarks/.ci/llgo/llgo LLGO_LTO_PLUGIN=/home/runner/work/benchmarks/benchmarks/.ci/llgo/ltoplugin/build/LLGOLTOPlugin.so GOPATH=/home/runner/work/benchmarks/benchmarks/.ci/bent-run/gopath GOOS=linux GOARCH=amd64 GO111MODULE=auto ROOT=/home/runner/work/benchmarks/benchmarks/.ci/bent-run GOROOT=/opt/hostedtoolcache/go/1.26.2/x64/ BENT_BENCH=iXGo BENT_CONFIG=LLGoFullLTOGlobalDCE BENT_I=0 GOCACHE=/home/runner/work/benchmarks/benchmarks/.ci/bent-run/build-cache/runs/cache-2905283823/go-build XDG_CACHE_HOME=/home/runner/work/benchmarks/benchmarks/.ci/bent-run/build-cache/runs/cache-2905283823/xdg LocalAppData=/home/runner/work/benchmarks/benchmarks/.ci/bent-run/build-cache/runs/cache-2905283823/local-app-data /home/runner/work/benchmarks/benchmarks/.ci/bent-run/benchsize /home/runner/work/benchmarks/benchmarks/.ci/bent-run/testbin/iXGo_LLGoFullLTOGlobalDCE IXGo )
goos: linux
goarch: amd64
pkg:
Unit total-bytes assume=exact
BenchmarkIXGo 1 29867168 total-bytes
Unit text-bytes assume=exact
BenchmarkIXGo 1 10295375 text-bytes
Unit data-bytes assume=exact
BenchmarkIXGo 1 10199712 data-bytes
Unit rodata-bytes assume=exact
BenchmarkIXGo 1 9140936 rodata-bytes
Unit pclntab-bytes assume=exact
BenchmarkIXGo 1 0 pclntab-bytes
Unit debug-bytes assume=exact
BenchmarkIXGo 1 0 debug-bytes

rm -rf /home/runner/work/benchmarks/benchmarks/.ci/bent-run/gopath/bin
(cd /home/runner/work/benchmarks/benchmarks/.ci/bent-run/build/gorm_schema; LLGO_BUILD_TIMEOUT_SECONDS=1200 LLGO_COMMITTED_AT=2026-09-26T17:50:40+08:00 LLGO_BUILD_GO_VERSION=1.27.0 LLGO_BIN=/home/runner/work/benchmarks/benchmarks/ci/llgo-size/bin/llgo-build-timeout BENT_TIMING_LOG=/home/runner/work/benchmarks/benchmarks/.ci/bent-run/download-timings.log GOROOT_1_25_X64=/opt/hostedtoolcache/go/1.25.14/x64 LLGO_MAIN_INDEX=1701 LLGO_BUILD_KILL_GRACE_SECONDS=30 LLGO_COMMIT=4c39f5820e46f4c8be8628827d9b508486b89f52 GO_VERSION=1.26.2 LLGO_REPOSITORY=xgo-dev/llgo GOROOT_1_24_X64=/opt/hostedtoolcache/go/1.24.13/x64 GOROOT_1_26_X64=/opt/hostedtoolcache/go/1.26.8/x64 BENT_REAL_GO=/opt/hostedtoolcache/go/1.26.2/x64/bin/go LLGO_ROOT=/home/runner/work/benchmarks/benchmarks/.ci/llgo LLGO_REAL_BIN=/home/runner/work/benchmarks/benchmarks/.ci/llgo/llgo LLGO_LTO_PLUGIN=/home/runner/work/benchmarks/benchmarks/.ci/llgo/ltoplugin/build/LLGOLTOPlugin.so GOPATH=/home/runner/work/benchmarks/benchmarks/.ci/bent-run/gopath GOOS=linux GOARCH=amd64 GO111MODULE=auto ROOT=/home/runner/work/benchmarks/benchmarks/.ci/bent-run GOROOT=/opt/hostedtoolcache/go/1.26.2/x64/ BENT_BENCH=gorm_schema BENT_CONFIG=LLGoFullLTONoGlobalDCE BENT_I=0 GOCACHE=/home/runner/work/benchmarks/benchmarks/.ci/bent-run/build-cache/runs/cache-295185646/go-build XDG_CACHE_HOME=/home/runner/work/benchmarks/benchmarks/.ci/bent-run/build-cache/runs/cache-295185646/xdg LocalAppData=/home/runner/work/benchmarks/benchmarks/.ci/bent-run/build-cache/runs/cache-295185646/local-app-data /home/runner/work/benchmarks/benchmarks/ci/llgo-size/bin/llgo-build-timeout test -c -o /home/runner/work/benchmarks/benchmarks/.ci/bent-run/testbin/gorm_schema_LLGoFullLTONoGlobalDCE -lto=full -globaldce=false gorm.io/gorm/schema )
goarch: amd64
toolchain: LLGoFullLTONoGlobalDCE
BenchmarkGorm_schema 1 42435295683 build-real-ns/op 59081518000 build-user-ns/op 1484684000 build-sys-ns/op
toolchain: LLGoFullLTONoGlobalDCE
( LLGO_BUILD_TIMEOUT_SECONDS=1200 LLGO_COMMITTED_AT=2026-09-26T17:50:40+08:00 LLGO_BUILD_GO_VERSION=1.27.0 LLGO_BIN=/home/runner/work/benchmarks/benchmarks/ci/llgo-size/bin/llgo-build-timeout BENT_TIMING_LOG=/home/runner/work/benchmarks/benchmarks/.ci/bent-run/download-timings.log GOROOT_1_25_X64=/opt/hostedtoolcache/go/1.25.14/x64 LLGO_MAIN_INDEX=1701 LLGO_BUILD_KILL_GRACE_SECONDS=30 LLGO_COMMIT=4c39f5820e46f4c8be8628827d9b508486b89f52 GO_VERSION=1.26.2 LLGO_REPOSITORY=xgo-dev/llgo GOROOT_1_24_X64=/opt/hostedtoolcache/go/1.24.13/x64 GOROOT_1_26_X64=/opt/hostedtoolcache/go/1.26.8/x64 BENT_REAL_GO=/opt/hostedtoolcache/go/1.26.2/x64/bin/go LLGO_ROOT=/home/runner/work/benchmarks/benchmarks/.ci/llgo LLGO_REAL_BIN=/home/runner/work/benchmarks/benchmarks/.ci/llgo/llgo LLGO_LTO_PLUGIN=/home/runner/work/benchmarks/benchmarks/.ci/llgo/ltoplugin/build/LLGOLTOPlugin.so GOPATH=/home/runner/work/benchmarks/benchmarks/.ci/bent-run/gopath GOOS=linux GOARCH=amd64 GO111MODULE=auto ROOT=/home/runner/work/benchmarks/benchmarks/.ci/bent-run GOROOT=/opt/hostedtoolcache/go/1.26.2/x64/ BENT_BENCH=gorm_schema BENT_CONFIG=LLGoFullLTONoGlobalDCE BENT_I=0 GOCACHE=/home/runner/work/benchmarks/benchmarks/.ci/bent-run/build-cache/runs/cache-295185646/go-build XDG_CACHE_HOME=/home/runner/work/benchmarks/benchmarks/.ci/bent-run/build-cache/runs/cache-295185646/xdg LocalAppData=/home/runner/work/benchmarks/benchmarks/.ci/bent-run/build-cache/runs/cache-295185646/local-app-data /home/runner/work/benchmarks/benchmarks/.ci/bent-run/benchsize /home/runner/work/benchmarks/benchmarks/.ci/bent-run/testbin/gorm_schema_LLGoFullLTONoGlobalDCE Gorm_schema )
goos: linux
goarch: amd64
pkg:
Unit total-bytes assume=exact
BenchmarkGorm_schema 1 6716992 total-bytes
Unit text-bytes assume=exact
BenchmarkGorm_schema 1 2338306 text-bytes
Unit data-bytes assume=exact
BenchmarkGorm_schema 1 2426296 data-bytes
Unit rodata-bytes assume=exact
BenchmarkGorm_schema 1 2299568 rodata-bytes
Unit pclntab-bytes assume=exact
BenchmarkGorm_schema 1 0 pclntab-bytes
Unit debug-bytes assume=exact
BenchmarkGorm_schema 1 0 debug-bytes

rm -rf /home/runner/work/benchmarks/benchmarks/.ci/bent-run/gopath/bin
(cd /home/runner/work/benchmarks/benchmarks/.ci/bent-run/build/iXGo; LLGO_BUILD_TIMEOUT_SECONDS=1200 LLGO_COMMITTED_AT=2026-09-26T17:50:40+08:00 LLGO_BUILD_GO_VERSION=1.27.0 LLGO_BIN=/home/runner/work/benchmarks/benchmarks/ci/llgo-size/bin/llgo-build-timeout BENT_TIMING_LOG=/home/runner/work/benchmarks/benchmarks/.ci/bent-run/download-timings.log GOROOT_1_25_X64=/opt/hostedtoolcache/go/1.25.14/x64 LLGO_MAIN_INDEX=1701 LLGO_BUILD_KILL_GRACE_SECONDS=30 LLGO_COMMIT=4c39f5820e46f4c8be8628827d9b508486b89f52 GO_VERSION=1.26.2 LLGO_REPOSITORY=xgo-dev/llgo GOROOT_1_24_X64=/opt/hostedtoolcache/go/1.24.13/x64 GOROOT_1_26_X64=/opt/hostedtoolcache/go/1.26.8/x64 BENT_REAL_GO=/opt/hostedtoolcache/go/1.26.2/x64/bin/go LLGO_ROOT=/home/runner/work/benchmarks/benchmarks/.ci/llgo LLGO_REAL_BIN=/home/runner/work/benchmarks/benchmarks/.ci/llgo/llgo LLGO_LTO_PLUGIN=/home/runner/work/benchmarks/benchmarks/.ci/llgo/ltoplugin/build/LLGOLTOPlugin.so GOPATH=/home/runner/work/benchmarks/benchmarks/.ci/bent-run/gopath GOOS=linux GOARCH=amd64 GO111MODULE=auto ROOT=/home/runner/work/benchmarks/benchmarks/.ci/bent-run GOROOT=/home/runner/work/benchmarks/benchmarks/.ci/bent-run/goroots/Go BENT_BENCH=iXGo BENT_CONFIG=Go BENT_I=0 GOCACHE=/home/runner/work/benchmarks/benchmarks/.ci/bent-run/build-cache/runs/cache-4042987553/go-build XDG_CACHE_HOME=/home/runner/work/benchmarks/benchmarks/.ci/bent-run/build-cache/runs/cache-4042987553/xdg LocalAppData=/home/runner/work/benchmarks/benchmarks/.ci/bent-run/build-cache/runs/cache-4042987553/local-app-data /home/runner/work/benchmarks/benchmarks/.ci/bent-run/goroots/Go/bin/go build -o /home/runner/work/benchmarks/benchmarks/.ci/bent-run/testbin/iXGo_Go github.com/goplus/ixgo/cmd/ixgo )
goarch: amd64
toolchain: Go
BenchmarkIXGo 1 23072095486 build-real-ns/op 75744806000 build-user-ns/op 5487439000 build-sys-ns/op
toolchain: Go
( LLGO_BUILD_TIMEOUT_SECONDS=1200 LLGO_COMMITTED_AT=2026-09-26T17:50:40+08:00 LLGO_BUILD_GO_VERSION=1.27.0 LLGO_BIN=/home/runner/work/benchmarks/benchmarks/ci/llgo-size/bin/llgo-build-timeout BENT_TIMING_LOG=/home/runner/work/benchmarks/benchmarks/.ci/bent-run/download-timings.log GOROOT_1_25_X64=/opt/hostedtoolcache/go/1.25.14/x64 LLGO_MAIN_INDEX=1701 LLGO_BUILD_KILL_GRACE_SECONDS=30 LLGO_COMMIT=4c39f5820e46f4c8be8628827d9b508486b89f52 GO_VERSION=1.26.2 LLGO_REPOSITORY=xgo-dev/llgo GOROOT_1_24_X64=/opt/hostedtoolcache/go/1.24.13/x64 GOROOT_1_26_X64=/opt/hostedtoolcache/go/1.26.8/x64 BENT_REAL_GO=/opt/hostedtoolcache/go/1.26.2/x64/bin/go LLGO_ROOT=/home/runner/work/benchmarks/benchmarks/.ci/llgo LLGO_REAL_BIN=/home/runner/work/benchmarks/benchmarks/.ci/llgo/llgo LLGO_LTO_PLUGIN=/home/runner/work/benchmarks/benchmarks/.ci/llgo/ltoplugin/build/LLGOLTOPlugin.so GOPATH=/home/runner/work/benchmarks/benchmarks/.ci/bent-run/gopath GOOS=linux GOARCH=amd64 GO111MODULE=auto ROOT=/home/runner/work/benchmarks/benchmarks/.ci/bent-run GOROOT=/home/runner/work/benchmarks/benchmarks/.ci/bent-run/goroots/Go BENT_BENCH=iXGo BENT_CONFIG=Go BENT_I=0 GOCACHE=/home/runner/work/benchmarks/benchmarks/.ci/bent-run/build-cache/runs/cache-4042987553/go-build XDG_CACHE_HOME=/home/runner/work/benchmarks/benchmarks/.ci/bent-run/build-cache/runs/cache-4042987553/xdg LocalAppData=/home/runner/work/benchmarks/benchmarks/.ci/bent-run/build-cache/runs/cache-4042987553/local-app-data /home/runner/work/benchmarks/benchmarks/.ci/bent-run/benchsize /home/runner/work/benchmarks/benchmarks/.ci/bent-run/testbin/iXGo_Go IXGo )
goos: linux
goarch: amd64
pkg:
Unit total-bytes assume=exact
BenchmarkIXGo 1 47404136 total-bytes
Unit text-bytes assume=exact
BenchmarkIXGo 1 16239697 text-bytes
Unit data-bytes assume=exact
BenchmarkIXGo 1 4330556 data-bytes
Unit rodata-bytes assume=exact
BenchmarkIXGo 1 3648921 rodata-bytes
Unit pclntab-bytes assume=exact
BenchmarkIXGo 1 13082153 pclntab-bytes
Unit debug-bytes assume=exact
BenchmarkIXGo 1 8717939 debug-bytes

rm -rf /home/runner/work/benchmarks/benchmarks/.ci/bent-run/gopath/bin
(cd /home/runner/work/benchmarks/benchmarks/.ci/bent-run/build/uber_zap; LLGO_BUILD_TIMEOUT_SECONDS=1200 LLGO_COMMITTED_AT=2026-09-26T17:50:40+08:00 LLGO_BUILD_GO_VERSION=1.27.0 LLGO_BIN=/home/runner/work/benchmarks/benchmarks/ci/llgo-size/bin/llgo-build-timeout BENT_TIMING_LOG=/home/runner/work/benchmarks/benchmarks/.ci/bent-run/download-timings.log GOROOT_1_25_X64=/opt/hostedtoolcache/go/1.25.14/x64 LLGO_MAIN_INDEX=1701 LLGO_BUILD_KILL_GRACE_SECONDS=30 LLGO_COMMIT=4c39f5820e46f4c8be8628827d9b508486b89f52 GO_VERSION=1.26.2 LLGO_REPOSITORY=xgo-dev/llgo GOROOT_1_24_X64=/opt/hostedtoolcache/go/1.24.13/x64 GOROOT_1_26_X64=/opt/hostedtoolcache/go/1.26.8/x64 BENT_REAL_GO=/opt/hostedtoolcache/go/1.26.2/x64/bin/go LLGO_ROOT=/home/runner/work/benchmarks/benchmarks/.ci/llgo LLGO_REAL_BIN=/home/runner/work/benchmarks/benchmarks/.ci/llgo/llgo LLGO_LTO_PLUGIN=/home/runner/work/benchmarks/benchmarks/.ci/llgo/ltoplugin/build/LLGOLTOPlugin.so GOPATH=/home/runner/work/benchmarks/benchmarks/.ci/bent-run/gopath GOOS=linux GOARCH=amd64 GO111MODULE=auto ROOT=/home/runner/work/benchmarks/benchmarks/.ci/bent-run GOROOT=/opt/hostedtoolcache/go/1.26.2/x64/ BENT_BENCH=uber_zap BENT_CONFIG=LLGoFullLTOGlobalDCEPlugin BENT_I=0 GOCACHE=/home/runner/work/benchmarks/benchmarks/.ci/bent-run/build-cache/runs/cache-2298370928/go-build XDG_CACHE_HOME=/home/runner/work/benchmarks/benchmarks/.ci/bent-run/build-cache/runs/cache-2298370928/xdg LocalAppData=/home/runner/work/benchmarks/benchmarks/.ci/bent-run/build-cache/runs/cache-2298370928/local-app-data /home/runner/work/benchmarks/benchmarks/ci/llgo-size/bin/llgo-build-timeout test -c -o /home/runner/work/benchmarks/benchmarks/.ci/bent-run/testbin/uber_zap_LLGoFullLTOGlobalDCEPlugin -lto=full -lto-pass-plugin=/home/runner/work/benchmarks/benchmarks/.ci/llgo/ltoplugin/build/LLGOLTOPlugin.so go.uber.org/zap/zapcore )
goarch: amd64
toolchain: LLGoFullLTOGlobalDCEPlugin
BenchmarkUber_zap 1 72157667077 build-real-ns/op 95715491000 build-user-ns/op 1938070000 build-sys-ns/op
toolchain: LLGoFullLTOGlobalDCEPlugin
( LLGO_BUILD_TIMEOUT_SECONDS=1200 LLGO_COMMITTED_AT=2026-09-26T17:50:40+08:00 LLGO_BUILD_GO_VERSION=1.27.0 LLGO_BIN=/home/runner/work/benchmarks/benchmarks/ci/llgo-size/bin/llgo-build-timeout BENT_TIMING_LOG=/home/runner/work/benchmarks/benchmarks/.ci/bent-run/download-timings.log GOROOT_1_25_X64=/opt/hostedtoolcache/go/1.25.14/x64 LLGO_MAIN_INDEX=1701 LLGO_BUILD_KILL_GRACE_SECONDS=30 LLGO_COMMIT=4c39f5820e46f4c8be8628827d9b508486b89f52 GO_VERSION=1.26.2 LLGO_REPOSITORY=xgo-dev/llgo GOROOT_1_24_X64=/opt/hostedtoolcache/go/1.24.13/x64 GOROOT_1_26_X64=/opt/hostedtoolcache/go/1.26.8/x64 BENT_REAL_GO=/opt/hostedtoolcache/go/1.26.2/x64/bin/go LLGO_ROOT=/home/runner/work/benchmarks/benchmarks/.ci/llgo LLGO_REAL_BIN=/home/runner/work/benchmarks/benchmarks/.ci/llgo/llgo LLGO_LTO_PLUGIN=/home/runner/work/benchmarks/benchmarks/.ci/llgo/ltoplugin/build/LLGOLTOPlugin.so GOPATH=/home/runner/work/benchmarks/benchmarks/.ci/bent-run/gopath GOOS=linux GOARCH=amd64 GO111MODULE=auto ROOT=/home/runner/work/benchmarks/benchmarks/.ci/bent-run GOROOT=/opt/hostedtoolcache/go/1.26.2/x64/ BENT_BENCH=uber_zap BENT_CONFIG=LLGoFullLTOGlobalDCEPlugin BENT_I=0 GOCACHE=/home/runner/work/benchmarks/benchmarks/.ci/bent-run/build-cache/runs/cache-2298370928/go-build XDG_CACHE_HOME=/home/runner/work/benchmarks/benchmarks/.ci/bent-run/build-cache/runs/cache-2298370928/xdg LocalAppData=/home/runner/work/benchmarks/benchmarks/.ci/bent-run/build-cache/runs/cache-2298370928/local-app-data /home/runner/work/benchmarks/benchmarks/.ci/bent-run/benchsize /home/runner/work/benchmarks/benchmarks/.ci/bent-run/testbin/uber_zap_LLGoFullLTOGlobalDCEPlugin Uber_zap )
goos: linux
goarch: amd64
pkg:
Unit total-bytes assume=exact
BenchmarkUber_zap 1 9431704 total-bytes
Unit text-bytes assume=exact
BenchmarkUber_zap 1 3193920 text-bytes
Unit data-bytes assume=exact
BenchmarkUber_zap 1 3756704 data-bytes
Unit rodata-bytes assume=exact
BenchmarkUber_zap 1 3533592 rodata-bytes
Unit pclntab-bytes assume=exact
BenchmarkUber_zap 1 0 pclntab-bytes
Unit debug-bytes assume=exact
BenchmarkUber_zap 1 0 debug-bytes

rm -rf /home/runner/work/benchmarks/benchmarks/.ci/bent-run/gopath/bin
(cd /home/runner/work/benchmarks/benchmarks/.ci/bent-run/build/dustin_humanize; LLGO_BUILD_TIMEOUT_SECONDS=1200 LLGO_COMMITTED_AT=2026-09-26T17:50:40+08:00 LLGO_BUILD_GO_VERSION=1.27.0 LLGO_BIN=/home/runner/work/benchmarks/benchmarks/ci/llgo-size/bin/llgo-build-timeout BENT_TIMING_LOG=/home/runner/work/benchmarks/benchmarks/.ci/bent-run/download-timings.log GOROOT_1_25_X64=/opt/hostedtoolcache/go/1.25.14/x64 LLGO_MAIN_INDEX=1701 LLGO_BUILD_KILL_GRACE_SECONDS=30 LLGO_COMMIT=4c39f5820e46f4c8be8628827d9b508486b89f52 GO_VERSION=1.26.2 LLGO_REPOSITORY=xgo-dev/llgo GOROOT_1_24_X64=/opt/hostedtoolcache/go/1.24.13/x64 GOROOT_1_26_X64=/opt/hostedtoolcache/go/1.26.8/x64 BENT_REAL_GO=/opt/hostedtoolcache/go/1.26.2/x64/bin/go LLGO_ROOT=/home/runner/work/benchmarks/benchmarks/.ci/llgo LLGO_REAL_BIN=/home/runner/work/benchmarks/benchmarks/.ci/llgo/llgo LLGO_LTO_PLUGIN=/home/runner/work/benchmarks/benchmarks/.ci/llgo/ltoplugin/build/LLGOLTOPlugin.so GOPATH=/home/runner/work/benchmarks/benchmarks/.ci/bent-run/gopath GOOS=linux GOARCH=amd64 GO111MODULE=auto ROOT=/home/runner/work/benchmarks/benchmarks/.ci/bent-run GOROOT=/opt/hostedtoolcache/go/1.26.2/x64/ BENT_BENCH=dustin_humanize BENT_CONFIG=LLGoNoLTO BENT_I=0 GOCACHE=/home/runner/work/benchmarks/benchmarks/.ci/bent-run/build-cache/runs/cache-788046728/go-build XDG_CACHE_HOME=/home/runner/work/benchmarks/benchmarks/.ci/bent-run/build-cache/runs/cache-788046728/xdg LocalAppData=/home/runner/work/benchmarks/benchmarks/.ci/bent-run/build-cache/runs/cache-788046728/local-app-data /home/runner/work/benchmarks/benchmarks/ci/llgo-size/bin/llgo-build-timeout test -c -o /home/runner/work/benchmarks/benchmarks/.ci/bent-run/testbin/dustin_humanize_LLGoNoLTO github.com/dustin/go-humanize )
goarch: amd64
toolchain: LLGoNoLTO
BenchmarkDustin_humanize 1 5717783954 build-real-ns/op 12384090000 build-user-ns/op 770344000 build-sys-ns/op
toolchain: LLGoNoLTO
( LLGO_BUILD_TIMEOUT_SECONDS=1200 LLGO_COMMITTED_AT=2026-09-26T17:50:40+08:00 LLGO_BUILD_GO_VERSION=1.27.0 LLGO_BIN=/home/runner/work/benchmarks/benchmarks/ci/llgo-size/bin/llgo-build-timeout BENT_TIMING_LOG=/home/runner/work/benchmarks/benchmarks/.ci/bent-run/download-timings.log GOROOT_1_25_X64=/opt/hostedtoolcache/go/1.25.14/x64 LLGO_MAIN_INDEX=1701 LLGO_BUILD_KILL_GRACE_SECONDS=30 LLGO_COMMIT=4c39f5820e46f4c8be8628827d9b508486b89f52 GO_VERSION=1.26.2 LLGO_REPOSITORY=xgo-dev/llgo GOROOT_1_24_X64=/opt/hostedtoolcache/go/1.24.13/x64 GOROOT_1_26_X64=/opt/hostedtoolcache/go/1.26.8/x64 BENT_REAL_GO=/opt/hostedtoolcache/go/1.26.2/x64/bin/go LLGO_ROOT=/home/runner/work/benchmarks/benchmarks/.ci/llgo LLGO_REAL_BIN=/home/runner/work/benchmarks/benchmarks/.ci/llgo/llgo LLGO_LTO_PLUGIN=/home/runner/work/benchmarks/benchmarks/.ci/llgo/ltoplugin/build/LLGOLTOPlugin.so GOPATH=/home/runner/work/benchmarks/benchmarks/.ci/bent-run/gopath GOOS=linux GOARCH=amd64 GO111MODULE=auto ROOT=/home/runner/work/benchmarks/benchmarks/.ci/bent-run GOROOT=/opt/hostedtoolcache/go/1.26.2/x64/ BENT_BENCH=dustin_humanize BENT_CONFIG=LLGoNoLTO BENT_I=0 GOCACHE=/home/runner/work/benchmarks/benchmarks/.ci/bent-run/build-cache/runs/cache-788046728/go-build XDG_CACHE_HOME=/home/runner/work/benchmarks/benchmarks/.ci/bent-run/build-cache/runs/cache-788046728/xdg LocalAppData=/home/runner/work/benchmarks/benchmarks/.ci/bent-run/build-cache/runs/cache-788046728/local-app-data /home/runner/work/benchmarks/benchmarks/.ci/bent-run/benchsize /home/runner/work/benchmarks/benchmarks/.ci/bent-run/testbin/dustin_humanize_LLGoNoLTO Dustin_humanize )
goos: linux
goarch: amd64
pkg:
Unit total-bytes assume=exact
BenchmarkDustin_humanize 1 4719376 total-bytes
Unit text-bytes assume=exact
BenchmarkDustin_humanize 1 1778231 text-bytes
Unit data-bytes assume=exact
BenchmarkDustin_humanize 1 1551456 data-bytes
Unit rodata-bytes assume=exact
BenchmarkDustin_humanize 1 923304 rodata-bytes
Unit pclntab-bytes assume=exact
BenchmarkDustin_humanize 1 0 pclntab-bytes
Unit debug-bytes assume=exact
BenchmarkDustin_humanize 1 0 debug-bytes

rm -rf /home/runner/work/benchmarks/benchmarks/.ci/bent-run/gopath/bin
(cd /home/runner/work/benchmarks/benchmarks/.ci/bent-run/build/gorm_schema; LLGO_BUILD_TIMEOUT_SECONDS=1200 LLGO_COMMITTED_AT=2026-09-26T17:50:40+08:00 LLGO_BUILD_GO_VERSION=1.27.0 LLGO_BIN=/home/runner/work/benchmarks/benchmarks/ci/llgo-size/bin/llgo-build-timeout BENT_TIMING_LOG=/home/runner/work/benchmarks/benchmarks/.ci/bent-run/download-timings.log GOROOT_1_25_X64=/opt/hostedtoolcache/go/1.25.14/x64 LLGO_MAIN_INDEX=1701 LLGO_BUILD_KILL_GRACE_SECONDS=30 LLGO_COMMIT=4c39f5820e46f4c8be8628827d9b508486b89f52 GO_VERSION=1.26.2 LLGO_REPOSITORY=xgo-dev/llgo GOROOT_1_24_X64=/opt/hostedtoolcache/go/1.24.13/x64 GOROOT_1_26_X64=/opt/hostedtoolcache/go/1.26.8/x64 BENT_REAL_GO=/opt/hostedtoolcache/go/1.26.2/x64/bin/go LLGO_ROOT=/home/runner/work/benchmarks/benchmarks/.ci/llgo LLGO_REAL_BIN=/home/runner/work/benchmarks/benchmarks/.ci/llgo/llgo LLGO_LTO_PLUGIN=/home/runner/work/benchmarks/benchmarks/.ci/llgo/ltoplugin/build/LLGOLTOPlugin.so GOPATH=/home/runner/work/benchmarks/benchmarks/.ci/bent-run/gopath GOOS=linux GOARCH=amd64 GO111MODULE=auto ROOT=/home/runner/work/benchmarks/benchmarks/.ci/bent-run GOROOT=/opt/hostedtoolcache/go/1.26.2/x64/ BENT_BENCH=gorm_schema BENT_CONFIG=LLGoFullLTOGlobalDCEPlugin BENT_I=0 GOCACHE=/home/runner/work/benchmarks/benchmarks/.ci/bent-run/build-cache/runs/cache-1170973575/go-build XDG_CACHE_HOME=/home/runner/work/benchmarks/benchmarks/.ci/bent-run/build-cache/runs/cache-1170973575/xdg LocalAppData=/home/runner/work/benchmarks/benchmarks/.ci/bent-run/build-cache/runs/cache-1170973575/local-app-data /home/runner/work/benchmarks/benchmarks/ci/llgo-size/bin/llgo-build-timeout test -c -o /home/runner/work/benchmarks/benchmarks/.ci/bent-run/testbin/gorm_schema_LLGoFullLTOGlobalDCEPlugin -lto=full -lto-pass-plugin=/home/runner/work/benchmarks/benchmarks/.ci/llgo/ltoplugin/build/LLGOLTOPlugin.so gorm.io/gorm/schema )
goarch: amd64
toolchain: LLGoFullLTOGlobalDCEPlugin
BenchmarkGorm_schema 1 31454508439 build-real-ns/op 49297054000 build-user-ns/op 1383663000 build-sys-ns/op
toolchain: LLGoFullLTOGlobalDCEPlugin
( LLGO_BUILD_TIMEOUT_SECONDS=1200 LLGO_COMMITTED_AT=2026-09-26T17:50:40+08:00 LLGO_BUILD_GO_VERSION=1.27.0 LLGO_BIN=/home/runner/work/benchmarks/benchmarks/ci/llgo-size/bin/llgo-build-timeout BENT_TIMING_LOG=/home/runner/work/benchmarks/benchmarks/.ci/bent-run/download-timings.log GOROOT_1_25_X64=/opt/hostedtoolcache/go/1.25.14/x64 LLGO_MAIN_INDEX=1701 LLGO_BUILD_KILL_GRACE_SECONDS=30 LLGO_COMMIT=4c39f5820e46f4c8be8628827d9b508486b89f52 GO_VERSION=1.26.2 LLGO_REPOSITORY=xgo-dev/llgo GOROOT_1_24_X64=/opt/hostedtoolcache/go/1.24.13/x64 GOROOT_1_26_X64=/opt/hostedtoolcache/go/1.26.8/x64 BENT_REAL_GO=/opt/hostedtoolcache/go/1.26.2/x64/bin/go LLGO_ROOT=/home/runner/work/benchmarks/benchmarks/.ci/llgo LLGO_REAL_BIN=/home/runner/work/benchmarks/benchmarks/.ci/llgo/llgo LLGO_LTO_PLUGIN=/home/runner/work/benchmarks/benchmarks/.ci/llgo/ltoplugin/build/LLGOLTOPlugin.so GOPATH=/home/runner/work/benchmarks/benchmarks/.ci/bent-run/gopath GOOS=linux GOARCH=amd64 GO111MODULE=auto ROOT=/home/runner/work/benchmarks/benchmarks/.ci/bent-run GOROOT=/opt/hostedtoolcache/go/1.26.2/x64/ BENT_BENCH=gorm_schema BENT_CONFIG=LLGoFullLTOGlobalDCEPlugin BENT_I=0 GOCACHE=/home/runner/work/benchmarks/benchmarks/.ci/bent-run/build-cache/runs/cache-1170973575/go-build XDG_CACHE_HOME=/home/runner/work/benchmarks/benchmarks/.ci/bent-run/build-cache/runs/cache-1170973575/xdg LocalAppData=/home/runner/work/benchmarks/benchmarks/.ci/bent-run/build-cache/runs/cache-1170973575/local-app-data /home/runner/work/benchmarks/benchmarks/.ci/bent-run/benchsize /home/runner/work/benchmarks/benchmarks/.ci/bent-run/testbin/gorm_schema_LLGoFullLTOGlobalDCEPlugin Gorm_schema )
goos: linux
goarch: amd64
pkg:
Unit total-bytes assume=exact
BenchmarkGorm_schema 1 5186272 total-bytes
Unit text-bytes assume=exact
BenchmarkGorm_schema 1 1472855 text-bytes
Unit data-bytes assume=exact
BenchmarkGorm_schema 1 2379600 data-bytes
Unit rodata-bytes assume=exact
BenchmarkGorm_schema 1 2252888 rodata-bytes
Unit pclntab-bytes assume=exact
BenchmarkGorm_schema 1 0 pclntab-bytes
Unit debug-bytes assume=exact
BenchmarkGorm_schema 1 0 debug-bytes

rm -rf /home/runner/work/benchmarks/benchmarks/.ci/bent-run/gopath/bin
(cd /home/runner/work/benchmarks/benchmarks/.ci/bent-run/build/XGo; LLGO_BUILD_TIMEOUT_SECONDS=1200 LLGO_COMMITTED_AT=2026-09-26T17:50:40+08:00 LLGO_BUILD_GO_VERSION=1.27.0 LLGO_BIN=/home/runner/work/benchmarks/benchmarks/ci/llgo-size/bin/llgo-build-timeout BENT_TIMING_LOG=/home/runner/work/benchmarks/benchmarks/.ci/bent-run/download-timings.log GOROOT_1_25_X64=/opt/hostedtoolcache/go/1.25.14/x64 LLGO_MAIN_INDEX=1701 LLGO_BUILD_KILL_GRACE_SECONDS=30 LLGO_COMMIT=4c39f5820e46f4c8be8628827d9b508486b89f52 GO_VERSION=1.26.2 LLGO_REPOSITORY=xgo-dev/llgo GOROOT_1_24_X64=/opt/hostedtoolcache/go/1.24.13/x64 GOROOT_1_26_X64=/opt/hostedtoolcache/go/1.26.8/x64 BENT_REAL_GO=/opt/hostedtoolcache/go/1.26.2/x64/bin/go LLGO_ROOT=/home/runner/work/benchmarks/benchmarks/.ci/llgo LLGO_REAL_BIN=/home/runner/work/benchmarks/benchmarks/.ci/llgo/llgo LLGO_LTO_PLUGIN=/home/runner/work/benchmarks/benchmarks/.ci/llgo/ltoplugin/build/LLGOLTOPlugin.so GOPATH=/home/runner/work/benchmarks/benchmarks/.ci/bent-run/gopath GOOS=linux GOARCH=amd64 GO111MODULE=auto ROOT=/home/runner/work/benchmarks/benchmarks/.ci/bent-run GOROOT=/opt/hostedtoolcache/go/1.26.2/x64/ BENT_BENCH=XGo BENT_CONFIG=LLGoNoLTO BENT_I=0 GOCACHE=/home/runner/work/benchmarks/benchmarks/.ci/bent-run/build-cache/runs/cache-541549562/go-build XDG_CACHE_HOME=/home/runner/work/benchmarks/benchmarks/.ci/bent-run/build-cache/runs/cache-541549562/xdg LocalAppData=/home/runner/work/benchmarks/benchmarks/.ci/bent-run/build-cache/runs/cache-541549562/local-app-data /home/runner/work/benchmarks/benchmarks/ci/llgo-size/bin/llgo-build-timeout build -o /home/runner/work/benchmarks/benchmarks/.ci/bent-run/testbin/XGo_LLGoNoLTO github.com/goplus/xgo/cmd/xgo )
goarch: amd64
toolchain: LLGoNoLTO
BenchmarkXGo 1 39820268078 build-real-ns/op 101331440000 build-user-ns/op 3034524000 build-sys-ns/op
toolchain: LLGoNoLTO
( LLGO_BUILD_TIMEOUT_SECONDS=1200 LLGO_COMMITTED_AT=2026-09-26T17:50:40+08:00 LLGO_BUILD_GO_VERSION=1.27.0 LLGO_BIN=/home/runner/work/benchmarks/benchmarks/ci/llgo-size/bin/llgo-build-timeout BENT_TIMING_LOG=/home/runner/work/benchmarks/benchmarks/.ci/bent-run/download-timings.log GOROOT_1_25_X64=/opt/hostedtoolcache/go/1.25.14/x64 LLGO_MAIN_INDEX=1701 LLGO_BUILD_KILL_GRACE_SECONDS=30 LLGO_COMMIT=4c39f5820e46f4c8be8628827d9b508486b89f52 GO_VERSION=1.26.2 LLGO_REPOSITORY=xgo-dev/llgo GOROOT_1_24_X64=/opt/hostedtoolcache/go/1.24.13/x64 GOROOT_1_26_X64=/opt/hostedtoolcache/go/1.26.8/x64 BENT_REAL_GO=/opt/hostedtoolcache/go/1.26.2/x64/bin/go LLGO_ROOT=/home/runner/work/benchmarks/benchmarks/.ci/llgo LLGO_REAL_BIN=/home/runner/work/benchmarks/benchmarks/.ci/llgo/llgo LLGO_LTO_PLUGIN=/home/runner/work/benchmarks/benchmarks/.ci/llgo/ltoplugin/build/LLGOLTOPlugin.so GOPATH=/home/runner/work/benchmarks/benchmarks/.ci/bent-run/gopath GOOS=linux GOARCH=amd64 GO111MODULE=auto ROOT=/home/runner/work/benchmarks/benchmarks/.ci/bent-run GOROOT=/opt/hostedtoolcache/go/1.26.2/x64/ BENT_BENCH=XGo BENT_CONFIG=LLGoNoLTO BENT_I=0 GOCACHE=/home/runner/work/benchmarks/benchmarks/.ci/bent-run/build-cache/runs/cache-541549562/go-build XDG_CACHE_HOME=/home/runner/work/benchmarks/benchmarks/.ci/bent-run/build-cache/runs/cache-541549562/xdg LocalAppData=/home/runner/work/benchmarks/benchmarks/.ci/bent-run/build-cache/runs/cache-541549562/local-app-data /home/runner/work/benchmarks/benchmarks/.ci/bent-run/benchsize /home/runner/work/benchmarks/benchmarks/.ci/bent-run/testbin/XGo_LLGoNoLTO XGo )
goos: linux
goarch: amd64
pkg:
Unit total-bytes assume=exact
BenchmarkXGo 1 17810808 total-bytes
Unit text-bytes assume=exact
BenchmarkXGo 1 6096246 text-bytes
Unit data-bytes assume=exact
BenchmarkXGo 1 5758336 data-bytes
Unit rodata-bytes assume=exact
BenchmarkXGo 1 3352304 rodata-bytes
Unit pclntab-bytes assume=exact
BenchmarkXGo 1 0 pclntab-bytes
Unit debug-bytes assume=exact
BenchmarkXGo 1 0 debug-bytes

rm -rf /home/runner/work/benchmarks/benchmarks/.ci/bent-run/gopath/bin
(cd /home/runner/work/benchmarks/benchmarks/.ci/bent-run/build/toml; LLGO_BUILD_TIMEOUT_SECONDS=1200 LLGO_COMMITTED_AT=2026-09-26T17:50:40+08:00 LLGO_BUILD_GO_VERSION=1.27.0 LLGO_BIN=/home/runner/work/benchmarks/benchmarks/ci/llgo-size/bin/llgo-build-timeout BENT_TIMING_LOG=/home/runner/work/benchmarks/benchmarks/.ci/bent-run/download-timings.log GOROOT_1_25_X64=/opt/hostedtoolcache/go/1.25.14/x64 LLGO_MAIN_INDEX=1701 LLGO_BUILD_KILL_GRACE_SECONDS=30 LLGO_COMMIT=4c39f5820e46f4c8be8628827d9b508486b89f52 GO_VERSION=1.26.2 LLGO_REPOSITORY=xgo-dev/llgo GOROOT_1_24_X64=/opt/hostedtoolcache/go/1.24.13/x64 GOROOT_1_26_X64=/opt/hostedtoolcache/go/1.26.8/x64 BENT_REAL_GO=/opt/hostedtoolcache/go/1.26.2/x64/bin/go LLGO_ROOT=/home/runner/work/benchmarks/benchmarks/.ci/llgo LLGO_REAL_BIN=/home/runner/work/benchmarks/benchmarks/.ci/llgo/llgo LLGO_LTO_PLUGIN=/home/runner/work/benchmarks/benchmarks/.ci/llgo/ltoplugin/build/LLGOLTOPlugin.so GOPATH=/home/runner/work/benchmarks/benchmarks/.ci/bent-run/gopath GOOS=linux GOARCH=amd64 GO111MODULE=auto ROOT=/home/runner/work/benchmarks/benchmarks/.ci/bent-run GOROOT=/home/runner/work/benchmarks/benchmarks/.ci/bent-run/goroots/Go BENT_BENCH=toml BENT_CONFIG=Go BENT_I=0 GOCACHE=/home/runner/work/benchmarks/benchmarks/.ci/bent-run/build-cache/runs/cache-35862430/go-build XDG_CACHE_HOME=/home/runner/work/benchmarks/benchmarks/.ci/bent-run/build-cache/runs/cache-35862430/xdg LocalAppData=/home/runner/work/benchmarks/benchmarks/.ci/bent-run/build-cache/runs/cache-35862430/local-app-data /home/runner/work/benchmarks/benchmarks/.ci/bent-run/goroots/Go/bin/go test -vet=off -c -o /home/runner/work/benchmarks/benchmarks/.ci/bent-run/testbin/toml_Go github.com/BurntSushi/toml )
goarch: amd64
toolchain: Go
BenchmarkToml 1 925779927 build-real-ns/op 1711676000 build-user-ns/op 278608000 build-sys-ns/op
toolchain: Go
( LLGO_BUILD_TIMEOUT_SECONDS=1200 LLGO_COMMITTED_AT=2026-09-26T17:50:40+08:00 LLGO_BUILD_GO_VERSION=1.27.0 LLGO_BIN=/home/runner/work/benchmarks/benchmarks/ci/llgo-size/bin/llgo-build-timeout BENT_TIMING_LOG=/home/runner/work/benchmarks/benchmarks/.ci/bent-run/download-timings.log GOROOT_1_25_X64=/opt/hostedtoolcache/go/1.25.14/x64 LLGO_MAIN_INDEX=1701 LLGO_BUILD_KILL_GRACE_SECONDS=30 LLGO_COMMIT=4c39f5820e46f4c8be8628827d9b508486b89f52 GO_VERSION=1.26.2 LLGO_REPOSITORY=xgo-dev/llgo GOROOT_1_24_X64=/opt/hostedtoolcache/go/1.24.13/x64 GOROOT_1_26_X64=/opt/hostedtoolcache/go/1.26.8/x64 BENT_REAL_GO=/opt/hostedtoolcache/go/1.26.2/x64/bin/go LLGO_ROOT=/home/runner/work/benchmarks/benchmarks/.ci/llgo LLGO_REAL_BIN=/home/runner/work/benchmarks/benchmarks/.ci/llgo/llgo LLGO_LTO_PLUGIN=/home/runner/work/benchmarks/benchmarks/.ci/llgo/ltoplugin/build/LLGOLTOPlugin.so GOPATH=/home/runner/work/benchmarks/benchmarks/.ci/bent-run/gopath GOOS=linux GOARCH=amd64 GO111MODULE=auto ROOT=/home/runner/work/benchmarks/benchmarks/.ci/bent-run GOROOT=/home/runner/work/benchmarks/benchmarks/.ci/bent-run/goroots/Go BENT_BENCH=toml BENT_CONFIG=Go BENT_I=0 GOCACHE=/home/runner/work/benchmarks/benchmarks/.ci/bent-run/build-cache/runs/cache-35862430/go-build XDG_CACHE_HOME=/home/runner/work/benchmarks/benchmarks/.ci/bent-run/build-cache/runs/cache-35862430/xdg LocalAppData=/home/runner/work/benchmarks/benchmarks/.ci/bent-run/build-cache/runs/cache-35862430/local-app-data /home/runner/work/benchmarks/benchmarks/.ci/bent-run/benchsize /home/runner/work/benchmarks/benchmarks/.ci/bent-run/testbin/toml_Go Toml )
goos: linux
goarch: amd64
pkg:
Unit total-bytes assume=exact
BenchmarkToml 1 7324958 total-bytes
Unit text-bytes assume=exact
BenchmarkToml 1 2270513 text-bytes
Unit data-bytes assume=exact
BenchmarkToml 1 1054996 data-bytes
Unit rodata-bytes assume=exact
BenchmarkToml 1 905569 rodata-bytes
Unit pclntab-bytes assume=exact
BenchmarkToml 1 1818042 pclntab-bytes
Unit debug-bytes assume=exact
BenchmarkToml 1 1575478 debug-bytes

rm -rf /home/runner/work/benchmarks/benchmarks/.ci/bent-run/gopath/bin
(cd /home/runner/work/benchmarks/benchmarks/.ci/bent-run/build/XGo; LLGO_BUILD_TIMEOUT_SECONDS=1200 LLGO_COMMITTED_AT=2026-09-26T17:50:40+08:00 LLGO_BUILD_GO_VERSION=1.27.0 LLGO_BIN=/home/runner/work/benchmarks/benchmarks/ci/llgo-size/bin/llgo-build-timeout BENT_TIMING_LOG=/home/runner/work/benchmarks/benchmarks/.ci/bent-run/download-timings.log GOROOT_1_25_X64=/opt/hostedtoolcache/go/1.25.14/x64 LLGO_MAIN_INDEX=1701 LLGO_BUILD_KILL_GRACE_SECONDS=30 LLGO_COMMIT=4c39f5820e46f4c8be8628827d9b508486b89f52 GO_VERSION=1.26.2 LLGO_REPOSITORY=xgo-dev/llgo GOROOT_1_24_X64=/opt/hostedtoolcache/go/1.24.13/x64 GOROOT_1_26_X64=/opt/hostedtoolcache/go/1.26.8/x64 BENT_REAL_GO=/opt/hostedtoolcache/go/1.26.2/x64/bin/go LLGO_ROOT=/home/runner/work/benchmarks/benchmarks/.ci/llgo LLGO_REAL_BIN=/home/runner/work/benchmarks/benchmarks/.ci/llgo/llgo LLGO_LTO_PLUGIN=/home/runner/work/benchmarks/benchmarks/.ci/llgo/ltoplugin/build/LLGOLTOPlugin.so GOPATH=/home/runner/work/benchmarks/benchmarks/.ci/bent-run/gopath GOOS=linux GOARCH=amd64 GO111MODULE=auto ROOT=/home/runner/work/benchmarks/benchmarks/.ci/bent-run GOROOT=/opt/hostedtoolcache/go/1.26.2/x64/ BENT_BENCH=XGo BENT_CONFIG=LLGoDeadcodeDrop BENT_I=0 GOCACHE=/home/runner/work/benchmarks/benchmarks/.ci/bent-run/build-cache/runs/cache-1451119594/go-build XDG_CACHE_HOME=/home/runner/work/benchmarks/benchmarks/.ci/bent-run/build-cache/runs/cache-1451119594/xdg LocalAppData=/home/runner/work/benchmarks/benchmarks/.ci/bent-run/build-cache/runs/cache-1451119594/local-app-data /home/runner/work/benchmarks/benchmarks/ci/llgo-size/bin/llgo-build-timeout build -o /home/runner/work/benchmarks/benchmarks/.ci/bent-run/testbin/XGo_LLGoDeadcodeDrop -deadcodedrop github.com/goplus/xgo/cmd/xgo )
goarch: amd64
toolchain: LLGoDeadcodeDrop
BenchmarkXGo 1 40560580664 build-real-ns/op 103332973000 build-user-ns/op 3214144000 build-sys-ns/op
toolchain: LLGoDeadcodeDrop
( LLGO_BUILD_TIMEOUT_SECONDS=1200 LLGO_COMMITTED_AT=2026-09-26T17:50:40+08:00 LLGO_BUILD_GO_VERSION=1.27.0 LLGO_BIN=/home/runner/work/benchmarks/benchmarks/ci/llgo-size/bin/llgo-build-timeout BENT_TIMING_LOG=/home/runner/work/benchmarks/benchmarks/.ci/bent-run/download-timings.log GOROOT_1_25_X64=/opt/hostedtoolcache/go/1.25.14/x64 LLGO_MAIN_INDEX=1701 LLGO_BUILD_KILL_GRACE_SECONDS=30 LLGO_COMMIT=4c39f5820e46f4c8be8628827d9b508486b89f52 GO_VERSION=1.26.2 LLGO_REPOSITORY=xgo-dev/llgo GOROOT_1_24_X64=/opt/hostedtoolcache/go/1.24.13/x64 GOROOT_1_26_X64=/opt/hostedtoolcache/go/1.26.8/x64 BENT_REAL_GO=/opt/hostedtoolcache/go/1.26.2/x64/bin/go LLGO_ROOT=/home/runner/work/benchmarks/benchmarks/.ci/llgo LLGO_REAL_BIN=/home/runner/work/benchmarks/benchmarks/.ci/llgo/llgo LLGO_LTO_PLUGIN=/home/runner/work/benchmarks/benchmarks/.ci/llgo/ltoplugin/build/LLGOLTOPlugin.so GOPATH=/home/runner/work/benchmarks/benchmarks/.ci/bent-run/gopath GOOS=linux GOARCH=amd64 GO111MODULE=auto ROOT=/home/runner/work/benchmarks/benchmarks/.ci/bent-run GOROOT=/opt/hostedtoolcache/go/1.26.2/x64/ BENT_BENCH=XGo BENT_CONFIG=LLGoDeadcodeDrop BENT_I=0 GOCACHE=/home/runner/work/benchmarks/benchmarks/.ci/bent-run/build-cache/runs/cache-1451119594/go-build XDG_CACHE_HOME=/home/runner/work/benchmarks/benchmarks/.ci/bent-run/build-cache/runs/cache-1451119594/xdg LocalAppData=/home/runner/work/benchmarks/benchmarks/.ci/bent-run/build-cache/runs/cache-1451119594/local-app-data /home/runner/work/benchmarks/benchmarks/.ci/bent-run/benchsize /home/runner/work/benchmarks/benchmarks/.ci/bent-run/testbin/XGo_LLGoDeadcodeDrop XGo )
goos: linux
goarch: amd64
pkg:
Unit total-bytes assume=exact
BenchmarkXGo 1 15623632 total-bytes
Unit text-bytes assume=exact
BenchmarkXGo 1 4997439 text-bytes
Unit data-bytes assume=exact
BenchmarkXGo 1 5707696 data-bytes
Unit rodata-bytes assume=exact
BenchmarkXGo 1 3321384 rodata-bytes
Unit pclntab-bytes assume=exact
BenchmarkXGo 1 0 pclntab-bytes
Unit debug-bytes assume=exact
BenchmarkXGo 1 0 debug-bytes

rm -rf /home/runner/work/benchmarks/benchmarks/.ci/bent-run/gopath/bin
[timing] Bent dependency acquisition and six-configuration build | real=1:06:59 user=7662.24 sys=229.74 maxrss=10215268KB
::endgroup::
