
shortname: benhoyt_goawk-BuiltinGsubAmpersand
toolchain: LLGoFullLTO
goos: linux
goarch: amd64
pkg: github.com/benhoyt/goawk/interp
cpu: AMD EPYC 7763 64-Core Processor @ 3244.257MHz
BenchmarkBuiltinGsubAmpersand-4   	   17854	     33125 ns/op
PASS

shortname: benhoyt_goawk-BuiltinGsubAmpersand
toolchain: LLGoFullLTO
goos: linux
goarch: amd64
pkg: github.com/benhoyt/goawk/interp
cpu: AMD EPYC 7763 64-Core Processor @ 3245.896MHz
BenchmarkBuiltinGsubAmpersand-4   	   18102	     33007 ns/op
PASS

shortname: benhoyt_goawk-BuiltinGsubAmpersand
toolchain: LLGoFullLTO
goos: linux
goarch: amd64
pkg: github.com/benhoyt/goawk/interp
cpu: AMD EPYC 7763 64-Core Processor @ 3240.662MHz
BenchmarkBuiltinGsubAmpersand-4   	   18003	     32946 ns/op
PASS

shortname: benhoyt_goawk-BuiltinGsubAmpersand
toolchain: LLGoFullLTO
goos: linux
goarch: amd64
pkg: github.com/benhoyt/goawk/interp
cpu: AMD EPYC 7763 64-Core Processor @ 3241.617MHz
BenchmarkBuiltinGsubAmpersand-4   	   17848	     33301 ns/op
PASS

shortname: benhoyt_goawk-BuiltinGsubAmpersand
toolchain: LLGoFullLTO
goos: linux
goarch: amd64
pkg: github.com/benhoyt/goawk/interp
cpu: AMD EPYC 7763 64-Core Processor @ 3241.434MHz
BenchmarkBuiltinGsubAmpersand-4   	   18013	     33183 ns/op
PASS

shortname: benhoyt_goawk-NativeFunc
toolchain: LLGoFullLTO
goos: linux
goarch: amd64
pkg: github.com/benhoyt/goawk/interp
cpu: AMD EPYC 7763 64-Core Processor @ 3241.536MHz
BenchmarkNativeFunc-4   	   24826	     23800 ns/op
PASS

shortname: benhoyt_goawk-NativeFunc
toolchain: LLGoFullLTO
goos: linux
goarch: amd64
pkg: github.com/benhoyt/goawk/interp
cpu: AMD EPYC 7763 64-Core Processor @ 3243.729MHz
BenchmarkNativeFunc-4   	   24618	     24099 ns/op
PASS

shortname: benhoyt_goawk-NativeFunc
toolchain: LLGoFullLTO
goos: linux
goarch: amd64
pkg: github.com/benhoyt/goawk/interp
cpu: AMD EPYC 7763 64-Core Processor @ 3241.178MHz
BenchmarkNativeFunc-4   	   24225	     24135 ns/op
PASS

shortname: benhoyt_goawk-NativeFunc
toolchain: LLGoFullLTO
goos: linux
goarch: amd64
pkg: github.com/benhoyt/goawk/interp
cpu: AMD EPYC 7763 64-Core Processor @ 3243.971MHz
BenchmarkNativeFunc-4   	   24285	     24117 ns/op
PASS

shortname: benhoyt_goawk-NativeFunc
toolchain: LLGoFullLTO
goos: linux
goarch: amd64
pkg: github.com/benhoyt/goawk/interp
cpu: AMD EPYC 7763 64-Core Processor @ 3243.611MHz
BenchmarkNativeFunc-4   	   24390	     24370 ns/op
PASS

shortname: benhoyt_goawk-RecursiveFunc
toolchain: LLGoFullLTO
goos: linux
goarch: amd64
pkg: github.com/benhoyt/goawk/interp
cpu: AMD EPYC 7763 64-Core Processor @ 3241.761MHz
BenchmarkRecursiveFunc-4   	   22117	     27262 ns/op
PASS

shortname: benhoyt_goawk-RecursiveFunc
toolchain: LLGoFullLTO
goos: linux
goarch: amd64
pkg: github.com/benhoyt/goawk/interp
cpu: AMD EPYC 7763 64-Core Processor @ 3245.536MHz
BenchmarkRecursiveFunc-4   	   21988	     27059 ns/op
PASS

shortname: benhoyt_goawk-RecursiveFunc
toolchain: LLGoFullLTO
goos: linux
goarch: amd64
pkg: github.com/benhoyt/goawk/interp
cpu: AMD EPYC 7763 64-Core Processor @ 3241.992MHz
BenchmarkRecursiveFunc-4   	   21826	     27082 ns/op
PASS

shortname: benhoyt_goawk-RecursiveFunc
toolchain: LLGoFullLTO
goos: linux
goarch: amd64
pkg: github.com/benhoyt/goawk/interp
cpu: AMD EPYC 7763 64-Core Processor @ 3244.081MHz
BenchmarkRecursiveFunc-4   	   22120	     26824 ns/op
PASS

shortname: benhoyt_goawk-RecursiveFunc
toolchain: LLGoFullLTO
goos: linux
goarch: amd64
pkg: github.com/benhoyt/goawk/interp
cpu: AMD EPYC 7763 64-Core Processor @ 3241.111MHz
BenchmarkRecursiveFunc-4   	   22088	     26906 ns/op
PASS

shortname: benhoyt_goawk-SimpleBuiltins
toolchain: LLGoFullLTO
goos: linux
goarch: amd64
pkg: github.com/benhoyt/goawk/interp
cpu: AMD EPYC 7763 64-Core Processor @ 3241.501MHz
BenchmarkSimpleBuiltins-4   	  351165	      1553 ns/op
PASS

shortname: benhoyt_goawk-SimpleBuiltins
toolchain: LLGoFullLTO
goos: linux
goarch: amd64
pkg: github.com/benhoyt/goawk/interp
cpu: AMD EPYC 7763 64-Core Processor @ 3242.184MHz
BenchmarkSimpleBuiltins-4   	  358561	      1545 ns/op
PASS

shortname: benhoyt_goawk-SimpleBuiltins
toolchain: LLGoFullLTO
goos: linux
goarch: amd64
pkg: github.com/benhoyt/goawk/interp
cpu: AMD EPYC 7763 64-Core Processor @ 3243.787MHz
BenchmarkSimpleBuiltins-4   	  356946	      1556 ns/op
PASS

shortname: benhoyt_goawk-SimpleBuiltins
toolchain: LLGoFullLTO
goos: linux
goarch: amd64
pkg: github.com/benhoyt/goawk/interp
cpu: AMD EPYC 7763 64-Core Processor @ 3241.742MHz
BenchmarkSimpleBuiltins-4   	  351273	      1551 ns/op
PASS

shortname: benhoyt_goawk-SimpleBuiltins
toolchain: LLGoFullLTO
goos: linux
goarch: amd64
pkg: github.com/benhoyt/goawk/interp
cpu: AMD EPYC 7763 64-Core Processor @ 3244.683MHz
BenchmarkSimpleBuiltins-4   	  347658	      1545 ns/op
PASS

shortname: bloom_bits-BitSetExtractDeposit%2Fsize%3D64%2Ffn%3DDepositTo
toolchain: LLGoFullLTO
goos: linux
goarch: amd64
pkg: github.com/bits-and-blooms/bitset
cpu: AMD EPYC 7763 64-Core Processor @ 3243.931MHz
BenchmarkBitSetExtractDeposit/size=64/fn=DepositTo-4         	29675278	        20.25 ns/op	       0 B/op	       0 allocs/op
PASS

shortname: bloom_bits-BitSetExtractDeposit%2Fsize%3D64%2Ffn%3DDepositTo
toolchain: LLGoFullLTO
goos: linux
goarch: amd64
pkg: github.com/bits-and-blooms/bitset
cpu: AMD EPYC 7763 64-Core Processor @ 3243.873MHz
BenchmarkBitSetExtractDeposit/size=64/fn=DepositTo-4         	29637742	        20.24 ns/op	       0 B/op	       0 allocs/op
PASS

shortname: bloom_bits-BitSetExtractDeposit%2Fsize%3D64%2Ffn%3DDepositTo
toolchain: LLGoFullLTO
goos: linux
goarch: amd64
pkg: github.com/bits-and-blooms/bitset
cpu: AMD EPYC 7763 64-Core Processor @ 3245.106MHz
BenchmarkBitSetExtractDeposit/size=64/fn=DepositTo-4         	29679440	        20.26 ns/op	       0 B/op	       0 allocs/op
PASS

shortname: bloom_bits-BitSetExtractDeposit%2Fsize%3D64%2Ffn%3DDepositTo
toolchain: LLGoFullLTO
goos: linux
goarch: amd64
pkg: github.com/bits-and-blooms/bitset
cpu: AMD EPYC 7763 64-Core Processor @ 3244.435MHz
BenchmarkBitSetExtractDeposit/size=64/fn=DepositTo-4         	29531203	        20.25 ns/op	       0 B/op	       0 allocs/op
PASS

shortname: bloom_bits-BitSetExtractDeposit%2Fsize%3D64%2Ffn%3DDepositTo
toolchain: LLGoFullLTO
goos: linux
goarch: amd64
pkg: github.com/bits-and-blooms/bitset
cpu: AMD EPYC 7763 64-Core Processor @ 3241.833MHz
BenchmarkBitSetExtractDeposit/size=64/fn=DepositTo-4         	26712692	        20.25 ns/op	       0 B/op	       0 allocs/op
PASS

shortname: capnproto2-Growth_MultiSegment
toolchain: LLGoFullLTO
goos: linux
goarch: amd64
pkg: zombiezen.com/go/capnproto2
cpu: AMD EPYC 7763 64-Core Processor @ 3341.600MHz
BenchmarkGrowth_MultiSegment-4   	      27	  19130542 ns/op	  54.81 MB/s	 8310804 B/op	       0 allocs/op
PASS

shortname: capnproto2-Growth_MultiSegment
toolchain: LLGoFullLTO
goos: linux
goarch: amd64
pkg: zombiezen.com/go/capnproto2
cpu: AMD EPYC 7763 64-Core Processor @ 3244.123MHz
BenchmarkGrowth_MultiSegment-4   	      28	  19054499 ns/op	  55.03 MB/s	 8310391 B/op	       0 allocs/op
PASS

shortname: capnproto2-Growth_MultiSegment
toolchain: LLGoFullLTO
goos: linux
goarch: amd64
pkg: zombiezen.com/go/capnproto2
cpu: AMD EPYC 7763 64-Core Processor @ 3242.462MHz
BenchmarkGrowth_MultiSegment-4   	      28	  19099276 ns/op	  54.90 MB/s	 8310416 B/op	       0 allocs/op
PASS

shortname: capnproto2-Growth_MultiSegment
toolchain: LLGoFullLTO
goos: linux
goarch: amd64
pkg: zombiezen.com/go/capnproto2
cpu: AMD EPYC 7763 64-Core Processor @ 3244.257MHz
BenchmarkGrowth_MultiSegment-4   	      27	  19260960 ns/op	  54.44 MB/s	 8310738 B/op	       0 allocs/op
PASS

shortname: capnproto2-Growth_MultiSegment
toolchain: LLGoFullLTO
goos: linux
goarch: amd64
pkg: zombiezen.com/go/capnproto2
cpu: AMD EPYC 7763 64-Core Processor @ 3099.544MHz
BenchmarkGrowth_MultiSegment-4   	      28	  19084153 ns/op	  54.95 MB/s	 8310237 B/op	       0 allocs/op
PASS

shortname: capnproto2-Unmarshal_Reuse
toolchain: LLGoFullLTO
goos: linux
goarch: amd64
pkg: zombiezen.com/go/capnproto2
cpu: AMD EPYC 7763 64-Core Processor @ 3186.101MHz
BenchmarkUnmarshal_Reuse-4   	 1000000	       515.8 ns/op	     272 B/op	       0 allocs/op
PASS

shortname: capnproto2-Unmarshal_Reuse
toolchain: LLGoFullLTO
goos: linux
goarch: amd64
pkg: zombiezen.com/go/capnproto2
cpu: AMD EPYC 7763 64-Core Processor @ 3241.502MHz
BenchmarkUnmarshal_Reuse-4   	 1000000	       516.9 ns/op	     272 B/op	       0 allocs/op
PASS

shortname: capnproto2-Unmarshal_Reuse
toolchain: LLGoFullLTO
goos: linux
goarch: amd64
pkg: zombiezen.com/go/capnproto2
cpu: AMD EPYC 7763 64-Core Processor @ 3241.057MHz
BenchmarkUnmarshal_Reuse-4   	 1000000	       512.3 ns/op	     272 B/op	       0 allocs/op
PASS

shortname: capnproto2-Unmarshal_Reuse
toolchain: LLGoFullLTO
goos: linux
goarch: amd64
pkg: zombiezen.com/go/capnproto2
cpu: AMD EPYC 7763 64-Core Processor @ 3250.408MHz
BenchmarkUnmarshal_Reuse-4   	 1000000	       512.6 ns/op	     272 B/op	       0 allocs/op
PASS

shortname: capnproto2-Unmarshal_Reuse
toolchain: LLGoFullLTO
goos: linux
goarch: amd64
pkg: zombiezen.com/go/capnproto2
cpu: AMD EPYC 7763 64-Core Processor @ 3243.167MHz
BenchmarkUnmarshal_Reuse-4   	  986317	       510.7 ns/op	     272 B/op	       0 allocs/op
PASS

shortname: commonmark_markdown-RenderSpecNoHTML
toolchain: LLGoFullLTO
goos: linux
goarch: amd64
pkg: gitlab.com/golang-commonmark/markdown
cpu: AMD EPYC 7763 64-Core Processor @ 3240.862MHz
BenchmarkRenderSpecNoHTML-4   	      58	   9031158 ns/op
PASS

shortname: commonmark_markdown-RenderSpecNoHTML
toolchain: LLGoFullLTO
goos: linux
goarch: amd64
pkg: gitlab.com/golang-commonmark/markdown
cpu: AMD EPYC 7763 64-Core Processor @ 2907.783MHz
BenchmarkRenderSpecNoHTML-4   	      57	   9057197 ns/op
PASS

shortname: commonmark_markdown-RenderSpecNoHTML
toolchain: LLGoFullLTO
goos: linux
goarch: amd64
pkg: gitlab.com/golang-commonmark/markdown
cpu: AMD EPYC 7763 64-Core Processor @ 3242.998MHz
BenchmarkRenderSpecNoHTML-4   	      58	   8944446 ns/op
PASS

shortname: commonmark_markdown-RenderSpecNoHTML
toolchain: LLGoFullLTO
goos: linux
goarch: amd64
pkg: gitlab.com/golang-commonmark/markdown
cpu: AMD EPYC 7763 64-Core Processor @ 3244.316MHz
BenchmarkRenderSpecNoHTML-4   	      56	   8977968 ns/op
PASS

shortname: commonmark_markdown-RenderSpecNoHTML
toolchain: LLGoFullLTO
goos: linux
goarch: amd64
pkg: gitlab.com/golang-commonmark/markdown
cpu: AMD EPYC 7763 64-Core Processor @ 3243.982MHz
BenchmarkRenderSpecNoHTML-4   	      57	   8989645 ns/op
PASS

shortname: dustin_broadcast-ParallelBrodcast
toolchain: LLGoFullLTO
goos: linux
goarch: amd64
pkg: github.com/dustin/go-broadcast
cpu: AMD EPYC 7763 64-Core Processor @ 3241.765MHz
BenchmarkParallelBrodcast-4   	   20268	     28602 ns/op
PASS

shortname: dustin_broadcast-ParallelBrodcast
toolchain: LLGoFullLTO
goos: linux
goarch: amd64
pkg: github.com/dustin/go-broadcast
cpu: AMD EPYC 7763 64-Core Processor @ 3240.793MHz
BenchmarkParallelBrodcast-4   	   20850	     30135 ns/op
PASS

shortname: dustin_broadcast-ParallelBrodcast
toolchain: LLGoFullLTO
goos: linux
goarch: amd64
pkg: github.com/dustin/go-broadcast
cpu: AMD EPYC 7763 64-Core Processor @ 3245.987MHz
BenchmarkParallelBrodcast-4   	   22370	     28773 ns/op
PASS

shortname: dustin_broadcast-ParallelBrodcast
toolchain: LLGoFullLTO
goos: linux
goarch: amd64
pkg: github.com/dustin/go-broadcast
cpu: AMD EPYC 7763 64-Core Processor @ 3244.631MHz
BenchmarkParallelBrodcast-4   	   21250	     28834 ns/op
PASS

shortname: dustin_broadcast-ParallelBrodcast
toolchain: LLGoFullLTO
goos: linux
goarch: amd64
pkg: github.com/dustin/go-broadcast
cpu: AMD EPYC 7763 64-Core Processor @ 3244.902MHz
BenchmarkParallelBrodcast-4   	   20503	     28463 ns/op
PASS

shortname: dustin_humanize-BigCommas
toolchain: LLGoFullLTO
goos: linux
goarch: amd64
pkg: github.com/dustin/go-humanize
cpu: AMD EPYC 7763 64-Core Processor @ 3244.060MHz
BenchmarkBigCommas-4   	  290732	      1747 ns/op
PASS

shortname: dustin_humanize-BigCommas
toolchain: LLGoFullLTO
goos: linux
goarch: amd64
pkg: github.com/dustin/go-humanize
cpu: AMD EPYC 7763 64-Core Processor @ 3243.714MHz
BenchmarkBigCommas-4   	  288472	      1739 ns/op
PASS

shortname: dustin_humanize-BigCommas
toolchain: LLGoFullLTO
goos: linux
goarch: amd64
pkg: github.com/dustin/go-humanize
cpu: AMD EPYC 7763 64-Core Processor @ 3241.903MHz
BenchmarkBigCommas-4   	  295212	      1741 ns/op
PASS

shortname: dustin_humanize-BigCommas
toolchain: LLGoFullLTO
goos: linux
goarch: amd64
pkg: github.com/dustin/go-humanize
cpu: AMD EPYC 7763 64-Core Processor @ 3241.282MHz
BenchmarkBigCommas-4   	  305157	      1753 ns/op
PASS

shortname: dustin_humanize-BigCommas
toolchain: LLGoFullLTO
goos: linux
goarch: amd64
pkg: github.com/dustin/go-humanize
cpu: AMD EPYC 7763 64-Core Processor @ 3243.737MHz
BenchmarkBigCommas-4   	  295714	      1742 ns/op
PASS

shortname: dustin_humanize-Commaf
toolchain: LLGoFullLTO
goos: linux
goarch: amd64
pkg: github.com/dustin/go-humanize
cpu: AMD EPYC 7763 64-Core Processor @ 3243.380MHz
BenchmarkCommaf-4   	  597588	       841.1 ns/op
PASS

shortname: dustin_humanize-Commaf
toolchain: LLGoFullLTO
goos: linux
goarch: amd64
pkg: github.com/dustin/go-humanize
cpu: AMD EPYC 7763 64-Core Processor @ 3241.366MHz
BenchmarkCommaf-4   	  604614	       853.4 ns/op
PASS

shortname: dustin_humanize-Commaf
toolchain: LLGoFullLTO
goos: linux
goarch: amd64
pkg: github.com/dustin/go-humanize
cpu: AMD EPYC 7763 64-Core Processor @ 3241.496MHz
BenchmarkCommaf-4   	  594182	       843.8 ns/op
PASS

shortname: dustin_humanize-Commaf
toolchain: LLGoFullLTO
goos: linux
goarch: amd64
pkg: github.com/dustin/go-humanize
cpu: AMD EPYC 7763 64-Core Processor @ 3240.942MHz
BenchmarkCommaf-4   	  717066	       834.9 ns/op
PASS

shortname: dustin_humanize-Commaf
toolchain: LLGoFullLTO
goos: linux
goarch: amd64
pkg: github.com/dustin/go-humanize
cpu: AMD EPYC 7763 64-Core Processor @ 3240.320MHz
BenchmarkCommaf-4   	  711786	       836.1 ns/op
PASS

shortname: dustin_humanize-ParseBytes
toolchain: LLGoFullLTO
goos: linux
goarch: amd64
pkg: github.com/dustin/go-humanize
cpu: AMD EPYC 7763 64-Core Processor @ 3244.266MHz
BenchmarkParseBytes-4   	 2175138	       273.4 ns/op
PASS

shortname: dustin_humanize-ParseBytes
toolchain: LLGoFullLTO
goos: linux
goarch: amd64
pkg: github.com/dustin/go-humanize
cpu: AMD EPYC 7763 64-Core Processor @ 3244.676MHz
BenchmarkParseBytes-4   	 2182626	       271.3 ns/op
PASS

shortname: dustin_humanize-ParseBytes
toolchain: LLGoFullLTO
goos: linux
goarch: amd64
pkg: github.com/dustin/go-humanize
cpu: AMD EPYC 7763 64-Core Processor @ 3244.023MHz
BenchmarkParseBytes-4   	 2156634	       273.9 ns/op
PASS

shortname: dustin_humanize-ParseBytes
toolchain: LLGoFullLTO
goos: linux
goarch: amd64
pkg: github.com/dustin/go-humanize
cpu: AMD EPYC 7763 64-Core Processor @ 3241.442MHz
BenchmarkParseBytes-4   	 2175421	       273.0 ns/op
PASS

shortname: dustin_humanize-ParseBytes
toolchain: LLGoFullLTO
goos: linux
goarch: amd64
pkg: github.com/dustin/go-humanize
cpu: AMD EPYC 7763 64-Core Processor @ 3134.408MHz
BenchmarkParseBytes-4   	 2166784	       274.0 ns/op
PASS

shortname: dustin_humanize-ParseSI
toolchain: LLGoFullLTO
goos: linux
goarch: amd64
pkg: github.com/dustin/go-humanize
cpu: AMD EPYC 7763 64-Core Processor @ 3240.898MHz
BenchmarkParseSI-4   	  493351	      1222 ns/op
PASS

shortname: dustin_humanize-ParseSI
toolchain: LLGoFullLTO
goos: linux
goarch: amd64
pkg: github.com/dustin/go-humanize
cpu: AMD EPYC 7763 64-Core Processor @ 3241.456MHz
BenchmarkParseSI-4   	  496332	      1207 ns/op
PASS

shortname: dustin_humanize-ParseSI
toolchain: LLGoFullLTO
goos: linux
goarch: amd64
pkg: github.com/dustin/go-humanize
cpu: AMD EPYC 7763 64-Core Processor @ 3241.951MHz
BenchmarkParseSI-4   	  469758	      1277 ns/op
PASS

shortname: dustin_humanize-ParseSI
toolchain: LLGoFullLTO
goos: linux
goarch: amd64
pkg: github.com/dustin/go-humanize
cpu: AMD EPYC 7763 64-Core Processor @ 3244.305MHz
BenchmarkParseSI-4   	  412275	      1272 ns/op
PASS

shortname: dustin_humanize-ParseSI
toolchain: LLGoFullLTO
goos: linux
goarch: amd64
pkg: github.com/dustin/go-humanize
cpu: AMD EPYC 7763 64-Core Processor @ 3243.693MHz
BenchmarkParseSI-4   	  492456	      1258 ns/op
PASS

shortname: ericlagergren_decimal-Mandelbrot_decimal_GDA_9
toolchain: LLGoFullLTO
goos: linux
goarch: amd64
pkg: github.com/ericlagergren/decimal_benchmarks
cpu: AMD EPYC 7763 64-Core Processor @ 3244.105MHz
BenchmarkMandelbrot_decimal_GDA_9-4   	       1	5640497775 ns/op
PASS

shortname: ericlagergren_decimal-Mandelbrot_decimal_GDA_9
toolchain: LLGoFullLTO
goos: linux
goarch: amd64
pkg: github.com/ericlagergren/decimal_benchmarks
cpu: AMD EPYC 7763 64-Core Processor @ 2445.428MHz
BenchmarkMandelbrot_decimal_GDA_9-4   	       1	5636394151 ns/op
PASS

shortname: ericlagergren_decimal-Mandelbrot_decimal_GDA_9
toolchain: LLGoFullLTO
goos: linux
goarch: amd64
pkg: github.com/ericlagergren/decimal_benchmarks
cpu: AMD EPYC 7763 64-Core Processor @ 2445.428MHz
BenchmarkMandelbrot_decimal_GDA_9-4   	       1	5638731759 ns/op
PASS

shortname: ericlagergren_decimal-Mandelbrot_decimal_GDA_9
toolchain: LLGoFullLTO
goos: linux
goarch: amd64
pkg: github.com/ericlagergren/decimal_benchmarks
cpu: AMD EPYC 7763 64-Core Processor @ 2445.428MHz
BenchmarkMandelbrot_decimal_GDA_9-4   	       1	5636975836 ns/op
PASS

shortname: ericlagergren_decimal-Mandelbrot_decimal_GDA_9
toolchain: LLGoFullLTO
goos: linux
goarch: amd64
pkg: github.com/ericlagergren/decimal_benchmarks
cpu: AMD EPYC 7763 64-Core Processor @ 2445.428MHz
BenchmarkMandelbrot_decimal_GDA_9-4   	       1	5634863620 ns/op
PASS

shortname: ericlagergren_decimal-Pi%2Ffoo%3Dapmckinlay%2Fprec%3D19
toolchain: LLGoFullLTO
goos: linux
goarch: amd64
pkg: github.com/ericlagergren/decimal_benchmarks
cpu: AMD EPYC 7763 64-Core Processor @ 3243.710MHz
BenchmarkPi/foo=apmckinlay/prec=19-4 	   88612	      6250 ns/op
PASS

shortname: ericlagergren_decimal-Pi%2Ffoo%3Dapmckinlay%2Fprec%3D19
toolchain: LLGoFullLTO
goos: linux
goarch: amd64
pkg: github.com/ericlagergren/decimal_benchmarks
cpu: AMD EPYC 7763 64-Core Processor @ 3241.348MHz
BenchmarkPi/foo=apmckinlay/prec=19-4 	   86932	      6268 ns/op
PASS

shortname: ericlagergren_decimal-Pi%2Ffoo%3Dapmckinlay%2Fprec%3D19
toolchain: LLGoFullLTO
goos: linux
goarch: amd64
pkg: github.com/ericlagergren/decimal_benchmarks
cpu: AMD EPYC 7763 64-Core Processor @ 3242.194MHz
BenchmarkPi/foo=apmckinlay/prec=19-4 	   87103	      6326 ns/op
PASS

shortname: ericlagergren_decimal-Pi%2Ffoo%3Dapmckinlay%2Fprec%3D19
toolchain: LLGoFullLTO
goos: linux
goarch: amd64
pkg: github.com/ericlagergren/decimal_benchmarks
cpu: AMD EPYC 7763 64-Core Processor @ 3244.594MHz
BenchmarkPi/foo=apmckinlay/prec=19-4 	   88095	      6397 ns/op
PASS

shortname: ericlagergren_decimal-Pi%2Ffoo%3Dapmckinlay%2Fprec%3D19
toolchain: LLGoFullLTO
goos: linux
goarch: amd64
pkg: github.com/ericlagergren/decimal_benchmarks
cpu: AMD EPYC 7763 64-Core Processor @ 3244.112MHz
BenchmarkPi/foo=apmckinlay/prec=19-4 	   87910	      6325 ns/op
PASS

shortname: ericlagergren_decimal-Pi%2Ffoo%3Dcockroachdb%2Fapd%2Fprec%3D100
toolchain: LLGoFullLTO
goos: linux
goarch: amd64
pkg: github.com/ericlagergren/decimal_benchmarks
cpu: AMD EPYC 7763 64-Core Processor @ 2445.428MHz
BenchmarkPi/foo=cockroachdb/apd/prec=100-4         	      19	  28605653 ns/op
PASS

shortname: ericlagergren_decimal-Pi%2Ffoo%3Dcockroachdb%2Fapd%2Fprec%3D100
toolchain: LLGoFullLTO
goos: linux
goarch: amd64
pkg: github.com/ericlagergren/decimal_benchmarks
cpu: AMD EPYC 7763 64-Core Processor @ 2445.428MHz
BenchmarkPi/foo=cockroachdb/apd/prec=100-4         	      19	  28619840 ns/op
PASS

shortname: ericlagergren_decimal-Pi%2Ffoo%3Dcockroachdb%2Fapd%2Fprec%3D100
toolchain: LLGoFullLTO
goos: linux
goarch: amd64
pkg: github.com/ericlagergren/decimal_benchmarks
cpu: AMD EPYC 7763 64-Core Processor @ 2445.428MHz
BenchmarkPi/foo=cockroachdb/apd/prec=100-4         	      19	  28684648 ns/op
PASS

shortname: ericlagergren_decimal-Pi%2Ffoo%3Dcockroachdb%2Fapd%2Fprec%3D100
toolchain: LLGoFullLTO
goos: linux
goarch: amd64
pkg: github.com/ericlagergren/decimal_benchmarks
cpu: AMD EPYC 7763 64-Core Processor @ 2445.428MHz
BenchmarkPi/foo=cockroachdb/apd/prec=100-4         	      19	  28605862 ns/op
PASS

shortname: ericlagergren_decimal-Pi%2Ffoo%3Dcockroachdb%2Fapd%2Fprec%3D100
toolchain: LLGoFullLTO
goos: linux
goarch: amd64
pkg: github.com/ericlagergren/decimal_benchmarks
cpu: AMD EPYC 7763 64-Core Processor @ 2445.428MHz
BenchmarkPi/foo=cockroachdb/apd/prec=100-4         	      19	  28649396 ns/op
PASS

shortname: ericlagergren_decimal-Pi%2Ffoo%3Dgo-inf%2Fprec%3D100
toolchain: LLGoFullLTO
goos: linux
goarch: amd64
pkg: github.com/ericlagergren/decimal_benchmarks
cpu: AMD EPYC 7763 64-Core Processor @ 3250.267MHz
BenchmarkPi/foo=go-inf/prec=100-4         	    2215	    241885 ns/op
PASS

shortname: ericlagergren_decimal-Pi%2Ffoo%3Dgo-inf%2Fprec%3D100
toolchain: LLGoFullLTO
goos: linux
goarch: amd64
pkg: github.com/ericlagergren/decimal_benchmarks
cpu: AMD EPYC 7763 64-Core Processor @ 3243.255MHz
BenchmarkPi/foo=go-inf/prec=100-4         	    2239	    241011 ns/op
PASS

shortname: ericlagergren_decimal-Pi%2Ffoo%3Dgo-inf%2Fprec%3D100
toolchain: LLGoFullLTO
goos: linux
goarch: amd64
pkg: github.com/ericlagergren/decimal_benchmarks
cpu: AMD EPYC 7763 64-Core Processor @ 3245.358MHz
BenchmarkPi/foo=go-inf/prec=100-4         	    2278	    243620 ns/op
PASS

shortname: ericlagergren_decimal-Pi%2Ffoo%3Dgo-inf%2Fprec%3D100
toolchain: LLGoFullLTO
goos: linux
goarch: amd64
pkg: github.com/ericlagergren/decimal_benchmarks
cpu: AMD EPYC 7763 64-Core Processor @ 3241.390MHz
BenchmarkPi/foo=go-inf/prec=100-4         	    2202	    242068 ns/op
PASS

shortname: ericlagergren_decimal-Pi%2Ffoo%3Dgo-inf%2Fprec%3D100
toolchain: LLGoFullLTO
goos: linux
goarch: amd64
pkg: github.com/ericlagergren/decimal_benchmarks
cpu: AMD EPYC 7763 64-Core Processor @ 3245.241MHz
BenchmarkPi/foo=go-inf/prec=100-4         	    2265	    240864 ns/op
PASS

shortname: gonum_community-NewDirectedLayers%2FgraphSize%3D10%2CnumGraphs%3D1
toolchain: LLGoFullLTO
goos: linux
goarch: amd64
pkg: gonum.org/v1/gonum/graph/community
cpu: AMD EPYC 7763 64-Core Processor @ 3244.416MHz
BenchmarkNewDirectedLayers/graphSize=10,numGraphs=1-4         	  428000	      1191 ns/op
PASS

shortname: gonum_community-NewDirectedLayers%2FgraphSize%3D10%2CnumGraphs%3D1
toolchain: LLGoFullLTO
goos: linux
goarch: amd64
pkg: gonum.org/v1/gonum/graph/community
cpu: AMD EPYC 7763 64-Core Processor @ 3244.015MHz
BenchmarkNewDirectedLayers/graphSize=10,numGraphs=1-4         	  450189	      1205 ns/op
PASS

shortname: gonum_community-NewDirectedLayers%2FgraphSize%3D10%2CnumGraphs%3D1
toolchain: LLGoFullLTO
goos: linux
goarch: amd64
pkg: gonum.org/v1/gonum/graph/community
cpu: AMD EPYC 7763 64-Core Processor @ 3244.011MHz
BenchmarkNewDirectedLayers/graphSize=10,numGraphs=1-4         	  425272	      1199 ns/op
PASS

shortname: gonum_community-NewDirectedLayers%2FgraphSize%3D10%2CnumGraphs%3D1
toolchain: LLGoFullLTO
goos: linux
goarch: amd64
pkg: gonum.org/v1/gonum/graph/community
cpu: AMD EPYC 7763 64-Core Processor @ 3243.878MHz
BenchmarkNewDirectedLayers/graphSize=10,numGraphs=1-4         	  430056	      1193 ns/op
PASS

shortname: gonum_community-NewDirectedLayers%2FgraphSize%3D10%2CnumGraphs%3D1
toolchain: LLGoFullLTO
goos: linux
goarch: amd64
pkg: gonum.org/v1/gonum/graph/community
cpu: AMD EPYC 7763 64-Core Processor @ 3244.320MHz
BenchmarkNewDirectedLayers/graphSize=10,numGraphs=1-4         	  453224	      1201 ns/op
PASS

shortname: gonum_community-NewDirectedLayers%2FgraphSize%3D1000%2CnumGraphs%3D1
toolchain: LLGoFullLTO
goos: linux
goarch: amd64
pkg: gonum.org/v1/gonum/graph/community
cpu: AMD EPYC 7763 64-Core Processor @ 3241.485MHz
BenchmarkNewDirectedLayers/graphSize=1000,numGraphs=1-4         	    4078	    132089 ns/op
PASS

shortname: gonum_community-NewDirectedLayers%2FgraphSize%3D1000%2CnumGraphs%3D1
toolchain: LLGoFullLTO
goos: linux
goarch: amd64
pkg: gonum.org/v1/gonum/graph/community
cpu: AMD EPYC 7763 64-Core Processor @ 3241.328MHz
BenchmarkNewDirectedLayers/graphSize=1000,numGraphs=1-4         	    3950	    131770 ns/op
PASS

shortname: gonum_community-NewDirectedLayers%2FgraphSize%3D1000%2CnumGraphs%3D1
toolchain: LLGoFullLTO
goos: linux
goarch: amd64
pkg: gonum.org/v1/gonum/graph/community
cpu: AMD EPYC 7763 64-Core Processor @ 3243.656MHz
BenchmarkNewDirectedLayers/graphSize=1000,numGraphs=1-4         	    4050	    131026 ns/op
PASS

shortname: gonum_community-NewDirectedLayers%2FgraphSize%3D1000%2CnumGraphs%3D1
toolchain: LLGoFullLTO
goos: linux
goarch: amd64
pkg: gonum.org/v1/gonum/graph/community
cpu: AMD EPYC 7763 64-Core Processor @ 3244.222MHz
BenchmarkNewDirectedLayers/graphSize=1000,numGraphs=1-4         	    3837	    131537 ns/op
PASS

shortname: gonum_community-NewDirectedLayers%2FgraphSize%3D1000%2CnumGraphs%3D1
toolchain: LLGoFullLTO
goos: linux
goarch: amd64
pkg: gonum.org/v1/gonum/graph/community
cpu: AMD EPYC 7763 64-Core Processor @ 3241.634MHz
BenchmarkNewDirectedLayers/graphSize=1000,numGraphs=1-4         	    4017	    132382 ns/op
PASS

shortname: gonum_community-NewUndirectedLayers%2FgraphSize%3D1000%2CnumGraphs%3D10
toolchain: LLGoFullLTO
goos: linux
goarch: amd64
pkg: gonum.org/v1/gonum/graph/community
cpu: AMD EPYC 7763 64-Core Processor @ 3241.551MHz
BenchmarkNewUndirectedLayers/graphSize=1000,numGraphs=10-4         	     322	   1810444 ns/op
PASS

shortname: gonum_community-NewUndirectedLayers%2FgraphSize%3D1000%2CnumGraphs%3D10
toolchain: LLGoFullLTO
goos: linux
goarch: amd64
pkg: gonum.org/v1/gonum/graph/community
cpu: AMD EPYC 7763 64-Core Processor @ 3243.947MHz
BenchmarkNewUndirectedLayers/graphSize=1000,numGraphs=10-4         	     322	   1804667 ns/op
PASS

shortname: gonum_community-NewUndirectedLayers%2FgraphSize%3D1000%2CnumGraphs%3D10
toolchain: LLGoFullLTO
goos: linux
goarch: amd64
pkg: gonum.org/v1/gonum/graph/community
cpu: AMD EPYC 7763 64-Core Processor @ 3243.984MHz
BenchmarkNewUndirectedLayers/graphSize=1000,numGraphs=10-4         	     324	   1809020 ns/op
PASS

shortname: gonum_community-NewUndirectedLayers%2FgraphSize%3D1000%2CnumGraphs%3D10
toolchain: LLGoFullLTO
goos: linux
goarch: amd64
pkg: gonum.org/v1/gonum/graph/community
cpu: AMD EPYC 7763 64-Core Processor @ 3242.813MHz
BenchmarkNewUndirectedLayers/graphSize=1000,numGraphs=10-4         	     321	   1812519 ns/op
PASS

shortname: gonum_community-NewUndirectedLayers%2FgraphSize%3D1000%2CnumGraphs%3D10
toolchain: LLGoFullLTO
goos: linux
goarch: amd64
pkg: gonum.org/v1/gonum/graph/community
cpu: AMD EPYC 7763 64-Core Processor @ 3244.541MHz
BenchmarkNewUndirectedLayers/graphSize=1000,numGraphs=10-4         	     325	   1810732 ns/op
PASS

shortname: gonum_lapack_native-Dgeev%2FCirculant5
toolchain: LLGoFullLTO
goos: linux
goarch: amd64
pkg: gonum.org/v1/gonum/lapack/gonum
cpu: AMD EPYC 7763 64-Core Processor @ 3244.006MHz
BenchmarkDgeev/Circulant5-4         	   13140	     45614 ns/op
PASS

shortname: gonum_lapack_native-Dgeev%2FCirculant5
toolchain: LLGoFullLTO
goos: linux
goarch: amd64
pkg: gonum.org/v1/gonum/lapack/gonum
cpu: AMD EPYC 7763 64-Core Processor @ 3244.131MHz
BenchmarkDgeev/Circulant5-4         	   13166	     45642 ns/op
PASS

shortname: gonum_lapack_native-Dgeev%2FCirculant5
toolchain: LLGoFullLTO
goos: linux
goarch: amd64
pkg: gonum.org/v1/gonum/lapack/gonum
cpu: AMD EPYC 7763 64-Core Processor @ 3243.993MHz
BenchmarkDgeev/Circulant5-4         	   13201	     45473 ns/op
PASS

shortname: gonum_lapack_native-Dgeev%2FCirculant5
toolchain: LLGoFullLTO
goos: linux
goarch: amd64
pkg: gonum.org/v1/gonum/lapack/gonum
cpu: AMD EPYC 7763 64-Core Processor @ 3242.890MHz
BenchmarkDgeev/Circulant5-4         	   13170	     45950 ns/op
PASS

shortname: gonum_lapack_native-Dgeev%2FCirculant5
toolchain: LLGoFullLTO
goos: linux
goarch: amd64
pkg: gonum.org/v1/gonum/lapack/gonum
cpu: AMD EPYC 7763 64-Core Processor @ 3243.998MHz
BenchmarkDgeev/Circulant5-4         	   13306	     45292 ns/op
PASS

shortname: gonum_mat-AddScaledVec10Inc1
toolchain: LLGoFullLTO
goos: linux
goarch: amd64
pkg: gonum.org/v1/gonum/mat
cpu: AMD EPYC 7763 64-Core Processor @ 3244.593MHz
BenchmarkAddScaledVec10Inc1-4   	  252499	      2027 ns/op
PASS

shortname: gonum_mat-AddScaledVec10Inc1
toolchain: LLGoFullLTO
goos: linux
goarch: amd64
pkg: gonum.org/v1/gonum/mat
cpu: AMD EPYC 7763 64-Core Processor @ 3243.956MHz
BenchmarkAddScaledVec10Inc1-4   	  249596	      2038 ns/op
PASS

shortname: gonum_mat-AddScaledVec10Inc1
toolchain: LLGoFullLTO
goos: linux
goarch: amd64
pkg: gonum.org/v1/gonum/mat
cpu: AMD EPYC 7763 64-Core Processor @ 3242.180MHz
BenchmarkAddScaledVec10Inc1-4   	  299828	      2007 ns/op
PASS

shortname: gonum_mat-AddScaledVec10Inc1
toolchain: LLGoFullLTO
goos: linux
goarch: amd64
pkg: gonum.org/v1/gonum/mat
cpu: AMD EPYC 7763 64-Core Processor @ 3244.860MHz
BenchmarkAddScaledVec10Inc1-4   	  282456	      2203 ns/op
PASS

shortname: gonum_mat-AddScaledVec10Inc1
toolchain: LLGoFullLTO
goos: linux
goarch: amd64
pkg: gonum.org/v1/gonum/mat
cpu: AMD EPYC 7763 64-Core Processor @ 3240.907MHz
BenchmarkAddScaledVec10Inc1-4   	  244843	      2127 ns/op
PASS

shortname: gonum_mat-CholeskyFactorize%2Fn%3D10
toolchain: LLGoFullLTO
goos: linux
goarch: amd64
pkg: gonum.org/v1/gonum/mat
cpu: AMD EPYC 7763 64-Core Processor @ 3241.381MHz
BenchmarkCholeskyFactorize/n=10-4         	   27080	     21915 ns/op
PASS

shortname: gonum_mat-CholeskyFactorize%2Fn%3D10
toolchain: LLGoFullLTO
goos: linux
goarch: amd64
pkg: gonum.org/v1/gonum/mat
cpu: AMD EPYC 7763 64-Core Processor @ 3244.178MHz
BenchmarkCholeskyFactorize/n=10-4         	   27020	     21563 ns/op
PASS

shortname: gonum_mat-CholeskyFactorize%2Fn%3D10
toolchain: LLGoFullLTO
goos: linux
goarch: amd64
pkg: gonum.org/v1/gonum/mat
cpu: AMD EPYC 7763 64-Core Processor @ 3240.491MHz
BenchmarkCholeskyFactorize/n=10-4         	   26976	     21844 ns/op
PASS

shortname: gonum_mat-CholeskyFactorize%2Fn%3D10
toolchain: LLGoFullLTO
goos: linux
goarch: amd64
pkg: gonum.org/v1/gonum/mat
cpu: AMD EPYC 7763 64-Core Processor @ 3245.178MHz
BenchmarkCholeskyFactorize/n=10-4         	   27166	     21783 ns/op
PASS

shortname: gonum_mat-CholeskyFactorize%2Fn%3D10
toolchain: LLGoFullLTO
goos: linux
goarch: amd64
pkg: gonum.org/v1/gonum/mat
cpu: AMD EPYC 7763 64-Core Processor @ 3241.553MHz
BenchmarkCholeskyFactorize/n=10-4         	   27272	     21592 ns/op
PASS

shortname: gonum_mat-CholeskyInverseTo%2Fn%3D100
toolchain: LLGoFullLTO
goos: linux
goarch: amd64
pkg: gonum.org/v1/gonum/mat
cpu: AMD EPYC 7763 64-Core Processor @ 3247.136MHz
BenchmarkCholeskyInverseTo/n=100-4         	    1900	    314155 ns/op
PASS

shortname: gonum_mat-CholeskyInverseTo%2Fn%3D100
toolchain: LLGoFullLTO
goos: linux
goarch: amd64
pkg: gonum.org/v1/gonum/mat
cpu: AMD EPYC 7763 64-Core Processor @ 3245.439MHz
BenchmarkCholeskyInverseTo/n=100-4         	    1898	    311991 ns/op
PASS

shortname: gonum_mat-CholeskyInverseTo%2Fn%3D100
toolchain: LLGoFullLTO
goos: linux
goarch: amd64
pkg: gonum.org/v1/gonum/mat
cpu: AMD EPYC 7763 64-Core Processor @ 3242.529MHz
BenchmarkCholeskyInverseTo/n=100-4         	    1922	    313257 ns/op
PASS

shortname: gonum_mat-CholeskyInverseTo%2Fn%3D100
toolchain: LLGoFullLTO
goos: linux
goarch: amd64
pkg: gonum.org/v1/gonum/mat
cpu: AMD EPYC 7763 64-Core Processor @ 3243.362MHz
BenchmarkCholeskyInverseTo/n=100-4         	    1921	    313164 ns/op
PASS

shortname: gonum_mat-CholeskyInverseTo%2Fn%3D100
toolchain: LLGoFullLTO
goos: linux
goarch: amd64
pkg: gonum.org/v1/gonum/mat
cpu: AMD EPYC 7763 64-Core Processor @ 3241.418MHz
BenchmarkCholeskyInverseTo/n=100-4         	    1912	    313234 ns/op
PASS

shortname: gonum_mat-MarshalToVecDense10
toolchain: LLGoFullLTO
goos: linux
goarch: amd64
pkg: gonum.org/v1/gonum/mat
cpu: AMD EPYC 7763 64-Core Processor @ 3241.694MHz
BenchmarkMarshalToVecDense10-4   	  348225	      1554 ns/op
PASS

shortname: gonum_mat-MarshalToVecDense10
toolchain: LLGoFullLTO
goos: linux
goarch: amd64
pkg: gonum.org/v1/gonum/mat
cpu: AMD EPYC 7763 64-Core Processor @ 3241.916MHz
BenchmarkMarshalToVecDense10-4   	  348957	      1557 ns/op
PASS

shortname: gonum_mat-MarshalToVecDense10
toolchain: LLGoFullLTO
goos: linux
goarch: amd64
pkg: gonum.org/v1/gonum/mat
cpu: AMD EPYC 7763 64-Core Processor @ 3239.217MHz
BenchmarkMarshalToVecDense10-4   	  346694	      1554 ns/op
PASS

shortname: gonum_mat-MarshalToVecDense10
toolchain: LLGoFullLTO
goos: linux
goarch: amd64
pkg: gonum.org/v1/gonum/mat
cpu: AMD EPYC 7763 64-Core Processor @ 3240.856MHz
BenchmarkMarshalToVecDense10-4   	  341446	      1607 ns/op
PASS

shortname: gonum_mat-MarshalToVecDense10
toolchain: LLGoFullLTO
goos: linux
goarch: amd64
pkg: gonum.org/v1/gonum/mat
cpu: AMD EPYC 7763 64-Core Processor @ 3242.659MHz
BenchmarkMarshalToVecDense10-4   	  350655	      1551 ns/op
PASS

shortname: gonum_mat-Pool100by100Uncleared
toolchain: LLGoFullLTO
goos: linux
goarch: amd64
pkg: gonum.org/v1/gonum/mat
cpu: AMD EPYC 7763 64-Core Processor @ 3244.496MHz
BenchmarkPool100by100Uncleared-4   	19971592	        30.14 ns/op
PASS

shortname: gonum_mat-Pool100by100Uncleared
toolchain: LLGoFullLTO
goos: linux
goarch: amd64
pkg: gonum.org/v1/gonum/mat
cpu: AMD EPYC 7763 64-Core Processor @ 3243.229MHz
BenchmarkPool100by100Uncleared-4   	19904504	        30.32 ns/op
PASS

shortname: gonum_mat-Pool100by100Uncleared
toolchain: LLGoFullLTO
goos: linux
goarch: amd64
pkg: gonum.org/v1/gonum/mat
cpu: AMD EPYC 7763 64-Core Processor @ 3244.625MHz
BenchmarkPool100by100Uncleared-4   	20008369	        30.12 ns/op
PASS

shortname: gonum_mat-Pool100by100Uncleared
toolchain: LLGoFullLTO
goos: linux
goarch: amd64
pkg: gonum.org/v1/gonum/mat
cpu: AMD EPYC 7763 64-Core Processor @ 3245.891MHz
BenchmarkPool100by100Uncleared-4   	19985094	        30.11 ns/op
PASS

shortname: gonum_mat-Pool100by100Uncleared
toolchain: LLGoFullLTO
goos: linux
goarch: amd64
pkg: gonum.org/v1/gonum/mat
cpu: AMD EPYC 7763 64-Core Processor @ 3242.561MHz
BenchmarkPool100by100Uncleared-4   	19916092	        30.10 ns/op
PASS

shortname: gonum_mat-TriMulDiag%2FBenchmarkTriMulDiag100
toolchain: LLGoFullLTO
goos: linux
goarch: amd64
pkg: gonum.org/v1/gonum/mat
cpu: AMD EPYC 7763 64-Core Processor @ 3241.767MHz
BenchmarkTriMulDiag/BenchmarkTriMulDiag100-4         	    5149	    111753 ns/op
PASS

shortname: gonum_mat-TriMulDiag%2FBenchmarkTriMulDiag100
toolchain: LLGoFullLTO
goos: linux
goarch: amd64
pkg: gonum.org/v1/gonum/mat
cpu: AMD EPYC 7763 64-Core Processor @ 3244.387MHz
BenchmarkTriMulDiag/BenchmarkTriMulDiag100-4         	    5198	    111929 ns/op
PASS

shortname: gonum_mat-TriMulDiag%2FBenchmarkTriMulDiag100
toolchain: LLGoFullLTO
goos: linux
goarch: amd64
pkg: gonum.org/v1/gonum/mat
cpu: AMD EPYC 7763 64-Core Processor @ 3243.945MHz
BenchmarkTriMulDiag/BenchmarkTriMulDiag100-4         	    5192	    112496 ns/op
PASS

shortname: gonum_mat-TriMulDiag%2FBenchmarkTriMulDiag100
toolchain: LLGoFullLTO
goos: linux
goarch: amd64
pkg: gonum.org/v1/gonum/mat
cpu: AMD EPYC 7763 64-Core Processor @ 3245.159MHz
BenchmarkTriMulDiag/BenchmarkTriMulDiag100-4         	    5173	    112180 ns/op
PASS

shortname: gonum_mat-TriMulDiag%2FBenchmarkTriMulDiag100
toolchain: LLGoFullLTO
goos: linux
goarch: amd64
pkg: gonum.org/v1/gonum/mat
cpu: AMD EPYC 7763 64-Core Processor @ 3244.369MHz
BenchmarkTriMulDiag/BenchmarkTriMulDiag100-4         	    5119	    111517 ns/op
PASS

shortname: gonum_mat-UnmarshalVecDense10
toolchain: LLGoFullLTO
goos: linux
goarch: amd64
pkg: gonum.org/v1/gonum/mat
cpu: AMD EPYC 7763 64-Core Processor @ 3241.537MHz
BenchmarkUnmarshalVecDense10-4   	  475290	      1143 ns/op
PASS

shortname: gonum_mat-UnmarshalVecDense10
toolchain: LLGoFullLTO
goos: linux
goarch: amd64
pkg: gonum.org/v1/gonum/mat
cpu: AMD EPYC 7763 64-Core Processor @ 3241.638MHz
BenchmarkUnmarshalVecDense10-4   	  473484	      1144 ns/op
PASS

shortname: gonum_mat-UnmarshalVecDense10
toolchain: LLGoFullLTO
goos: linux
goarch: amd64
pkg: gonum.org/v1/gonum/mat
cpu: AMD EPYC 7763 64-Core Processor @ 3241.357MHz
BenchmarkUnmarshalVecDense10-4   	  474295	      1140 ns/op
PASS

shortname: gonum_mat-UnmarshalVecDense10
toolchain: LLGoFullLTO
goos: linux
goarch: amd64
pkg: gonum.org/v1/gonum/mat
cpu: AMD EPYC 7763 64-Core Processor @ 3240.952MHz
BenchmarkUnmarshalVecDense10-4   	  472592	      1143 ns/op
PASS

shortname: gonum_mat-UnmarshalVecDense10
toolchain: LLGoFullLTO
goos: linux
goarch: amd64
pkg: gonum.org/v1/gonum/mat
cpu: AMD EPYC 7763 64-Core Processor @ 3244.304MHz
BenchmarkUnmarshalVecDense10-4   	  472927	      1149 ns/op
PASS

shortname: gonum_topo-SortStabilizedPath_100000
toolchain: LLGoFullLTO
goos: linux
goarch: amd64
pkg: gonum.org/v1/gonum/graph/topo
cpu: AMD EPYC 7763 64-Core Processor @ 3241.272MHz
BenchmarkSortStabilizedPath_100000-4   	       2	 258347332 ns/op
PASS

shortname: gonum_topo-SortStabilizedPath_100000
toolchain: LLGoFullLTO
goos: linux
goarch: amd64
pkg: gonum.org/v1/gonum/graph/topo
cpu: AMD EPYC 7763 64-Core Processor @ 2445.428MHz
BenchmarkSortStabilizedPath_100000-4   	       2	 259548666 ns/op
PASS

shortname: gonum_topo-SortStabilizedPath_100000
toolchain: LLGoFullLTO
goos: linux
goarch: amd64
pkg: gonum.org/v1/gonum/graph/topo
cpu: AMD EPYC 7763 64-Core Processor @ 3241.238MHz
BenchmarkSortStabilizedPath_100000-4   	       2	 255459055 ns/op
PASS

shortname: gonum_topo-SortStabilizedPath_100000
toolchain: LLGoFullLTO
goos: linux
goarch: amd64
pkg: gonum.org/v1/gonum/graph/topo
cpu: AMD EPYC 7763 64-Core Processor @ 3244.109MHz
BenchmarkSortStabilizedPath_100000-4   	       2	 257410652 ns/op
PASS

shortname: gonum_topo-SortStabilizedPath_100000
toolchain: LLGoFullLTO
goos: linux
goarch: amd64
pkg: gonum.org/v1/gonum/graph/topo
cpu: AMD EPYC 7763 64-Core Processor @ 3241.371MHz
BenchmarkSortStabilizedPath_100000-4   	       3	 266303140 ns/op
PASS

shortname: gonum_traverse-WalkAllDepthFirstGnp_100_half
toolchain: LLGoFullLTO
goos: linux
goarch: amd64
pkg: gonum.org/v1/gonum/graph/traverse
cpu: AMD EPYC 7763 64-Core Processor @ 3241.225MHz
BenchmarkWalkAllDepthFirstGnp_100_half-4   	     652	   1054361 ns/op
PASS

shortname: gonum_traverse-WalkAllDepthFirstGnp_100_half
toolchain: LLGoFullLTO
goos: linux
goarch: amd64
pkg: gonum.org/v1/gonum/graph/traverse
cpu: AMD EPYC 7763 64-Core Processor @ 3241.776MHz
BenchmarkWalkAllDepthFirstGnp_100_half-4   	     666	   1030991 ns/op
PASS

shortname: gonum_traverse-WalkAllDepthFirstGnp_100_half
toolchain: LLGoFullLTO
goos: linux
goarch: amd64
pkg: gonum.org/v1/gonum/graph/traverse
cpu: AMD EPYC 7763 64-Core Processor @ 3243.225MHz
BenchmarkWalkAllDepthFirstGnp_100_half-4   	     654	   1055091 ns/op
PASS

shortname: gonum_traverse-WalkAllDepthFirstGnp_100_half
toolchain: LLGoFullLTO
goos: linux
goarch: amd64
pkg: gonum.org/v1/gonum/graph/traverse
cpu: AMD EPYC 7763 64-Core Processor @ 3244.017MHz
BenchmarkWalkAllDepthFirstGnp_100_half-4   	     663	   1039680 ns/op
PASS

shortname: gonum_traverse-WalkAllDepthFirstGnp_100_half
toolchain: LLGoFullLTO
goos: linux
goarch: amd64
pkg: gonum.org/v1/gonum/graph/traverse
cpu: AMD EPYC 7763 64-Core Processor @ 3242.593MHz
BenchmarkWalkAllDepthFirstGnp_100_half-4   	     663	   1041625 ns/op
PASS

shortname: gproto_encoding-TextDecode
toolchain: LLGoFullLTO
goos: linux
goarch: amd64
pkg: google.golang.org/protobuf/encoding
cpu: AMD EPYC 7763 64-Core Processor @ 3241.563MHz
BenchmarkTextDecode-4   	       5	 119457393 ns/op
PASS

shortname: gproto_encoding-TextDecode
toolchain: LLGoFullLTO
goos: linux
goarch: amd64
pkg: google.golang.org/protobuf/encoding
cpu: AMD EPYC 7763 64-Core Processor @ 3240.875MHz
BenchmarkTextDecode-4   	       5	 117837925 ns/op
PASS

shortname: gproto_encoding-TextDecode
toolchain: LLGoFullLTO
goos: linux
goarch: amd64
pkg: google.golang.org/protobuf/encoding
cpu: AMD EPYC 7763 64-Core Processor @ 2901.377MHz
BenchmarkTextDecode-4   	       5	 119237670 ns/op
PASS

shortname: gproto_encoding-TextDecode
toolchain: LLGoFullLTO
goos: linux
goarch: amd64
pkg: google.golang.org/protobuf/encoding
cpu: AMD EPYC 7763 64-Core Processor @ 3244.094MHz
BenchmarkTextDecode-4   	       4	 125293828 ns/op
PASS

shortname: gproto_encoding-TextDecode
toolchain: LLGoFullLTO
goos: linux
goarch: amd64
pkg: google.golang.org/protobuf/encoding
cpu: AMD EPYC 7763 64-Core Processor @ 3244.899MHz
BenchmarkTextDecode-4   	       5	 118297121 ns/op
PASS

shortname: gproto_json-Bool
toolchain: LLGoFullLTO
goos: linux
goarch: amd64
pkg: google.golang.org/protobuf/internal/encoding/json
cpu: AMD EPYC 7763 64-Core Processor @ 3244.555MHz
BenchmarkBool-4   	 1949088	       306.1 ns/op
PASS

shortname: gproto_json-Bool
toolchain: LLGoFullLTO
goos: linux
goarch: amd64
pkg: google.golang.org/protobuf/internal/encoding/json
cpu: AMD EPYC 7763 64-Core Processor @ 3241.616MHz
BenchmarkBool-4   	 1944021	       304.4 ns/op
PASS

shortname: gproto_json-Bool
toolchain: LLGoFullLTO
goos: linux
goarch: amd64
pkg: google.golang.org/protobuf/internal/encoding/json
cpu: AMD EPYC 7763 64-Core Processor @ 3242.076MHz
BenchmarkBool-4   	 1940554	       304.5 ns/op
PASS

shortname: gproto_json-Bool
toolchain: LLGoFullLTO
goos: linux
goarch: amd64
pkg: google.golang.org/protobuf/internal/encoding/json
cpu: AMD EPYC 7763 64-Core Processor @ 3243.538MHz
BenchmarkBool-4   	 1951118	       301.8 ns/op
PASS

shortname: gproto_json-Bool
toolchain: LLGoFullLTO
goos: linux
goarch: amd64
pkg: google.golang.org/protobuf/internal/encoding/json
cpu: AMD EPYC 7763 64-Core Processor @ 3244.021MHz
BenchmarkBool-4   	 1935003	       306.9 ns/op
PASS

shortname: gproto_json-Int
toolchain: LLGoFullLTO
goos: linux
goarch: amd64
pkg: google.golang.org/protobuf/internal/encoding/json
cpu: AMD EPYC 7763 64-Core Processor @ 3244.025MHz
BenchmarkInt-4   	  773382	       679.9 ns/op
PASS

shortname: gproto_json-Int
toolchain: LLGoFullLTO
goos: linux
goarch: amd64
pkg: google.golang.org/protobuf/internal/encoding/json
cpu: AMD EPYC 7763 64-Core Processor @ 3242.157MHz
BenchmarkInt-4   	  772250	       676.5 ns/op
PASS

shortname: gproto_json-Int
toolchain: LLGoFullLTO
goos: linux
goarch: amd64
pkg: google.golang.org/protobuf/internal/encoding/json
cpu: AMD EPYC 7763 64-Core Processor @ 3244.151MHz
BenchmarkInt-4   	  774120	       679.4 ns/op
PASS

shortname: gproto_json-Int
toolchain: LLGoFullLTO
goos: linux
goarch: amd64
pkg: google.golang.org/protobuf/internal/encoding/json
cpu: AMD EPYC 7763 64-Core Processor @ 3243.861MHz
BenchmarkInt-4   	  771942	       674.9 ns/op
PASS

shortname: gproto_json-Int
toolchain: LLGoFullLTO
goos: linux
goarch: amd64
pkg: google.golang.org/protobuf/internal/encoding/json
cpu: AMD EPYC 7763 64-Core Processor @ 3244.425MHz
BenchmarkInt-4   	  776532	       684.7 ns/op
PASS

shortname: gproto_proto-Decode%2Fbasic_scalar_types_%28%2Atest.TestAllTypes%29
toolchain: LLGoFullLTO
goos: linux
goarch: amd64
pkg: google.golang.org/protobuf/proto
cpu: AMD EPYC 7763 64-Core Processor @ 3242.693MHz
BenchmarkDecode/basic_scalar_types_(*test.TestAllTypes)-4         	   54522	     10273 ns/op
PASS

shortname: gproto_proto-Decode%2Fbasic_scalar_types_%28%2Atest.TestAllTypes%29
toolchain: LLGoFullLTO
goos: linux
goarch: amd64
pkg: google.golang.org/protobuf/proto
cpu: AMD EPYC 7763 64-Core Processor @ 3245.176MHz
BenchmarkDecode/basic_scalar_types_(*test.TestAllTypes)-4         	   52354	     10420 ns/op
PASS

shortname: gproto_proto-Decode%2Fbasic_scalar_types_%28%2Atest.TestAllTypes%29
toolchain: LLGoFullLTO
goos: linux
goarch: amd64
pkg: google.golang.org/protobuf/proto
cpu: AMD EPYC 7763 64-Core Processor @ 3242.487MHz
BenchmarkDecode/basic_scalar_types_(*test.TestAllTypes)-4         	   54787	     10204 ns/op
PASS

shortname: gproto_proto-Decode%2Fbasic_scalar_types_%28%2Atest.TestAllTypes%29
toolchain: LLGoFullLTO
goos: linux
goarch: amd64
pkg: google.golang.org/protobuf/proto
cpu: AMD EPYC 7763 64-Core Processor @ 3245.267MHz
BenchmarkDecode/basic_scalar_types_(*test.TestAllTypes)-4         	   50054	     10135 ns/op
PASS

shortname: gproto_proto-Decode%2Fbasic_scalar_types_%28%2Atest.TestAllTypes%29
toolchain: LLGoFullLTO
goos: linux
goarch: amd64
pkg: google.golang.org/protobuf/proto
cpu: AMD EPYC 7763 64-Core Processor @ 3244.308MHz
BenchmarkDecode/basic_scalar_types_(*test.TestAllTypes)-4         	   53788	     10120 ns/op
PASS

shortname: gproto_proto-Decode%2Fjust_at_recursion_limit_%28%2Atest3.TestAllTypes%29
toolchain: LLGoFullLTO
goos: linux
goarch: amd64
pkg: google.golang.org/protobuf/proto
cpu: AMD EPYC 7763 64-Core Processor @ 3243.983MHz
BenchmarkDecode/just_at_recursion_limit_(*test3.TestAllTypes)-4         	   49998	     11326 ns/op
PASS

shortname: gproto_proto-Decode%2Fjust_at_recursion_limit_%28%2Atest3.TestAllTypes%29
toolchain: LLGoFullLTO
goos: linux
goarch: amd64
pkg: google.golang.org/protobuf/proto
cpu: AMD EPYC 7763 64-Core Processor @ 3243.878MHz
BenchmarkDecode/just_at_recursion_limit_(*test3.TestAllTypes)-4         	   50386	     11252 ns/op
PASS

shortname: gproto_proto-Decode%2Fjust_at_recursion_limit_%28%2Atest3.TestAllTypes%29
toolchain: LLGoFullLTO
goos: linux
goarch: amd64
pkg: google.golang.org/protobuf/proto
cpu: AMD EPYC 7763 64-Core Processor @ 3244.022MHz
BenchmarkDecode/just_at_recursion_limit_(*test3.TestAllTypes)-4         	   49441	     11250 ns/op
PASS

shortname: gproto_proto-Decode%2Fjust_at_recursion_limit_%28%2Atest3.TestAllTypes%29
toolchain: LLGoFullLTO
goos: linux
goarch: amd64
pkg: google.golang.org/protobuf/proto
cpu: AMD EPYC 7763 64-Core Processor @ 3243.928MHz
BenchmarkDecode/just_at_recursion_limit_(*test3.TestAllTypes)-4         	   50804	     11242 ns/op
PASS

shortname: gproto_proto-Decode%2Fjust_at_recursion_limit_%28%2Atest3.TestAllTypes%29
toolchain: LLGoFullLTO
goos: linux
goarch: amd64
pkg: google.golang.org/protobuf/proto
cpu: AMD EPYC 7763 64-Core Processor @ 3244.166MHz
BenchmarkDecode/just_at_recursion_limit_(*test3.TestAllTypes)-4         	   50061	     11598 ns/op
PASS

shortname: gproto_proto-EqualWithDeeplyNestedEqual
toolchain: LLGoFullLTO
goos: linux
goarch: amd64
pkg: google.golang.org/protobuf/proto
cpu: AMD EPYC 7763 64-Core Processor @ 3244.133MHz
BenchmarkEqualWithDeeplyNestedEqual-4   	    1995	    314470 ns/op	  278033 B/op	       0 allocs/op
PASS

shortname: gproto_proto-EqualWithDeeplyNestedEqual
toolchain: LLGoFullLTO
goos: linux
goarch: amd64
pkg: google.golang.org/protobuf/proto
cpu: AMD EPYC 7763 64-Core Processor @ 3241.252MHz
BenchmarkEqualWithDeeplyNestedEqual-4   	    2052	    301114 ns/op	  277983 B/op	       0 allocs/op
PASS

shortname: gproto_proto-EqualWithDeeplyNestedEqual
toolchain: LLGoFullLTO
goos: linux
goarch: amd64
pkg: google.golang.org/protobuf/proto
cpu: AMD EPYC 7763 64-Core Processor @ 3242.600MHz
BenchmarkEqualWithDeeplyNestedEqual-4   	    2046	    297445 ns/op	  278018 B/op	       0 allocs/op
PASS

shortname: gproto_proto-EqualWithDeeplyNestedEqual
toolchain: LLGoFullLTO
goos: linux
goarch: amd64
pkg: google.golang.org/protobuf/proto
cpu: AMD EPYC 7763 64-Core Processor @ 3241.243MHz
BenchmarkEqualWithDeeplyNestedEqual-4   	    2022	    307062 ns/op	  277985 B/op	       0 allocs/op
PASS

shortname: gproto_proto-EqualWithDeeplyNestedEqual
toolchain: LLGoFullLTO
goos: linux
goarch: amd64
pkg: google.golang.org/protobuf/proto
cpu: AMD EPYC 7763 64-Core Processor @ 3244.016MHz
BenchmarkEqualWithDeeplyNestedEqual-4   	    2038	    303896 ns/op	  278041 B/op	       0 allocs/op
PASS

shortname: gproto_reflect-Value%2FInterface
toolchain: LLGoFullLTO
goos: linux
goarch: amd64
pkg: google.golang.org/protobuf/reflect/protoreflect
cpu: AMD EPYC 7763 64-Core Processor @ 3240.974MHz
BenchmarkValue/Interface-4         	26498260	        22.70 ns/op	      32 B/op	       0 allocs/op
PASS

shortname: gproto_reflect-Value%2FInterface
toolchain: LLGoFullLTO
goos: linux
goarch: amd64
pkg: google.golang.org/protobuf/reflect/protoreflect
cpu: AMD EPYC 7763 64-Core Processor @ 3243.062MHz
BenchmarkValue/Interface-4         	26603248	        23.38 ns/op	      32 B/op	       0 allocs/op
PASS

shortname: gproto_reflect-Value%2FInterface
toolchain: LLGoFullLTO
goos: linux
goarch: amd64
pkg: google.golang.org/protobuf/reflect/protoreflect
cpu: AMD EPYC 7763 64-Core Processor @ 3241.395MHz
BenchmarkValue/Interface-4         	26493382	        22.46 ns/op	      32 B/op	       0 allocs/op
PASS

shortname: gproto_reflect-Value%2FInterface
toolchain: LLGoFullLTO
goos: linux
goarch: amd64
pkg: google.golang.org/protobuf/reflect/protoreflect
cpu: AMD EPYC 7763 64-Core Processor @ 3242.171MHz
BenchmarkValue/Interface-4         	26654433	        22.57 ns/op	      32 B/op	       0 allocs/op
PASS

shortname: gproto_reflect-Value%2FInterface
toolchain: LLGoFullLTO
goos: linux
goarch: amd64
pkg: google.golang.org/protobuf/reflect/protoreflect
cpu: AMD EPYC 7763 64-Core Processor @ 3242.233MHz
BenchmarkValue/Interface-4         	26428664	        22.79 ns/op	      32 B/op	       0 allocs/op
PASS

shortname: k8s_cache-EachListItemWithAlloc%2FPodList
toolchain: LLGoFullLTO
goos: linux
goarch: amd64
pkg: k8s.io/client-go/tools/cache
cpu: AMD EPYC 7763 64-Core Processor @ 3242.743MHz
BenchmarkEachListItemWithAlloc/PodList-4         	    3444	    148826 ns/op
PASS
goleak: Errors on successful test run: found unexpected goroutines:
[Goroutine 6 in state running, with github.com/xgo-dev/llgo/runtime/abi.(*UncommonType).Methods on top of the stack:
github.com/xgo-dev/llgo/runtime/abi.(*UncommonType).Methods(...)
	/home/runner/work/benchmarks/benchmarks/.ci/llgo/runtime/abi/type.go:339 +0x7f763eaff842
github.com/xgo-dev/llgo/runtime/abi.(*UncommonType).Methods(...)
	/home/runner/work/benchmarks/benchmarks/.ci/llgo/runtime/abi/type.go:339 +0x7f763ede3076
github.com/xgo-dev/llgo/runtime/abi.(*UncommonType).Methods(...)
	/home/runner/work/benchmarks/benchmarks/.ci/llgo/runtime/abi/type.go:339 +0x7f763eb03576
github.com/xgo-dev/llgo/runtime/abi.(*UncommonType).Methods(...)
	/home/runner/work/benchmarks/benchmarks/.ci/llgo/runtime/abi/type.go:339 +0x7f763eb908be
created by github.com/xgo-dev/llgo/runtime/abi.(*UncommonType).Methods in goroutine 1
	/home/runner/work/benchmarks/benchmarks/.ci/llgo/runtime/abi/type.go:339 +0x7f763eb089a5
 Goroutine 2 in state chan receive, with github.com/xgo-dev/llgo/runtime/abi.(*UncommonType).Methods on top of the stack:
github.com/xgo-dev/llgo/runtime/abi.(*UncommonType).Methods(...)
	/home/runner/work/benchmarks/benchmarks/.ci/llgo/runtime/abi/type.go:339 +0x7f763eaff842
github.com/xgo-dev/llgo/runtime/abi.(*UncommonType).Methods(...)
	/home/runner/work/benchmarks/benchmarks/.ci/llgo/runtime/abi/type.go:339 +0x7f763ede3076
github.com/xgo-dev/llgo/runtime/abi.(*UncommonType).Methods(...)
	/home/runner/work/benchmarks/benchmarks/.ci/llgo/runtime/abi/type.go:339 +0x7f763eb03576
github.com/xgo-dev/llgo/runtime/abi.(*UncommonType).Methods(...)
	/home/runner/work/benchmarks/benchmarks/.ci/llgo/runtime/abi/type.go:339 +0x7f763eb908be
created by unique.Make[net/netip.addrDetail] in goroutine 1
	/home/runner/work/benchmarks/benchmarks/.ci/llgo/runtime/_patch/unique/handle.go:40 +0x15e
]

shortname: k8s_cache-EachListItemWithAlloc%2FPodList
toolchain: LLGoFullLTO
goos: linux
goarch: amd64
pkg: k8s.io/client-go/tools/cache
cpu: AMD EPYC 7763 64-Core Processor @ 3244.344MHz
BenchmarkEachListItemWithAlloc/PodList-4         	    3962	    152577 ns/op
PASS
goleak: Errors on successful test run: found unexpected goroutines:
[Goroutine 6 in state running, with github.com/xgo-dev/llgo/runtime/abi.(*UncommonType).Methods on top of the stack:
github.com/xgo-dev/llgo/runtime/abi.(*UncommonType).Methods(...)
	/home/runner/work/benchmarks/benchmarks/.ci/llgo/runtime/abi/type.go:339 +0x7f8a134ff842
github.com/xgo-dev/llgo/runtime/abi.(*UncommonType).Methods(...)
	/home/runner/work/benchmarks/benchmarks/.ci/llgo/runtime/abi/type.go:339 +0x7f8a1371c076
github.com/xgo-dev/llgo/runtime/abi.(*UncommonType).Methods(...)
	/home/runner/work/benchmarks/benchmarks/.ci/llgo/runtime/abi/type.go:339 +0x7f8a13503576
github.com/xgo-dev/llgo/runtime/abi.(*UncommonType).Methods(...)
	/home/runner/work/benchmarks/benchmarks/.ci/llgo/runtime/abi/type.go:339 +0x7f8a135908be
created by github.com/xgo-dev/llgo/runtime/abi.(*UncommonType).Methods in goroutine 1
	/home/runner/work/benchmarks/benchmarks/.ci/llgo/runtime/abi/type.go:339 +0x7f8a135089a5
 Goroutine 2 in state chan receive, with github.com/xgo-dev/llgo/runtime/abi.(*UncommonType).Methods on top of the stack:
github.com/xgo-dev/llgo/runtime/abi.(*UncommonType).Methods(...)
	/home/runner/work/benchmarks/benchmarks/.ci/llgo/runtime/abi/type.go:339 +0x7f8a134ff842
github.com/xgo-dev/llgo/runtime/abi.(*UncommonType).Methods(...)
	/home/runner/work/benchmarks/benchmarks/.ci/llgo/runtime/abi/type.go:339 +0x7f8a1371c076
github.com/xgo-dev/llgo/runtime/abi.(*UncommonType).Methods(...)
	/home/runner/work/benchmarks/benchmarks/.ci/llgo/runtime/abi/type.go:339 +0x7f8a13503576
github.com/xgo-dev/llgo/runtime/abi.(*UncommonType).Methods(...)
	/home/runner/work/benchmarks/benchmarks/.ci/llgo/runtime/abi/type.go:339 +0x7f8a135908be
created by unique.Make[net/netip.addrDetail] in goroutine 1
	/home/runner/work/benchmarks/benchmarks/.ci/llgo/runtime/_patch/unique/handle.go:40 +0x15e
]

shortname: k8s_cache-EachListItemWithAlloc%2FPodList
toolchain: LLGoFullLTO
goos: linux
goarch: amd64
pkg: k8s.io/client-go/tools/cache
cpu: AMD EPYC 7763 64-Core Processor @ 3241.466MHz
BenchmarkEachListItemWithAlloc/PodList-4         	    4138	    145573 ns/op
PASS
goleak: Errors on successful test run: found unexpected goroutines:
[Goroutine 6 in state running, with github.com/xgo-dev/llgo/runtime/abi.(*UncommonType).Methods on top of the stack:
github.com/xgo-dev/llgo/runtime/abi.(*UncommonType).Methods(...)
	/home/runner/work/benchmarks/benchmarks/.ci/llgo/runtime/abi/type.go:339 +0x7fdbf6aff842
github.com/xgo-dev/llgo/runtime/abi.(*UncommonType).Methods(...)
	/home/runner/work/benchmarks/benchmarks/.ci/llgo/runtime/abi/type.go:339 +0x7fdbf6cda076
github.com/xgo-dev/llgo/runtime/abi.(*UncommonType).Methods(...)
	/home/runner/work/benchmarks/benchmarks/.ci/llgo/runtime/abi/type.go:339 +0x7fdbf6b03576
github.com/xgo-dev/llgo/runtime/abi.(*UncommonType).Methods(...)
	/home/runner/work/benchmarks/benchmarks/.ci/llgo/runtime/abi/type.go:339 +0x7fdbf6b908be
created by github.com/xgo-dev/llgo/runtime/abi.(*UncommonType).Methods in goroutine 1
	/home/runner/work/benchmarks/benchmarks/.ci/llgo/runtime/abi/type.go:339 +0x7fdbf6b089a5
 Goroutine 2 in state chan receive, with github.com/xgo-dev/llgo/runtime/abi.(*UncommonType).Methods on top of the stack:
github.com/xgo-dev/llgo/runtime/abi.(*UncommonType).Methods(...)
	/home/runner/work/benchmarks/benchmarks/.ci/llgo/runtime/abi/type.go:339 +0x7fdbf6aff842
github.com/xgo-dev/llgo/runtime/abi.(*UncommonType).Methods(...)
	/home/runner/work/benchmarks/benchmarks/.ci/llgo/runtime/abi/type.go:339 +0x7fdbf6cda076
github.com/xgo-dev/llgo/runtime/abi.(*UncommonType).Methods(...)
	/home/runner/work/benchmarks/benchmarks/.ci/llgo/runtime/abi/type.go:339 +0x7fdbf6b03576
github.com/xgo-dev/llgo/runtime/abi.(*UncommonType).Methods(...)
	/home/runner/work/benchmarks/benchmarks/.ci/llgo/runtime/abi/type.go:339 +0x7fdbf6b908be
created by unique.Make[net/netip.addrDetail] in goroutine 1
	/home/runner/work/benchmarks/benchmarks/.ci/llgo/runtime/_patch/unique/handle.go:40 +0x15e
]

shortname: k8s_cache-EachListItemWithAlloc%2FPodList
toolchain: LLGoFullLTO
goos: linux
goarch: amd64
pkg: k8s.io/client-go/tools/cache
cpu: AMD EPYC 7763 64-Core Processor @ 3243.210MHz
BenchmarkEachListItemWithAlloc/PodList-4         	    4161	    145875 ns/op
PASS
goleak: Errors on successful test run: found unexpected goroutines:
[Goroutine 6 in state running, with github.com/xgo-dev/llgo/runtime/abi.(*UncommonType).Methods on top of the stack:
github.com/xgo-dev/llgo/runtime/abi.(*UncommonType).Methods(...)
	/home/runner/work/benchmarks/benchmarks/.ci/llgo/runtime/abi/type.go:339 +0x7f37f30ff842
github.com/xgo-dev/llgo/runtime/abi.(*UncommonType).Methods(...)
	/home/runner/work/benchmarks/benchmarks/.ci/llgo/runtime/abi/type.go:339 +0x7f37f33a2076
github.com/xgo-dev/llgo/runtime/abi.(*UncommonType).Methods(...)
	/home/runner/work/benchmarks/benchmarks/.ci/llgo/runtime/abi/type.go:339 +0x7f37f3103576
github.com/xgo-dev/llgo/runtime/abi.(*UncommonType).Methods(...)
	/home/runner/work/benchmarks/benchmarks/.ci/llgo/runtime/abi/type.go:339 +0x7f37f31908be
created by github.com/xgo-dev/llgo/runtime/abi.(*UncommonType).Methods in goroutine 1
	/home/runner/work/benchmarks/benchmarks/.ci/llgo/runtime/abi/type.go:339 +0x7f37f31089a5
 Goroutine 2 in state chan receive, with github.com/xgo-dev/llgo/runtime/abi.(*UncommonType).Methods on top of the stack:
github.com/xgo-dev/llgo/runtime/abi.(*UncommonType).Methods(...)
	/home/runner/work/benchmarks/benchmarks/.ci/llgo/runtime/abi/type.go:339 +0x7f37f30ff842
github.com/xgo-dev/llgo/runtime/abi.(*UncommonType).Methods(...)
	/home/runner/work/benchmarks/benchmarks/.ci/llgo/runtime/abi/type.go:339 +0x7f37f33a2076
github.com/xgo-dev/llgo/runtime/abi.(*UncommonType).Methods(...)
	/home/runner/work/benchmarks/benchmarks/.ci/llgo/runtime/abi/type.go:339 +0x7f37f3103576
github.com/xgo-dev/llgo/runtime/abi.(*UncommonType).Methods(...)
	/home/runner/work/benchmarks/benchmarks/.ci/llgo/runtime/abi/type.go:339 +0x7f37f31908be
created by unique.Make[net/netip.addrDetail] in goroutine 1
	/home/runner/work/benchmarks/benchmarks/.ci/llgo/runtime/_patch/unique/handle.go:40 +0x15e
]

shortname: k8s_cache-EachListItemWithAlloc%2FPodList
toolchain: LLGoFullLTO
goos: linux
goarch: amd64
pkg: k8s.io/client-go/tools/cache
cpu: AMD EPYC 7763 64-Core Processor @ 3244.239MHz
BenchmarkEachListItemWithAlloc/PodList-4         	    4045	    147270 ns/op
PASS
goleak: Errors on successful test run: found unexpected goroutines:
[Goroutine 6 in state running, with github.com/xgo-dev/llgo/runtime/abi.(*UncommonType).Methods on top of the stack:
github.com/xgo-dev/llgo/runtime/abi.(*UncommonType).Methods(...)
	/home/runner/work/benchmarks/benchmarks/.ci/llgo/runtime/abi/type.go:339 +0x7fa5316ff842
github.com/xgo-dev/llgo/runtime/abi.(*UncommonType).Methods(...)
	/home/runner/work/benchmarks/benchmarks/.ci/llgo/runtime/abi/type.go:339 +0x7fa53199a076
github.com/xgo-dev/llgo/runtime/abi.(*UncommonType).Methods(...)
	/home/runner/work/benchmarks/benchmarks/.ci/llgo/runtime/abi/type.go:339 +0x7fa531703576
github.com/xgo-dev/llgo/runtime/abi.(*UncommonType).Methods(...)
	/home/runner/work/benchmarks/benchmarks/.ci/llgo/runtime/abi/type.go:339 +0x7fa5317908be
created by github.com/xgo-dev/llgo/runtime/abi.(*UncommonType).Methods in goroutine 1
	/home/runner/work/benchmarks/benchmarks/.ci/llgo/runtime/abi/type.go:339 +0x7fa5317089a5
 Goroutine 2 in state chan receive, with github.com/xgo-dev/llgo/runtime/abi.(*UncommonType).Methods on top of the stack:
github.com/xgo-dev/llgo/runtime/abi.(*UncommonType).Methods(...)
	/home/runner/work/benchmarks/benchmarks/.ci/llgo/runtime/abi/type.go:339 +0x7fa5316ff842
github.com/xgo-dev/llgo/runtime/abi.(*UncommonType).Methods(...)
	/home/runner/work/benchmarks/benchmarks/.ci/llgo/runtime/abi/type.go:339 +0x7fa53199a076
github.com/xgo-dev/llgo/runtime/abi.(*UncommonType).Methods(...)
	/home/runner/work/benchmarks/benchmarks/.ci/llgo/runtime/abi/type.go:339 +0x7fa531703576
github.com/xgo-dev/llgo/runtime/abi.(*UncommonType).Methods(...)
	/home/runner/work/benchmarks/benchmarks/.ci/llgo/runtime/abi/type.go:339 +0x7fa5317908be
created by unique.Make[net/netip.addrDetail] in goroutine 1
	/home/runner/work/benchmarks/benchmarks/.ci/llgo/runtime/_patch/unique/handle.go:40 +0x15e
]

shortname: k8s_workqueue-DelayingQueue_AddAfter
toolchain: LLGoFullLTO
goos: linux
goarch: amd64
pkg: k8s.io/client-go/util/workqueue
cpu: AMD EPYC 7763 64-Core Processor @ 3241.329MHz
BenchmarkDelayingQueue_AddAfter-4   	  105025	      9220 ns/op
PASS

shortname: k8s_workqueue-DelayingQueue_AddAfter
toolchain: LLGoFullLTO
goos: linux
goarch: amd64
pkg: k8s.io/client-go/util/workqueue
cpu: AMD EPYC 7763 64-Core Processor @ 3245.832MHz
BenchmarkDelayingQueue_AddAfter-4   	   79878	      7462 ns/op
PASS

shortname: k8s_workqueue-DelayingQueue_AddAfter
toolchain: LLGoFullLTO
goos: linux
goarch: amd64
pkg: k8s.io/client-go/util/workqueue
cpu: AMD EPYC 7763 64-Core Processor @ 3241.457MHz
BenchmarkDelayingQueue_AddAfter-4   	  104632	      8237 ns/op
PASS

shortname: k8s_workqueue-DelayingQueue_AddAfter
toolchain: LLGoFullLTO
goos: linux
goarch: amd64
pkg: k8s.io/client-go/util/workqueue
cpu: AMD EPYC 7763 64-Core Processor @ 3244.108MHz
BenchmarkDelayingQueue_AddAfter-4   	  112695	      7024 ns/op
PASS

shortname: k8s_workqueue-DelayingQueue_AddAfter
toolchain: LLGoFullLTO
goos: linux
goarch: amd64
pkg: k8s.io/client-go/util/workqueue
cpu: AMD EPYC 7763 64-Core Processor @ 3245.126MHz
BenchmarkDelayingQueue_AddAfter-4   	   91425	      9364 ns/op
PASS

shortname: kanzi-ANS0
toolchain: LLGoFullLTO
goos: linux
goarch: amd64
pkg: github.com/flanglet/kanzi-go/v2/benchmark
cpu: AMD EPYC 7763 64-Core Processor @ 3242.750MHz
BenchmarkANS0-4   	     157	   3811877 ns/op
PASS

shortname: kanzi-ANS0
toolchain: LLGoFullLTO
goos: linux
goarch: amd64
pkg: github.com/flanglet/kanzi-go/v2/benchmark
cpu: AMD EPYC 7763 64-Core Processor @ 3241.025MHz
BenchmarkANS0-4   	     158	   3754900 ns/op
PASS

shortname: kanzi-ANS0
toolchain: LLGoFullLTO
goos: linux
goarch: amd64
pkg: github.com/flanglet/kanzi-go/v2/benchmark
cpu: AMD EPYC 7763 64-Core Processor @ 3240.205MHz
BenchmarkANS0-4   	     158	   3756756 ns/op
PASS

shortname: kanzi-ANS0
toolchain: LLGoFullLTO
goos: linux
goarch: amd64
pkg: github.com/flanglet/kanzi-go/v2/benchmark
cpu: AMD EPYC 7763 64-Core Processor @ 3242.416MHz
BenchmarkANS0-4   	     158	   3749912 ns/op
PASS

shortname: kanzi-ANS0
toolchain: LLGoFullLTO
goos: linux
goarch: amd64
pkg: github.com/flanglet/kanzi-go/v2/benchmark
cpu: AMD EPYC 7763 64-Core Processor @ 3236.986MHz
BenchmarkANS0-4   	     158	   3745234 ns/op
PASS

shortname: kanzi-BWTSmallBlock
toolchain: LLGoFullLTO
goos: linux
goarch: amd64
pkg: github.com/flanglet/kanzi-go/v2/benchmark
cpu: AMD EPYC 7763 64-Core Processor @ 2445.428MHz
BenchmarkBWTSmallBlock-4   	      15	  35998253 ns/op
PASS

shortname: kanzi-BWTSmallBlock
toolchain: LLGoFullLTO
goos: linux
goarch: amd64
pkg: github.com/flanglet/kanzi-go/v2/benchmark
cpu: AMD EPYC 7763 64-Core Processor @ 2445.428MHz
BenchmarkBWTSmallBlock-4   	      15	  36045362 ns/op
PASS

shortname: kanzi-BWTSmallBlock
toolchain: LLGoFullLTO
goos: linux
goarch: amd64
pkg: github.com/flanglet/kanzi-go/v2/benchmark
cpu: AMD EPYC 7763 64-Core Processor @ 3243.963MHz
BenchmarkBWTSmallBlock-4   	      15	  35896110 ns/op
PASS

shortname: kanzi-BWTSmallBlock
toolchain: LLGoFullLTO
goos: linux
goarch: amd64
pkg: github.com/flanglet/kanzi-go/v2/benchmark
cpu: AMD EPYC 7763 64-Core Processor @ 3243.564MHz
BenchmarkBWTSmallBlock-4   	      15	  36156290 ns/op
PASS

shortname: kanzi-BWTSmallBlock
toolchain: LLGoFullLTO
goos: linux
goarch: amd64
pkg: github.com/flanglet/kanzi-go/v2/benchmark
cpu: AMD EPYC 7763 64-Core Processor @ 3241.670MHz
BenchmarkBWTSmallBlock-4   	      15	  36002744 ns/op
PASS

shortname: kanzi-CM
toolchain: LLGoFullLTO
goos: linux
goarch: amd64
pkg: github.com/flanglet/kanzi-go/v2/benchmark
cpu: AMD EPYC 7763 64-Core Processor @ 3241.224MHz
BenchmarkCM-4   	      13	  42934189 ns/op
PASS

shortname: kanzi-CM
toolchain: LLGoFullLTO
goos: linux
goarch: amd64
pkg: github.com/flanglet/kanzi-go/v2/benchmark
cpu: AMD EPYC 7763 64-Core Processor @ 2445.428MHz
BenchmarkCM-4   	      13	  42925729 ns/op
PASS

shortname: kanzi-CM
toolchain: LLGoFullLTO
goos: linux
goarch: amd64
pkg: github.com/flanglet/kanzi-go/v2/benchmark
cpu: AMD EPYC 7763 64-Core Processor @ 2445.428MHz
BenchmarkCM-4   	      13	  43017466 ns/op
PASS

shortname: kanzi-CM
toolchain: LLGoFullLTO
goos: linux
goarch: amd64
pkg: github.com/flanglet/kanzi-go/v2/benchmark
cpu: AMD EPYC 7763 64-Core Processor @ 3244.079MHz
BenchmarkCM-4   	      13	  42853152 ns/op
PASS

shortname: kanzi-CM
toolchain: LLGoFullLTO
goos: linux
goarch: amd64
pkg: github.com/flanglet/kanzi-go/v2/benchmark
cpu: AMD EPYC 7763 64-Core Processor @ 2445.428MHz
BenchmarkCM-4   	      13	  42922917 ns/op
PASS

shortname: kanzi-Huffman
toolchain: LLGoFullLTO
goos: linux
goarch: amd64
pkg: github.com/flanglet/kanzi-go/v2/benchmark
cpu: AMD EPYC 7763 64-Core Processor @ 3244.240MHz
BenchmarkHuffman-4   	     151	   3920759 ns/op
PASS

shortname: kanzi-Huffman
toolchain: LLGoFullLTO
goos: linux
goarch: amd64
pkg: github.com/flanglet/kanzi-go/v2/benchmark
cpu: AMD EPYC 7763 64-Core Processor @ 3124.560MHz
BenchmarkHuffman-4   	     151	   3914714 ns/op
PASS

shortname: kanzi-Huffman
toolchain: LLGoFullLTO
goos: linux
goarch: amd64
pkg: github.com/flanglet/kanzi-go/v2/benchmark
cpu: AMD EPYC 7763 64-Core Processor @ 3243.718MHz
BenchmarkHuffman-4   	     150	   3932287 ns/op
PASS

shortname: kanzi-Huffman
toolchain: LLGoFullLTO
goos: linux
goarch: amd64
pkg: github.com/flanglet/kanzi-go/v2/benchmark
cpu: AMD EPYC 7763 64-Core Processor @ 3242.267MHz
BenchmarkHuffman-4   	     151	   3911381 ns/op
PASS

shortname: kanzi-Huffman
toolchain: LLGoFullLTO
goos: linux
goarch: amd64
pkg: github.com/flanglet/kanzi-go/v2/benchmark
cpu: AMD EPYC 7763 64-Core Processor @ 3247.057MHz
BenchmarkHuffman-4   	     150	   3941330 ns/op
PASS

shortname: nelsam_gxui_interval-General
toolchain: LLGoFullLTO
goos: linux
goarch: amd64
pkg: git.sr.ht/~nelsam/gxui/interval
cpu: AMD EPYC 7763 64-Core Processor @ 3243.663MHz
BenchmarkGeneral-4   	  544557	      1081 ns/op
PASS

shortname: nelsam_gxui_interval-General
toolchain: LLGoFullLTO
goos: linux
goarch: amd64
pkg: git.sr.ht/~nelsam/gxui/interval
cpu: AMD EPYC 7763 64-Core Processor @ 3241.790MHz
BenchmarkGeneral-4   	  543823	      1070 ns/op
PASS

shortname: nelsam_gxui_interval-General
toolchain: LLGoFullLTO
goos: linux
goarch: amd64
pkg: git.sr.ht/~nelsam/gxui/interval
cpu: AMD EPYC 7763 64-Core Processor @ 3239.690MHz
BenchmarkGeneral-4   	  545928	      1115 ns/op
PASS

shortname: nelsam_gxui_interval-General
toolchain: LLGoFullLTO
goos: linux
goarch: amd64
pkg: git.sr.ht/~nelsam/gxui/interval
cpu: AMD EPYC 7763 64-Core Processor @ 3241.830MHz
BenchmarkGeneral-4   	  541209	      1075 ns/op
PASS

shortname: nelsam_gxui_interval-General
toolchain: LLGoFullLTO
goos: linux
goarch: amd64
pkg: git.sr.ht/~nelsam/gxui/interval
cpu: AMD EPYC 7763 64-Core Processor @ 3238.799MHz
BenchmarkGeneral-4   	  540649	      1066 ns/op
PASS

shortname: rcrowley_metrics-Histogram
toolchain: LLGoFullLTO
goos: linux
goarch: amd64
pkg: github.com/rcrowley/go-metrics
cpu: AMD EPYC 7763 64-Core Processor @ 3244.923MHz
BenchmarkHistogram-4   	 5917981	        97.52 ns/op
PASS

shortname: rcrowley_metrics-Histogram
toolchain: LLGoFullLTO
goos: linux
goarch: amd64
pkg: github.com/rcrowley/go-metrics
cpu: AMD EPYC 7763 64-Core Processor @ 3241.817MHz
BenchmarkHistogram-4   	 6119144	        94.92 ns/op
PASS

shortname: rcrowley_metrics-Histogram
toolchain: LLGoFullLTO
goos: linux
goarch: amd64
pkg: github.com/rcrowley/go-metrics
cpu: AMD EPYC 7763 64-Core Processor @ 3241.373MHz
BenchmarkHistogram-4   	 5998716	        96.38 ns/op
PASS

shortname: rcrowley_metrics-Histogram
toolchain: LLGoFullLTO
goos: linux
goarch: amd64
pkg: github.com/rcrowley/go-metrics
cpu: AMD EPYC 7763 64-Core Processor @ 3244.111MHz
BenchmarkHistogram-4   	 6091080	        95.61 ns/op
PASS

shortname: rcrowley_metrics-Histogram
toolchain: LLGoFullLTO
goos: linux
goarch: amd64
pkg: github.com/rcrowley/go-metrics
cpu: AMD EPYC 7763 64-Core Processor @ 3243.192MHz
BenchmarkHistogram-4   	 6121168	        95.02 ns/op
PASS

shortname: rcrowley_metrics-Timer
toolchain: LLGoFullLTO
goos: linux
goarch: amd64
pkg: github.com/rcrowley/go-metrics
cpu: AMD EPYC 7763 64-Core Processor @ 3240.152MHz
BenchmarkTimer-4   	  816307	       632.6 ns/op
PASS

shortname: rcrowley_metrics-Timer
toolchain: LLGoFullLTO
goos: linux
goarch: amd64
pkg: github.com/rcrowley/go-metrics
cpu: AMD EPYC 7763 64-Core Processor @ 3241.242MHz
BenchmarkTimer-4   	  825216	       628.3 ns/op
PASS

shortname: rcrowley_metrics-Timer
toolchain: LLGoFullLTO
goos: linux
goarch: amd64
pkg: github.com/rcrowley/go-metrics
cpu: AMD EPYC 7763 64-Core Processor @ 3243.993MHz
BenchmarkTimer-4   	  831174	       632.3 ns/op
PASS

shortname: rcrowley_metrics-Timer
toolchain: LLGoFullLTO
goos: linux
goarch: amd64
pkg: github.com/rcrowley/go-metrics
cpu: AMD EPYC 7763 64-Core Processor @ 3244.455MHz
BenchmarkTimer-4   	  817950	       633.0 ns/op
PASS

shortname: rcrowley_metrics-Timer
toolchain: LLGoFullLTO
goos: linux
goarch: amd64
pkg: github.com/rcrowley/go-metrics
cpu: AMD EPYC 7763 64-Core Processor @ 3241.982MHz
BenchmarkTimer-4   	  814819	       637.0 ns/op
PASS

shortname: semver-CheckVersionRange
toolchain: LLGoFullLTO
goos: linux
goarch: amd64
pkg: github.com/Masterminds/semver/v3
cpu: AMD EPYC 7763 64-Core Processor @ 3241.686MHz
BenchmarkCheckVersionRange-4   	 6273894	        90.66 ns/op	      64 B/op	       0 allocs/op
PASS

shortname: semver-CheckVersionRange
toolchain: LLGoFullLTO
goos: linux
goarch: amd64
pkg: github.com/Masterminds/semver/v3
cpu: AMD EPYC 7763 64-Core Processor @ 3242.368MHz
BenchmarkCheckVersionRange-4   	 6314506	        91.02 ns/op	      64 B/op	       0 allocs/op
PASS

shortname: semver-CheckVersionRange
toolchain: LLGoFullLTO
goos: linux
goarch: amd64
pkg: github.com/Masterminds/semver/v3
cpu: AMD EPYC 7763 64-Core Processor @ 3244.092MHz
BenchmarkCheckVersionRange-4   	 6177459	        92.01 ns/op	      64 B/op	       0 allocs/op
PASS

shortname: semver-CheckVersionRange
toolchain: LLGoFullLTO
goos: linux
goarch: amd64
pkg: github.com/Masterminds/semver/v3
cpu: AMD EPYC 7763 64-Core Processor @ 3239.783MHz
BenchmarkCheckVersionRange-4   	 6261183	        91.87 ns/op	      64 B/op	       0 allocs/op
PASS

shortname: semver-CheckVersionRange
toolchain: LLGoFullLTO
goos: linux
goarch: amd64
pkg: github.com/Masterminds/semver/v3
cpu: AMD EPYC 7763 64-Core Processor @ 3242.468MHz
BenchmarkCheckVersionRange-4   	 6444372	        88.90 ns/op	      64 B/op	       0 allocs/op
PASS

shortname: semver-CoerceNewVersionSimple
toolchain: LLGoFullLTO
goos: linux
goarch: amd64
pkg: github.com/Masterminds/semver/v3
cpu: AMD EPYC 7763 64-Core Processor @ 3241.536MHz
BenchmarkCoerceNewVersionSimple-4   	 1345590	       440.4 ns/op	     432 B/op	       0 allocs/op
PASS

shortname: semver-CoerceNewVersionSimple
toolchain: LLGoFullLTO
goos: linux
goarch: amd64
pkg: github.com/Masterminds/semver/v3
cpu: AMD EPYC 7763 64-Core Processor @ 3242.964MHz
BenchmarkCoerceNewVersionSimple-4   	 1358430	       439.8 ns/op	     432 B/op	       0 allocs/op
PASS

shortname: semver-CoerceNewVersionSimple
toolchain: LLGoFullLTO
goos: linux
goarch: amd64
pkg: github.com/Masterminds/semver/v3
cpu: AMD EPYC 7763 64-Core Processor @ 3243.289MHz
BenchmarkCoerceNewVersionSimple-4   	 1336244	       446.6 ns/op	     432 B/op	       0 allocs/op
PASS

shortname: semver-CoerceNewVersionSimple
toolchain: LLGoFullLTO
goos: linux
goarch: amd64
pkg: github.com/Masterminds/semver/v3
cpu: AMD EPYC 7763 64-Core Processor @ 3245.536MHz
BenchmarkCoerceNewVersionSimple-4   	 1329375	       452.4 ns/op	     432 B/op	       0 allocs/op
PASS

shortname: semver-CoerceNewVersionSimple
toolchain: LLGoFullLTO
goos: linux
goarch: amd64
pkg: github.com/Masterminds/semver/v3
cpu: AMD EPYC 7763 64-Core Processor @ 3240.806MHz
BenchmarkCoerceNewVersionSimple-4   	 1352756	       442.7 ns/op	     432 B/op	       0 allocs/op
PASS

shortname: semver-ValidateVersionRangeFail
toolchain: LLGoFullLTO
goos: linux
goarch: amd64
pkg: github.com/Masterminds/semver/v3
cpu: AMD EPYC 7763 64-Core Processor @ 3243.554MHz
BenchmarkValidateVersionRangeFail-4   	  223402	      2301 ns/op	    3744 B/op	       0 allocs/op
PASS

shortname: semver-ValidateVersionRangeFail
toolchain: LLGoFullLTO
goos: linux
goarch: amd64
pkg: github.com/Masterminds/semver/v3
cpu: AMD EPYC 7763 64-Core Processor @ 3242.564MHz
BenchmarkValidateVersionRangeFail-4   	  227188	      2369 ns/op	    3744 B/op	       0 allocs/op
PASS

shortname: semver-ValidateVersionRangeFail
toolchain: LLGoFullLTO
goos: linux
goarch: amd64
pkg: github.com/Masterminds/semver/v3
cpu: AMD EPYC 7763 64-Core Processor @ 3241.810MHz
BenchmarkValidateVersionRangeFail-4   	  223680	      2333 ns/op	    3744 B/op	       0 allocs/op
PASS

shortname: semver-ValidateVersionRangeFail
toolchain: LLGoFullLTO
goos: linux
goarch: amd64
pkg: github.com/Masterminds/semver/v3
cpu: AMD EPYC 7763 64-Core Processor @ 3241.612MHz
BenchmarkValidateVersionRangeFail-4   	  221803	      2355 ns/op	    3744 B/op	       0 allocs/op
PASS

shortname: semver-ValidateVersionRangeFail
toolchain: LLGoFullLTO
goos: linux
goarch: amd64
pkg: github.com/Masterminds/semver/v3
cpu: AMD EPYC 7763 64-Core Processor @ 3240.995MHz
BenchmarkValidateVersionRangeFail-4   	  221193	      2376 ns/op	    3744 B/op	       0 allocs/op
PASS

shortname: shopify_sarama-ZstdMemoryConsumption%2Fno_drain
toolchain: LLGoFullLTO
goos: linux
goarch: amd64
pkg: github.com/IBM/sarama
cpu: AMD EPYC 7763 64-Core Processor @ 3241.444MHz
BenchmarkZstdMemoryConsumption/no_drain-4         	     262	   2262226 ns/op	  123634 B/op	       0 allocs/op
PASS

shortname: shopify_sarama-ZstdMemoryConsumption%2Fno_drain
toolchain: LLGoFullLTO
goos: linux
goarch: amd64
pkg: github.com/IBM/sarama
cpu: AMD EPYC 7763 64-Core Processor @ 2894.417MHz
BenchmarkZstdMemoryConsumption/no_drain-4         	     264	   2253333 ns/op	  123018 B/op	       0 allocs/op
PASS

shortname: shopify_sarama-ZstdMemoryConsumption%2Fno_drain
toolchain: LLGoFullLTO
goos: linux
goarch: amd64
pkg: github.com/IBM/sarama
cpu: AMD EPYC 7763 64-Core Processor @ 2445.428MHz
BenchmarkZstdMemoryConsumption/no_drain-4         	     266	   2241640 ns/op	  122418 B/op	       0 allocs/op
PASS

shortname: shopify_sarama-ZstdMemoryConsumption%2Fno_drain
toolchain: LLGoFullLTO
goos: linux
goarch: amd64
pkg: github.com/IBM/sarama
cpu: AMD EPYC 7763 64-Core Processor @ 2445.428MHz
BenchmarkZstdMemoryConsumption/no_drain-4         	     266	   2238177 ns/op	  122418 B/op	       0 allocs/op
PASS

shortname: shopify_sarama-ZstdMemoryConsumption%2Fno_drain
toolchain: LLGoFullLTO
goos: linux
goarch: amd64
pkg: github.com/IBM/sarama
cpu: AMD EPYC 7763 64-Core Processor @ 2445.428MHz
BenchmarkZstdMemoryConsumption/no_drain-4         	     267	   2236238 ns/op	  122129 B/op	       0 allocs/op
PASS

shortname: shopify_sarama-_getMetricNameForTopic
toolchain: LLGoFullLTO
goos: linux
goarch: amd64
pkg: github.com/IBM/sarama
cpu: AMD EPYC 7763 64-Core Processor @ 3241.150MHz
Benchmark_getMetricNameForTopic-4   	 2744377	       220.7 ns/op	     128 B/op	       0 allocs/op
PASS

shortname: shopify_sarama-_getMetricNameForTopic
toolchain: LLGoFullLTO
goos: linux
goarch: amd64
pkg: github.com/IBM/sarama
cpu: AMD EPYC 7763 64-Core Processor @ 3241.337MHz
Benchmark_getMetricNameForTopic-4   	 2712192	       222.2 ns/op	     128 B/op	       0 allocs/op
PASS

shortname: shopify_sarama-_getMetricNameForTopic
toolchain: LLGoFullLTO
goos: linux
goarch: amd64
pkg: github.com/IBM/sarama
cpu: AMD EPYC 7763 64-Core Processor @ 3240.538MHz
Benchmark_getMetricNameForTopic-4   	 2688438	       224.2 ns/op	     128 B/op	       0 allocs/op
PASS

shortname: shopify_sarama-_getMetricNameForTopic
toolchain: LLGoFullLTO
goos: linux
goarch: amd64
pkg: github.com/IBM/sarama
cpu: AMD EPYC 7763 64-Core Processor @ 3243.615MHz
Benchmark_getMetricNameForTopic-4   	 2708809	       220.8 ns/op	     128 B/op	       0 allocs/op
PASS

shortname: shopify_sarama-_getMetricNameForTopic
toolchain: LLGoFullLTO
goos: linux
goarch: amd64
pkg: github.com/IBM/sarama
cpu: AMD EPYC 7763 64-Core Processor @ 3241.132MHz
Benchmark_getMetricNameForTopic-4   	 2721898	       221.7 ns/op	     128 B/op	       0 allocs/op
PASS

shortname: thriftrw_gen-RoundTrip%2FContainersOfContainers%2FDecode
toolchain: LLGoFullLTO
goos: linux
goarch: amd64
pkg: go.uber.org/thriftrw/gen
cpu: AMD EPYC 7763 64-Core Processor @ 3241.442MHz
BenchmarkRoundTrip/ContainersOfContainers/Decode-4  	    3117	    163154 ns/op
PASS

shortname: thriftrw_gen-RoundTrip%2FContainersOfContainers%2FDecode
toolchain: LLGoFullLTO
goos: linux
goarch: amd64
pkg: go.uber.org/thriftrw/gen
cpu: AMD EPYC 7763 64-Core Processor @ 3242.647MHz
BenchmarkRoundTrip/ContainersOfContainers/Decode-4  	    3133	    164511 ns/op
PASS

shortname: thriftrw_gen-RoundTrip%2FContainersOfContainers%2FDecode
toolchain: LLGoFullLTO
goos: linux
goarch: amd64
pkg: go.uber.org/thriftrw/gen
cpu: AMD EPYC 7763 64-Core Processor @ 3242.098MHz
BenchmarkRoundTrip/ContainersOfContainers/Decode-4  	    3141	    161729 ns/op
PASS

shortname: thriftrw_gen-RoundTrip%2FContainersOfContainers%2FDecode
toolchain: LLGoFullLTO
goos: linux
goarch: amd64
pkg: go.uber.org/thriftrw/gen
cpu: AMD EPYC 7763 64-Core Processor @ 3240.381MHz
BenchmarkRoundTrip/ContainersOfContainers/Decode-4  	    3142	    163301 ns/op
PASS

shortname: thriftrw_gen-RoundTrip%2FContainersOfContainers%2FDecode
toolchain: LLGoFullLTO
goos: linux
goarch: amd64
pkg: go.uber.org/thriftrw/gen
cpu: AMD EPYC 7763 64-Core Processor @ 3243.582MHz
BenchmarkRoundTrip/ContainersOfContainers/Decode-4  	    3105	    164472 ns/op
PASS

shortname: thriftrw_gen-RoundTrip%2FContainersOfContainers%2FEncode
toolchain: LLGoFullLTO
goos: linux
goarch: amd64
pkg: go.uber.org/thriftrw/gen
cpu: AMD EPYC 7763 64-Core Processor @ 3241.750MHz
BenchmarkRoundTrip/ContainersOfContainers/Encode-4  	    6673	     90720 ns/op
PASS

shortname: thriftrw_gen-RoundTrip%2FContainersOfContainers%2FEncode
toolchain: LLGoFullLTO
goos: linux
goarch: amd64
pkg: go.uber.org/thriftrw/gen
cpu: AMD EPYC 7763 64-Core Processor @ 3243.327MHz
BenchmarkRoundTrip/ContainersOfContainers/Encode-4  	    6610	     89149 ns/op
PASS

shortname: thriftrw_gen-RoundTrip%2FContainersOfContainers%2FEncode
toolchain: LLGoFullLTO
goos: linux
goarch: amd64
pkg: go.uber.org/thriftrw/gen
cpu: AMD EPYC 7763 64-Core Processor @ 3244.242MHz
BenchmarkRoundTrip/ContainersOfContainers/Encode-4  	    6774	     88743 ns/op
PASS

shortname: thriftrw_gen-RoundTrip%2FContainersOfContainers%2FEncode
toolchain: LLGoFullLTO
goos: linux
goarch: amd64
pkg: go.uber.org/thriftrw/gen
cpu: AMD EPYC 7763 64-Core Processor @ 3245.763MHz
BenchmarkRoundTrip/ContainersOfContainers/Encode-4  	    6696	     89538 ns/op
PASS

shortname: thriftrw_gen-RoundTrip%2FContainersOfContainers%2FEncode
toolchain: LLGoFullLTO
goos: linux
goarch: amd64
pkg: go.uber.org/thriftrw/gen
cpu: AMD EPYC 7763 64-Core Processor @ 3243.776MHz
BenchmarkRoundTrip/ContainersOfContainers/Encode-4  	    6680	     90559 ns/op
PASS

shortname: thriftrw_gen-RoundTrip%2FPrimitiveOptionalStruct%2FStreaming_Decode
toolchain: LLGoFullLTO
goos: linux
goarch: amd64
pkg: go.uber.org/thriftrw/gen
cpu: AMD EPYC 7763 64-Core Processor @ 3241.574MHz
BenchmarkRoundTrip/PrimitiveOptionalStruct/Streaming_Decode-4         	   98640	      5468 ns/op
PASS

shortname: thriftrw_gen-RoundTrip%2FPrimitiveOptionalStruct%2FStreaming_Decode
toolchain: LLGoFullLTO
goos: linux
goarch: amd64
pkg: go.uber.org/thriftrw/gen
cpu: AMD EPYC 7763 64-Core Processor @ 3244.205MHz
BenchmarkRoundTrip/PrimitiveOptionalStruct/Streaming_Decode-4         	   96500	      5664 ns/op
PASS

shortname: thriftrw_gen-RoundTrip%2FPrimitiveOptionalStruct%2FStreaming_Decode
toolchain: LLGoFullLTO
goos: linux
goarch: amd64
pkg: go.uber.org/thriftrw/gen
cpu: AMD EPYC 7763 64-Core Processor @ 3245.422MHz
BenchmarkRoundTrip/PrimitiveOptionalStruct/Streaming_Decode-4         	   97474	      5491 ns/op
PASS

shortname: thriftrw_gen-RoundTrip%2FPrimitiveOptionalStruct%2FStreaming_Decode
toolchain: LLGoFullLTO
goos: linux
goarch: amd64
pkg: go.uber.org/thriftrw/gen
cpu: AMD EPYC 7763 64-Core Processor @ 3244.265MHz
BenchmarkRoundTrip/PrimitiveOptionalStruct/Streaming_Decode-4         	   97486	      5503 ns/op
PASS

shortname: thriftrw_gen-RoundTrip%2FPrimitiveOptionalStruct%2FStreaming_Decode
toolchain: LLGoFullLTO
goos: linux
goarch: amd64
pkg: go.uber.org/thriftrw/gen
cpu: AMD EPYC 7763 64-Core Processor @ 3243.895MHz
BenchmarkRoundTrip/PrimitiveOptionalStruct/Streaming_Decode-4         	   98216	      5457 ns/op
PASS

shortname: uber_zap-JSONLogMarshalerFunc
toolchain: LLGoFullLTO
goos: linux
goarch: amd64
pkg: go.uber.org/zap/zapcore
cpu: AMD EPYC 7763 64-Core Processor @ 3244.104MHz
BenchmarkJSONLogMarshalerFunc-4   	  417681	      1437 ns/op
PASS
goleak: Errors on successful test run: found unexpected goroutines:
[Goroutine 5 in state running, with github.com/xgo-dev/llgo/runtime/abi.(*UncommonType).Methods on top of the stack:
github.com/xgo-dev/llgo/runtime/abi.(*UncommonType).Methods(...)
	/home/runner/work/benchmarks/benchmarks/.ci/llgo/runtime/abi/type.go:339 +0x7f6314dd10e6
github.com/xgo-dev/llgo/runtime/abi.(*UncommonType).Methods(...)
	/home/runner/work/benchmarks/benchmarks/.ci/llgo/runtime/abi/type.go:339 +0x7f6314cef91a
github.com/xgo-dev/llgo/runtime/abi.(*UncommonType).Methods(...)
	/home/runner/work/benchmarks/benchmarks/.ci/llgo/runtime/abi/type.go:339 +0x7f6314dd4e1a
github.com/xgo-dev/llgo/runtime/abi.(*UncommonType).Methods(...)
	/home/runner/work/benchmarks/benchmarks/.ci/llgo/runtime/abi/type.go:339 +0x7f6314e62162
created by github.com/xgo-dev/llgo/runtime/abi.(*UncommonType).Methods in goroutine 1
	/home/runner/work/benchmarks/benchmarks/.ci/llgo/runtime/abi/type.go:339 +0x7f6314dda249
 Goroutine 2 in state chan receive, with github.com/xgo-dev/llgo/runtime/abi.(*UncommonType).Methods on top of the stack:
github.com/xgo-dev/llgo/runtime/abi.(*UncommonType).Methods(...)
	/home/runner/work/benchmarks/benchmarks/.ci/llgo/runtime/abi/type.go:339 +0x7f6314dd10e6
github.com/xgo-dev/llgo/runtime/abi.(*UncommonType).Methods(...)
	/home/runner/work/benchmarks/benchmarks/.ci/llgo/runtime/abi/type.go:339 +0x7f6314cef91a
github.com/xgo-dev/llgo/runtime/abi.(*UncommonType).Methods(...)
	/home/runner/work/benchmarks/benchmarks/.ci/llgo/runtime/abi/type.go:339 +0x7f6314dd4e1a
github.com/xgo-dev/llgo/runtime/abi.(*UncommonType).Methods(...)
	/home/runner/work/benchmarks/benchmarks/.ci/llgo/runtime/abi/type.go:339 +0x7f6314e62162
created by unique.Make[net/netip.addrDetail] in goroutine 1
	/home/runner/work/benchmarks/benchmarks/.ci/llgo/runtime/_patch/unique/handle.go:40 +0x15e
]

shortname: uber_zap-JSONLogMarshalerFunc
toolchain: LLGoFullLTO
goos: linux
goarch: amd64
pkg: go.uber.org/zap/zapcore
cpu: AMD EPYC 7763 64-Core Processor @ 3244.123MHz
BenchmarkJSONLogMarshalerFunc-4   	  442070	      1350 ns/op
PASS
goleak: Errors on successful test run: found unexpected goroutines:
[Goroutine 5 in state running, with github.com/xgo-dev/llgo/runtime/abi.(*UncommonType).Methods on top of the stack:
github.com/xgo-dev/llgo/runtime/abi.(*UncommonType).Methods(...)
	/home/runner/work/benchmarks/benchmarks/.ci/llgo/runtime/abi/type.go:339 +0x7fc89f9d10e6
github.com/xgo-dev/llgo/runtime/abi.(*UncommonType).Methods(...)
	/home/runner/work/benchmarks/benchmarks/.ci/llgo/runtime/abi/type.go:339 +0x7fc89fcf491a
github.com/xgo-dev/llgo/runtime/abi.(*UncommonType).Methods(...)
	/home/runner/work/benchmarks/benchmarks/.ci/llgo/runtime/abi/type.go:339 +0x7fc89f9d4e1a
github.com/xgo-dev/llgo/runtime/abi.(*UncommonType).Methods(...)
	/home/runner/work/benchmarks/benchmarks/.ci/llgo/runtime/abi/type.go:339 +0x7fc89fa62162
created by github.com/xgo-dev/llgo/runtime/abi.(*UncommonType).Methods in goroutine 1
	/home/runner/work/benchmarks/benchmarks/.ci/llgo/runtime/abi/type.go:339 +0x7fc89f9da249
 Goroutine 2 in state chan receive, with github.com/xgo-dev/llgo/runtime/abi.(*UncommonType).Methods on top of the stack:
github.com/xgo-dev/llgo/runtime/abi.(*UncommonType).Methods(...)
	/home/runner/work/benchmarks/benchmarks/.ci/llgo/runtime/abi/type.go:339 +0x7fc89f9d10e6
github.com/xgo-dev/llgo/runtime/abi.(*UncommonType).Methods(...)
	/home/runner/work/benchmarks/benchmarks/.ci/llgo/runtime/abi/type.go:339 +0x7fc89fcf491a
github.com/xgo-dev/llgo/runtime/abi.(*UncommonType).Methods(...)
	/home/runner/work/benchmarks/benchmarks/.ci/llgo/runtime/abi/type.go:339 +0x7fc89f9d4e1a
github.com/xgo-dev/llgo/runtime/abi.(*UncommonType).Methods(...)
	/home/runner/work/benchmarks/benchmarks/.ci/llgo/runtime/abi/type.go:339 +0x7fc89fa62162
created by unique.Make[net/netip.addrDetail] in goroutine 1
	/home/runner/work/benchmarks/benchmarks/.ci/llgo/runtime/_patch/unique/handle.go:40 +0x15e
]

shortname: uber_zap-JSONLogMarshalerFunc
toolchain: LLGoFullLTO
goos: linux
goarch: amd64
pkg: go.uber.org/zap/zapcore
cpu: AMD EPYC 7763 64-Core Processor @ 3245.650MHz
BenchmarkJSONLogMarshalerFunc-4   	  433101	      1394 ns/op
PASS
goleak: Errors on successful test run: found unexpected goroutines:
[Goroutine 5 in state running, with github.com/xgo-dev/llgo/runtime/abi.(*UncommonType).Methods on top of the stack:
github.com/xgo-dev/llgo/runtime/abi.(*UncommonType).Methods(...)
	/home/runner/work/benchmarks/benchmarks/.ci/llgo/runtime/abi/type.go:339 +0x7ff49d9d10e6
github.com/xgo-dev/llgo/runtime/abi.(*UncommonType).Methods(...)
	/home/runner/work/benchmarks/benchmarks/.ci/llgo/runtime/abi/type.go:339 +0x7ff49dc6d91a
github.com/xgo-dev/llgo/runtime/abi.(*UncommonType).Methods(...)
	/home/runner/work/benchmarks/benchmarks/.ci/llgo/runtime/abi/type.go:339 +0x7ff49d9d4e1a
github.com/xgo-dev/llgo/runtime/abi.(*UncommonType).Methods(...)
	/home/runner/work/benchmarks/benchmarks/.ci/llgo/runtime/abi/type.go:339 +0x7ff49da62162
created by github.com/xgo-dev/llgo/runtime/abi.(*UncommonType).Methods in goroutine 1
	/home/runner/work/benchmarks/benchmarks/.ci/llgo/runtime/abi/type.go:339 +0x7ff49d9da249
 Goroutine 2 in state chan receive, with github.com/xgo-dev/llgo/runtime/abi.(*UncommonType).Methods on top of the stack:
github.com/xgo-dev/llgo/runtime/abi.(*UncommonType).Methods(...)
	/home/runner/work/benchmarks/benchmarks/.ci/llgo/runtime/abi/type.go:339 +0x7ff49d9d10e6
github.com/xgo-dev/llgo/runtime/abi.(*UncommonType).Methods(...)
	/home/runner/work/benchmarks/benchmarks/.ci/llgo/runtime/abi/type.go:339 +0x7ff49dc6d91a
github.com/xgo-dev/llgo/runtime/abi.(*UncommonType).Methods(...)
	/home/runner/work/benchmarks/benchmarks/.ci/llgo/runtime/abi/type.go:339 +0x7ff49d9d4e1a
github.com/xgo-dev/llgo/runtime/abi.(*UncommonType).Methods(...)
	/home/runner/work/benchmarks/benchmarks/.ci/llgo/runtime/abi/type.go:339 +0x7ff49da62162
created by unique.Make[net/netip.addrDetail] in goroutine 1
	/home/runner/work/benchmarks/benchmarks/.ci/llgo/runtime/_patch/unique/handle.go:40 +0x15e
]

shortname: uber_zap-JSONLogMarshalerFunc
toolchain: LLGoFullLTO
goos: linux
goarch: amd64
pkg: go.uber.org/zap/zapcore
cpu: AMD EPYC 7763 64-Core Processor @ 3242.248MHz
BenchmarkJSONLogMarshalerFunc-4   	  449005	      1341 ns/op
PASS
goleak: Errors on successful test run: found unexpected goroutines:
[Goroutine 5 in state running, with github.com/xgo-dev/llgo/runtime/abi.(*UncommonType).Methods on top of the stack:
github.com/xgo-dev/llgo/runtime/abi.(*UncommonType).Methods(...)
	/home/runner/work/benchmarks/benchmarks/.ci/llgo/runtime/abi/type.go:339 +0x7f47875d10e6
github.com/xgo-dev/llgo/runtime/abi.(*UncommonType).Methods(...)
	/home/runner/work/benchmarks/benchmarks/.ci/llgo/runtime/abi/type.go:339 +0x7f478784a91a
github.com/xgo-dev/llgo/runtime/abi.(*UncommonType).Methods(...)
	/home/runner/work/benchmarks/benchmarks/.ci/llgo/runtime/abi/type.go:339 +0x7f47875d4e1a
github.com/xgo-dev/llgo/runtime/abi.(*UncommonType).Methods(...)
	/home/runner/work/benchmarks/benchmarks/.ci/llgo/runtime/abi/type.go:339 +0x7f4787662162
created by github.com/xgo-dev/llgo/runtime/abi.(*UncommonType).Methods in goroutine 1
	/home/runner/work/benchmarks/benchmarks/.ci/llgo/runtime/abi/type.go:339 +0x7f47875da249
 Goroutine 2 in state chan receive, with github.com/xgo-dev/llgo/runtime/abi.(*UncommonType).Methods on top of the stack:
github.com/xgo-dev/llgo/runtime/abi.(*UncommonType).Methods(...)
	/home/runner/work/benchmarks/benchmarks/.ci/llgo/runtime/abi/type.go:339 +0x7f47875d10e6
github.com/xgo-dev/llgo/runtime/abi.(*UncommonType).Methods(...)
	/home/runner/work/benchmarks/benchmarks/.ci/llgo/runtime/abi/type.go:339 +0x7f478784a91a
github.com/xgo-dev/llgo/runtime/abi.(*UncommonType).Methods(...)
	/home/runner/work/benchmarks/benchmarks/.ci/llgo/runtime/abi/type.go:339 +0x7f47875d4e1a
github.com/xgo-dev/llgo/runtime/abi.(*UncommonType).Methods(...)
	/home/runner/work/benchmarks/benchmarks/.ci/llgo/runtime/abi/type.go:339 +0x7f4787662162
created by unique.Make[net/netip.addrDetail] in goroutine 1
	/home/runner/work/benchmarks/benchmarks/.ci/llgo/runtime/_patch/unique/handle.go:40 +0x15e
]

shortname: uber_zap-JSONLogMarshalerFunc
toolchain: LLGoFullLTO
goos: linux
goarch: amd64
pkg: go.uber.org/zap/zapcore
cpu: AMD EPYC 7763 64-Core Processor @ 3244.281MHz
BenchmarkJSONLogMarshalerFunc-4   	  456408	      1336 ns/op
PASS
goleak: Errors on successful test run: found unexpected goroutines:
[Goroutine 5 in state running, with github.com/xgo-dev/llgo/runtime/abi.(*UncommonType).Methods on top of the stack:
github.com/xgo-dev/llgo/runtime/abi.(*UncommonType).Methods(...)
	/home/runner/work/benchmarks/benchmarks/.ci/llgo/runtime/abi/type.go:339 +0x7f6946dd10e6
github.com/xgo-dev/llgo/runtime/abi.(*UncommonType).Methods(...)
	/home/runner/work/benchmarks/benchmarks/.ci/llgo/runtime/abi/type.go:339 +0x7f69470bc91a
github.com/xgo-dev/llgo/runtime/abi.(*UncommonType).Methods(...)
	/home/runner/work/benchmarks/benchmarks/.ci/llgo/runtime/abi/type.go:339 +0x7f6946dd4e1a
github.com/xgo-dev/llgo/runtime/abi.(*UncommonType).Methods(...)
	/home/runner/work/benchmarks/benchmarks/.ci/llgo/runtime/abi/type.go:339 +0x7f6946e62162
created by github.com/xgo-dev/llgo/runtime/abi.(*UncommonType).Methods in goroutine 1
	/home/runner/work/benchmarks/benchmarks/.ci/llgo/runtime/abi/type.go:339 +0x7f6946dda249
 Goroutine 2 in state chan receive, with github.com/xgo-dev/llgo/runtime/abi.(*UncommonType).Methods on top of the stack:
github.com/xgo-dev/llgo/runtime/abi.(*UncommonType).Methods(...)
	/home/runner/work/benchmarks/benchmarks/.ci/llgo/runtime/abi/type.go:339 +0x7f6946dd10e6
github.com/xgo-dev/llgo/runtime/abi.(*UncommonType).Methods(...)
	/home/runner/work/benchmarks/benchmarks/.ci/llgo/runtime/abi/type.go:339 +0x7f69470bc91a
github.com/xgo-dev/llgo/runtime/abi.(*UncommonType).Methods(...)
	/home/runner/work/benchmarks/benchmarks/.ci/llgo/runtime/abi/type.go:339 +0x7f6946dd4e1a
github.com/xgo-dev/llgo/runtime/abi.(*UncommonType).Methods(...)
	/home/runner/work/benchmarks/benchmarks/.ci/llgo/runtime/abi/type.go:339 +0x7f6946e62162
created by unique.Make[net/netip.addrDetail] in goroutine 1
	/home/runner/work/benchmarks/benchmarks/.ci/llgo/runtime/_patch/unique/handle.go:40 +0x15e
]

shortname: uuid-New
toolchain: LLGoFullLTO
goos: linux
goarch: amd64
pkg: github.com/google/uuid
cpu: AMD EPYC 7763 64-Core Processor @ 3246.001MHz
BenchmarkNew-4   	  707594	       816.7 ns/op
PASS

shortname: uuid-New
toolchain: LLGoFullLTO
goos: linux
goarch: amd64
pkg: github.com/google/uuid
cpu: AMD EPYC 7763 64-Core Processor @ 3244.042MHz
BenchmarkNew-4   	  703056	       808.2 ns/op
PASS

shortname: uuid-New
toolchain: LLGoFullLTO
goos: linux
goarch: amd64
pkg: github.com/google/uuid
cpu: AMD EPYC 7763 64-Core Processor @ 3245.579MHz
BenchmarkNew-4   	  690400	       819.7 ns/op
PASS

shortname: uuid-New
toolchain: LLGoFullLTO
goos: linux
goarch: amd64
pkg: github.com/google/uuid
cpu: AMD EPYC 7763 64-Core Processor @ 3244.181MHz
BenchmarkNew-4   	  711037	       807.8 ns/op
PASS

shortname: uuid-New
toolchain: LLGoFullLTO
goos: linux
goarch: amd64
pkg: github.com/google/uuid
cpu: AMD EPYC 7763 64-Core Processor @ 3241.777MHz
BenchmarkNew-4   	  698596	       810.5 ns/op
PASS

shortname: uuid-UUID_MarshalJSON
toolchain: LLGoFullLTO
goos: linux
goarch: amd64
pkg: github.com/google/uuid
cpu: AMD EPYC 7763 64-Core Processor @ 3240.542MHz
BenchmarkUUID_MarshalJSON-4   	  444265	      1359 ns/op
PASS

shortname: uuid-UUID_MarshalJSON
toolchain: LLGoFullLTO
goos: linux
goarch: amd64
pkg: github.com/google/uuid
cpu: AMD EPYC 7763 64-Core Processor @ 3241.411MHz
BenchmarkUUID_MarshalJSON-4   	  441828	      1364 ns/op
PASS

shortname: uuid-UUID_MarshalJSON
toolchain: LLGoFullLTO
goos: linux
goarch: amd64
pkg: github.com/google/uuid
cpu: AMD EPYC 7763 64-Core Processor @ 3239.630MHz
BenchmarkUUID_MarshalJSON-4   	  439339	      1357 ns/op
PASS

shortname: uuid-UUID_MarshalJSON
toolchain: LLGoFullLTO
goos: linux
goarch: amd64
pkg: github.com/google/uuid
cpu: AMD EPYC 7763 64-Core Processor @ 3241.967MHz
BenchmarkUUID_MarshalJSON-4   	  435687	      1362 ns/op
PASS

shortname: uuid-UUID_MarshalJSON
toolchain: LLGoFullLTO
goos: linux
goarch: amd64
pkg: github.com/google/uuid
cpu: AMD EPYC 7763 64-Core Processor @ 3243.655MHz
BenchmarkUUID_MarshalJSON-4   	  439458	      1360 ns/op
PASS

shortname: uuid-UUID_UnmarshalJSON
toolchain: LLGoFullLTO
goos: linux
goarch: amd64
pkg: github.com/google/uuid
cpu: AMD EPYC 7763 64-Core Processor @ 3244.327MHz
BenchmarkUUID_UnmarshalJSON-4   	  197474	      2606 ns/op
PASS

shortname: uuid-UUID_UnmarshalJSON
toolchain: LLGoFullLTO
goos: linux
goarch: amd64
pkg: github.com/google/uuid
cpu: AMD EPYC 7763 64-Core Processor @ 3244.080MHz
BenchmarkUUID_UnmarshalJSON-4   	  196860	      2616 ns/op
PASS

shortname: uuid-UUID_UnmarshalJSON
toolchain: LLGoFullLTO
goos: linux
goarch: amd64
pkg: github.com/google/uuid
cpu: AMD EPYC 7763 64-Core Processor @ 3249.650MHz
BenchmarkUUID_UnmarshalJSON-4   	  196028	      2609 ns/op
PASS

shortname: uuid-UUID_UnmarshalJSON
toolchain: LLGoFullLTO
goos: linux
goarch: amd64
pkg: github.com/google/uuid
cpu: AMD EPYC 7763 64-Core Processor @ 3243.607MHz
BenchmarkUUID_UnmarshalJSON-4   	  192866	      2735 ns/op
PASS

shortname: uuid-UUID_UnmarshalJSON
toolchain: LLGoFullLTO
goos: linux
goarch: amd64
pkg: github.com/google/uuid
cpu: AMD EPYC 7763 64-Core Processor @ 3239.633MHz
BenchmarkUUID_UnmarshalJSON-4   	  195181	      2635 ns/op
PASS

shortname: workiva_augmentedtree-AddItems
toolchain: LLGoFullLTO
goos: linux
goarch: amd64
pkg: github.com/Workiva/go-datastructures/augmentedtree
cpu: AMD EPYC 7763 64-Core Processor @ 3241.416MHz
BenchmarkAddItems-4   	    2436	    210928 ns/op
PASS

shortname: workiva_augmentedtree-AddItems
toolchain: LLGoFullLTO
goos: linux
goarch: amd64
pkg: github.com/Workiva/go-datastructures/augmentedtree
cpu: AMD EPYC 7763 64-Core Processor @ 3246.272MHz
BenchmarkAddItems-4   	    2485	    212224 ns/op
PASS

shortname: workiva_augmentedtree-AddItems
toolchain: LLGoFullLTO
goos: linux
goarch: amd64
pkg: github.com/Workiva/go-datastructures/augmentedtree
cpu: AMD EPYC 7763 64-Core Processor @ 3242.116MHz
BenchmarkAddItems-4   	    2458	    213033 ns/op
PASS

shortname: workiva_augmentedtree-AddItems
toolchain: LLGoFullLTO
goos: linux
goarch: amd64
pkg: github.com/Workiva/go-datastructures/augmentedtree
cpu: AMD EPYC 7763 64-Core Processor @ 3243.984MHz
BenchmarkAddItems-4   	    2414	    213737 ns/op
PASS

shortname: workiva_augmentedtree-AddItems
toolchain: LLGoFullLTO
goos: linux
goarch: amd64
pkg: github.com/Workiva/go-datastructures/augmentedtree
cpu: AMD EPYC 7763 64-Core Processor @ 3244.212MHz
BenchmarkAddItems-4   	    2532	    211837 ns/op
PASS

shortname: workiva_avl-ImmutableInsert
toolchain: LLGoFullLTO
goos: linux
goarch: amd64
pkg: github.com/Workiva/go-datastructures/tree/avl
cpu: AMD EPYC 7763 64-Core Processor @ 3243.009MHz
BenchmarkImmutableInsert-4   	  616046	      1276 ns/op
PASS

shortname: workiva_avl-ImmutableInsert
toolchain: LLGoFullLTO
goos: linux
goarch: amd64
pkg: github.com/Workiva/go-datastructures/tree/avl
cpu: AMD EPYC 7763 64-Core Processor @ 3244.239MHz
BenchmarkImmutableInsert-4   	  637386	      1222 ns/op
PASS

shortname: workiva_avl-ImmutableInsert
toolchain: LLGoFullLTO
goos: linux
goarch: amd64
pkg: github.com/Workiva/go-datastructures/tree/avl
cpu: AMD EPYC 7763 64-Core Processor @ 3241.598MHz
BenchmarkImmutableInsert-4   	  617120	      1267 ns/op
PASS

shortname: workiva_avl-ImmutableInsert
toolchain: LLGoFullLTO
goos: linux
goarch: amd64
pkg: github.com/Workiva/go-datastructures/tree/avl
cpu: AMD EPYC 7763 64-Core Processor @ 3245.049MHz
BenchmarkImmutableInsert-4   	  627062	      1229 ns/op
PASS

shortname: workiva_avl-ImmutableInsert
toolchain: LLGoFullLTO
goos: linux
goarch: amd64
pkg: github.com/Workiva/go-datastructures/tree/avl
cpu: AMD EPYC 7763 64-Core Processor @ 3244.433MHz
BenchmarkImmutableInsert-4   	  579453	      1272 ns/op
PASS

shortname: workiva_bitarray-CompressedIntersects
toolchain: LLGoFullLTO
goos: linux
goarch: amd64
pkg: github.com/Workiva/go-datastructures/bitarray
cpu: AMD EPYC 7763 64-Core Processor @ 3244.649MHz
BenchmarkCompressedIntersects-4   	 1591596	       374.8 ns/op
PASS

shortname: workiva_bitarray-CompressedIntersects
toolchain: LLGoFullLTO
goos: linux
goarch: amd64
pkg: github.com/Workiva/go-datastructures/bitarray
cpu: AMD EPYC 7763 64-Core Processor @ 3241.228MHz
BenchmarkCompressedIntersects-4   	 1584393	       377.4 ns/op
PASS

shortname: workiva_bitarray-CompressedIntersects
toolchain: LLGoFullLTO
goos: linux
goarch: amd64
pkg: github.com/Workiva/go-datastructures/bitarray
cpu: AMD EPYC 7763 64-Core Processor @ 3242.398MHz
BenchmarkCompressedIntersects-4   	 1575963	       377.6 ns/op
PASS

shortname: workiva_bitarray-CompressedIntersects
toolchain: LLGoFullLTO
goos: linux
goarch: amd64
pkg: github.com/Workiva/go-datastructures/bitarray
cpu: AMD EPYC 7763 64-Core Processor @ 3242.053MHz
BenchmarkCompressedIntersects-4   	 1581901	       385.0 ns/op
PASS

shortname: workiva_bitarray-CompressedIntersects
toolchain: LLGoFullLTO
goos: linux
goarch: amd64
pkg: github.com/Workiva/go-datastructures/bitarray
cpu: AMD EPYC 7763 64-Core Processor @ 3243.706MHz
BenchmarkCompressedIntersects-4   	 1582456	       378.3 ns/op
PASS

shortname: workiva_hilbert-BulkUpdatePoints
toolchain: LLGoFullLTO
goos: linux
goarch: amd64
pkg: github.com/Workiva/go-datastructures/rtree/hilbert
cpu: AMD EPYC 7763 64-Core Processor @ 3243.139MHz
BenchmarkBulkUpdatePoints-4   	     618	    935231 ns/op
PASS

shortname: workiva_hilbert-BulkUpdatePoints
toolchain: LLGoFullLTO
goos: linux
goarch: amd64
pkg: github.com/Workiva/go-datastructures/rtree/hilbert
cpu: AMD EPYC 7763 64-Core Processor @ 3239.726MHz
BenchmarkBulkUpdatePoints-4   	     614	    938378 ns/op
PASS

shortname: workiva_hilbert-BulkUpdatePoints
toolchain: LLGoFullLTO
goos: linux
goarch: amd64
pkg: github.com/Workiva/go-datastructures/rtree/hilbert
cpu: AMD EPYC 7763 64-Core Processor @ 3243.935MHz
BenchmarkBulkUpdatePoints-4   	     612	    941055 ns/op
PASS

shortname: workiva_hilbert-BulkUpdatePoints
toolchain: LLGoFullLTO
goos: linux
goarch: amd64
pkg: github.com/Workiva/go-datastructures/rtree/hilbert
cpu: AMD EPYC 7763 64-Core Processor @ 3271.400MHz
BenchmarkBulkUpdatePoints-4   	     608	    933062 ns/op
PASS

shortname: workiva_hilbert-BulkUpdatePoints
toolchain: LLGoFullLTO
goos: linux
goarch: amd64
pkg: github.com/Workiva/go-datastructures/rtree/hilbert
cpu: AMD EPYC 7763 64-Core Processor @ 3243.759MHz
BenchmarkBulkUpdatePoints-4   	     606	    940544 ns/op
PASS

shortname: workiva_queue-PriorityQueue
toolchain: LLGoFullLTO
goos: linux
goarch: amd64
pkg: github.com/Workiva/go-datastructures/queue
cpu: AMD EPYC 7763 64-Core Processor @ 3244.494MHz
BenchmarkPriorityQueue-4   	  313873	      1656 ns/op
PASS

shortname: workiva_queue-PriorityQueue
toolchain: LLGoFullLTO
goos: linux
goarch: amd64
pkg: github.com/Workiva/go-datastructures/queue
cpu: AMD EPYC 7763 64-Core Processor @ 3243.294MHz
BenchmarkPriorityQueue-4   	  324578	      1747 ns/op
PASS

shortname: workiva_queue-PriorityQueue
toolchain: LLGoFullLTO
goos: linux
goarch: amd64
pkg: github.com/Workiva/go-datastructures/queue
cpu: AMD EPYC 7763 64-Core Processor @ 3242.427MHz
BenchmarkPriorityQueue-4   	  459255	      1555 ns/op
PASS

shortname: workiva_queue-PriorityQueue
toolchain: LLGoFullLTO
goos: linux
goarch: amd64
pkg: github.com/Workiva/go-datastructures/queue
cpu: AMD EPYC 7763 64-Core Processor @ 3243.785MHz
BenchmarkPriorityQueue-4   	  315738	      1802 ns/op
PASS

shortname: workiva_queue-PriorityQueue
toolchain: LLGoFullLTO
goos: linux
goarch: amd64
pkg: github.com/Workiva/go-datastructures/queue
cpu: AMD EPYC 7763 64-Core Processor @ 3244.021MHz
BenchmarkPriorityQueue-4   	  313837	      2246 ns/op
PASS

shortname: workiva_rangetree-Apply
toolchain: LLGoFullLTO
goos: linux
goarch: amd64
pkg: github.com/Workiva/go-datastructures/rangetree
cpu: AMD EPYC 7763 64-Core Processor @ 3241.688MHz
BenchmarkApply-4   	    3318	    151555 ns/op
PASS

shortname: workiva_rangetree-Apply
toolchain: LLGoFullLTO
goos: linux
goarch: amd64
pkg: github.com/Workiva/go-datastructures/rangetree
cpu: AMD EPYC 7763 64-Core Processor @ 3244.117MHz
BenchmarkApply-4   	    4008	    151033 ns/op
PASS

shortname: workiva_rangetree-Apply
toolchain: LLGoFullLTO
goos: linux
goarch: amd64
pkg: github.com/Workiva/go-datastructures/rangetree
cpu: AMD EPYC 7763 64-Core Processor @ 3242.475MHz
BenchmarkApply-4   	    3349	    149693 ns/op
PASS

shortname: workiva_rangetree-Apply
toolchain: LLGoFullLTO
goos: linux
goarch: amd64
pkg: github.com/Workiva/go-datastructures/rangetree
cpu: AMD EPYC 7763 64-Core Processor @ 3242.946MHz
BenchmarkApply-4   	    3367	    149557 ns/op
PASS

shortname: workiva_rangetree-Apply
toolchain: LLGoFullLTO
goos: linux
goarch: amd64
pkg: github.com/Workiva/go-datastructures/rangetree
cpu: AMD EPYC 7763 64-Core Processor @ 3244.453MHz
BenchmarkApply-4   	    4028	    149517 ns/op
PASS

shortname: workiva_rangetree-ImmutableInsertSecondDimension
toolchain: LLGoFullLTO
goos: linux
goarch: amd64
pkg: github.com/Workiva/go-datastructures/rangetree
cpu: AMD EPYC 7763 64-Core Processor @ 3241.294MHz
BenchmarkImmutableInsertSecondDimension-4   	      16	  35148595 ns/op
PASS

shortname: workiva_rangetree-ImmutableInsertSecondDimension
toolchain: LLGoFullLTO
goos: linux
goarch: amd64
pkg: github.com/Workiva/go-datastructures/rangetree
cpu: AMD EPYC 7763 64-Core Processor @ 3241.865MHz
BenchmarkImmutableInsertSecondDimension-4   	      18	  34235725 ns/op
PASS

shortname: workiva_rangetree-ImmutableInsertSecondDimension
toolchain: LLGoFullLTO
goos: linux
goarch: amd64
pkg: github.com/Workiva/go-datastructures/rangetree
cpu: AMD EPYC 7763 64-Core Processor @ 3242.567MHz
BenchmarkImmutableInsertSecondDimension-4   	      18	  34105576 ns/op
PASS

shortname: workiva_rangetree-ImmutableInsertSecondDimension
toolchain: LLGoFullLTO
goos: linux
goarch: amd64
pkg: github.com/Workiva/go-datastructures/rangetree
cpu: AMD EPYC 7763 64-Core Processor @ 3243.591MHz
BenchmarkImmutableInsertSecondDimension-4   	      18	  34042478 ns/op
PASS

shortname: workiva_rangetree-ImmutableInsertSecondDimension
toolchain: LLGoFullLTO
goos: linux
goarch: amd64
pkg: github.com/Workiva/go-datastructures/rangetree
cpu: AMD EPYC 7763 64-Core Processor @ 3244.941MHz
BenchmarkImmutableInsertSecondDimension-4   	      18	  33846245 ns/op
PASS

shortname: workiva_set-Clear
toolchain: LLGoFullLTO
goos: linux
goarch: amd64
pkg: github.com/Workiva/go-datastructures/set
cpu: AMD EPYC 7763 64-Core Processor @ 3244.270MHz
BenchmarkClear-4   	12019958	        45.58 ns/op
PASS

shortname: workiva_set-Clear
toolchain: LLGoFullLTO
goos: linux
goarch: amd64
pkg: github.com/Workiva/go-datastructures/set
cpu: AMD EPYC 7763 64-Core Processor @ 3244.328MHz
BenchmarkClear-4   	12110150	        46.36 ns/op
PASS

shortname: workiva_set-Clear
toolchain: LLGoFullLTO
goos: linux
goarch: amd64
pkg: github.com/Workiva/go-datastructures/set
cpu: AMD EPYC 7763 64-Core Processor @ 3239.977MHz
BenchmarkClear-4   	12170804	        45.75 ns/op
PASS

shortname: workiva_set-Clear
toolchain: LLGoFullLTO
goos: linux
goarch: amd64
pkg: github.com/Workiva/go-datastructures/set
cpu: AMD EPYC 7763 64-Core Processor @ 3243.970MHz
BenchmarkClear-4   	12083919	        46.33 ns/op
PASS

shortname: workiva_set-Clear
toolchain: LLGoFullLTO
goos: linux
goarch: amd64
pkg: github.com/Workiva/go-datastructures/set
cpu: AMD EPYC 7763 64-Core Processor @ 3243.197MHz
BenchmarkClear-4   	12105712	        45.87 ns/op
PASS

shortname: workiva_set-Exists
toolchain: LLGoFullLTO
goos: linux
goarch: amd64
pkg: github.com/Workiva/go-datastructures/set
cpu: AMD EPYC 7763 64-Core Processor @ 3244.382MHz
BenchmarkExists-4   	11040510	        49.03 ns/op
PASS

shortname: workiva_set-Exists
toolchain: LLGoFullLTO
goos: linux
goarch: amd64
pkg: github.com/Workiva/go-datastructures/set
cpu: AMD EPYC 7763 64-Core Processor @ 3243.337MHz
BenchmarkExists-4   	10861191	        49.10 ns/op
PASS

shortname: workiva_set-Exists
toolchain: LLGoFullLTO
goos: linux
goarch: amd64
pkg: github.com/Workiva/go-datastructures/set
cpu: AMD EPYC 7763 64-Core Processor @ 3244.030MHz
BenchmarkExists-4   	10933597	        48.70 ns/op
PASS

shortname: workiva_set-Exists
toolchain: LLGoFullLTO
goos: linux
goarch: amd64
pkg: github.com/Workiva/go-datastructures/set
cpu: AMD EPYC 7763 64-Core Processor @ 3241.333MHz
BenchmarkExists-4   	11262895	        49.11 ns/op
PASS

shortname: workiva_set-Exists
toolchain: LLGoFullLTO
goos: linux
goarch: amd64
pkg: github.com/Workiva/go-datastructures/set
cpu: AMD EPYC 7763 64-Core Processor @ 3242.802MHz
BenchmarkExists-4   	11009558	        49.10 ns/op
PASS

shortname: workiva_triey-Iterator
toolchain: LLGoFullLTO
goos: linux
goarch: amd64
pkg: github.com/Workiva/go-datastructures/trie/yfast
cpu: AMD EPYC 7763 64-Core Processor @ 3244.681MHz
BenchmarkIterator-4   	  274474	      2171 ns/op
PASS

shortname: workiva_triey-Iterator
toolchain: LLGoFullLTO
goos: linux
goarch: amd64
pkg: github.com/Workiva/go-datastructures/trie/yfast
cpu: AMD EPYC 7763 64-Core Processor @ 3242.487MHz
BenchmarkIterator-4   	  275395	      2170 ns/op
PASS

shortname: workiva_triey-Iterator
toolchain: LLGoFullLTO
goos: linux
goarch: amd64
pkg: github.com/Workiva/go-datastructures/trie/yfast
cpu: AMD EPYC 7763 64-Core Processor @ 3241.990MHz
BenchmarkIterator-4   	  274021	      2176 ns/op
PASS

shortname: workiva_triey-Iterator
toolchain: LLGoFullLTO
goos: linux
goarch: amd64
pkg: github.com/Workiva/go-datastructures/trie/yfast
cpu: AMD EPYC 7763 64-Core Processor @ 3244.113MHz
BenchmarkIterator-4   	  274776	      2167 ns/op
PASS

shortname: workiva_triey-Iterator
toolchain: LLGoFullLTO
goos: linux
goarch: amd64
pkg: github.com/Workiva/go-datastructures/trie/yfast
cpu: AMD EPYC 7763 64-Core Processor @ 3241.764MHz
BenchmarkIterator-4   	  275304	      2168 ns/op
PASS
