
shortname: benhoyt_goawk-BuiltinGsubAmpersand
toolchain: LLGo
goos: linux
goarch: amd64
pkg: github.com/benhoyt/goawk/interp
cpu: AMD EPYC 7763 64-Core Processor @ 3240.070MHz
BenchmarkBuiltinGsubAmpersand-4   	   13688	     43382 ns/op
PASS

shortname: benhoyt_goawk-BuiltinGsubAmpersand
toolchain: LLGo
goos: linux
goarch: amd64
pkg: github.com/benhoyt/goawk/interp
cpu: AMD EPYC 7763 64-Core Processor @ 3244.127MHz
BenchmarkBuiltinGsubAmpersand-4   	   13670	     43326 ns/op
PASS

shortname: benhoyt_goawk-BuiltinGsubAmpersand
toolchain: LLGo
goos: linux
goarch: amd64
pkg: github.com/benhoyt/goawk/interp
cpu: AMD EPYC 7763 64-Core Processor @ 3240.658MHz
BenchmarkBuiltinGsubAmpersand-4   	   13636	     43475 ns/op
PASS

shortname: benhoyt_goawk-BuiltinGsubAmpersand
toolchain: LLGo
goos: linux
goarch: amd64
pkg: github.com/benhoyt/goawk/interp
cpu: AMD EPYC 7763 64-Core Processor @ 3245.562MHz
BenchmarkBuiltinGsubAmpersand-4   	   13566	     43638 ns/op
PASS

shortname: benhoyt_goawk-BuiltinGsubAmpersand
toolchain: LLGo
goos: linux
goarch: amd64
pkg: github.com/benhoyt/goawk/interp
cpu: AMD EPYC 7763 64-Core Processor @ 3243.978MHz
BenchmarkBuiltinGsubAmpersand-4   	   13536	     43979 ns/op
PASS

shortname: benhoyt_goawk-NativeFunc
toolchain: LLGo
goos: linux
goarch: amd64
pkg: github.com/benhoyt/goawk/interp
cpu: AMD EPYC 7763 64-Core Processor @ 3239.380MHz
BenchmarkNativeFunc-4   	   18908	     31172 ns/op
PASS

shortname: benhoyt_goawk-NativeFunc
toolchain: LLGo
goos: linux
goarch: amd64
pkg: github.com/benhoyt/goawk/interp
cpu: AMD EPYC 7763 64-Core Processor @ 3242.617MHz
BenchmarkNativeFunc-4   	   18870	     31369 ns/op
PASS

shortname: benhoyt_goawk-NativeFunc
toolchain: LLGo
goos: linux
goarch: amd64
pkg: github.com/benhoyt/goawk/interp
cpu: AMD EPYC 7763 64-Core Processor @ 3244.395MHz
BenchmarkNativeFunc-4   	   18664	     31647 ns/op
PASS

shortname: benhoyt_goawk-NativeFunc
toolchain: LLGo
goos: linux
goarch: amd64
pkg: github.com/benhoyt/goawk/interp
cpu: AMD EPYC 7763 64-Core Processor @ 3245.119MHz
BenchmarkNativeFunc-4   	   18988	     31433 ns/op
PASS

shortname: benhoyt_goawk-NativeFunc
toolchain: LLGo
goos: linux
goarch: amd64
pkg: github.com/benhoyt/goawk/interp
cpu: AMD EPYC 7763 64-Core Processor @ 3243.377MHz
BenchmarkNativeFunc-4   	   18724	     31565 ns/op
PASS

shortname: benhoyt_goawk-RecursiveFunc
toolchain: LLGo
goos: linux
goarch: amd64
pkg: github.com/benhoyt/goawk/interp
cpu: AMD EPYC 7763 64-Core Processor @ 3243.876MHz
BenchmarkRecursiveFunc-4   	   17190	     34510 ns/op
PASS

shortname: benhoyt_goawk-RecursiveFunc
toolchain: LLGo
goos: linux
goarch: amd64
pkg: github.com/benhoyt/goawk/interp
cpu: AMD EPYC 7763 64-Core Processor @ 3243.786MHz
BenchmarkRecursiveFunc-4   	   17209	     34997 ns/op
PASS

shortname: benhoyt_goawk-RecursiveFunc
toolchain: LLGo
goos: linux
goarch: amd64
pkg: github.com/benhoyt/goawk/interp
cpu: AMD EPYC 7763 64-Core Processor @ 3243.646MHz
BenchmarkRecursiveFunc-4   	   16858	     34607 ns/op
PASS

shortname: benhoyt_goawk-RecursiveFunc
toolchain: LLGo
goos: linux
goarch: amd64
pkg: github.com/benhoyt/goawk/interp
cpu: AMD EPYC 7763 64-Core Processor @ 3242.019MHz
BenchmarkRecursiveFunc-4   	   17037	     34732 ns/op
PASS

shortname: benhoyt_goawk-RecursiveFunc
toolchain: LLGo
goos: linux
goarch: amd64
pkg: github.com/benhoyt/goawk/interp
cpu: AMD EPYC 7763 64-Core Processor @ 3242.535MHz
BenchmarkRecursiveFunc-4   	   17203	     34624 ns/op
PASS

shortname: benhoyt_goawk-SimpleBuiltins
toolchain: LLGo
goos: linux
goarch: amd64
pkg: github.com/benhoyt/goawk/interp
cpu: AMD EPYC 7763 64-Core Processor @ 3241.964MHz
BenchmarkSimpleBuiltins-4   	  275391	      2032 ns/op
PASS

shortname: benhoyt_goawk-SimpleBuiltins
toolchain: LLGo
goos: linux
goarch: amd64
pkg: github.com/benhoyt/goawk/interp
cpu: AMD EPYC 7763 64-Core Processor @ 3241.396MHz
BenchmarkSimpleBuiltins-4   	  275174	      2020 ns/op
PASS

shortname: benhoyt_goawk-SimpleBuiltins
toolchain: LLGo
goos: linux
goarch: amd64
pkg: github.com/benhoyt/goawk/interp
cpu: AMD EPYC 7763 64-Core Processor @ 3241.069MHz
BenchmarkSimpleBuiltins-4   	  273943	      2044 ns/op
PASS

shortname: benhoyt_goawk-SimpleBuiltins
toolchain: LLGo
goos: linux
goarch: amd64
pkg: github.com/benhoyt/goawk/interp
cpu: AMD EPYC 7763 64-Core Processor @ 3244.163MHz
BenchmarkSimpleBuiltins-4   	  274735	      2019 ns/op
PASS

shortname: benhoyt_goawk-SimpleBuiltins
toolchain: LLGo
goos: linux
goarch: amd64
pkg: github.com/benhoyt/goawk/interp
cpu: AMD EPYC 7763 64-Core Processor @ 3243.512MHz
BenchmarkSimpleBuiltins-4   	  276838	      2017 ns/op
PASS

shortname: bloom_bits-BitSetExtractDeposit%2Fsize%3D64%2Ffn%3DDepositTo
toolchain: LLGo
goos: linux
goarch: amd64
pkg: github.com/bits-and-blooms/bitset
cpu: AMD EPYC 7763 64-Core Processor @ 3244.299MHz
BenchmarkBitSetExtractDeposit/size=64/fn=DepositTo-4         	15427326	        39.20 ns/op	       0 B/op	       0 allocs/op
PASS

shortname: bloom_bits-BitSetExtractDeposit%2Fsize%3D64%2Ffn%3DDepositTo
toolchain: LLGo
goos: linux
goarch: amd64
pkg: github.com/bits-and-blooms/bitset
cpu: AMD EPYC 7763 64-Core Processor @ 3243.849MHz
BenchmarkBitSetExtractDeposit/size=64/fn=DepositTo-4         	15413616	        39.06 ns/op	       0 B/op	       0 allocs/op
PASS

shortname: bloom_bits-BitSetExtractDeposit%2Fsize%3D64%2Ffn%3DDepositTo
toolchain: LLGo
goos: linux
goarch: amd64
pkg: github.com/bits-and-blooms/bitset
cpu: AMD EPYC 7763 64-Core Processor @ 3243.054MHz
BenchmarkBitSetExtractDeposit/size=64/fn=DepositTo-4         	15431158	        38.94 ns/op	       0 B/op	       0 allocs/op
PASS

shortname: bloom_bits-BitSetExtractDeposit%2Fsize%3D64%2Ffn%3DDepositTo
toolchain: LLGo
goos: linux
goarch: amd64
pkg: github.com/bits-and-blooms/bitset
cpu: AMD EPYC 7763 64-Core Processor @ 3240.785MHz
BenchmarkBitSetExtractDeposit/size=64/fn=DepositTo-4         	15401300	        38.91 ns/op	       0 B/op	       0 allocs/op
PASS

shortname: bloom_bits-BitSetExtractDeposit%2Fsize%3D64%2Ffn%3DDepositTo
toolchain: LLGo
goos: linux
goarch: amd64
pkg: github.com/bits-and-blooms/bitset
cpu: AMD EPYC 7763 64-Core Processor @ 3245.931MHz
BenchmarkBitSetExtractDeposit/size=64/fn=DepositTo-4         	15417512	        38.92 ns/op	       0 B/op	       0 allocs/op
PASS

shortname: capnproto2-Growth_MultiSegment
toolchain: LLGo
goos: linux
goarch: amd64
pkg: zombiezen.com/go/capnproto2
cpu: AMD EPYC 7763 64-Core Processor @ 2445.428MHz
BenchmarkGrowth_MultiSegment-4   	      20	  26600015 ns/op	  39.42 MB/s	 8313753 B/op	       0 allocs/op
PASS

shortname: capnproto2-Growth_MultiSegment
toolchain: LLGo
goos: linux
goarch: amd64
pkg: zombiezen.com/go/capnproto2
cpu: AMD EPYC 7763 64-Core Processor @ 3238.825MHz
BenchmarkGrowth_MultiSegment-4   	      20	  26759628 ns/op	  39.19 MB/s	 8313857 B/op	       0 allocs/op
PASS

shortname: capnproto2-Growth_MultiSegment
toolchain: LLGo
goos: linux
goarch: amd64
pkg: zombiezen.com/go/capnproto2
cpu: AMD EPYC 7763 64-Core Processor @ 2445.428MHz
BenchmarkGrowth_MultiSegment-4   	      20	  26550405 ns/op	  39.49 MB/s	 8313856 B/op	       0 allocs/op
PASS

shortname: capnproto2-Growth_MultiSegment
toolchain: LLGo
goos: linux
goarch: amd64
pkg: zombiezen.com/go/capnproto2
cpu: AMD EPYC 7763 64-Core Processor @ 2445.428MHz
BenchmarkGrowth_MultiSegment-4   	      20	  26926244 ns/op	  38.94 MB/s	 8313728 B/op	       0 allocs/op
PASS

shortname: capnproto2-Growth_MultiSegment
toolchain: LLGo
goos: linux
goarch: amd64
pkg: zombiezen.com/go/capnproto2
cpu: AMD EPYC 7763 64-Core Processor @ 2445.428MHz
BenchmarkGrowth_MultiSegment-4   	      20	  26649450 ns/op	  39.35 MB/s	 8313753 B/op	       0 allocs/op
PASS

shortname: capnproto2-Unmarshal_Reuse
toolchain: LLGo
goos: linux
goarch: amd64
pkg: zombiezen.com/go/capnproto2
cpu: AMD EPYC 7763 64-Core Processor @ 3241.523MHz
BenchmarkUnmarshal_Reuse-4   	  701064	       768.5 ns/op	     272 B/op	       0 allocs/op
PASS

shortname: capnproto2-Unmarshal_Reuse
toolchain: LLGo
goos: linux
goarch: amd64
pkg: zombiezen.com/go/capnproto2
cpu: AMD EPYC 7763 64-Core Processor @ 3209.593MHz
BenchmarkUnmarshal_Reuse-4   	  700923	       771.2 ns/op	     272 B/op	       0 allocs/op
PASS

shortname: capnproto2-Unmarshal_Reuse
toolchain: LLGo
goos: linux
goarch: amd64
pkg: zombiezen.com/go/capnproto2
cpu: AMD EPYC 7763 64-Core Processor @ 3243.141MHz
BenchmarkUnmarshal_Reuse-4   	  704781	       769.6 ns/op	     272 B/op	       0 allocs/op
PASS

shortname: capnproto2-Unmarshal_Reuse
toolchain: LLGo
goos: linux
goarch: amd64
pkg: zombiezen.com/go/capnproto2
cpu: AMD EPYC 7763 64-Core Processor @ 3243.480MHz
BenchmarkUnmarshal_Reuse-4   	  701906	       774.1 ns/op	     272 B/op	       0 allocs/op
PASS

shortname: capnproto2-Unmarshal_Reuse
toolchain: LLGo
goos: linux
goarch: amd64
pkg: zombiezen.com/go/capnproto2
cpu: AMD EPYC 7763 64-Core Processor @ 3244.046MHz
BenchmarkUnmarshal_Reuse-4   	  693702	       771.7 ns/op	     272 B/op	       0 allocs/op
PASS

shortname: commonmark_markdown-RenderSpecNoHTML
toolchain: LLGo
goos: linux
goarch: amd64
pkg: gitlab.com/golang-commonmark/markdown
cpu: AMD EPYC 7763 64-Core Processor @ 3244.727MHz
BenchmarkRenderSpecNoHTML-4   	      45	  11950549 ns/op
PASS

shortname: commonmark_markdown-RenderSpecNoHTML
toolchain: LLGo
goos: linux
goarch: amd64
pkg: gitlab.com/golang-commonmark/markdown
cpu: AMD EPYC 7763 64-Core Processor @ 3242.093MHz
BenchmarkRenderSpecNoHTML-4   	      45	  12033508 ns/op
PASS

shortname: commonmark_markdown-RenderSpecNoHTML
toolchain: LLGo
goos: linux
goarch: amd64
pkg: gitlab.com/golang-commonmark/markdown
cpu: AMD EPYC 7763 64-Core Processor @ 3241.078MHz
BenchmarkRenderSpecNoHTML-4   	      46	  11942910 ns/op
PASS

shortname: commonmark_markdown-RenderSpecNoHTML
toolchain: LLGo
goos: linux
goarch: amd64
pkg: gitlab.com/golang-commonmark/markdown
cpu: AMD EPYC 7763 64-Core Processor @ 3240.609MHz
BenchmarkRenderSpecNoHTML-4   	      45	  11889208 ns/op
PASS

shortname: commonmark_markdown-RenderSpecNoHTML
toolchain: LLGo
goos: linux
goarch: amd64
pkg: gitlab.com/golang-commonmark/markdown
cpu: AMD EPYC 7763 64-Core Processor @ 3243.881MHz
BenchmarkRenderSpecNoHTML-4   	      45	  11887154 ns/op
PASS

shortname: dustin_broadcast-ParallelBrodcast
toolchain: LLGo
goos: linux
goarch: amd64
pkg: github.com/dustin/go-broadcast
cpu: AMD EPYC 7763 64-Core Processor @ 3245.745MHz
BenchmarkParallelBrodcast-4   	   21298	     28535 ns/op
PASS

shortname: dustin_broadcast-ParallelBrodcast
toolchain: LLGo
goos: linux
goarch: amd64
pkg: github.com/dustin/go-broadcast
cpu: AMD EPYC 7763 64-Core Processor @ 3233.597MHz
BenchmarkParallelBrodcast-4   	   20880	     28705 ns/op
PASS

shortname: dustin_broadcast-ParallelBrodcast
toolchain: LLGo
goos: linux
goarch: amd64
pkg: github.com/dustin/go-broadcast
cpu: AMD EPYC 7763 64-Core Processor @ 3243.794MHz
BenchmarkParallelBrodcast-4   	   20996	     28736 ns/op
PASS

shortname: dustin_broadcast-ParallelBrodcast
toolchain: LLGo
goos: linux
goarch: amd64
pkg: github.com/dustin/go-broadcast
cpu: AMD EPYC 7763 64-Core Processor @ 3242.019MHz
BenchmarkParallelBrodcast-4   	   20982	     28861 ns/op
PASS

shortname: dustin_broadcast-ParallelBrodcast
toolchain: LLGo
goos: linux
goarch: amd64
pkg: github.com/dustin/go-broadcast
cpu: AMD EPYC 7763 64-Core Processor @ 3241.537MHz
BenchmarkParallelBrodcast-4   	   21381	     28966 ns/op
PASS

shortname: dustin_humanize-BigCommas
toolchain: LLGo
goos: linux
goarch: amd64
pkg: github.com/dustin/go-humanize
cpu: AMD EPYC 7763 64-Core Processor @ 3240.892MHz
BenchmarkBigCommas-4   	  246507	      2137 ns/op
PASS

shortname: dustin_humanize-BigCommas
toolchain: LLGo
goos: linux
goarch: amd64
pkg: github.com/dustin/go-humanize
cpu: AMD EPYC 7763 64-Core Processor @ 3243.837MHz
BenchmarkBigCommas-4   	  249408	      2121 ns/op
PASS

shortname: dustin_humanize-BigCommas
toolchain: LLGo
goos: linux
goarch: amd64
pkg: github.com/dustin/go-humanize
cpu: AMD EPYC 7763 64-Core Processor @ 3243.328MHz
BenchmarkBigCommas-4   	  254594	      2095 ns/op
PASS

shortname: dustin_humanize-BigCommas
toolchain: LLGo
goos: linux
goarch: amd64
pkg: github.com/dustin/go-humanize
cpu: AMD EPYC 7763 64-Core Processor @ 3244.112MHz
BenchmarkBigCommas-4   	  254708	      2135 ns/op
PASS

shortname: dustin_humanize-BigCommas
toolchain: LLGo
goos: linux
goarch: amd64
pkg: github.com/dustin/go-humanize
cpu: AMD EPYC 7763 64-Core Processor @ 3241.504MHz
BenchmarkBigCommas-4   	  249202	      2110 ns/op
PASS

shortname: dustin_humanize-Commaf
toolchain: LLGo
goos: linux
goarch: amd64
pkg: github.com/dustin/go-humanize
cpu: AMD EPYC 7763 64-Core Processor @ 3244.006MHz
BenchmarkCommaf-4   	  448692	      1194 ns/op
PASS

shortname: dustin_humanize-Commaf
toolchain: LLGo
goos: linux
goarch: amd64
pkg: github.com/dustin/go-humanize
cpu: AMD EPYC 7763 64-Core Processor @ 3240.470MHz
BenchmarkCommaf-4   	  461587	      1170 ns/op
PASS

shortname: dustin_humanize-Commaf
toolchain: LLGo
goos: linux
goarch: amd64
pkg: github.com/dustin/go-humanize
cpu: AMD EPYC 7763 64-Core Processor @ 3244.006MHz
BenchmarkCommaf-4   	  455779	      1180 ns/op
PASS

shortname: dustin_humanize-Commaf
toolchain: LLGo
goos: linux
goarch: amd64
pkg: github.com/dustin/go-humanize
cpu: AMD EPYC 7763 64-Core Processor @ 3243.890MHz
BenchmarkCommaf-4   	  456099	      1170 ns/op
PASS

shortname: dustin_humanize-Commaf
toolchain: LLGo
goos: linux
goarch: amd64
pkg: github.com/dustin/go-humanize
cpu: AMD EPYC 7763 64-Core Processor @ 3244.641MHz
BenchmarkCommaf-4   	  455529	      1175 ns/op
PASS

shortname: dustin_humanize-ParseBytes
toolchain: LLGo
goos: linux
goarch: amd64
pkg: github.com/dustin/go-humanize
cpu: AMD EPYC 7763 64-Core Processor @ 3241.297MHz
BenchmarkParseBytes-4   	 1725078	       342.8 ns/op
PASS

shortname: dustin_humanize-ParseBytes
toolchain: LLGo
goos: linux
goarch: amd64
pkg: github.com/dustin/go-humanize
cpu: AMD EPYC 7763 64-Core Processor @ 3242.354MHz
BenchmarkParseBytes-4   	 1726330	       340.7 ns/op
PASS

shortname: dustin_humanize-ParseBytes
toolchain: LLGo
goos: linux
goarch: amd64
pkg: github.com/dustin/go-humanize
cpu: AMD EPYC 7763 64-Core Processor @ 3245.268MHz
BenchmarkParseBytes-4   	 1740799	       342.0 ns/op
PASS

shortname: dustin_humanize-ParseBytes
toolchain: LLGo
goos: linux
goarch: amd64
pkg: github.com/dustin/go-humanize
cpu: AMD EPYC 7763 64-Core Processor @ 3244.445MHz
BenchmarkParseBytes-4   	 1730313	       341.7 ns/op
PASS

shortname: dustin_humanize-ParseBytes
toolchain: LLGo
goos: linux
goarch: amd64
pkg: github.com/dustin/go-humanize
cpu: AMD EPYC 7763 64-Core Processor @ 3241.697MHz
BenchmarkParseBytes-4   	 1742348	       341.9 ns/op
PASS

shortname: dustin_humanize-ParseSI
toolchain: LLGo
goos: linux
goarch: amd64
pkg: github.com/dustin/go-humanize
cpu: AMD EPYC 7763 64-Core Processor @ 3242.696MHz
BenchmarkParseSI-4   	  313335	      1662 ns/op
PASS

shortname: dustin_humanize-ParseSI
toolchain: LLGo
goos: linux
goarch: amd64
pkg: github.com/dustin/go-humanize
cpu: AMD EPYC 7763 64-Core Processor @ 3244.032MHz
BenchmarkParseSI-4   	  315007	      1671 ns/op
PASS

shortname: dustin_humanize-ParseSI
toolchain: LLGo
goos: linux
goarch: amd64
pkg: github.com/dustin/go-humanize
cpu: AMD EPYC 7763 64-Core Processor @ 3241.504MHz
BenchmarkParseSI-4   	  313040	      1672 ns/op
PASS

shortname: dustin_humanize-ParseSI
toolchain: LLGo
goos: linux
goarch: amd64
pkg: github.com/dustin/go-humanize
cpu: AMD EPYC 7763 64-Core Processor @ 3242.194MHz
BenchmarkParseSI-4   	  307680	      1670 ns/op
PASS

shortname: dustin_humanize-ParseSI
toolchain: LLGo
goos: linux
goarch: amd64
pkg: github.com/dustin/go-humanize
cpu: AMD EPYC 7763 64-Core Processor @ 3244.554MHz
BenchmarkParseSI-4   	  315015	      1651 ns/op
PASS

shortname: ericlagergren_decimal-Mandelbrot_decimal_GDA_9
toolchain: LLGo
goos: linux
goarch: amd64
pkg: github.com/ericlagergren/decimal_benchmarks
cpu: AMD EPYC 7763 64-Core Processor @ 2445.428MHz
BenchmarkMandelbrot_decimal_GDA_9-4   	       1	5864519491 ns/op
PASS

shortname: ericlagergren_decimal-Mandelbrot_decimal_GDA_9
toolchain: LLGo
goos: linux
goarch: amd64
pkg: github.com/ericlagergren/decimal_benchmarks
cpu: AMD EPYC 7763 64-Core Processor @ 3243.945MHz
BenchmarkMandelbrot_decimal_GDA_9-4   	       1	5870177651 ns/op
PASS

shortname: ericlagergren_decimal-Mandelbrot_decimal_GDA_9
toolchain: LLGo
goos: linux
goarch: amd64
pkg: github.com/ericlagergren/decimal_benchmarks
cpu: AMD EPYC 7763 64-Core Processor @ 2445.428MHz
BenchmarkMandelbrot_decimal_GDA_9-4   	       1	5873916630 ns/op
PASS

shortname: ericlagergren_decimal-Mandelbrot_decimal_GDA_9
toolchain: LLGo
goos: linux
goarch: amd64
pkg: github.com/ericlagergren/decimal_benchmarks
cpu: AMD EPYC 7763 64-Core Processor @ 3241.391MHz
BenchmarkMandelbrot_decimal_GDA_9-4   	       1	5867796547 ns/op
PASS

shortname: ericlagergren_decimal-Mandelbrot_decimal_GDA_9
toolchain: LLGo
goos: linux
goarch: amd64
pkg: github.com/ericlagergren/decimal_benchmarks
cpu: AMD EPYC 7763 64-Core Processor @ 2445.428MHz
BenchmarkMandelbrot_decimal_GDA_9-4   	       1	5872378663 ns/op
PASS

shortname: ericlagergren_decimal-Pi%2Ffoo%3Dapmckinlay%2Fprec%3D19
toolchain: LLGo
goos: linux
goarch: amd64
pkg: github.com/ericlagergren/decimal_benchmarks
cpu: AMD EPYC 7763 64-Core Processor @ 3243.941MHz
BenchmarkPi/foo=apmckinlay/prec=19-4 	   68856	      8186 ns/op
PASS

shortname: ericlagergren_decimal-Pi%2Ffoo%3Dapmckinlay%2Fprec%3D19
toolchain: LLGo
goos: linux
goarch: amd64
pkg: github.com/ericlagergren/decimal_benchmarks
cpu: AMD EPYC 7763 64-Core Processor @ 3240.317MHz
BenchmarkPi/foo=apmckinlay/prec=19-4 	   68605	      8208 ns/op
PASS

shortname: ericlagergren_decimal-Pi%2Ffoo%3Dapmckinlay%2Fprec%3D19
toolchain: LLGo
goos: linux
goarch: amd64
pkg: github.com/ericlagergren/decimal_benchmarks
cpu: AMD EPYC 7763 64-Core Processor @ 3244.873MHz
BenchmarkPi/foo=apmckinlay/prec=19-4 	   68911	      8235 ns/op
PASS

shortname: ericlagergren_decimal-Pi%2Ffoo%3Dapmckinlay%2Fprec%3D19
toolchain: LLGo
goos: linux
goarch: amd64
pkg: github.com/ericlagergren/decimal_benchmarks
cpu: AMD EPYC 7763 64-Core Processor @ 3241.877MHz
BenchmarkPi/foo=apmckinlay/prec=19-4 	   68274	      8209 ns/op
PASS

shortname: ericlagergren_decimal-Pi%2Ffoo%3Dapmckinlay%2Fprec%3D19
toolchain: LLGo
goos: linux
goarch: amd64
pkg: github.com/ericlagergren/decimal_benchmarks
cpu: AMD EPYC 7763 64-Core Processor @ 3242.832MHz
BenchmarkPi/foo=apmckinlay/prec=19-4 	   67304	      8142 ns/op
PASS

shortname: ericlagergren_decimal-Pi%2Ffoo%3Dcockroachdb%2Fapd%2Fprec%3D100
toolchain: LLGo
goos: linux
goarch: amd64
pkg: github.com/ericlagergren/decimal_benchmarks
cpu: AMD EPYC 7763 64-Core Processor @ 3014.621MHz
BenchmarkPi/foo=cockroachdb/apd/prec=100-4         	      15	  35255273 ns/op
PASS

shortname: ericlagergren_decimal-Pi%2Ffoo%3Dcockroachdb%2Fapd%2Fprec%3D100
toolchain: LLGo
goos: linux
goarch: amd64
pkg: github.com/ericlagergren/decimal_benchmarks
cpu: AMD EPYC 7763 64-Core Processor @ 3243.828MHz
BenchmarkPi/foo=cockroachdb/apd/prec=100-4         	      15	  35300649 ns/op
PASS

shortname: ericlagergren_decimal-Pi%2Ffoo%3Dcockroachdb%2Fapd%2Fprec%3D100
toolchain: LLGo
goos: linux
goarch: amd64
pkg: github.com/ericlagergren/decimal_benchmarks
cpu: AMD EPYC 7763 64-Core Processor @ 2445.428MHz
BenchmarkPi/foo=cockroachdb/apd/prec=100-4         	      15	  35334928 ns/op
PASS

shortname: ericlagergren_decimal-Pi%2Ffoo%3Dcockroachdb%2Fapd%2Fprec%3D100
toolchain: LLGo
goos: linux
goarch: amd64
pkg: github.com/ericlagergren/decimal_benchmarks
cpu: AMD EPYC 7763 64-Core Processor @ 2445.428MHz
BenchmarkPi/foo=cockroachdb/apd/prec=100-4         	      15	  35267073 ns/op
PASS

shortname: ericlagergren_decimal-Pi%2Ffoo%3Dcockroachdb%2Fapd%2Fprec%3D100
toolchain: LLGo
goos: linux
goarch: amd64
pkg: github.com/ericlagergren/decimal_benchmarks
cpu: AMD EPYC 7763 64-Core Processor @ 2445.428MHz
BenchmarkPi/foo=cockroachdb/apd/prec=100-4         	      15	  35181539 ns/op
PASS

shortname: ericlagergren_decimal-Pi%2Ffoo%3Dgo-inf%2Fprec%3D100
toolchain: LLGo
goos: linux
goarch: amd64
pkg: github.com/ericlagergren/decimal_benchmarks
cpu: AMD EPYC 7763 64-Core Processor @ 3243.221MHz
BenchmarkPi/foo=go-inf/prec=100-4         	    1755	    310449 ns/op
PASS

shortname: ericlagergren_decimal-Pi%2Ffoo%3Dgo-inf%2Fprec%3D100
toolchain: LLGo
goos: linux
goarch: amd64
pkg: github.com/ericlagergren/decimal_benchmarks
cpu: AMD EPYC 7763 64-Core Processor @ 3241.608MHz
BenchmarkPi/foo=go-inf/prec=100-4         	    1779	    309217 ns/op
PASS

shortname: ericlagergren_decimal-Pi%2Ffoo%3Dgo-inf%2Fprec%3D100
toolchain: LLGo
goos: linux
goarch: amd64
pkg: github.com/ericlagergren/decimal_benchmarks
cpu: AMD EPYC 7763 64-Core Processor @ 3244.424MHz
BenchmarkPi/foo=go-inf/prec=100-4         	    1794	    309042 ns/op
PASS

shortname: ericlagergren_decimal-Pi%2Ffoo%3Dgo-inf%2Fprec%3D100
toolchain: LLGo
goos: linux
goarch: amd64
pkg: github.com/ericlagergren/decimal_benchmarks
cpu: AMD EPYC 7763 64-Core Processor @ 3244.331MHz
BenchmarkPi/foo=go-inf/prec=100-4         	    1785	    308631 ns/op
PASS

shortname: ericlagergren_decimal-Pi%2Ffoo%3Dgo-inf%2Fprec%3D100
toolchain: LLGo
goos: linux
goarch: amd64
pkg: github.com/ericlagergren/decimal_benchmarks
cpu: AMD EPYC 7763 64-Core Processor @ 3243.827MHz
BenchmarkPi/foo=go-inf/prec=100-4         	    1742	    308528 ns/op
PASS

shortname: gonum_community-NewDirectedLayers%2FgraphSize%3D10%2CnumGraphs%3D1
toolchain: LLGo
goos: linux
goarch: amd64
pkg: gonum.org/v1/gonum/graph/community
cpu: AMD EPYC 7763 64-Core Processor @ 3243.536MHz
BenchmarkNewDirectedLayers/graphSize=10,numGraphs=1-4         	  367929	      1426 ns/op
PASS

shortname: gonum_community-NewDirectedLayers%2FgraphSize%3D10%2CnumGraphs%3D1
toolchain: LLGo
goos: linux
goarch: amd64
pkg: gonum.org/v1/gonum/graph/community
cpu: AMD EPYC 7763 64-Core Processor @ 3245.941MHz
BenchmarkNewDirectedLayers/graphSize=10,numGraphs=1-4         	  380112	      1417 ns/op
PASS

shortname: gonum_community-NewDirectedLayers%2FgraphSize%3D10%2CnumGraphs%3D1
toolchain: LLGo
goos: linux
goarch: amd64
pkg: gonum.org/v1/gonum/graph/community
cpu: AMD EPYC 7763 64-Core Processor @ 3242.815MHz
BenchmarkNewDirectedLayers/graphSize=10,numGraphs=1-4         	  372471	      1430 ns/op
PASS

shortname: gonum_community-NewDirectedLayers%2FgraphSize%3D10%2CnumGraphs%3D1
toolchain: LLGo
goos: linux
goarch: amd64
pkg: gonum.org/v1/gonum/graph/community
cpu: AMD EPYC 7763 64-Core Processor @ 3241.481MHz
BenchmarkNewDirectedLayers/graphSize=10,numGraphs=1-4         	  376957	      1428 ns/op
PASS

shortname: gonum_community-NewDirectedLayers%2FgraphSize%3D10%2CnumGraphs%3D1
toolchain: LLGo
goos: linux
goarch: amd64
pkg: gonum.org/v1/gonum/graph/community
cpu: AMD EPYC 7763 64-Core Processor @ 3242.269MHz
BenchmarkNewDirectedLayers/graphSize=10,numGraphs=1-4         	  368048	      1437 ns/op
PASS

shortname: gonum_community-NewDirectedLayers%2FgraphSize%3D1000%2CnumGraphs%3D1
toolchain: LLGo
goos: linux
goarch: amd64
pkg: gonum.org/v1/gonum/graph/community
cpu: AMD EPYC 7763 64-Core Processor @ 3242.387MHz
BenchmarkNewDirectedLayers/graphSize=1000,numGraphs=1-4         	    3584	    150239 ns/op
PASS

shortname: gonum_community-NewDirectedLayers%2FgraphSize%3D1000%2CnumGraphs%3D1
toolchain: LLGo
goos: linux
goarch: amd64
pkg: gonum.org/v1/gonum/graph/community
cpu: AMD EPYC 7763 64-Core Processor @ 3241.930MHz
BenchmarkNewDirectedLayers/graphSize=1000,numGraphs=1-4         	    3315	    162429 ns/op
PASS

shortname: gonum_community-NewDirectedLayers%2FgraphSize%3D1000%2CnumGraphs%3D1
toolchain: LLGo
goos: linux
goarch: amd64
pkg: gonum.org/v1/gonum/graph/community
cpu: AMD EPYC 7763 64-Core Processor @ 3245.435MHz
BenchmarkNewDirectedLayers/graphSize=1000,numGraphs=1-4         	    3510	    149933 ns/op
PASS

shortname: gonum_community-NewDirectedLayers%2FgraphSize%3D1000%2CnumGraphs%3D1
toolchain: LLGo
goos: linux
goarch: amd64
pkg: gonum.org/v1/gonum/graph/community
cpu: AMD EPYC 7763 64-Core Processor @ 3243.292MHz
BenchmarkNewDirectedLayers/graphSize=1000,numGraphs=1-4         	    3582	    150437 ns/op
PASS

shortname: gonum_community-NewDirectedLayers%2FgraphSize%3D1000%2CnumGraphs%3D1
toolchain: LLGo
goos: linux
goarch: amd64
pkg: gonum.org/v1/gonum/graph/community
cpu: AMD EPYC 7763 64-Core Processor @ 3246.261MHz
BenchmarkNewDirectedLayers/graphSize=1000,numGraphs=1-4         	    3630	    149505 ns/op
PASS

shortname: gonum_community-NewUndirectedLayers%2FgraphSize%3D1000%2CnumGraphs%3D10
toolchain: LLGo
goos: linux
goarch: amd64
pkg: gonum.org/v1/gonum/graph/community
cpu: AMD EPYC 7763 64-Core Processor @ 3241.565MHz
BenchmarkNewUndirectedLayers/graphSize=1000,numGraphs=10-4         	     290	   2006201 ns/op
PASS

shortname: gonum_community-NewUndirectedLayers%2FgraphSize%3D1000%2CnumGraphs%3D10
toolchain: LLGo
goos: linux
goarch: amd64
pkg: gonum.org/v1/gonum/graph/community
cpu: AMD EPYC 7763 64-Core Processor @ 3244.148MHz
BenchmarkNewUndirectedLayers/graphSize=1000,numGraphs=10-4         	     289	   2004629 ns/op
PASS

shortname: gonum_community-NewUndirectedLayers%2FgraphSize%3D1000%2CnumGraphs%3D10
toolchain: LLGo
goos: linux
goarch: amd64
pkg: gonum.org/v1/gonum/graph/community
cpu: AMD EPYC 7763 64-Core Processor @ 3243.528MHz
BenchmarkNewUndirectedLayers/graphSize=1000,numGraphs=10-4         	     288	   2012116 ns/op
PASS

shortname: gonum_community-NewUndirectedLayers%2FgraphSize%3D1000%2CnumGraphs%3D10
toolchain: LLGo
goos: linux
goarch: amd64
pkg: gonum.org/v1/gonum/graph/community
cpu: AMD EPYC 7763 64-Core Processor @ 3244.184MHz
BenchmarkNewUndirectedLayers/graphSize=1000,numGraphs=10-4         	     285	   2022496 ns/op
PASS

shortname: gonum_community-NewUndirectedLayers%2FgraphSize%3D1000%2CnumGraphs%3D10
toolchain: LLGo
goos: linux
goarch: amd64
pkg: gonum.org/v1/gonum/graph/community
cpu: AMD EPYC 7763 64-Core Processor @ 3242.951MHz
BenchmarkNewUndirectedLayers/graphSize=1000,numGraphs=10-4         	     284	   2029500 ns/op
PASS

shortname: gonum_lapack_native-Dgeev%2FCirculant5
toolchain: LLGo
goos: linux
goarch: amd64
pkg: gonum.org/v1/gonum/lapack/gonum
cpu: AMD EPYC 7763 64-Core Processor @ 3244.339MHz
BenchmarkDgeev/Circulant5-4         	   10000	     55123 ns/op
PASS

shortname: gonum_lapack_native-Dgeev%2FCirculant5
toolchain: LLGo
goos: linux
goarch: amd64
pkg: gonum.org/v1/gonum/lapack/gonum
cpu: AMD EPYC 7763 64-Core Processor @ 3243.534MHz
BenchmarkDgeev/Circulant5-4         	   10000	     55261 ns/op
PASS

shortname: gonum_lapack_native-Dgeev%2FCirculant5
toolchain: LLGo
goos: linux
goarch: amd64
pkg: gonum.org/v1/gonum/lapack/gonum
cpu: AMD EPYC 7763 64-Core Processor @ 3242.177MHz
BenchmarkDgeev/Circulant5-4         	   10000	     55610 ns/op
PASS

shortname: gonum_lapack_native-Dgeev%2FCirculant5
toolchain: LLGo
goos: linux
goarch: amd64
pkg: gonum.org/v1/gonum/lapack/gonum
cpu: AMD EPYC 7763 64-Core Processor @ 3245.212MHz
BenchmarkDgeev/Circulant5-4         	   10000	     55875 ns/op
PASS

shortname: gonum_lapack_native-Dgeev%2FCirculant5
toolchain: LLGo
goos: linux
goarch: amd64
pkg: gonum.org/v1/gonum/lapack/gonum
cpu: AMD EPYC 7763 64-Core Processor @ 3240.676MHz
BenchmarkDgeev/Circulant5-4         	   10000	     55389 ns/op
PASS

shortname: gonum_mat-AddScaledVec10Inc1
toolchain: LLGo
goos: linux
goarch: amd64
pkg: gonum.org/v1/gonum/mat
cpu: AMD EPYC 7763 64-Core Processor @ 3243.809MHz
BenchmarkAddScaledVec10Inc1-4   	  220272	      2303 ns/op
PASS

shortname: gonum_mat-AddScaledVec10Inc1
toolchain: LLGo
goos: linux
goarch: amd64
pkg: gonum.org/v1/gonum/mat
cpu: AMD EPYC 7763 64-Core Processor @ 3243.465MHz
BenchmarkAddScaledVec10Inc1-4   	  223375	      2326 ns/op
PASS

shortname: gonum_mat-AddScaledVec10Inc1
toolchain: LLGo
goos: linux
goarch: amd64
pkg: gonum.org/v1/gonum/mat
cpu: AMD EPYC 7763 64-Core Processor @ 3245.948MHz
BenchmarkAddScaledVec10Inc1-4   	  219462	      2334 ns/op
PASS

shortname: gonum_mat-AddScaledVec10Inc1
toolchain: LLGo
goos: linux
goarch: amd64
pkg: gonum.org/v1/gonum/mat
cpu: AMD EPYC 7763 64-Core Processor @ 3243.753MHz
BenchmarkAddScaledVec10Inc1-4   	  258679	      2384 ns/op
PASS

shortname: gonum_mat-AddScaledVec10Inc1
toolchain: LLGo
goos: linux
goarch: amd64
pkg: gonum.org/v1/gonum/mat
cpu: AMD EPYC 7763 64-Core Processor @ 3243.750MHz
BenchmarkAddScaledVec10Inc1-4   	  209930	      2424 ns/op
PASS

shortname: gonum_mat-CholeskyFactorize%2Fn%3D10
toolchain: LLGo
goos: linux
goarch: amd64
pkg: gonum.org/v1/gonum/mat
cpu: AMD EPYC 7763 64-Core Processor @ 3242.265MHz
BenchmarkCholeskyFactorize/n=10-4         	   22438	     26295 ns/op
PASS

shortname: gonum_mat-CholeskyFactorize%2Fn%3D10
toolchain: LLGo
goos: linux
goarch: amd64
pkg: gonum.org/v1/gonum/mat
cpu: AMD EPYC 7763 64-Core Processor @ 3240.183MHz
BenchmarkCholeskyFactorize/n=10-4         	   22274	     26426 ns/op
PASS

shortname: gonum_mat-CholeskyFactorize%2Fn%3D10
toolchain: LLGo
goos: linux
goarch: amd64
pkg: gonum.org/v1/gonum/mat
cpu: AMD EPYC 7763 64-Core Processor @ 3240.526MHz
BenchmarkCholeskyFactorize/n=10-4         	   22510	     26329 ns/op
PASS

shortname: gonum_mat-CholeskyFactorize%2Fn%3D10
toolchain: LLGo
goos: linux
goarch: amd64
pkg: gonum.org/v1/gonum/mat
cpu: AMD EPYC 7763 64-Core Processor @ 3239.902MHz
BenchmarkCholeskyFactorize/n=10-4         	   22461	     26407 ns/op
PASS

shortname: gonum_mat-CholeskyFactorize%2Fn%3D10
toolchain: LLGo
goos: linux
goarch: amd64
pkg: gonum.org/v1/gonum/mat
cpu: AMD EPYC 7763 64-Core Processor @ 3244.632MHz
BenchmarkCholeskyFactorize/n=10-4         	   22368	     26385 ns/op
PASS

shortname: gonum_mat-CholeskyInverseTo%2Fn%3D100
toolchain: LLGo
goos: linux
goarch: amd64
pkg: gonum.org/v1/gonum/mat
cpu: AMD EPYC 7763 64-Core Processor @ 3242.422MHz
BenchmarkCholeskyInverseTo/n=100-4         	    1020	    587122 ns/op
PASS

shortname: gonum_mat-CholeskyInverseTo%2Fn%3D100
toolchain: LLGo
goos: linux
goarch: amd64
pkg: gonum.org/v1/gonum/mat
cpu: AMD EPYC 7763 64-Core Processor @ 3240.579MHz
BenchmarkCholeskyInverseTo/n=100-4         	    1018	    586498 ns/op
PASS

shortname: gonum_mat-CholeskyInverseTo%2Fn%3D100
toolchain: LLGo
goos: linux
goarch: amd64
pkg: gonum.org/v1/gonum/mat
cpu: AMD EPYC 7763 64-Core Processor @ 3241.230MHz
BenchmarkCholeskyInverseTo/n=100-4         	    1017	    587848 ns/op
PASS

shortname: gonum_mat-CholeskyInverseTo%2Fn%3D100
toolchain: LLGo
goos: linux
goarch: amd64
pkg: gonum.org/v1/gonum/mat
cpu: AMD EPYC 7763 64-Core Processor @ 3243.942MHz
BenchmarkCholeskyInverseTo/n=100-4         	    1020	    589319 ns/op
PASS

shortname: gonum_mat-CholeskyInverseTo%2Fn%3D100
toolchain: LLGo
goos: linux
goarch: amd64
pkg: gonum.org/v1/gonum/mat
cpu: AMD EPYC 7763 64-Core Processor @ 3305.495MHz
BenchmarkCholeskyInverseTo/n=100-4         	    1017	    585925 ns/op
PASS

shortname: gonum_mat-MarshalToVecDense10
toolchain: LLGo
goos: linux
goarch: amd64
pkg: gonum.org/v1/gonum/mat
cpu: AMD EPYC 7763 64-Core Processor @ 3241.591MHz
BenchmarkMarshalToVecDense10-4   	  260523	      2150 ns/op
PASS

shortname: gonum_mat-MarshalToVecDense10
toolchain: LLGo
goos: linux
goarch: amd64
pkg: gonum.org/v1/gonum/mat
cpu: AMD EPYC 7763 64-Core Processor @ 3240.600MHz
BenchmarkMarshalToVecDense10-4   	  260258	      2146 ns/op
PASS

shortname: gonum_mat-MarshalToVecDense10
toolchain: LLGo
goos: linux
goarch: amd64
pkg: gonum.org/v1/gonum/mat
cpu: AMD EPYC 7763 64-Core Processor @ 3241.457MHz
BenchmarkMarshalToVecDense10-4   	  259474	      2141 ns/op
PASS

shortname: gonum_mat-MarshalToVecDense10
toolchain: LLGo
goos: linux
goarch: amd64
pkg: gonum.org/v1/gonum/mat
cpu: AMD EPYC 7763 64-Core Processor @ 3241.484MHz
BenchmarkMarshalToVecDense10-4   	  259669	      2148 ns/op
PASS

shortname: gonum_mat-MarshalToVecDense10
toolchain: LLGo
goos: linux
goarch: amd64
pkg: gonum.org/v1/gonum/mat
cpu: AMD EPYC 7763 64-Core Processor @ 3244.189MHz
BenchmarkMarshalToVecDense10-4   	  260756	      2145 ns/op
PASS

shortname: gonum_mat-Pool100by100Uncleared
toolchain: LLGo
goos: linux
goarch: amd64
pkg: gonum.org/v1/gonum/mat
cpu: AMD EPYC 7763 64-Core Processor @ 3244.987MHz
BenchmarkPool100by100Uncleared-4   	11027346	        54.47 ns/op
PASS

shortname: gonum_mat-Pool100by100Uncleared
toolchain: LLGo
goos: linux
goarch: amd64
pkg: gonum.org/v1/gonum/mat
cpu: AMD EPYC 7763 64-Core Processor @ 3244.354MHz
BenchmarkPool100by100Uncleared-4   	11011062	        54.33 ns/op
PASS

shortname: gonum_mat-Pool100by100Uncleared
toolchain: LLGo
goos: linux
goarch: amd64
pkg: gonum.org/v1/gonum/mat
cpu: AMD EPYC 7763 64-Core Processor @ 3241.685MHz
BenchmarkPool100by100Uncleared-4   	11040637	        54.34 ns/op
PASS

shortname: gonum_mat-Pool100by100Uncleared
toolchain: LLGo
goos: linux
goarch: amd64
pkg: gonum.org/v1/gonum/mat
cpu: AMD EPYC 7763 64-Core Processor @ 3243.923MHz
BenchmarkPool100by100Uncleared-4   	10241326	        58.56 ns/op
PASS

shortname: gonum_mat-Pool100by100Uncleared
toolchain: LLGo
goos: linux
goarch: amd64
pkg: gonum.org/v1/gonum/mat
cpu: AMD EPYC 7763 64-Core Processor @ 3244.487MHz
BenchmarkPool100by100Uncleared-4   	11022104	        54.44 ns/op
PASS

shortname: gonum_mat-TriMulDiag%2FBenchmarkTriMulDiag100
toolchain: LLGo
goos: linux
goarch: amd64
pkg: gonum.org/v1/gonum/mat
cpu: AMD EPYC 7763 64-Core Processor @ 3241.289MHz
BenchmarkTriMulDiag/BenchmarkTriMulDiag100-4         	    4568	    123998 ns/op
PASS

shortname: gonum_mat-TriMulDiag%2FBenchmarkTriMulDiag100
toolchain: LLGo
goos: linux
goarch: amd64
pkg: gonum.org/v1/gonum/mat
cpu: AMD EPYC 7763 64-Core Processor @ 3244.744MHz
BenchmarkTriMulDiag/BenchmarkTriMulDiag100-4         	    4675	    124097 ns/op
PASS

shortname: gonum_mat-TriMulDiag%2FBenchmarkTriMulDiag100
toolchain: LLGo
goos: linux
goarch: amd64
pkg: gonum.org/v1/gonum/mat
cpu: AMD EPYC 7763 64-Core Processor @ 3242.452MHz
BenchmarkTriMulDiag/BenchmarkTriMulDiag100-4         	    4678	    123900 ns/op
PASS

shortname: gonum_mat-TriMulDiag%2FBenchmarkTriMulDiag100
toolchain: LLGo
goos: linux
goarch: amd64
pkg: gonum.org/v1/gonum/mat
cpu: AMD EPYC 7763 64-Core Processor @ 3242.563MHz
BenchmarkTriMulDiag/BenchmarkTriMulDiag100-4         	    4714	    123577 ns/op
PASS

shortname: gonum_mat-TriMulDiag%2FBenchmarkTriMulDiag100
toolchain: LLGo
goos: linux
goarch: amd64
pkg: gonum.org/v1/gonum/mat
cpu: AMD EPYC 7763 64-Core Processor @ 3244.275MHz
BenchmarkTriMulDiag/BenchmarkTriMulDiag100-4         	    4681	    124063 ns/op
PASS

shortname: gonum_mat-UnmarshalVecDense10
toolchain: LLGo
goos: linux
goarch: amd64
pkg: gonum.org/v1/gonum/mat
cpu: AMD EPYC 7763 64-Core Processor @ 3242.117MHz
BenchmarkUnmarshalVecDense10-4   	  359344	      1575 ns/op
PASS

shortname: gonum_mat-UnmarshalVecDense10
toolchain: LLGo
goos: linux
goarch: amd64
pkg: gonum.org/v1/gonum/mat
cpu: AMD EPYC 7763 64-Core Processor @ 3242.416MHz
BenchmarkUnmarshalVecDense10-4   	  354166	      1570 ns/op
PASS

shortname: gonum_mat-UnmarshalVecDense10
toolchain: LLGo
goos: linux
goarch: amd64
pkg: gonum.org/v1/gonum/mat
cpu: AMD EPYC 7763 64-Core Processor @ 3241.523MHz
BenchmarkUnmarshalVecDense10-4   	  357663	      1564 ns/op
PASS

shortname: gonum_mat-UnmarshalVecDense10
toolchain: LLGo
goos: linux
goarch: amd64
pkg: gonum.org/v1/gonum/mat
cpu: AMD EPYC 7763 64-Core Processor @ 3245.461MHz
BenchmarkUnmarshalVecDense10-4   	  357429	      1570 ns/op
PASS

shortname: gonum_mat-UnmarshalVecDense10
toolchain: LLGo
goos: linux
goarch: amd64
pkg: gonum.org/v1/gonum/mat
cpu: AMD EPYC 7763 64-Core Processor @ 3243.332MHz
BenchmarkUnmarshalVecDense10-4   	  355260	      1568 ns/op
PASS

shortname: gonum_topo-SortStabilizedPath_100000
toolchain: LLGo
goos: linux
goarch: amd64
pkg: gonum.org/v1/gonum/graph/topo
cpu: AMD EPYC 7763 64-Core Processor @ 2445.428MHz
BenchmarkSortStabilizedPath_100000-4   	       2	 284452594 ns/op
PASS

shortname: gonum_topo-SortStabilizedPath_100000
toolchain: LLGo
goos: linux
goarch: amd64
pkg: gonum.org/v1/gonum/graph/topo
cpu: AMD EPYC 7763 64-Core Processor @ 2445.428MHz
BenchmarkSortStabilizedPath_100000-4   	       2	 285919603 ns/op
PASS

shortname: gonum_topo-SortStabilizedPath_100000
toolchain: LLGo
goos: linux
goarch: amd64
pkg: gonum.org/v1/gonum/graph/topo
cpu: AMD EPYC 7763 64-Core Processor @ 2445.428MHz
BenchmarkSortStabilizedPath_100000-4   	       2	 288448746 ns/op
PASS

shortname: gonum_topo-SortStabilizedPath_100000
toolchain: LLGo
goos: linux
goarch: amd64
pkg: gonum.org/v1/gonum/graph/topo
cpu: AMD EPYC 7763 64-Core Processor @ 3243.964MHz
BenchmarkSortStabilizedPath_100000-4   	       2	 296299091 ns/op
PASS

shortname: gonum_topo-SortStabilizedPath_100000
toolchain: LLGo
goos: linux
goarch: amd64
pkg: gonum.org/v1/gonum/graph/topo
cpu: AMD EPYC 7763 64-Core Processor @ 2445.428MHz
BenchmarkSortStabilizedPath_100000-4   	       2	 285622991 ns/op
PASS

shortname: gonum_traverse-WalkAllDepthFirstGnp_100_half
toolchain: LLGo
goos: linux
goarch: amd64
pkg: gonum.org/v1/gonum/graph/traverse
cpu: AMD EPYC 7763 64-Core Processor @ 3243.836MHz
BenchmarkWalkAllDepthFirstGnp_100_half-4   	     529	   1248127 ns/op
PASS

shortname: gonum_traverse-WalkAllDepthFirstGnp_100_half
toolchain: LLGo
goos: linux
goarch: amd64
pkg: gonum.org/v1/gonum/graph/traverse
cpu: AMD EPYC 7763 64-Core Processor @ 3243.762MHz
BenchmarkWalkAllDepthFirstGnp_100_half-4   	     529	   1227367 ns/op
PASS

shortname: gonum_traverse-WalkAllDepthFirstGnp_100_half
toolchain: LLGo
goos: linux
goarch: amd64
pkg: gonum.org/v1/gonum/graph/traverse
cpu: AMD EPYC 7763 64-Core Processor @ 3243.543MHz
BenchmarkWalkAllDepthFirstGnp_100_half-4   	     531	   1205597 ns/op
PASS

shortname: gonum_traverse-WalkAllDepthFirstGnp_100_half
toolchain: LLGo
goos: linux
goarch: amd64
pkg: gonum.org/v1/gonum/graph/traverse
cpu: AMD EPYC 7763 64-Core Processor @ 3242.994MHz
BenchmarkWalkAllDepthFirstGnp_100_half-4   	     556	   1185210 ns/op
PASS

shortname: gonum_traverse-WalkAllDepthFirstGnp_100_half
toolchain: LLGo
goos: linux
goarch: amd64
pkg: gonum.org/v1/gonum/graph/traverse
cpu: AMD EPYC 7763 64-Core Processor @ 3244.584MHz
BenchmarkWalkAllDepthFirstGnp_100_half-4   	     532	   1249238 ns/op
PASS

shortname: gproto_encoding-TextDecode
toolchain: LLGo
goos: linux
goarch: amd64
pkg: google.golang.org/protobuf/encoding
cpu: AMD EPYC 7763 64-Core Processor @ 3077.548MHz
BenchmarkTextDecode-4   	       4	 146043732 ns/op
PASS

shortname: gproto_encoding-TextDecode
toolchain: LLGo
goos: linux
goarch: amd64
pkg: google.golang.org/protobuf/encoding
cpu: AMD EPYC 7763 64-Core Processor @ 3244.522MHz
BenchmarkTextDecode-4   	       4	 151779659 ns/op
PASS

shortname: gproto_encoding-TextDecode
toolchain: LLGo
goos: linux
goarch: amd64
pkg: google.golang.org/protobuf/encoding
cpu: AMD EPYC 7763 64-Core Processor @ 3241.122MHz
BenchmarkTextDecode-4   	       4	 147668341 ns/op
PASS

shortname: gproto_encoding-TextDecode
toolchain: LLGo
goos: linux
goarch: amd64
pkg: google.golang.org/protobuf/encoding
cpu: AMD EPYC 7763 64-Core Processor @ 3241.106MHz
BenchmarkTextDecode-4   	       4	 146647362 ns/op
PASS

shortname: gproto_encoding-TextDecode
toolchain: LLGo
goos: linux
goarch: amd64
pkg: google.golang.org/protobuf/encoding
cpu: AMD EPYC 7763 64-Core Processor @ 3000.139MHz
BenchmarkTextDecode-4   	       4	 148311767 ns/op
PASS

shortname: gproto_json-Bool
toolchain: LLGo
goos: linux
goarch: amd64
pkg: google.golang.org/protobuf/internal/encoding/json
cpu: AMD EPYC 7763 64-Core Processor @ 3244.000MHz
BenchmarkBool-4   	 1700343	       351.0 ns/op
PASS

shortname: gproto_json-Bool
toolchain: LLGo
goos: linux
goarch: amd64
pkg: google.golang.org/protobuf/internal/encoding/json
cpu: AMD EPYC 7763 64-Core Processor @ 3241.101MHz
BenchmarkBool-4   	 1715467	       346.7 ns/op
PASS

shortname: gproto_json-Bool
toolchain: LLGo
goos: linux
goarch: amd64
pkg: google.golang.org/protobuf/internal/encoding/json
cpu: AMD EPYC 7763 64-Core Processor @ 3244.891MHz
BenchmarkBool-4   	 1701021	       348.6 ns/op
PASS

shortname: gproto_json-Bool
toolchain: LLGo
goos: linux
goarch: amd64
pkg: google.golang.org/protobuf/internal/encoding/json
cpu: AMD EPYC 7763 64-Core Processor @ 3243.802MHz
BenchmarkBool-4   	 1697928	       347.4 ns/op
PASS

shortname: gproto_json-Bool
toolchain: LLGo
goos: linux
goarch: amd64
pkg: google.golang.org/protobuf/internal/encoding/json
cpu: AMD EPYC 7763 64-Core Processor @ 3244.402MHz
BenchmarkBool-4   	 1699551	       346.5 ns/op
PASS

shortname: gproto_json-Int
toolchain: LLGo
goos: linux
goarch: amd64
pkg: google.golang.org/protobuf/internal/encoding/json
cpu: AMD EPYC 7763 64-Core Processor @ 3243.929MHz
BenchmarkInt-4   	  633462	       835.2 ns/op
PASS

shortname: gproto_json-Int
toolchain: LLGo
goos: linux
goarch: amd64
pkg: google.golang.org/protobuf/internal/encoding/json
cpu: AMD EPYC 7763 64-Core Processor @ 3243.932MHz
BenchmarkInt-4   	  637138	       838.1 ns/op
PASS

shortname: gproto_json-Int
toolchain: LLGo
goos: linux
goarch: amd64
pkg: google.golang.org/protobuf/internal/encoding/json
cpu: AMD EPYC 7763 64-Core Processor @ 3244.457MHz
BenchmarkInt-4   	  640158	       847.2 ns/op
PASS

shortname: gproto_json-Int
toolchain: LLGo
goos: linux
goarch: amd64
pkg: google.golang.org/protobuf/internal/encoding/json
cpu: AMD EPYC 7763 64-Core Processor @ 3240.860MHz
BenchmarkInt-4   	  626653	       851.0 ns/op
PASS

shortname: gproto_json-Int
toolchain: LLGo
goos: linux
goarch: amd64
pkg: google.golang.org/protobuf/internal/encoding/json
cpu: AMD EPYC 7763 64-Core Processor @ 3241.548MHz
BenchmarkInt-4   	  633073	       842.2 ns/op
PASS

shortname: gproto_proto-Decode%2Fbasic_scalar_types_%28%2Atest.TestAllTypes%29
toolchain: LLGo
goos: linux
goarch: amd64
pkg: google.golang.org/protobuf/proto
cpu: AMD EPYC 7763 64-Core Processor @ 3241.278MHz
BenchmarkDecode/basic_scalar_types_(*test.TestAllTypes)-4         	   43545	     13141 ns/op
PASS

shortname: gproto_proto-Decode%2Fbasic_scalar_types_%28%2Atest.TestAllTypes%29
toolchain: LLGo
goos: linux
goarch: amd64
pkg: google.golang.org/protobuf/proto
cpu: AMD EPYC 7763 64-Core Processor @ 3244.093MHz
BenchmarkDecode/basic_scalar_types_(*test.TestAllTypes)-4         	   42708	     13122 ns/op
PASS

shortname: gproto_proto-Decode%2Fbasic_scalar_types_%28%2Atest.TestAllTypes%29
toolchain: LLGo
goos: linux
goarch: amd64
pkg: google.golang.org/protobuf/proto
cpu: AMD EPYC 7763 64-Core Processor @ 3244.756MHz
BenchmarkDecode/basic_scalar_types_(*test.TestAllTypes)-4         	   42662	     12907 ns/op
PASS

shortname: gproto_proto-Decode%2Fbasic_scalar_types_%28%2Atest.TestAllTypes%29
toolchain: LLGo
goos: linux
goarch: amd64
pkg: google.golang.org/protobuf/proto
cpu: AMD EPYC 7763 64-Core Processor @ 3244.406MHz
BenchmarkDecode/basic_scalar_types_(*test.TestAllTypes)-4         	   43071	     13721 ns/op
PASS

shortname: gproto_proto-Decode%2Fbasic_scalar_types_%28%2Atest.TestAllTypes%29
toolchain: LLGo
goos: linux
goarch: amd64
pkg: google.golang.org/protobuf/proto
cpu: AMD EPYC 7763 64-Core Processor @ 3245.850MHz
BenchmarkDecode/basic_scalar_types_(*test.TestAllTypes)-4         	   42985	     13171 ns/op
PASS

shortname: gproto_proto-Decode%2Fjust_at_recursion_limit_%28%2Atest3.TestAllTypes%29
toolchain: LLGo
goos: linux
goarch: amd64
pkg: google.golang.org/protobuf/proto
cpu: AMD EPYC 7763 64-Core Processor @ 3244.609MHz
BenchmarkDecode/just_at_recursion_limit_(*test3.TestAllTypes)-4         	   40947	     14168 ns/op
PASS

shortname: gproto_proto-Decode%2Fjust_at_recursion_limit_%28%2Atest3.TestAllTypes%29
toolchain: LLGo
goos: linux
goarch: amd64
pkg: google.golang.org/protobuf/proto
cpu: AMD EPYC 7763 64-Core Processor @ 3246.395MHz
BenchmarkDecode/just_at_recursion_limit_(*test3.TestAllTypes)-4         	   41125	     14089 ns/op
PASS

shortname: gproto_proto-Decode%2Fjust_at_recursion_limit_%28%2Atest3.TestAllTypes%29
toolchain: LLGo
goos: linux
goarch: amd64
pkg: google.golang.org/protobuf/proto
cpu: AMD EPYC 7763 64-Core Processor @ 3241.689MHz
BenchmarkDecode/just_at_recursion_limit_(*test3.TestAllTypes)-4         	   40765	     14204 ns/op
PASS

shortname: gproto_proto-Decode%2Fjust_at_recursion_limit_%28%2Atest3.TestAllTypes%29
toolchain: LLGo
goos: linux
goarch: amd64
pkg: google.golang.org/protobuf/proto
cpu: AMD EPYC 7763 64-Core Processor @ 3244.060MHz
BenchmarkDecode/just_at_recursion_limit_(*test3.TestAllTypes)-4         	   40645	     14271 ns/op
PASS

shortname: gproto_proto-Decode%2Fjust_at_recursion_limit_%28%2Atest3.TestAllTypes%29
toolchain: LLGo
goos: linux
goarch: amd64
pkg: google.golang.org/protobuf/proto
cpu: AMD EPYC 7763 64-Core Processor @ 3243.750MHz
BenchmarkDecode/just_at_recursion_limit_(*test3.TestAllTypes)-4         	   40226	     14573 ns/op
PASS

shortname: gproto_proto-EqualWithDeeplyNestedEqual
toolchain: LLGo
goos: linux
goarch: amd64
pkg: google.golang.org/protobuf/proto
cpu: AMD EPYC 7763 64-Core Processor @ 3245.807MHz
BenchmarkEqualWithDeeplyNestedEqual-4   	    1695	    355382 ns/op	  277983 B/op	       0 allocs/op
PASS

shortname: gproto_proto-EqualWithDeeplyNestedEqual
toolchain: LLGo
goos: linux
goarch: amd64
pkg: google.golang.org/protobuf/proto
cpu: AMD EPYC 7763 64-Core Processor @ 3247.680MHz
BenchmarkEqualWithDeeplyNestedEqual-4   	    1753	    350037 ns/op	  277985 B/op	       0 allocs/op
PASS

shortname: gproto_proto-EqualWithDeeplyNestedEqual
toolchain: LLGo
goos: linux
goarch: amd64
pkg: google.golang.org/protobuf/proto
cpu: AMD EPYC 7763 64-Core Processor @ 3244.149MHz
BenchmarkEqualWithDeeplyNestedEqual-4   	    1752	    349411 ns/op	  277984 B/op	       0 allocs/op
PASS

shortname: gproto_proto-EqualWithDeeplyNestedEqual
toolchain: LLGo
goos: linux
goarch: amd64
pkg: google.golang.org/protobuf/proto
cpu: AMD EPYC 7763 64-Core Processor @ 3242.462MHz
BenchmarkEqualWithDeeplyNestedEqual-4   	    1738	    354953 ns/op	  277983 B/op	       0 allocs/op
PASS

shortname: gproto_proto-EqualWithDeeplyNestedEqual
toolchain: LLGo
goos: linux
goarch: amd64
pkg: google.golang.org/protobuf/proto
cpu: AMD EPYC 7763 64-Core Processor @ 3241.298MHz
BenchmarkEqualWithDeeplyNestedEqual-4   	    1744	    355948 ns/op	  277982 B/op	       0 allocs/op
PASS

shortname: gproto_reflect-Value%2FInterface
toolchain: LLGo
goos: linux
goarch: amd64
pkg: google.golang.org/protobuf/reflect/protoreflect
cpu: AMD EPYC 7763 64-Core Processor @ 3241.493MHz
BenchmarkValue/Interface-4         	24735813	        24.48 ns/op	      32 B/op	       0 allocs/op
PASS

shortname: gproto_reflect-Value%2FInterface
toolchain: LLGo
goos: linux
goarch: amd64
pkg: google.golang.org/protobuf/reflect/protoreflect
cpu: AMD EPYC 7763 64-Core Processor @ 3243.971MHz
BenchmarkValue/Interface-4         	24453516	        24.73 ns/op	      32 B/op	       0 allocs/op
PASS

shortname: gproto_reflect-Value%2FInterface
toolchain: LLGo
goos: linux
goarch: amd64
pkg: google.golang.org/protobuf/reflect/protoreflect
cpu: AMD EPYC 7763 64-Core Processor @ 3243.536MHz
BenchmarkValue/Interface-4         	24593775	        24.80 ns/op	      32 B/op	       0 allocs/op
PASS

shortname: gproto_reflect-Value%2FInterface
toolchain: LLGo
goos: linux
goarch: amd64
pkg: google.golang.org/protobuf/reflect/protoreflect
cpu: AMD EPYC 7763 64-Core Processor @ 3241.581MHz
BenchmarkValue/Interface-4         	24690541	        24.27 ns/op	      32 B/op	       0 allocs/op
PASS

shortname: gproto_reflect-Value%2FInterface
toolchain: LLGo
goos: linux
goarch: amd64
pkg: google.golang.org/protobuf/reflect/protoreflect
cpu: AMD EPYC 7763 64-Core Processor @ 3246.898MHz
BenchmarkValue/Interface-4         	24792972	        24.35 ns/op	      32 B/op	       0 allocs/op
PASS

shortname: k8s_cache-EachListItemWithAlloc%2FPodList
toolchain: LLGo
goos: linux
goarch: amd64
pkg: k8s.io/client-go/tools/cache
cpu: AMD EPYC 7763 64-Core Processor @ 3243.882MHz
BenchmarkEachListItemWithAlloc/PodList-4         	    4051	    148991 ns/op
PASS
goleak: Errors on successful test run: found unexpected goroutines:
[Goroutine 6 in state running, with github.com/xgo-dev/llgo/runtime/abi.splitName on top of the stack:
github.com/xgo-dev/llgo/runtime/abi.splitName(...)
	/home/runner/work/benchmarks/benchmarks/.ci/llgo/runtime/abi/type.go:610 +0x7fc6f090563a
github.com/xgo-dev/llgo/runtime/abi.splitName(...)
	/home/runner/work/benchmarks/benchmarks/.ci/llgo/runtime/abi/type.go:610 +0x7fc6f0b8ce6e
github.com/xgo-dev/llgo/runtime/abi.splitName(...)
	/home/runner/work/benchmarks/benchmarks/.ci/llgo/runtime/abi/type.go:610 +0x7fc6f090936e
github.com/xgo-dev/llgo/runtime/abi.splitName(...)
	/home/runner/work/benchmarks/benchmarks/.ci/llgo/runtime/abi/type.go:610 +0x7fc6f09966b6
created by github.com/xgo-dev/llgo/runtime/abi.splitName in goroutine 1
	/home/runner/work/benchmarks/benchmarks/.ci/llgo/runtime/abi/type.go:610 +0x7fc6f090e79d
 Goroutine 2 in state chan receive, with github.com/xgo-dev/llgo/runtime/abi.splitName on top of the stack:
github.com/xgo-dev/llgo/runtime/abi.splitName(...)
	/home/runner/work/benchmarks/benchmarks/.ci/llgo/runtime/abi/type.go:610 +0x7fc6f090563a
github.com/xgo-dev/llgo/runtime/abi.splitName(...)
	/home/runner/work/benchmarks/benchmarks/.ci/llgo/runtime/abi/type.go:610 +0x7fc6f0b8ce6e
github.com/xgo-dev/llgo/runtime/abi.splitName(...)
	/home/runner/work/benchmarks/benchmarks/.ci/llgo/runtime/abi/type.go:610 +0x7fc6f090936e
github.com/xgo-dev/llgo/runtime/abi.splitName(...)
	/home/runner/work/benchmarks/benchmarks/.ci/llgo/runtime/abi/type.go:610 +0x7fc6f09966b6
created by unique.ensureSetupMake in goroutine 1
	/home/runner/work/benchmarks/benchmarks/.ci/llgo/runtime/_patch/unique/handle.go:132 +0x2c
]

shortname: k8s_cache-EachListItemWithAlloc%2FPodList
toolchain: LLGo
goos: linux
goarch: amd64
pkg: k8s.io/client-go/tools/cache
cpu: AMD EPYC 7763 64-Core Processor @ 3231.003MHz
BenchmarkEachListItemWithAlloc/PodList-4         	    4006	    152249 ns/op
PASS
goleak: Errors on successful test run: found unexpected goroutines:
[Goroutine 6 in state running, with github.com/xgo-dev/llgo/runtime/abi.splitName on top of the stack:
github.com/xgo-dev/llgo/runtime/abi.splitName(...)
	/home/runner/work/benchmarks/benchmarks/.ci/llgo/runtime/abi/type.go:610 +0x7fc0f970563a
github.com/xgo-dev/llgo/runtime/abi.splitName(...)
	/home/runner/work/benchmarks/benchmarks/.ci/llgo/runtime/abi/type.go:610 +0x7fc0f9948e6e
github.com/xgo-dev/llgo/runtime/abi.splitName(...)
	/home/runner/work/benchmarks/benchmarks/.ci/llgo/runtime/abi/type.go:610 +0x7fc0f970936e
github.com/xgo-dev/llgo/runtime/abi.splitName(...)
	/home/runner/work/benchmarks/benchmarks/.ci/llgo/runtime/abi/type.go:610 +0x7fc0f97966b6
created by github.com/xgo-dev/llgo/runtime/abi.splitName in goroutine 1
	/home/runner/work/benchmarks/benchmarks/.ci/llgo/runtime/abi/type.go:610 +0x7fc0f970e79d
 Goroutine 2 in state chan receive, with github.com/xgo-dev/llgo/runtime/abi.splitName on top of the stack:
github.com/xgo-dev/llgo/runtime/abi.splitName(...)
	/home/runner/work/benchmarks/benchmarks/.ci/llgo/runtime/abi/type.go:610 +0x7fc0f970563a
github.com/xgo-dev/llgo/runtime/abi.splitName(...)
	/home/runner/work/benchmarks/benchmarks/.ci/llgo/runtime/abi/type.go:610 +0x7fc0f9948e6e
github.com/xgo-dev/llgo/runtime/abi.splitName(...)
	/home/runner/work/benchmarks/benchmarks/.ci/llgo/runtime/abi/type.go:610 +0x7fc0f970936e
github.com/xgo-dev/llgo/runtime/abi.splitName(...)
	/home/runner/work/benchmarks/benchmarks/.ci/llgo/runtime/abi/type.go:610 +0x7fc0f97966b6
created by unique.ensureSetupMake in goroutine 1
	/home/runner/work/benchmarks/benchmarks/.ci/llgo/runtime/_patch/unique/handle.go:132 +0x2c
]

shortname: k8s_cache-EachListItemWithAlloc%2FPodList
toolchain: LLGo
goos: linux
goarch: amd64
pkg: k8s.io/client-go/tools/cache
cpu: AMD EPYC 7763 64-Core Processor @ 3243.949MHz
BenchmarkEachListItemWithAlloc/PodList-4         	    4056	    145803 ns/op
PASS
goleak: Errors on successful test run: found unexpected goroutines:
[Goroutine 6 in state running, with github.com/xgo-dev/llgo/runtime/abi.splitName on top of the stack:
github.com/xgo-dev/llgo/runtime/abi.splitName(...)
	/home/runner/work/benchmarks/benchmarks/.ci/llgo/runtime/abi/type.go:610 +0x7f6b2fb0563a
github.com/xgo-dev/llgo/runtime/abi.splitName(...)
	/home/runner/work/benchmarks/benchmarks/.ci/llgo/runtime/abi/type.go:610 +0x7f6b2fce8e6e
github.com/xgo-dev/llgo/runtime/abi.splitName(...)
	/home/runner/work/benchmarks/benchmarks/.ci/llgo/runtime/abi/type.go:610 +0x7f6b2fb0936e
github.com/xgo-dev/llgo/runtime/abi.splitName(...)
	/home/runner/work/benchmarks/benchmarks/.ci/llgo/runtime/abi/type.go:610 +0x7f6b2fb966b6
created by github.com/xgo-dev/llgo/runtime/abi.splitName in goroutine 1
	/home/runner/work/benchmarks/benchmarks/.ci/llgo/runtime/abi/type.go:610 +0x7f6b2fb0e79d
 Goroutine 2 in state chan receive, with github.com/xgo-dev/llgo/runtime/abi.splitName on top of the stack:
github.com/xgo-dev/llgo/runtime/abi.splitName(...)
	/home/runner/work/benchmarks/benchmarks/.ci/llgo/runtime/abi/type.go:610 +0x7f6b2fb0563a
github.com/xgo-dev/llgo/runtime/abi.splitName(...)
	/home/runner/work/benchmarks/benchmarks/.ci/llgo/runtime/abi/type.go:610 +0x7f6b2fce8e6e
github.com/xgo-dev/llgo/runtime/abi.splitName(...)
	/home/runner/work/benchmarks/benchmarks/.ci/llgo/runtime/abi/type.go:610 +0x7f6b2fb0936e
github.com/xgo-dev/llgo/runtime/abi.splitName(...)
	/home/runner/work/benchmarks/benchmarks/.ci/llgo/runtime/abi/type.go:610 +0x7f6b2fb966b6
created by unique.ensureSetupMake in goroutine 1
	/home/runner/work/benchmarks/benchmarks/.ci/llgo/runtime/_patch/unique/handle.go:132 +0x2c
]

shortname: k8s_cache-EachListItemWithAlloc%2FPodList
toolchain: LLGo
goos: linux
goarch: amd64
pkg: k8s.io/client-go/tools/cache
cpu: AMD EPYC 7763 64-Core Processor @ 3243.248MHz
BenchmarkEachListItemWithAlloc/PodList-4         	    4030	    149025 ns/op
PASS
goleak: Errors on successful test run: found unexpected goroutines:
[Goroutine 6 in state running, with github.com/xgo-dev/llgo/runtime/abi.splitName on top of the stack:
github.com/xgo-dev/llgo/runtime/abi.splitName(...)
	/home/runner/work/benchmarks/benchmarks/.ci/llgo/runtime/abi/type.go:610 +0x7f114130563a
github.com/xgo-dev/llgo/runtime/abi.splitName(...)
	/home/runner/work/benchmarks/benchmarks/.ci/llgo/runtime/abi/type.go:610 +0x7f11415abe6e
github.com/xgo-dev/llgo/runtime/abi.splitName(...)
	/home/runner/work/benchmarks/benchmarks/.ci/llgo/runtime/abi/type.go:610 +0x7f114130936e
github.com/xgo-dev/llgo/runtime/abi.splitName(...)
	/home/runner/work/benchmarks/benchmarks/.ci/llgo/runtime/abi/type.go:610 +0x7f11413966b6
created by github.com/xgo-dev/llgo/runtime/abi.splitName in goroutine 1
	/home/runner/work/benchmarks/benchmarks/.ci/llgo/runtime/abi/type.go:610 +0x7f114130e79d
 Goroutine 2 in state chan receive, with github.com/xgo-dev/llgo/runtime/abi.splitName on top of the stack:
github.com/xgo-dev/llgo/runtime/abi.splitName(...)
	/home/runner/work/benchmarks/benchmarks/.ci/llgo/runtime/abi/type.go:610 +0x7f114130563a
github.com/xgo-dev/llgo/runtime/abi.splitName(...)
	/home/runner/work/benchmarks/benchmarks/.ci/llgo/runtime/abi/type.go:610 +0x7f11415abe6e
github.com/xgo-dev/llgo/runtime/abi.splitName(...)
	/home/runner/work/benchmarks/benchmarks/.ci/llgo/runtime/abi/type.go:610 +0x7f114130936e
github.com/xgo-dev/llgo/runtime/abi.splitName(...)
	/home/runner/work/benchmarks/benchmarks/.ci/llgo/runtime/abi/type.go:610 +0x7f11413966b6
created by unique.ensureSetupMake in goroutine 1
	/home/runner/work/benchmarks/benchmarks/.ci/llgo/runtime/_patch/unique/handle.go:132 +0x2c
]

shortname: k8s_cache-EachListItemWithAlloc%2FPodList
toolchain: LLGo
goos: linux
goarch: amd64
pkg: k8s.io/client-go/tools/cache
cpu: AMD EPYC 7763 64-Core Processor @ 3241.610MHz
BenchmarkEachListItemWithAlloc/PodList-4         	    4044	    148423 ns/op
PASS
goleak: Errors on successful test run: found unexpected goroutines:
[Goroutine 6 in state running, with github.com/xgo-dev/llgo/runtime/abi.splitName on top of the stack:
github.com/xgo-dev/llgo/runtime/abi.splitName(...)
	/home/runner/work/benchmarks/benchmarks/.ci/llgo/runtime/abi/type.go:610 +0x7f1a0e10563a
github.com/xgo-dev/llgo/runtime/abi.splitName(...)
	/home/runner/work/benchmarks/benchmarks/.ci/llgo/runtime/abi/type.go:610 +0x7f1a0e32ce6e
github.com/xgo-dev/llgo/runtime/abi.splitName(...)
	/home/runner/work/benchmarks/benchmarks/.ci/llgo/runtime/abi/type.go:610 +0x7f1a0e10936e
github.com/xgo-dev/llgo/runtime/abi.splitName(...)
	/home/runner/work/benchmarks/benchmarks/.ci/llgo/runtime/abi/type.go:610 +0x7f1a0e1966b6
created by github.com/xgo-dev/llgo/runtime/abi.splitName in goroutine 1
	/home/runner/work/benchmarks/benchmarks/.ci/llgo/runtime/abi/type.go:610 +0x7f1a0e10e79d
 Goroutine 2 in state chan receive, with github.com/xgo-dev/llgo/runtime/abi.splitName on top of the stack:
github.com/xgo-dev/llgo/runtime/abi.splitName(...)
	/home/runner/work/benchmarks/benchmarks/.ci/llgo/runtime/abi/type.go:610 +0x7f1a0e10563a
github.com/xgo-dev/llgo/runtime/abi.splitName(...)
	/home/runner/work/benchmarks/benchmarks/.ci/llgo/runtime/abi/type.go:610 +0x7f1a0e32ce6e
github.com/xgo-dev/llgo/runtime/abi.splitName(...)
	/home/runner/work/benchmarks/benchmarks/.ci/llgo/runtime/abi/type.go:610 +0x7f1a0e10936e
github.com/xgo-dev/llgo/runtime/abi.splitName(...)
	/home/runner/work/benchmarks/benchmarks/.ci/llgo/runtime/abi/type.go:610 +0x7f1a0e1966b6
created by unique.ensureSetupMake in goroutine 1
	/home/runner/work/benchmarks/benchmarks/.ci/llgo/runtime/_patch/unique/handle.go:132 +0x2c
]

shortname: k8s_workqueue-DelayingQueue_AddAfter
toolchain: LLGo
goos: linux
goarch: amd64
pkg: k8s.io/client-go/util/workqueue
cpu: AMD EPYC 7763 64-Core Processor @ 3244.567MHz
BenchmarkDelayingQueue_AddAfter-4   	   95400	      8276 ns/op
PASS

shortname: k8s_workqueue-DelayingQueue_AddAfter
toolchain: LLGo
goos: linux
goarch: amd64
pkg: k8s.io/client-go/util/workqueue
cpu: AMD EPYC 7763 64-Core Processor @ 3243.053MHz
BenchmarkDelayingQueue_AddAfter-4   	  102289	      7303 ns/op
PASS

shortname: k8s_workqueue-DelayingQueue_AddAfter
toolchain: LLGo
goos: linux
goarch: amd64
pkg: k8s.io/client-go/util/workqueue
cpu: AMD EPYC 7763 64-Core Processor @ 3239.324MHz
BenchmarkDelayingQueue_AddAfter-4   	  106231	      7395 ns/op
PASS

shortname: k8s_workqueue-DelayingQueue_AddAfter
toolchain: LLGo
goos: linux
goarch: amd64
pkg: k8s.io/client-go/util/workqueue
cpu: AMD EPYC 7763 64-Core Processor @ 3245.106MHz
BenchmarkDelayingQueue_AddAfter-4   	  102584	      7626 ns/op
PASS

shortname: k8s_workqueue-DelayingQueue_AddAfter
toolchain: LLGo
goos: linux
goarch: amd64
pkg: k8s.io/client-go/util/workqueue
cpu: AMD EPYC 7763 64-Core Processor @ 3244.456MHz
BenchmarkDelayingQueue_AddAfter-4   	   98449	      7954 ns/op
PASS

shortname: kanzi-ANS0
toolchain: LLGo
goos: linux
goarch: amd64
pkg: github.com/flanglet/kanzi-go/v2/benchmark
cpu: AMD EPYC 7763 64-Core Processor @ 3243.909MHz
BenchmarkANS0-4   	     147	   3992078 ns/op
PASS

shortname: kanzi-ANS0
toolchain: LLGo
goos: linux
goarch: amd64
pkg: github.com/flanglet/kanzi-go/v2/benchmark
cpu: AMD EPYC 7763 64-Core Processor @ 3237.356MHz
BenchmarkANS0-4   	     147	   4009779 ns/op
PASS

shortname: kanzi-ANS0
toolchain: LLGo
goos: linux
goarch: amd64
pkg: github.com/flanglet/kanzi-go/v2/benchmark
cpu: AMD EPYC 7763 64-Core Processor @ 3243.552MHz
BenchmarkANS0-4   	     146	   3981112 ns/op
PASS

shortname: kanzi-ANS0
toolchain: LLGo
goos: linux
goarch: amd64
pkg: github.com/flanglet/kanzi-go/v2/benchmark
cpu: AMD EPYC 7763 64-Core Processor @ 3239.876MHz
BenchmarkANS0-4   	     147	   4002194 ns/op
PASS

shortname: kanzi-ANS0
toolchain: LLGo
goos: linux
goarch: amd64
pkg: github.com/flanglet/kanzi-go/v2/benchmark
cpu: AMD EPYC 7763 64-Core Processor @ 3241.329MHz
BenchmarkANS0-4   	     147	   4037934 ns/op
PASS

shortname: kanzi-BWTSmallBlock
toolchain: LLGo
goos: linux
goarch: amd64
pkg: github.com/flanglet/kanzi-go/v2/benchmark
cpu: AMD EPYC 7763 64-Core Processor @ 3245.231MHz
BenchmarkBWTSmallBlock-4   	      13	  44148089 ns/op
PASS

shortname: kanzi-BWTSmallBlock
toolchain: LLGo
goos: linux
goarch: amd64
pkg: github.com/flanglet/kanzi-go/v2/benchmark
cpu: AMD EPYC 7763 64-Core Processor @ 2445.428MHz
BenchmarkBWTSmallBlock-4   	      12	  45052611 ns/op
PASS

shortname: kanzi-BWTSmallBlock
toolchain: LLGo
goos: linux
goarch: amd64
pkg: github.com/flanglet/kanzi-go/v2/benchmark
cpu: AMD EPYC 7763 64-Core Processor @ 2445.428MHz
BenchmarkBWTSmallBlock-4   	      12	  44050021 ns/op
PASS

shortname: kanzi-BWTSmallBlock
toolchain: LLGo
goos: linux
goarch: amd64
pkg: github.com/flanglet/kanzi-go/v2/benchmark
cpu: AMD EPYC 7763 64-Core Processor @ 2445.428MHz
BenchmarkBWTSmallBlock-4   	      12	  44179684 ns/op
PASS

shortname: kanzi-BWTSmallBlock
toolchain: LLGo
goos: linux
goarch: amd64
pkg: github.com/flanglet/kanzi-go/v2/benchmark
cpu: AMD EPYC 7763 64-Core Processor @ 3239.046MHz
BenchmarkBWTSmallBlock-4   	      12	  44402919 ns/op
PASS

shortname: kanzi-CM
toolchain: LLGo
goos: linux
goarch: amd64
pkg: github.com/flanglet/kanzi-go/v2/benchmark
cpu: AMD EPYC 7763 64-Core Processor @ 2445.428MHz
BenchmarkCM-4   	      12	  48099638 ns/op
PASS

shortname: kanzi-CM
toolchain: LLGo
goos: linux
goarch: amd64
pkg: github.com/flanglet/kanzi-go/v2/benchmark
cpu: AMD EPYC 7763 64-Core Processor @ 2445.428MHz
BenchmarkCM-4   	      12	  48584148 ns/op
PASS

shortname: kanzi-CM
toolchain: LLGo
goos: linux
goarch: amd64
pkg: github.com/flanglet/kanzi-go/v2/benchmark
cpu: AMD EPYC 7763 64-Core Processor @ 2445.428MHz
BenchmarkCM-4   	      12	  48259565 ns/op
PASS

shortname: kanzi-CM
toolchain: LLGo
goos: linux
goarch: amd64
pkg: github.com/flanglet/kanzi-go/v2/benchmark
cpu: AMD EPYC 7763 64-Core Processor @ 2445.428MHz
BenchmarkCM-4   	      12	  48584850 ns/op
PASS

shortname: kanzi-CM
toolchain: LLGo
goos: linux
goarch: amd64
pkg: github.com/flanglet/kanzi-go/v2/benchmark
cpu: AMD EPYC 7763 64-Core Processor @ 2445.428MHz
BenchmarkCM-4   	      12	  48910373 ns/op
PASS

shortname: kanzi-Huffman
toolchain: LLGo
goos: linux
goarch: amd64
pkg: github.com/flanglet/kanzi-go/v2/benchmark
cpu: AMD EPYC 7763 64-Core Processor @ 3243.051MHz
BenchmarkHuffman-4   	     142	   4133574 ns/op
PASS

shortname: kanzi-Huffman
toolchain: LLGo
goos: linux
goarch: amd64
pkg: github.com/flanglet/kanzi-go/v2/benchmark
cpu: AMD EPYC 7763 64-Core Processor @ 3242.429MHz
BenchmarkHuffman-4   	     141	   4145114 ns/op
PASS

shortname: kanzi-Huffman
toolchain: LLGo
goos: linux
goarch: amd64
pkg: github.com/flanglet/kanzi-go/v2/benchmark
cpu: AMD EPYC 7763 64-Core Processor @ 3275.493MHz
BenchmarkHuffman-4   	     142	   4135854 ns/op
PASS

shortname: kanzi-Huffman
toolchain: LLGo
goos: linux
goarch: amd64
pkg: github.com/flanglet/kanzi-go/v2/benchmark
cpu: AMD EPYC 7763 64-Core Processor @ 3273.422MHz
BenchmarkHuffman-4   	     142	   4123998 ns/op
PASS

shortname: kanzi-Huffman
toolchain: LLGo
goos: linux
goarch: amd64
pkg: github.com/flanglet/kanzi-go/v2/benchmark
cpu: AMD EPYC 7763 64-Core Processor @ 3263.918MHz
BenchmarkHuffman-4   	     142	   4135666 ns/op
PASS

shortname: nelsam_gxui_interval-General
toolchain: LLGo
goos: linux
goarch: amd64
pkg: git.sr.ht/~nelsam/gxui/interval
cpu: AMD EPYC 7763 64-Core Processor @ 3241.324MHz
BenchmarkGeneral-4   	  498451	      1168 ns/op
PASS

shortname: nelsam_gxui_interval-General
toolchain: LLGo
goos: linux
goarch: amd64
pkg: git.sr.ht/~nelsam/gxui/interval
cpu: AMD EPYC 7763 64-Core Processor @ 3244.302MHz
BenchmarkGeneral-4   	  498756	      1212 ns/op
PASS

shortname: nelsam_gxui_interval-General
toolchain: LLGo
goos: linux
goarch: amd64
pkg: git.sr.ht/~nelsam/gxui/interval
cpu: AMD EPYC 7763 64-Core Processor @ 3241.026MHz
BenchmarkGeneral-4   	  497638	      1172 ns/op
PASS

shortname: nelsam_gxui_interval-General
toolchain: LLGo
goos: linux
goarch: amd64
pkg: git.sr.ht/~nelsam/gxui/interval
cpu: AMD EPYC 7763 64-Core Processor @ 3239.492MHz
BenchmarkGeneral-4   	  501043	      1167 ns/op
PASS

shortname: nelsam_gxui_interval-General
toolchain: LLGo
goos: linux
goarch: amd64
pkg: git.sr.ht/~nelsam/gxui/interval
cpu: AMD EPYC 7763 64-Core Processor @ 3242.283MHz
BenchmarkGeneral-4   	  499555	      1160 ns/op
PASS

shortname: rcrowley_metrics-Histogram
toolchain: LLGo
goos: linux
goarch: amd64
pkg: github.com/rcrowley/go-metrics
cpu: AMD EPYC 7763 64-Core Processor @ 3240.896MHz
BenchmarkHistogram-4   	 5143924	       111.6 ns/op
PASS

shortname: rcrowley_metrics-Histogram
toolchain: LLGo
goos: linux
goarch: amd64
pkg: github.com/rcrowley/go-metrics
cpu: AMD EPYC 7763 64-Core Processor @ 3242.857MHz
BenchmarkHistogram-4   	 5152587	       111.2 ns/op
PASS

shortname: rcrowley_metrics-Histogram
toolchain: LLGo
goos: linux
goarch: amd64
pkg: github.com/rcrowley/go-metrics
cpu: AMD EPYC 7763 64-Core Processor @ 3241.725MHz
BenchmarkHistogram-4   	 5150893	       111.8 ns/op
PASS

shortname: rcrowley_metrics-Histogram
toolchain: LLGo
goos: linux
goarch: amd64
pkg: github.com/rcrowley/go-metrics
cpu: AMD EPYC 7763 64-Core Processor @ 3242.923MHz
BenchmarkHistogram-4   	 5090935	       111.6 ns/op
PASS

shortname: rcrowley_metrics-Histogram
toolchain: LLGo
goos: linux
goarch: amd64
pkg: github.com/rcrowley/go-metrics
cpu: AMD EPYC 7763 64-Core Processor @ 3242.029MHz
BenchmarkHistogram-4   	 5159059	       111.9 ns/op
PASS

shortname: rcrowley_metrics-Timer
toolchain: LLGo
goos: linux
goarch: amd64
pkg: github.com/rcrowley/go-metrics
cpu: AMD EPYC 7763 64-Core Processor @ 3241.151MHz
BenchmarkTimer-4   	  754671	       694.3 ns/op
PASS

shortname: rcrowley_metrics-Timer
toolchain: LLGo
goos: linux
goarch: amd64
pkg: github.com/rcrowley/go-metrics
cpu: AMD EPYC 7763 64-Core Processor @ 3242.930MHz
BenchmarkTimer-4   	  754670	       692.7 ns/op
PASS

shortname: rcrowley_metrics-Timer
toolchain: LLGo
goos: linux
goarch: amd64
pkg: github.com/rcrowley/go-metrics
cpu: AMD EPYC 7763 64-Core Processor @ 3240.819MHz
BenchmarkTimer-4   	  755587	       693.0 ns/op
PASS

shortname: rcrowley_metrics-Timer
toolchain: LLGo
goos: linux
goarch: amd64
pkg: github.com/rcrowley/go-metrics
cpu: AMD EPYC 7763 64-Core Processor @ 3242.234MHz
BenchmarkTimer-4   	  758372	       700.8 ns/op
PASS

shortname: rcrowley_metrics-Timer
toolchain: LLGo
goos: linux
goarch: amd64
pkg: github.com/rcrowley/go-metrics
cpu: AMD EPYC 7763 64-Core Processor @ 3243.344MHz
BenchmarkTimer-4   	  749965	       696.3 ns/op
PASS

shortname: semver-CheckVersionRange
toolchain: LLGo
goos: linux
goarch: amd64
pkg: github.com/Masterminds/semver/v3
cpu: AMD EPYC 7763 64-Core Processor @ 3242.450MHz
BenchmarkCheckVersionRange-4   	 5664424	       101.6 ns/op	      64 B/op	       0 allocs/op
PASS

shortname: semver-CheckVersionRange
toolchain: LLGo
goos: linux
goarch: amd64
pkg: github.com/Masterminds/semver/v3
cpu: AMD EPYC 7763 64-Core Processor @ 3244.191MHz
BenchmarkCheckVersionRange-4   	 5730558	        99.85 ns/op	      64 B/op	       0 allocs/op
PASS

shortname: semver-CheckVersionRange
toolchain: LLGo
goos: linux
goarch: amd64
pkg: github.com/Masterminds/semver/v3
cpu: AMD EPYC 7763 64-Core Processor @ 3244.448MHz
BenchmarkCheckVersionRange-4   	 5692783	        99.85 ns/op	      64 B/op	       0 allocs/op
PASS

shortname: semver-CheckVersionRange
toolchain: LLGo
goos: linux
goarch: amd64
pkg: github.com/Masterminds/semver/v3
cpu: AMD EPYC 7763 64-Core Processor @ 3243.603MHz
BenchmarkCheckVersionRange-4   	 5544392	       102.3 ns/op	      64 B/op	       0 allocs/op
PASS

shortname: semver-CheckVersionRange
toolchain: LLGo
goos: linux
goarch: amd64
pkg: github.com/Masterminds/semver/v3
cpu: AMD EPYC 7763 64-Core Processor @ 3244.210MHz
BenchmarkCheckVersionRange-4   	 5947401	        96.53 ns/op	      64 B/op	       0 allocs/op
PASS

shortname: semver-CoerceNewVersionSimple
toolchain: LLGo
goos: linux
goarch: amd64
pkg: github.com/Masterminds/semver/v3
cpu: AMD EPYC 7763 64-Core Processor @ 3244.378MHz
BenchmarkCoerceNewVersionSimple-4   	  940599	       534.7 ns/op	     432 B/op	       0 allocs/op
PASS

shortname: semver-CoerceNewVersionSimple
toolchain: LLGo
goos: linux
goarch: amd64
pkg: github.com/Masterminds/semver/v3
cpu: AMD EPYC 7763 64-Core Processor @ 3243.732MHz
BenchmarkCoerceNewVersionSimple-4   	 1126040	       530.3 ns/op	     432 B/op	       0 allocs/op
PASS

shortname: semver-CoerceNewVersionSimple
toolchain: LLGo
goos: linux
goarch: amd64
pkg: github.com/Masterminds/semver/v3
cpu: AMD EPYC 7763 64-Core Processor @ 3244.619MHz
BenchmarkCoerceNewVersionSimple-4   	 1133900	       530.9 ns/op	     432 B/op	       0 allocs/op
PASS

shortname: semver-CoerceNewVersionSimple
toolchain: LLGo
goos: linux
goarch: amd64
pkg: github.com/Masterminds/semver/v3
cpu: AMD EPYC 7763 64-Core Processor @ 3243.837MHz
BenchmarkCoerceNewVersionSimple-4   	 1137489	       525.1 ns/op	     432 B/op	       0 allocs/op
PASS

shortname: semver-CoerceNewVersionSimple
toolchain: LLGo
goos: linux
goarch: amd64
pkg: github.com/Masterminds/semver/v3
cpu: AMD EPYC 7763 64-Core Processor @ 3241.785MHz
BenchmarkCoerceNewVersionSimple-4   	 1132840	       529.7 ns/op	     432 B/op	       0 allocs/op
PASS

shortname: semver-ValidateVersionRangeFail
toolchain: LLGo
goos: linux
goarch: amd64
pkg: github.com/Masterminds/semver/v3
cpu: AMD EPYC 7763 64-Core Processor @ 3246.020MHz
BenchmarkValidateVersionRangeFail-4   	  195222	      2569 ns/op	    3744 B/op	       0 allocs/op
PASS

shortname: semver-ValidateVersionRangeFail
toolchain: LLGo
goos: linux
goarch: amd64
pkg: github.com/Masterminds/semver/v3
cpu: AMD EPYC 7763 64-Core Processor @ 3243.763MHz
BenchmarkValidateVersionRangeFail-4   	  234643	      2616 ns/op	    3744 B/op	       0 allocs/op
PASS

shortname: semver-ValidateVersionRangeFail
toolchain: LLGo
goos: linux
goarch: amd64
pkg: github.com/Masterminds/semver/v3
cpu: AMD EPYC 7763 64-Core Processor @ 3243.515MHz
BenchmarkValidateVersionRangeFail-4   	  189918	      2636 ns/op	    3744 B/op	       0 allocs/op
PASS

shortname: semver-ValidateVersionRangeFail
toolchain: LLGo
goos: linux
goarch: amd64
pkg: github.com/Masterminds/semver/v3
cpu: AMD EPYC 7763 64-Core Processor @ 3244.642MHz
BenchmarkValidateVersionRangeFail-4   	  228800	      2656 ns/op	    3744 B/op	       0 allocs/op
PASS

shortname: semver-ValidateVersionRangeFail
toolchain: LLGo
goos: linux
goarch: amd64
pkg: github.com/Masterminds/semver/v3
cpu: AMD EPYC 7763 64-Core Processor @ 3244.747MHz
BenchmarkValidateVersionRangeFail-4   	  191486	      2642 ns/op	    3744 B/op	       0 allocs/op
PASS

shortname: shopify_sarama-ZstdMemoryConsumption%2Fno_drain
toolchain: LLGo
goos: linux
goarch: amd64
pkg: github.com/IBM/sarama
cpu: AMD EPYC 7763 64-Core Processor @ 3240.029MHz
BenchmarkZstdMemoryConsumption/no_drain-4         	     109	   5425319 ns/op	  238241 B/op	       0 allocs/op
PASS

shortname: shopify_sarama-ZstdMemoryConsumption%2Fno_drain
toolchain: LLGo
goos: linux
goarch: amd64
pkg: github.com/IBM/sarama
cpu: AMD EPYC 7763 64-Core Processor @ 2445.428MHz
BenchmarkZstdMemoryConsumption/no_drain-4         	     108	   5471535 ns/op	  240029 B/op	       0 allocs/op
PASS

shortname: shopify_sarama-ZstdMemoryConsumption%2Fno_drain
toolchain: LLGo
goos: linux
goarch: amd64
pkg: github.com/IBM/sarama
cpu: AMD EPYC 7763 64-Core Processor @ 3241.327MHz
BenchmarkZstdMemoryConsumption/no_drain-4         	     108	   5490465 ns/op	  240064 B/op	       0 allocs/op
PASS

shortname: shopify_sarama-ZstdMemoryConsumption%2Fno_drain
toolchain: LLGo
goos: linux
goarch: amd64
pkg: github.com/IBM/sarama
cpu: AMD EPYC 7763 64-Core Processor @ 2445.428MHz
BenchmarkZstdMemoryConsumption/no_drain-4         	     109	   5445360 ns/op	  238266 B/op	       0 allocs/op
PASS

shortname: shopify_sarama-ZstdMemoryConsumption%2Fno_drain
toolchain: LLGo
goos: linux
goarch: amd64
pkg: github.com/IBM/sarama
cpu: AMD EPYC 7763 64-Core Processor @ 2445.428MHz
BenchmarkZstdMemoryConsumption/no_drain-4         	     109	   5448170 ns/op	  238258 B/op	       0 allocs/op
PASS

shortname: shopify_sarama-_getMetricNameForTopic
toolchain: LLGo
goos: linux
goarch: amd64
pkg: github.com/IBM/sarama
cpu: AMD EPYC 7763 64-Core Processor @ 3098.287MHz
Benchmark_getMetricNameForTopic-4   	 2121370	       283.9 ns/op	     128 B/op	       0 allocs/op
PASS

shortname: shopify_sarama-_getMetricNameForTopic
toolchain: LLGo
goos: linux
goarch: amd64
pkg: github.com/IBM/sarama
cpu: AMD EPYC 7763 64-Core Processor @ 2445.428MHz
Benchmark_getMetricNameForTopic-4   	 2167381	       275.8 ns/op	     128 B/op	       0 allocs/op
PASS

shortname: shopify_sarama-_getMetricNameForTopic
toolchain: LLGo
goos: linux
goarch: amd64
pkg: github.com/IBM/sarama
cpu: AMD EPYC 7763 64-Core Processor @ 2445.428MHz
Benchmark_getMetricNameForTopic-4   	 2158437	       276.6 ns/op	     128 B/op	       0 allocs/op
PASS

shortname: shopify_sarama-_getMetricNameForTopic
toolchain: LLGo
goos: linux
goarch: amd64
pkg: github.com/IBM/sarama
cpu: AMD EPYC 7763 64-Core Processor @ 3241.430MHz
Benchmark_getMetricNameForTopic-4   	 2155456	       277.1 ns/op	     128 B/op	       0 allocs/op
PASS

shortname: shopify_sarama-_getMetricNameForTopic
toolchain: LLGo
goos: linux
goarch: amd64
pkg: github.com/IBM/sarama
cpu: AMD EPYC 7763 64-Core Processor @ 2445.428MHz
Benchmark_getMetricNameForTopic-4   	 2158548	       276.5 ns/op	     128 B/op	       0 allocs/op
PASS

shortname: thriftrw_gen-RoundTrip%2FContainersOfContainers%2FDecode
toolchain: LLGo
goos: linux
goarch: amd64
pkg: go.uber.org/thriftrw/gen
cpu: AMD EPYC 7763 64-Core Processor @ 3244.267MHz
BenchmarkRoundTrip/ContainersOfContainers/Decode-4  	    2511	    216320 ns/op
PASS

shortname: thriftrw_gen-RoundTrip%2FContainersOfContainers%2FDecode
toolchain: LLGo
goos: linux
goarch: amd64
pkg: go.uber.org/thriftrw/gen
cpu: AMD EPYC 7763 64-Core Processor @ 3242.983MHz
BenchmarkRoundTrip/ContainersOfContainers/Decode-4  	    2438	    216562 ns/op
PASS

shortname: thriftrw_gen-RoundTrip%2FContainersOfContainers%2FDecode
toolchain: LLGo
goos: linux
goarch: amd64
pkg: go.uber.org/thriftrw/gen
cpu: AMD EPYC 7763 64-Core Processor @ 3242.194MHz
BenchmarkRoundTrip/ContainersOfContainers/Decode-4  	    2446	    217654 ns/op
PASS

shortname: thriftrw_gen-RoundTrip%2FContainersOfContainers%2FDecode
toolchain: LLGo
goos: linux
goarch: amd64
pkg: go.uber.org/thriftrw/gen
cpu: AMD EPYC 7763 64-Core Processor @ 3243.790MHz
BenchmarkRoundTrip/ContainersOfContainers/Decode-4  	    2472	    217173 ns/op
PASS

shortname: thriftrw_gen-RoundTrip%2FContainersOfContainers%2FDecode
toolchain: LLGo
goos: linux
goarch: amd64
pkg: go.uber.org/thriftrw/gen
cpu: AMD EPYC 7763 64-Core Processor @ 3244.058MHz
BenchmarkRoundTrip/ContainersOfContainers/Decode-4  	    2464	    216939 ns/op
PASS

shortname: thriftrw_gen-RoundTrip%2FContainersOfContainers%2FEncode
toolchain: LLGo
goos: linux
goarch: amd64
pkg: go.uber.org/thriftrw/gen
cpu: AMD EPYC 7763 64-Core Processor @ 3243.747MHz
BenchmarkRoundTrip/ContainersOfContainers/Encode-4  	    4332	    117859 ns/op
PASS

shortname: thriftrw_gen-RoundTrip%2FContainersOfContainers%2FEncode
toolchain: LLGo
goos: linux
goarch: amd64
pkg: go.uber.org/thriftrw/gen
cpu: AMD EPYC 7763 64-Core Processor @ 3243.349MHz
BenchmarkRoundTrip/ContainersOfContainers/Encode-4  	    4296	    116943 ns/op
PASS

shortname: thriftrw_gen-RoundTrip%2FContainersOfContainers%2FEncode
toolchain: LLGo
goos: linux
goarch: amd64
pkg: go.uber.org/thriftrw/gen
cpu: AMD EPYC 7763 64-Core Processor @ 3345.669MHz
BenchmarkRoundTrip/ContainersOfContainers/Encode-4  	    4324	    119073 ns/op
PASS

shortname: thriftrw_gen-RoundTrip%2FContainersOfContainers%2FEncode
toolchain: LLGo
goos: linux
goarch: amd64
pkg: go.uber.org/thriftrw/gen
cpu: AMD EPYC 7763 64-Core Processor @ 3242.243MHz
BenchmarkRoundTrip/ContainersOfContainers/Encode-4  	    4276	    117689 ns/op
PASS

shortname: thriftrw_gen-RoundTrip%2FContainersOfContainers%2FEncode
toolchain: LLGo
goos: linux
goarch: amd64
pkg: go.uber.org/thriftrw/gen
cpu: AMD EPYC 7763 64-Core Processor @ 3241.472MHz
BenchmarkRoundTrip/ContainersOfContainers/Encode-4  	    5118	    117526 ns/op
PASS

shortname: thriftrw_gen-RoundTrip%2FPrimitiveOptionalStruct%2FStreaming_Decode
toolchain: LLGo
goos: linux
goarch: amd64
pkg: go.uber.org/thriftrw/gen
cpu: AMD EPYC 7763 64-Core Processor @ 3244.061MHz
BenchmarkRoundTrip/PrimitiveOptionalStruct/Streaming_Decode-4         	   84518	      6558 ns/op
PASS

shortname: thriftrw_gen-RoundTrip%2FPrimitiveOptionalStruct%2FStreaming_Decode
toolchain: LLGo
goos: linux
goarch: amd64
pkg: go.uber.org/thriftrw/gen
cpu: AMD EPYC 7763 64-Core Processor @ 3241.553MHz
BenchmarkRoundTrip/PrimitiveOptionalStruct/Streaming_Decode-4         	   84072	      6612 ns/op
PASS

shortname: thriftrw_gen-RoundTrip%2FPrimitiveOptionalStruct%2FStreaming_Decode
toolchain: LLGo
goos: linux
goarch: amd64
pkg: go.uber.org/thriftrw/gen
cpu: AMD EPYC 7763 64-Core Processor @ 3245.629MHz
BenchmarkRoundTrip/PrimitiveOptionalStruct/Streaming_Decode-4         	   81206	      6623 ns/op
PASS

shortname: thriftrw_gen-RoundTrip%2FPrimitiveOptionalStruct%2FStreaming_Decode
toolchain: LLGo
goos: linux
goarch: amd64
pkg: go.uber.org/thriftrw/gen
cpu: AMD EPYC 7763 64-Core Processor @ 3243.976MHz
BenchmarkRoundTrip/PrimitiveOptionalStruct/Streaming_Decode-4         	   83817	      6585 ns/op
PASS

shortname: thriftrw_gen-RoundTrip%2FPrimitiveOptionalStruct%2FStreaming_Decode
toolchain: LLGo
goos: linux
goarch: amd64
pkg: go.uber.org/thriftrw/gen
cpu: AMD EPYC 7763 64-Core Processor @ 3241.471MHz
BenchmarkRoundTrip/PrimitiveOptionalStruct/Streaming_Decode-4         	   84508	      6574 ns/op
PASS

shortname: uber_zap-JSONLogMarshalerFunc
toolchain: LLGo
goos: linux
goarch: amd64
pkg: go.uber.org/zap/zapcore
cpu: AMD EPYC 7763 64-Core Processor @ 3240.134MHz
BenchmarkJSONLogMarshalerFunc-4   	  372890	      1633 ns/op
PASS
goleak: Errors on successful test run: found unexpected goroutines:
[Goroutine 5 in state running, with github.com/xgo-dev/llgo/runtime/abi.splitName on top of the stack:
github.com/xgo-dev/llgo/runtime/abi.splitName(...)
	/home/runner/work/benchmarks/benchmarks/.ci/llgo/runtime/abi/type.go:610 +0x7f90211ca381
github.com/xgo-dev/llgo/runtime/abi.splitName(...)
	/home/runner/work/benchmarks/benchmarks/.ci/llgo/runtime/abi/type.go:610 +0x7f90213babb5
github.com/xgo-dev/llgo/runtime/abi.splitName(...)
	/home/runner/work/benchmarks/benchmarks/.ci/llgo/runtime/abi/type.go:610 +0x7f90211ce0b5
github.com/xgo-dev/llgo/runtime/abi.splitName(...)
	/home/runner/work/benchmarks/benchmarks/.ci/llgo/runtime/abi/type.go:610 +0x7f902125b3fd
created by github.com/xgo-dev/llgo/runtime/abi.splitName in goroutine 1
	/home/runner/work/benchmarks/benchmarks/.ci/llgo/runtime/abi/type.go:610 +0x7f90211d34e4
 Goroutine 2 in state chan receive, with github.com/xgo-dev/llgo/runtime/abi.splitName on top of the stack:
github.com/xgo-dev/llgo/runtime/abi.splitName(...)
	/home/runner/work/benchmarks/benchmarks/.ci/llgo/runtime/abi/type.go:610 +0x7f90211ca381
github.com/xgo-dev/llgo/runtime/abi.splitName(...)
	/home/runner/work/benchmarks/benchmarks/.ci/llgo/runtime/abi/type.go:610 +0x7f90213babb5
github.com/xgo-dev/llgo/runtime/abi.splitName(...)
	/home/runner/work/benchmarks/benchmarks/.ci/llgo/runtime/abi/type.go:610 +0x7f90211ce0b5
github.com/xgo-dev/llgo/runtime/abi.splitName(...)
	/home/runner/work/benchmarks/benchmarks/.ci/llgo/runtime/abi/type.go:610 +0x7f902125b3fd
created by unique.ensureSetupMake in goroutine 1
	/home/runner/work/benchmarks/benchmarks/.ci/llgo/runtime/_patch/unique/handle.go:132 +0x2c
]

shortname: uber_zap-JSONLogMarshalerFunc
toolchain: LLGo
goos: linux
goarch: amd64
pkg: go.uber.org/zap/zapcore
cpu: AMD EPYC 7763 64-Core Processor @ 3241.648MHz
BenchmarkJSONLogMarshalerFunc-4   	  315427	      1594 ns/op
PASS
goleak: Errors on successful test run: found unexpected goroutines:
[Goroutine 5 in state running, with github.com/xgo-dev/llgo/runtime/abi.splitName on top of the stack:
github.com/xgo-dev/llgo/runtime/abi.splitName(...)
	/home/runner/work/benchmarks/benchmarks/.ci/llgo/runtime/abi/type.go:610 +0x7fcc841ca381
github.com/xgo-dev/llgo/runtime/abi.splitName(...)
	/home/runner/work/benchmarks/benchmarks/.ci/llgo/runtime/abi/type.go:610 +0x7fcc844c1bb5
github.com/xgo-dev/llgo/runtime/abi.splitName(...)
	/home/runner/work/benchmarks/benchmarks/.ci/llgo/runtime/abi/type.go:610 +0x7fcc841ce0b5
github.com/xgo-dev/llgo/runtime/abi.splitName(...)
	/home/runner/work/benchmarks/benchmarks/.ci/llgo/runtime/abi/type.go:610 +0x7fcc8425b3fd
created by github.com/xgo-dev/llgo/runtime/abi.splitName in goroutine 1
	/home/runner/work/benchmarks/benchmarks/.ci/llgo/runtime/abi/type.go:610 +0x7fcc841d34e4
 Goroutine 2 in state chan receive, with github.com/xgo-dev/llgo/runtime/abi.splitName on top of the stack:
github.com/xgo-dev/llgo/runtime/abi.splitName(...)
	/home/runner/work/benchmarks/benchmarks/.ci/llgo/runtime/abi/type.go:610 +0x7fcc841ca381
github.com/xgo-dev/llgo/runtime/abi.splitName(...)
	/home/runner/work/benchmarks/benchmarks/.ci/llgo/runtime/abi/type.go:610 +0x7fcc844c1bb5
github.com/xgo-dev/llgo/runtime/abi.splitName(...)
	/home/runner/work/benchmarks/benchmarks/.ci/llgo/runtime/abi/type.go:610 +0x7fcc841ce0b5
github.com/xgo-dev/llgo/runtime/abi.splitName(...)
	/home/runner/work/benchmarks/benchmarks/.ci/llgo/runtime/abi/type.go:610 +0x7fcc8425b3fd
created by unique.ensureSetupMake in goroutine 1
	/home/runner/work/benchmarks/benchmarks/.ci/llgo/runtime/_patch/unique/handle.go:132 +0x2c
]

shortname: uber_zap-JSONLogMarshalerFunc
toolchain: LLGo
goos: linux
goarch: amd64
pkg: go.uber.org/zap/zapcore
cpu: AMD EPYC 7763 64-Core Processor @ 3242.943MHz
BenchmarkJSONLogMarshalerFunc-4   	  381669	      1588 ns/op
PASS
goleak: Errors on successful test run: found unexpected goroutines:
[Goroutine 5 in state running, with github.com/xgo-dev/llgo/runtime/abi.splitName on top of the stack:
github.com/xgo-dev/llgo/runtime/abi.splitName(...)
	/home/runner/work/benchmarks/benchmarks/.ci/llgo/runtime/abi/type.go:610 +0x7f88bd5ca381
github.com/xgo-dev/llgo/runtime/abi.splitName(...)
	/home/runner/work/benchmarks/benchmarks/.ci/llgo/runtime/abi/type.go:610 +0x7f88bd7fbbb5
github.com/xgo-dev/llgo/runtime/abi.splitName(...)
	/home/runner/work/benchmarks/benchmarks/.ci/llgo/runtime/abi/type.go:610 +0x7f88bd5ce0b5
github.com/xgo-dev/llgo/runtime/abi.splitName(...)
	/home/runner/work/benchmarks/benchmarks/.ci/llgo/runtime/abi/type.go:610 +0x7f88bd65b3fd
created by github.com/xgo-dev/llgo/runtime/abi.splitName in goroutine 1
	/home/runner/work/benchmarks/benchmarks/.ci/llgo/runtime/abi/type.go:610 +0x7f88bd5d34e4
 Goroutine 2 in state chan receive, with github.com/xgo-dev/llgo/runtime/abi.splitName on top of the stack:
github.com/xgo-dev/llgo/runtime/abi.splitName(...)
	/home/runner/work/benchmarks/benchmarks/.ci/llgo/runtime/abi/type.go:610 +0x7f88bd5ca381
github.com/xgo-dev/llgo/runtime/abi.splitName(...)
	/home/runner/work/benchmarks/benchmarks/.ci/llgo/runtime/abi/type.go:610 +0x7f88bd7fbbb5
github.com/xgo-dev/llgo/runtime/abi.splitName(...)
	/home/runner/work/benchmarks/benchmarks/.ci/llgo/runtime/abi/type.go:610 +0x7f88bd5ce0b5
github.com/xgo-dev/llgo/runtime/abi.splitName(...)
	/home/runner/work/benchmarks/benchmarks/.ci/llgo/runtime/abi/type.go:610 +0x7f88bd65b3fd
created by unique.ensureSetupMake in goroutine 1
	/home/runner/work/benchmarks/benchmarks/.ci/llgo/runtime/_patch/unique/handle.go:132 +0x2c
]

shortname: uber_zap-JSONLogMarshalerFunc
toolchain: LLGo
goos: linux
goarch: amd64
pkg: go.uber.org/zap/zapcore
cpu: AMD EPYC 7763 64-Core Processor @ 3241.382MHz
BenchmarkJSONLogMarshalerFunc-4   	  318975	      1584 ns/op
PASS
goleak: Errors on successful test run: found unexpected goroutines:
[Goroutine 5 in state running, with github.com/xgo-dev/llgo/runtime/abi.splitName on top of the stack:
github.com/xgo-dev/llgo/runtime/abi.splitName(...)
	/home/runner/work/benchmarks/benchmarks/.ci/llgo/runtime/abi/type.go:610 +0x7f55f0dca381
github.com/xgo-dev/llgo/runtime/abi.splitName(...)
	/home/runner/work/benchmarks/benchmarks/.ci/llgo/runtime/abi/type.go:610 +0x7f55f1092bb5
github.com/xgo-dev/llgo/runtime/abi.splitName(...)
	/home/runner/work/benchmarks/benchmarks/.ci/llgo/runtime/abi/type.go:610 +0x7f55f0dce0b5
github.com/xgo-dev/llgo/runtime/abi.splitName(...)
	/home/runner/work/benchmarks/benchmarks/.ci/llgo/runtime/abi/type.go:610 +0x7f55f0e5b3fd
created by github.com/xgo-dev/llgo/runtime/abi.splitName in goroutine 1
	/home/runner/work/benchmarks/benchmarks/.ci/llgo/runtime/abi/type.go:610 +0x7f55f0dd34e4
 Goroutine 2 in state chan receive, with github.com/xgo-dev/llgo/runtime/abi.splitName on top of the stack:
github.com/xgo-dev/llgo/runtime/abi.splitName(...)
	/home/runner/work/benchmarks/benchmarks/.ci/llgo/runtime/abi/type.go:610 +0x7f55f0dca381
github.com/xgo-dev/llgo/runtime/abi.splitName(...)
	/home/runner/work/benchmarks/benchmarks/.ci/llgo/runtime/abi/type.go:610 +0x7f55f1092bb5
github.com/xgo-dev/llgo/runtime/abi.splitName(...)
	/home/runner/work/benchmarks/benchmarks/.ci/llgo/runtime/abi/type.go:610 +0x7f55f0dce0b5
github.com/xgo-dev/llgo/runtime/abi.splitName(...)
	/home/runner/work/benchmarks/benchmarks/.ci/llgo/runtime/abi/type.go:610 +0x7f55f0e5b3fd
created by unique.ensureSetupMake in goroutine 1
	/home/runner/work/benchmarks/benchmarks/.ci/llgo/runtime/_patch/unique/handle.go:132 +0x2c
]

shortname: uber_zap-JSONLogMarshalerFunc
toolchain: LLGo
goos: linux
goarch: amd64
pkg: go.uber.org/zap/zapcore
cpu: AMD EPYC 7763 64-Core Processor @ 3244.392MHz
BenchmarkJSONLogMarshalerFunc-4   	  375538	      1601 ns/op
PASS
goleak: Errors on successful test run: found unexpected goroutines:
[Goroutine 5 in state running, with github.com/xgo-dev/llgo/runtime/abi.splitName on top of the stack:
github.com/xgo-dev/llgo/runtime/abi.splitName(...)
	/home/runner/work/benchmarks/benchmarks/.ci/llgo/runtime/abi/type.go:610 +0x7ff3893ca381
github.com/xgo-dev/llgo/runtime/abi.splitName(...)
	/home/runner/work/benchmarks/benchmarks/.ci/llgo/runtime/abi/type.go:610 +0x7ff3896a1bb5
github.com/xgo-dev/llgo/runtime/abi.splitName(...)
	/home/runner/work/benchmarks/benchmarks/.ci/llgo/runtime/abi/type.go:610 +0x7ff3893ce0b5
github.com/xgo-dev/llgo/runtime/abi.splitName(...)
	/home/runner/work/benchmarks/benchmarks/.ci/llgo/runtime/abi/type.go:610 +0x7ff38945b3fd
created by github.com/xgo-dev/llgo/runtime/abi.splitName in goroutine 1
	/home/runner/work/benchmarks/benchmarks/.ci/llgo/runtime/abi/type.go:610 +0x7ff3893d34e4
 Goroutine 2 in state chan receive, with github.com/xgo-dev/llgo/runtime/abi.splitName on top of the stack:
github.com/xgo-dev/llgo/runtime/abi.splitName(...)
	/home/runner/work/benchmarks/benchmarks/.ci/llgo/runtime/abi/type.go:610 +0x7ff3893ca381
github.com/xgo-dev/llgo/runtime/abi.splitName(...)
	/home/runner/work/benchmarks/benchmarks/.ci/llgo/runtime/abi/type.go:610 +0x7ff3896a1bb5
github.com/xgo-dev/llgo/runtime/abi.splitName(...)
	/home/runner/work/benchmarks/benchmarks/.ci/llgo/runtime/abi/type.go:610 +0x7ff3893ce0b5
github.com/xgo-dev/llgo/runtime/abi.splitName(...)
	/home/runner/work/benchmarks/benchmarks/.ci/llgo/runtime/abi/type.go:610 +0x7ff38945b3fd
created by unique.ensureSetupMake in goroutine 1
	/home/runner/work/benchmarks/benchmarks/.ci/llgo/runtime/_patch/unique/handle.go:132 +0x2c
]

shortname: uuid-New
toolchain: LLGo
goos: linux
goarch: amd64
pkg: github.com/google/uuid
cpu: AMD EPYC 7763 64-Core Processor @ 3242.629MHz
BenchmarkNew-4   	  606990	       937.7 ns/op
PASS

shortname: uuid-New
toolchain: LLGo
goos: linux
goarch: amd64
pkg: github.com/google/uuid
cpu: AMD EPYC 7763 64-Core Processor @ 3241.692MHz
BenchmarkNew-4   	  614794	       943.4 ns/op
PASS

shortname: uuid-New
toolchain: LLGo
goos: linux
goarch: amd64
pkg: github.com/google/uuid
cpu: AMD EPYC 7763 64-Core Processor @ 3245.017MHz
BenchmarkNew-4   	  610824	       940.0 ns/op
PASS

shortname: uuid-New
toolchain: LLGo
goos: linux
goarch: amd64
pkg: github.com/google/uuid
cpu: AMD EPYC 7763 64-Core Processor @ 3239.651MHz
BenchmarkNew-4   	  612753	       938.4 ns/op
PASS

shortname: uuid-New
toolchain: LLGo
goos: linux
goarch: amd64
pkg: github.com/google/uuid
cpu: AMD EPYC 7763 64-Core Processor @ 3243.978MHz
BenchmarkNew-4   	  615998	       939.4 ns/op
PASS

shortname: uuid-UUID_MarshalJSON
toolchain: LLGo
goos: linux
goarch: amd64
pkg: github.com/google/uuid
cpu: AMD EPYC 7763 64-Core Processor @ 3243.319MHz
BenchmarkUUID_MarshalJSON-4   	  355036	      1693 ns/op
PASS

shortname: uuid-UUID_MarshalJSON
toolchain: LLGo
goos: linux
goarch: amd64
pkg: github.com/google/uuid
cpu: AMD EPYC 7763 64-Core Processor @ 3244.083MHz
BenchmarkUUID_MarshalJSON-4   	  354986	      1691 ns/op
PASS

shortname: uuid-UUID_MarshalJSON
toolchain: LLGo
goos: linux
goarch: amd64
pkg: github.com/google/uuid
cpu: AMD EPYC 7763 64-Core Processor @ 3243.006MHz
BenchmarkUUID_MarshalJSON-4   	  354163	      1701 ns/op
PASS

shortname: uuid-UUID_MarshalJSON
toolchain: LLGo
goos: linux
goarch: amd64
pkg: github.com/google/uuid
cpu: AMD EPYC 7763 64-Core Processor @ 3241.024MHz
BenchmarkUUID_MarshalJSON-4   	  356221	      1692 ns/op
PASS

shortname: uuid-UUID_MarshalJSON
toolchain: LLGo
goos: linux
goarch: amd64
pkg: github.com/google/uuid
cpu: AMD EPYC 7763 64-Core Processor @ 3244.525MHz
BenchmarkUUID_MarshalJSON-4   	  297728	      1681 ns/op
PASS

shortname: uuid-UUID_UnmarshalJSON
toolchain: LLGo
goos: linux
goarch: amd64
pkg: github.com/google/uuid
cpu: AMD EPYC 7763 64-Core Processor @ 3244.427MHz
BenchmarkUUID_UnmarshalJSON-4   	  144666	      3524 ns/op
PASS

shortname: uuid-UUID_UnmarshalJSON
toolchain: LLGo
goos: linux
goarch: amd64
pkg: github.com/google/uuid
cpu: AMD EPYC 7763 64-Core Processor @ 3242.133MHz
BenchmarkUUID_UnmarshalJSON-4   	  144061	      3526 ns/op
PASS

shortname: uuid-UUID_UnmarshalJSON
toolchain: LLGo
goos: linux
goarch: amd64
pkg: github.com/google/uuid
cpu: AMD EPYC 7763 64-Core Processor @ 3241.328MHz
BenchmarkUUID_UnmarshalJSON-4   	  144613	      3510 ns/op
PASS

shortname: uuid-UUID_UnmarshalJSON
toolchain: LLGo
goos: linux
goarch: amd64
pkg: github.com/google/uuid
cpu: AMD EPYC 7763 64-Core Processor @ 3243.589MHz
BenchmarkUUID_UnmarshalJSON-4   	  147423	      3493 ns/op
PASS

shortname: uuid-UUID_UnmarshalJSON
toolchain: LLGo
goos: linux
goarch: amd64
pkg: github.com/google/uuid
cpu: AMD EPYC 7763 64-Core Processor @ 3244.503MHz
BenchmarkUUID_UnmarshalJSON-4   	  144679	      3496 ns/op
PASS

shortname: workiva_augmentedtree-AddItems
toolchain: LLGo
goos: linux
goarch: amd64
pkg: github.com/Workiva/go-datastructures/augmentedtree
cpu: AMD EPYC 7763 64-Core Processor @ 3243.871MHz
BenchmarkAddItems-4   	    1904	    279569 ns/op
PASS

shortname: workiva_augmentedtree-AddItems
toolchain: LLGo
goos: linux
goarch: amd64
pkg: github.com/Workiva/go-datastructures/augmentedtree
cpu: AMD EPYC 7763 64-Core Processor @ 3242.908MHz
BenchmarkAddItems-4   	    1964	    274391 ns/op
PASS

shortname: workiva_augmentedtree-AddItems
toolchain: LLGo
goos: linux
goarch: amd64
pkg: github.com/Workiva/go-datastructures/augmentedtree
cpu: AMD EPYC 7763 64-Core Processor @ 3244.564MHz
BenchmarkAddItems-4   	    1885	    279264 ns/op
PASS

shortname: workiva_augmentedtree-AddItems
toolchain: LLGo
goos: linux
goarch: amd64
pkg: github.com/Workiva/go-datastructures/augmentedtree
cpu: AMD EPYC 7763 64-Core Processor @ 3244.235MHz
BenchmarkAddItems-4   	    1896	    276813 ns/op
PASS

shortname: workiva_augmentedtree-AddItems
toolchain: LLGo
goos: linux
goarch: amd64
pkg: github.com/Workiva/go-datastructures/augmentedtree
cpu: AMD EPYC 7763 64-Core Processor @ 3244.337MHz
BenchmarkAddItems-4   	    1896	    275384 ns/op
PASS

shortname: workiva_avl-ImmutableInsert
toolchain: LLGo
goos: linux
goarch: amd64
pkg: github.com/Workiva/go-datastructures/tree/avl
cpu: AMD EPYC 7763 64-Core Processor @ 3242.026MHz
BenchmarkImmutableInsert-4   	  619150	      1445 ns/op
PASS

shortname: workiva_avl-ImmutableInsert
toolchain: LLGo
goos: linux
goarch: amd64
pkg: github.com/Workiva/go-datastructures/tree/avl
cpu: AMD EPYC 7763 64-Core Processor @ 3244.524MHz
BenchmarkImmutableInsert-4   	  625566	      1407 ns/op
PASS

shortname: workiva_avl-ImmutableInsert
toolchain: LLGo
goos: linux
goarch: amd64
pkg: github.com/Workiva/go-datastructures/tree/avl
cpu: AMD EPYC 7763 64-Core Processor @ 3242.280MHz
BenchmarkImmutableInsert-4   	  635034	      1400 ns/op
PASS

shortname: workiva_avl-ImmutableInsert
toolchain: LLGo
goos: linux
goarch: amd64
pkg: github.com/Workiva/go-datastructures/tree/avl
cpu: AMD EPYC 7763 64-Core Processor @ 3242.460MHz
BenchmarkImmutableInsert-4   	  626998	      1408 ns/op
PASS

shortname: workiva_avl-ImmutableInsert
toolchain: LLGo
goos: linux
goarch: amd64
pkg: github.com/Workiva/go-datastructures/tree/avl
cpu: AMD EPYC 7763 64-Core Processor @ 3243.406MHz
BenchmarkImmutableInsert-4   	  681525	      1475 ns/op
PASS

shortname: workiva_bitarray-CompressedIntersects
toolchain: LLGo
goos: linux
goarch: amd64
pkg: github.com/Workiva/go-datastructures/bitarray
cpu: AMD EPYC 7763 64-Core Processor @ 3241.214MHz
BenchmarkCompressedIntersects-4   	 1476002	       403.1 ns/op
PASS

shortname: workiva_bitarray-CompressedIntersects
toolchain: LLGo
goos: linux
goarch: amd64
pkg: github.com/Workiva/go-datastructures/bitarray
cpu: AMD EPYC 7763 64-Core Processor @ 3241.040MHz
BenchmarkCompressedIntersects-4   	 1468928	       403.8 ns/op
PASS

shortname: workiva_bitarray-CompressedIntersects
toolchain: LLGo
goos: linux
goarch: amd64
pkg: github.com/Workiva/go-datastructures/bitarray
cpu: AMD EPYC 7763 64-Core Processor @ 3242.803MHz
BenchmarkCompressedIntersects-4   	 1472431	       403.7 ns/op
PASS

shortname: workiva_bitarray-CompressedIntersects
toolchain: LLGo
goos: linux
goarch: amd64
pkg: github.com/Workiva/go-datastructures/bitarray
cpu: AMD EPYC 7763 64-Core Processor @ 3243.941MHz
BenchmarkCompressedIntersects-4   	 1467956	       401.8 ns/op
PASS

shortname: workiva_bitarray-CompressedIntersects
toolchain: LLGo
goos: linux
goarch: amd64
pkg: github.com/Workiva/go-datastructures/bitarray
cpu: AMD EPYC 7763 64-Core Processor @ 3244.035MHz
BenchmarkCompressedIntersects-4   	 1470135	       403.9 ns/op
PASS

shortname: workiva_hilbert-BulkUpdatePoints
toolchain: LLGo
goos: linux
goarch: amd64
pkg: github.com/Workiva/go-datastructures/rtree/hilbert
cpu: AMD EPYC 7763 64-Core Processor @ 3240.293MHz
BenchmarkBulkUpdatePoints-4   	     546	   1069196 ns/op
PASS

shortname: workiva_hilbert-BulkUpdatePoints
toolchain: LLGo
goos: linux
goarch: amd64
pkg: github.com/Workiva/go-datastructures/rtree/hilbert
cpu: AMD EPYC 7763 64-Core Processor @ 3240.081MHz
BenchmarkBulkUpdatePoints-4   	     548	   1072783 ns/op
PASS

shortname: workiva_hilbert-BulkUpdatePoints
toolchain: LLGo
goos: linux
goarch: amd64
pkg: github.com/Workiva/go-datastructures/rtree/hilbert
cpu: AMD EPYC 7763 64-Core Processor @ 3245.312MHz
BenchmarkBulkUpdatePoints-4   	     550	   1069742 ns/op
PASS

shortname: workiva_hilbert-BulkUpdatePoints
toolchain: LLGo
goos: linux
goarch: amd64
pkg: github.com/Workiva/go-datastructures/rtree/hilbert
cpu: AMD EPYC 7763 64-Core Processor @ 3244.604MHz
BenchmarkBulkUpdatePoints-4   	     555	   1056286 ns/op
PASS

shortname: workiva_hilbert-BulkUpdatePoints
toolchain: LLGo
goos: linux
goarch: amd64
pkg: github.com/Workiva/go-datastructures/rtree/hilbert
cpu: AMD EPYC 7763 64-Core Processor @ 3243.649MHz
BenchmarkBulkUpdatePoints-4   	     550	   1068397 ns/op
PASS

shortname: workiva_queue-PriorityQueue
toolchain: LLGo
goos: linux
goarch: amd64
pkg: github.com/Workiva/go-datastructures/queue
cpu: AMD EPYC 7763 64-Core Processor @ 3242.324MHz
BenchmarkPriorityQueue-4   	  303000	      1905 ns/op
PASS

shortname: workiva_queue-PriorityQueue
toolchain: LLGo
goos: linux
goarch: amd64
pkg: github.com/Workiva/go-datastructures/queue
cpu: AMD EPYC 7763 64-Core Processor @ 3241.678MHz
BenchmarkPriorityQueue-4   	  330973	      1606 ns/op
PASS

shortname: workiva_queue-PriorityQueue
toolchain: LLGo
goos: linux
goarch: amd64
pkg: github.com/Workiva/go-datastructures/queue
cpu: AMD EPYC 7763 64-Core Processor @ 3245.735MHz
BenchmarkPriorityQueue-4   	  271357	      1986 ns/op
PASS

shortname: workiva_queue-PriorityQueue
toolchain: LLGo
goos: linux
goarch: amd64
pkg: github.com/Workiva/go-datastructures/queue
cpu: AMD EPYC 7763 64-Core Processor @ 3241.693MHz
BenchmarkPriorityQueue-4   	  348094	      1447 ns/op
PASS

shortname: workiva_queue-PriorityQueue
toolchain: LLGo
goos: linux
goarch: amd64
pkg: github.com/Workiva/go-datastructures/queue
cpu: AMD EPYC 7763 64-Core Processor @ 3243.460MHz
BenchmarkPriorityQueue-4   	  283077	      2094 ns/op
PASS

shortname: workiva_rangetree-Apply
toolchain: LLGo
goos: linux
goarch: amd64
pkg: github.com/Workiva/go-datastructures/rangetree
cpu: AMD EPYC 7763 64-Core Processor @ 3240.113MHz
BenchmarkApply-4   	    2878	    179891 ns/op
PASS

shortname: workiva_rangetree-Apply
toolchain: LLGo
goos: linux
goarch: amd64
pkg: github.com/Workiva/go-datastructures/rangetree
cpu: AMD EPYC 7763 64-Core Processor @ 3244.295MHz
BenchmarkApply-4   	    2902	    176643 ns/op
PASS

shortname: workiva_rangetree-Apply
toolchain: LLGo
goos: linux
goarch: amd64
pkg: github.com/Workiva/go-datastructures/rangetree
cpu: AMD EPYC 7763 64-Core Processor @ 3245.588MHz
BenchmarkApply-4   	    3444	    174942 ns/op
PASS

shortname: workiva_rangetree-Apply
toolchain: LLGo
goos: linux
goarch: amd64
pkg: github.com/Workiva/go-datastructures/rangetree
cpu: AMD EPYC 7763 64-Core Processor @ 3244.571MHz
BenchmarkApply-4   	    3463	    174704 ns/op
PASS

shortname: workiva_rangetree-Apply
toolchain: LLGo
goos: linux
goarch: amd64
pkg: github.com/Workiva/go-datastructures/rangetree
cpu: AMD EPYC 7763 64-Core Processor @ 3242.384MHz
BenchmarkApply-4   	    3406	    177766 ns/op
PASS

shortname: workiva_rangetree-ImmutableInsertSecondDimension
toolchain: LLGo
goos: linux
goarch: amd64
pkg: github.com/Workiva/go-datastructures/rangetree
cpu: AMD EPYC 7763 64-Core Processor @ 3244.703MHz
BenchmarkImmutableInsertSecondDimension-4   	      15	  41827573 ns/op
PASS

shortname: workiva_rangetree-ImmutableInsertSecondDimension
toolchain: LLGo
goos: linux
goarch: amd64
pkg: github.com/Workiva/go-datastructures/rangetree
cpu: AMD EPYC 7763 64-Core Processor @ 2445.428MHz
BenchmarkImmutableInsertSecondDimension-4   	      14	  39831733 ns/op
PASS

shortname: workiva_rangetree-ImmutableInsertSecondDimension
toolchain: LLGo
goos: linux
goarch: amd64
pkg: github.com/Workiva/go-datastructures/rangetree
cpu: AMD EPYC 7763 64-Core Processor @ 2445.428MHz
BenchmarkImmutableInsertSecondDimension-4   	      14	  40052333 ns/op
PASS

shortname: workiva_rangetree-ImmutableInsertSecondDimension
toolchain: LLGo
goos: linux
goarch: amd64
pkg: github.com/Workiva/go-datastructures/rangetree
cpu: AMD EPYC 7763 64-Core Processor @ 2445.428MHz
BenchmarkImmutableInsertSecondDimension-4   	      15	  38965972 ns/op
PASS

shortname: workiva_rangetree-ImmutableInsertSecondDimension
toolchain: LLGo
goos: linux
goarch: amd64
pkg: github.com/Workiva/go-datastructures/rangetree
cpu: AMD EPYC 7763 64-Core Processor @ 3243.399MHz
BenchmarkImmutableInsertSecondDimension-4   	      15	  40239282 ns/op
PASS

shortname: workiva_set-Clear
toolchain: LLGo
goos: linux
goarch: amd64
pkg: github.com/Workiva/go-datastructures/set
cpu: AMD EPYC 7763 64-Core Processor @ 3243.739MHz
BenchmarkClear-4   	11037037	        50.91 ns/op
PASS

shortname: workiva_set-Clear
toolchain: LLGo
goos: linux
goarch: amd64
pkg: github.com/Workiva/go-datastructures/set
cpu: AMD EPYC 7763 64-Core Processor @ 3243.856MHz
BenchmarkClear-4   	10918334	        50.91 ns/op
PASS

shortname: workiva_set-Clear
toolchain: LLGo
goos: linux
goarch: amd64
pkg: github.com/Workiva/go-datastructures/set
cpu: AMD EPYC 7763 64-Core Processor @ 3242.240MHz
BenchmarkClear-4   	10642298	        50.62 ns/op
PASS

shortname: workiva_set-Clear
toolchain: LLGo
goos: linux
goarch: amd64
pkg: github.com/Workiva/go-datastructures/set
cpu: AMD EPYC 7763 64-Core Processor @ 3244.225MHz
BenchmarkClear-4   	10965888	        51.03 ns/op
PASS

shortname: workiva_set-Clear
toolchain: LLGo
goos: linux
goarch: amd64
pkg: github.com/Workiva/go-datastructures/set
cpu: AMD EPYC 7763 64-Core Processor @ 3243.783MHz
BenchmarkClear-4   	10783926	        51.24 ns/op
PASS

shortname: workiva_set-Exists
toolchain: LLGo
goos: linux
goarch: amd64
pkg: github.com/Workiva/go-datastructures/set
cpu: AMD EPYC 7763 64-Core Processor @ 3242.078MHz
BenchmarkExists-4   	 8697673	        63.60 ns/op
PASS

shortname: workiva_set-Exists
toolchain: LLGo
goos: linux
goarch: amd64
pkg: github.com/Workiva/go-datastructures/set
cpu: AMD EPYC 7763 64-Core Processor @ 3235.711MHz
BenchmarkExists-4   	 8910724	        63.94 ns/op
PASS

shortname: workiva_set-Exists
toolchain: LLGo
goos: linux
goarch: amd64
pkg: github.com/Workiva/go-datastructures/set
cpu: AMD EPYC 7763 64-Core Processor @ 3238.904MHz
BenchmarkExists-4   	 8777889	        63.42 ns/op
PASS

shortname: workiva_set-Exists
toolchain: LLGo
goos: linux
goarch: amd64
pkg: github.com/Workiva/go-datastructures/set
cpu: AMD EPYC 7763 64-Core Processor @ 3241.223MHz
BenchmarkExists-4   	 8632106	        63.81 ns/op
PASS

shortname: workiva_set-Exists
toolchain: LLGo
goos: linux
goarch: amd64
pkg: github.com/Workiva/go-datastructures/set
cpu: AMD EPYC 7763 64-Core Processor @ 3241.502MHz
BenchmarkExists-4   	 8592729	        64.10 ns/op
PASS

shortname: workiva_triey-Iterator
toolchain: LLGo
goos: linux
goarch: amd64
pkg: github.com/Workiva/go-datastructures/trie/yfast
cpu: AMD EPYC 7763 64-Core Processor @ 3241.663MHz
BenchmarkIterator-4   	  230722	      2595 ns/op
PASS

shortname: workiva_triey-Iterator
toolchain: LLGo
goos: linux
goarch: amd64
pkg: github.com/Workiva/go-datastructures/trie/yfast
cpu: AMD EPYC 7763 64-Core Processor @ 3244.733MHz
BenchmarkIterator-4   	  230914	      2597 ns/op
PASS

shortname: workiva_triey-Iterator
toolchain: LLGo
goos: linux
goarch: amd64
pkg: github.com/Workiva/go-datastructures/trie/yfast
cpu: AMD EPYC 7763 64-Core Processor @ 3245.382MHz
BenchmarkIterator-4   	  228717	      2596 ns/op
PASS

shortname: workiva_triey-Iterator
toolchain: LLGo
goos: linux
goarch: amd64
pkg: github.com/Workiva/go-datastructures/trie/yfast
cpu: AMD EPYC 7763 64-Core Processor @ 3242.814MHz
BenchmarkIterator-4   	  230487	      2593 ns/op
PASS

shortname: workiva_triey-Iterator
toolchain: LLGo
goos: linux
goarch: amd64
pkg: github.com/Workiva/go-datastructures/trie/yfast
cpu: AMD EPYC 7763 64-Core Processor @ 3241.980MHz
BenchmarkIterator-4   	  230758	      2591 ns/op
PASS
