::group::Bent initialize run directory
Copied asset foo to current directory
Copied asset memprofile to current directory
Copied asset cpuprofile to current directory
Copied asset testjson to current directory
Copied asset tmpclr to current directory
Copied asset benchtime to current directory
Copied asset benchsize to current directory
Copied asset benchdwarf to current directory
Copied asset cronjob.sh to current directory
Copied asset cmpjob.sh to current directory
Copied asset cmpcl.sh to current directory
Copied asset cmpcl-phase.sh to current directory
Copied asset tweet-results to current directory
Copied asset benchmarks-all.toml to current directory
Copied asset benchmarks-100.toml to current directory
Copied asset benchmarks-gc.toml to current directory
Copied asset benchmarks-gcplus.toml to current directory
Copied asset benchmarks-trial.toml to current directory
Copied asset configurations-sample.toml to current directory
Copied asset configurations-gollvm.toml to current directory
Copied asset configurations-cronjob.toml to current directory
Copied asset configurations-cmpjob.toml to current directory
Copied asset configurations-pgo.toml to current directory
Copied asset configurations-random.toml to current directory
Copied asset suites.toml to current directory
Copied asset configurations-llgo-size.toml to current directory
Copied asset benchmarks-llgo-size.toml to current directory
Copied asset configurations-llgo-performance.toml to current directory
Copied asset benchmarks-llgo-performance.toml to current directory
Copied asset configurations-llgo-compatibility.toml to current directory
Copied asset benchmarks-llgo-compatibility.toml to current directory
Created Dockerfile
[timing] Bent initialize run directory | real=0:00.00 user=0.00 sys=0.00 maxrss=7012KB
::endgroup::
::group::Bent dependency acquisition and six-configuration build
(cd /home/runner/work/benchmarks/benchmarks/.ci/bent-run/build/toml; cat <<EOF > go.mod
module build

go 1.25

EOF)
(cd /home/runner/work/benchmarks/benchmarks/.ci/bent-run/build/toml; LLGO_BUILD_TIMEOUT_SECONDS=1200 LLGO_COMMITTED_AT=2026-10-10T13:17:56+08:00 LLGO_BUILD_GO_VERSION=1.27.0 LLGO_BIN=/home/runner/work/benchmarks/benchmarks/ci/llgo-size/bin/llgo-build-timeout BENT_TIMING_LOG=/home/runner/work/benchmarks/benchmarks/.ci/bent-run/download-timings.log GOROOT_1_25_X64=/opt/hostedtoolcache/go/1.25.14/x64 LLGO_MAIN_INDEX=1760 LLGO_BUILD_KILL_GRACE_SECONDS=30 LLGO_COMMIT=3b2679a4d26ba28a060a7585da1d079d94e2d3aa GOROOT=/opt/hostedtoolcache/go/1.26.2/x64 GO_VERSION=1.26.2 LLGO_REPOSITORY=xgo-dev/llgo GOROOT_1_24_X64=/opt/hostedtoolcache/go/1.24.13/x64 GOROOT_1_26_X64=/opt/hostedtoolcache/go/1.26.8/x64 BENT_REAL_GO=/opt/hostedtoolcache/go/1.26.2/x64/bin/go LLGO_ROOT=/home/runner/work/benchmarks/benchmarks/.ci/llgo LLGO_REAL_BIN=/home/runner/work/benchmarks/benchmarks/.ci/llgo/llgo LLGO_LTO_PLUGIN=/home/runner/work/benchmarks/benchmarks/.ci/llgo/ltoplugin/build/LLGOLTOPlugin.so GOPATH=/home/runner/work/benchmarks/benchmarks/.ci/bent-run/gopath GOOS=linux GOARCH=amd64 GO111MODULE=auto ROOT=/home/runner/work/benchmarks/benchmarks/.ci/bent-run go get -t -v github.com/BurntSushi/toml@v1.6.0 )
(cd /home/runner/work/benchmarks/benchmarks/.ci/bent-run/build/aws_restjson_v1; cat <<EOF > go.mod
module build

go 1.25

EOF)
(cd /home/runner/work/benchmarks/benchmarks/.ci/bent-run/build/aws_restjson_v1; LLGO_BUILD_TIMEOUT_SECONDS=1200 LLGO_COMMITTED_AT=2026-10-10T13:17:56+08:00 LLGO_BUILD_GO_VERSION=1.27.0 LLGO_BIN=/home/runner/work/benchmarks/benchmarks/ci/llgo-size/bin/llgo-build-timeout BENT_TIMING_LOG=/home/runner/work/benchmarks/benchmarks/.ci/bent-run/download-timings.log GOROOT_1_25_X64=/opt/hostedtoolcache/go/1.25.14/x64 LLGO_MAIN_INDEX=1760 LLGO_BUILD_KILL_GRACE_SECONDS=30 LLGO_COMMIT=3b2679a4d26ba28a060a7585da1d079d94e2d3aa GOROOT=/opt/hostedtoolcache/go/1.26.2/x64 GO_VERSION=1.26.2 LLGO_REPOSITORY=xgo-dev/llgo GOROOT_1_24_X64=/opt/hostedtoolcache/go/1.24.13/x64 GOROOT_1_26_X64=/opt/hostedtoolcache/go/1.26.8/x64 BENT_REAL_GO=/opt/hostedtoolcache/go/1.26.2/x64/bin/go LLGO_ROOT=/home/runner/work/benchmarks/benchmarks/.ci/llgo LLGO_REAL_BIN=/home/runner/work/benchmarks/benchmarks/.ci/llgo/llgo LLGO_LTO_PLUGIN=/home/runner/work/benchmarks/benchmarks/.ci/llgo/ltoplugin/build/LLGOLTOPlugin.so GOPATH=/home/runner/work/benchmarks/benchmarks/.ci/bent-run/gopath GOOS=linux GOARCH=amd64 GO111MODULE=auto ROOT=/home/runner/work/benchmarks/benchmarks/.ci/bent-run go get -t -v github.com/aws/aws-sdk-go/private/protocol/restjson@v1.41.1 )
(cd /home/runner/work/benchmarks/benchmarks/.ci/bent-run/build/dustin_humanize; cat <<EOF > go.mod
module build

go 1.25

EOF)
(cd /home/runner/work/benchmarks/benchmarks/.ci/bent-run/build/dustin_humanize; LLGO_BUILD_TIMEOUT_SECONDS=1200 LLGO_COMMITTED_AT=2026-10-10T13:17:56+08:00 LLGO_BUILD_GO_VERSION=1.27.0 LLGO_BIN=/home/runner/work/benchmarks/benchmarks/ci/llgo-size/bin/llgo-build-timeout BENT_TIMING_LOG=/home/runner/work/benchmarks/benchmarks/.ci/bent-run/download-timings.log GOROOT_1_25_X64=/opt/hostedtoolcache/go/1.25.14/x64 LLGO_MAIN_INDEX=1760 LLGO_BUILD_KILL_GRACE_SECONDS=30 LLGO_COMMIT=3b2679a4d26ba28a060a7585da1d079d94e2d3aa GOROOT=/opt/hostedtoolcache/go/1.26.2/x64 GO_VERSION=1.26.2 LLGO_REPOSITORY=xgo-dev/llgo GOROOT_1_24_X64=/opt/hostedtoolcache/go/1.24.13/x64 GOROOT_1_26_X64=/opt/hostedtoolcache/go/1.26.8/x64 BENT_REAL_GO=/opt/hostedtoolcache/go/1.26.2/x64/bin/go LLGO_ROOT=/home/runner/work/benchmarks/benchmarks/.ci/llgo LLGO_REAL_BIN=/home/runner/work/benchmarks/benchmarks/.ci/llgo/llgo LLGO_LTO_PLUGIN=/home/runner/work/benchmarks/benchmarks/.ci/llgo/ltoplugin/build/LLGOLTOPlugin.so GOPATH=/home/runner/work/benchmarks/benchmarks/.ci/bent-run/gopath GOOS=linux GOARCH=amd64 GO111MODULE=auto ROOT=/home/runner/work/benchmarks/benchmarks/.ci/bent-run go get -t -v github.com/dustin/go-humanize@v1.0.1 )
(cd /home/runner/work/benchmarks/benchmarks/.ci/bent-run/build/k8s_workqueue; cat <<EOF > go.mod
module build

go 1.25

EOF)
(cd /home/runner/work/benchmarks/benchmarks/.ci/bent-run/build/k8s_workqueue; LLGO_BUILD_TIMEOUT_SECONDS=1200 LLGO_COMMITTED_AT=2026-10-10T13:17:56+08:00 LLGO_BUILD_GO_VERSION=1.27.0 LLGO_BIN=/home/runner/work/benchmarks/benchmarks/ci/llgo-size/bin/llgo-build-timeout BENT_TIMING_LOG=/home/runner/work/benchmarks/benchmarks/.ci/bent-run/download-timings.log GOROOT_1_25_X64=/opt/hostedtoolcache/go/1.25.14/x64 LLGO_MAIN_INDEX=1760 LLGO_BUILD_KILL_GRACE_SECONDS=30 LLGO_COMMIT=3b2679a4d26ba28a060a7585da1d079d94e2d3aa GOROOT=/opt/hostedtoolcache/go/1.26.2/x64 GO_VERSION=1.26.2 LLGO_REPOSITORY=xgo-dev/llgo GOROOT_1_24_X64=/opt/hostedtoolcache/go/1.24.13/x64 GOROOT_1_26_X64=/opt/hostedtoolcache/go/1.26.8/x64 BENT_REAL_GO=/opt/hostedtoolcache/go/1.26.2/x64/bin/go LLGO_ROOT=/home/runner/work/benchmarks/benchmarks/.ci/llgo LLGO_REAL_BIN=/home/runner/work/benchmarks/benchmarks/.ci/llgo/llgo LLGO_LTO_PLUGIN=/home/runner/work/benchmarks/benchmarks/.ci/llgo/ltoplugin/build/LLGOLTOPlugin.so GOPATH=/home/runner/work/benchmarks/benchmarks/.ci/bent-run/gopath GOOS=linux GOARCH=amd64 GO111MODULE=auto ROOT=/home/runner/work/benchmarks/benchmarks/.ci/bent-run go get -t -v k8s.io/client-go/util/workqueue@v0.36.2 )
(cd /home/runner/work/benchmarks/benchmarks/.ci/bent-run/build/uber_zap; cat <<EOF > go.mod
module build

go 1.25

EOF)
(cd /home/runner/work/benchmarks/benchmarks/.ci/bent-run/build/uber_zap; LLGO_BUILD_TIMEOUT_SECONDS=1200 LLGO_COMMITTED_AT=2026-10-10T13:17:56+08:00 LLGO_BUILD_GO_VERSION=1.27.0 LLGO_BIN=/home/runner/work/benchmarks/benchmarks/ci/llgo-size/bin/llgo-build-timeout BENT_TIMING_LOG=/home/runner/work/benchmarks/benchmarks/.ci/bent-run/download-timings.log GOROOT_1_25_X64=/opt/hostedtoolcache/go/1.25.14/x64 LLGO_MAIN_INDEX=1760 LLGO_BUILD_KILL_GRACE_SECONDS=30 LLGO_COMMIT=3b2679a4d26ba28a060a7585da1d079d94e2d3aa GOROOT=/opt/hostedtoolcache/go/1.26.2/x64 GO_VERSION=1.26.2 LLGO_REPOSITORY=xgo-dev/llgo GOROOT_1_24_X64=/opt/hostedtoolcache/go/1.24.13/x64 GOROOT_1_26_X64=/opt/hostedtoolcache/go/1.26.8/x64 BENT_REAL_GO=/opt/hostedtoolcache/go/1.26.2/x64/bin/go LLGO_ROOT=/home/runner/work/benchmarks/benchmarks/.ci/llgo LLGO_REAL_BIN=/home/runner/work/benchmarks/benchmarks/.ci/llgo/llgo LLGO_LTO_PLUGIN=/home/runner/work/benchmarks/benchmarks/.ci/llgo/ltoplugin/build/LLGOLTOPlugin.so GOPATH=/home/runner/work/benchmarks/benchmarks/.ci/bent-run/gopath GOOS=linux GOARCH=amd64 GO111MODULE=auto ROOT=/home/runner/work/benchmarks/benchmarks/.ci/bent-run go get -t -v go.uber.org/zap/zapcore@v1.27.0 )
(cd /home/runner/work/benchmarks/benchmarks/.ci/bent-run/build/gorm_schema; cat <<EOF > go.mod
module build

go 1.25

EOF)
(cd /home/runner/work/benchmarks/benchmarks/.ci/bent-run/build/gorm_schema; LLGO_BUILD_TIMEOUT_SECONDS=1200 LLGO_COMMITTED_AT=2026-10-10T13:17:56+08:00 LLGO_BUILD_GO_VERSION=1.27.0 LLGO_BIN=/home/runner/work/benchmarks/benchmarks/ci/llgo-size/bin/llgo-build-timeout BENT_TIMING_LOG=/home/runner/work/benchmarks/benchmarks/.ci/bent-run/download-timings.log GOROOT_1_25_X64=/opt/hostedtoolcache/go/1.25.14/x64 LLGO_MAIN_INDEX=1760 LLGO_BUILD_KILL_GRACE_SECONDS=30 LLGO_COMMIT=3b2679a4d26ba28a060a7585da1d079d94e2d3aa GOROOT=/opt/hostedtoolcache/go/1.26.2/x64 GO_VERSION=1.26.2 LLGO_REPOSITORY=xgo-dev/llgo GOROOT_1_24_X64=/opt/hostedtoolcache/go/1.24.13/x64 GOROOT_1_26_X64=/opt/hostedtoolcache/go/1.26.8/x64 BENT_REAL_GO=/opt/hostedtoolcache/go/1.26.2/x64/bin/go LLGO_ROOT=/home/runner/work/benchmarks/benchmarks/.ci/llgo LLGO_REAL_BIN=/home/runner/work/benchmarks/benchmarks/.ci/llgo/llgo LLGO_LTO_PLUGIN=/home/runner/work/benchmarks/benchmarks/.ci/llgo/ltoplugin/build/LLGOLTOPlugin.so GOPATH=/home/runner/work/benchmarks/benchmarks/.ci/bent-run/gopath GOOS=linux GOARCH=amd64 GO111MODULE=auto ROOT=/home/runner/work/benchmarks/benchmarks/.ci/bent-run go get -t -v gorm.io/gorm/schema@v1.31.2 )
(cd /home/runner/work/benchmarks/benchmarks/.ci/bent-run/build/etcdctl; cat <<EOF > go.mod
module build

go 1.25

EOF)
(cd /home/runner/work/benchmarks/benchmarks/.ci/bent-run/build/etcdctl; LLGO_BUILD_TIMEOUT_SECONDS=1200 LLGO_COMMITTED_AT=2026-10-10T13:17:56+08:00 LLGO_BUILD_GO_VERSION=1.27.0 LLGO_BIN=/home/runner/work/benchmarks/benchmarks/ci/llgo-size/bin/llgo-build-timeout BENT_TIMING_LOG=/home/runner/work/benchmarks/benchmarks/.ci/bent-run/download-timings.log GOROOT_1_25_X64=/opt/hostedtoolcache/go/1.25.14/x64 LLGO_MAIN_INDEX=1760 LLGO_BUILD_KILL_GRACE_SECONDS=30 LLGO_COMMIT=3b2679a4d26ba28a060a7585da1d079d94e2d3aa GOROOT=/opt/hostedtoolcache/go/1.26.2/x64 GO_VERSION=1.26.2 LLGO_REPOSITORY=xgo-dev/llgo GOROOT_1_24_X64=/opt/hostedtoolcache/go/1.24.13/x64 GOROOT_1_26_X64=/opt/hostedtoolcache/go/1.26.8/x64 BENT_REAL_GO=/opt/hostedtoolcache/go/1.26.2/x64/bin/go LLGO_ROOT=/home/runner/work/benchmarks/benchmarks/.ci/llgo LLGO_REAL_BIN=/home/runner/work/benchmarks/benchmarks/.ci/llgo/llgo LLGO_LTO_PLUGIN=/home/runner/work/benchmarks/benchmarks/.ci/llgo/ltoplugin/build/LLGOLTOPlugin.so GOPATH=/home/runner/work/benchmarks/benchmarks/.ci/bent-run/gopath GOOS=linux GOARCH=amd64 GO111MODULE=auto ROOT=/home/runner/work/benchmarks/benchmarks/.ci/bent-run go get -t -v go.etcd.io/etcd/etcdctl/v3@v3.6.14 )
(cd /home/runner/work/benchmarks/benchmarks/.ci/bent-run/build/XGo; cat <<EOF > go.mod
module build

go 1.25

EOF)
(cd /home/runner/work/benchmarks/benchmarks/.ci/bent-run/build/XGo; LLGO_BUILD_TIMEOUT_SECONDS=1200 LLGO_COMMITTED_AT=2026-10-10T13:17:56+08:00 LLGO_BUILD_GO_VERSION=1.27.0 LLGO_BIN=/home/runner/work/benchmarks/benchmarks/ci/llgo-size/bin/llgo-build-timeout BENT_TIMING_LOG=/home/runner/work/benchmarks/benchmarks/.ci/bent-run/download-timings.log GOROOT_1_25_X64=/opt/hostedtoolcache/go/1.25.14/x64 LLGO_MAIN_INDEX=1760 LLGO_BUILD_KILL_GRACE_SECONDS=30 LLGO_COMMIT=3b2679a4d26ba28a060a7585da1d079d94e2d3aa GOROOT=/opt/hostedtoolcache/go/1.26.2/x64 GO_VERSION=1.26.2 LLGO_REPOSITORY=xgo-dev/llgo GOROOT_1_24_X64=/opt/hostedtoolcache/go/1.24.13/x64 GOROOT_1_26_X64=/opt/hostedtoolcache/go/1.26.8/x64 BENT_REAL_GO=/opt/hostedtoolcache/go/1.26.2/x64/bin/go LLGO_ROOT=/home/runner/work/benchmarks/benchmarks/.ci/llgo LLGO_REAL_BIN=/home/runner/work/benchmarks/benchmarks/.ci/llgo/llgo LLGO_LTO_PLUGIN=/home/runner/work/benchmarks/benchmarks/.ci/llgo/ltoplugin/build/LLGOLTOPlugin.so GOPATH=/home/runner/work/benchmarks/benchmarks/.ci/bent-run/gopath GOOS=linux GOARCH=amd64 GO111MODULE=auto ROOT=/home/runner/work/benchmarks/benchmarks/.ci/bent-run go get -t -v github.com/goplus/xgo/cmd/xgo@v1.7.5 )
(cd /home/runner/work/benchmarks/benchmarks/.ci/bent-run/build/iXGo; cat <<EOF > go.mod
module build

go 1.25

EOF)
(cd /home/runner/work/benchmarks/benchmarks/.ci/bent-run/build/iXGo; LLGO_BUILD_TIMEOUT_SECONDS=1200 LLGO_COMMITTED_AT=2026-10-10T13:17:56+08:00 LLGO_BUILD_GO_VERSION=1.27.0 LLGO_BIN=/home/runner/work/benchmarks/benchmarks/ci/llgo-size/bin/llgo-build-timeout BENT_TIMING_LOG=/home/runner/work/benchmarks/benchmarks/.ci/bent-run/download-timings.log GOROOT_1_25_X64=/opt/hostedtoolcache/go/1.25.14/x64 LLGO_MAIN_INDEX=1760 LLGO_BUILD_KILL_GRACE_SECONDS=30 LLGO_COMMIT=3b2679a4d26ba28a060a7585da1d079d94e2d3aa GOROOT=/opt/hostedtoolcache/go/1.26.2/x64 GO_VERSION=1.26.2 LLGO_REPOSITORY=xgo-dev/llgo GOROOT_1_24_X64=/opt/hostedtoolcache/go/1.24.13/x64 GOROOT_1_26_X64=/opt/hostedtoolcache/go/1.26.8/x64 BENT_REAL_GO=/opt/hostedtoolcache/go/1.26.2/x64/bin/go LLGO_ROOT=/home/runner/work/benchmarks/benchmarks/.ci/llgo LLGO_REAL_BIN=/home/runner/work/benchmarks/benchmarks/.ci/llgo/llgo LLGO_LTO_PLUGIN=/home/runner/work/benchmarks/benchmarks/.ci/llgo/ltoplugin/build/LLGOLTOPlugin.so GOPATH=/home/runner/work/benchmarks/benchmarks/.ci/bent-run/gopath GOOS=linux GOARCH=amd64 GO111MODULE=auto ROOT=/home/runner/work/benchmarks/benchmarks/.ci/bent-run go get -t -v github.com/goplus/ixgo/cmd/ixgo@v1.1.8 )
rm -rf /home/runner/work/benchmarks/benchmarks/.ci/bent-run/goroots/Go
Copying directory /opt/hostedtoolcache/go/1.26.2/x64/bin to /home/runner/work/benchmarks/benchmarks/.ci/bent-run/goroots/Go/bin, error=<nil>
Copying directory /opt/hostedtoolcache/go/1.26.2/x64/src to /home/runner/work/benchmarks/benchmarks/.ci/bent-run/goroots/Go/src, error=<nil>
Copying directory /opt/hostedtoolcache/go/1.26.2/x64/pkg to /home/runner/work/benchmarks/benchmarks/.ci/bent-run/goroots/Go/pkg, error=<nil>
Prewarming 316 standard-library packages for Go
Prewarming 316 standard-library packages for LLGoNoLTO
Prewarming 316 standard-library packages for LLGoDeadcodeDrop
Prewarming 316 standard-library packages for LLGoFullLTONoGlobalDCE
Prewarming 316 standard-library packages for LLGoFullLTOGlobalDCE
Prewarming 316 standard-library packages for LLGoFullLTOGlobalDCEPlugin
(cd /home/runner/work/benchmarks/benchmarks/.ci/bent-run/build/XGo; LLGO_BUILD_TIMEOUT_SECONDS=1200 LLGO_COMMITTED_AT=2026-10-10T13:17:56+08:00 LLGO_BUILD_GO_VERSION=1.27.0 LLGO_BIN=/home/runner/work/benchmarks/benchmarks/ci/llgo-size/bin/llgo-build-timeout BENT_TIMING_LOG=/home/runner/work/benchmarks/benchmarks/.ci/bent-run/download-timings.log GOROOT_1_25_X64=/opt/hostedtoolcache/go/1.25.14/x64 LLGO_MAIN_INDEX=1760 LLGO_BUILD_KILL_GRACE_SECONDS=30 LLGO_COMMIT=3b2679a4d26ba28a060a7585da1d079d94e2d3aa GO_VERSION=1.26.2 LLGO_REPOSITORY=xgo-dev/llgo GOROOT_1_24_X64=/opt/hostedtoolcache/go/1.24.13/x64 GOROOT_1_26_X64=/opt/hostedtoolcache/go/1.26.8/x64 BENT_REAL_GO=/opt/hostedtoolcache/go/1.26.2/x64/bin/go LLGO_ROOT=/home/runner/work/benchmarks/benchmarks/.ci/llgo LLGO_REAL_BIN=/home/runner/work/benchmarks/benchmarks/.ci/llgo/llgo LLGO_LTO_PLUGIN=/home/runner/work/benchmarks/benchmarks/.ci/llgo/ltoplugin/build/LLGOLTOPlugin.so GOPATH=/home/runner/work/benchmarks/benchmarks/.ci/bent-run/gopath GOOS=linux GOARCH=amd64 GO111MODULE=auto ROOT=/home/runner/work/benchmarks/benchmarks/.ci/bent-run GOROOT=/opt/hostedtoolcache/go/1.26.2/x64/ BENT_BENCH=XGo BENT_CONFIG=LLGoFullLTOGlobalDCEPlugin BENT_I=0 GOCACHE=/home/runner/work/benchmarks/benchmarks/.ci/bent-run/build-cache/runs/cache-2760679475/go-build XDG_CACHE_HOME=/home/runner/work/benchmarks/benchmarks/.ci/bent-run/build-cache/runs/cache-2760679475/xdg LocalAppData=/home/runner/work/benchmarks/benchmarks/.ci/bent-run/build-cache/runs/cache-2760679475/local-app-data /home/runner/work/benchmarks/benchmarks/ci/llgo-size/bin/llgo-build-timeout build -o /home/runner/work/benchmarks/benchmarks/.ci/bent-run/testbin/XGo_LLGoFullLTOGlobalDCEPlugin -lto=full -lto-pass-plugin=/home/runner/work/benchmarks/benchmarks/.ci/llgo/ltoplugin/build/LLGOLTOPlugin.so github.com/goplus/xgo/cmd/xgo )
goarch: amd64
toolchain: LLGoFullLTOGlobalDCEPlugin
BenchmarkXGo 1 146147418516 build-real-ns/op 198613243000 build-user-ns/op 3393100000 build-sys-ns/op
toolchain: LLGoFullLTOGlobalDCEPlugin
( LLGO_BUILD_TIMEOUT_SECONDS=1200 LLGO_COMMITTED_AT=2026-10-10T13:17:56+08:00 LLGO_BUILD_GO_VERSION=1.27.0 LLGO_BIN=/home/runner/work/benchmarks/benchmarks/ci/llgo-size/bin/llgo-build-timeout BENT_TIMING_LOG=/home/runner/work/benchmarks/benchmarks/.ci/bent-run/download-timings.log GOROOT_1_25_X64=/opt/hostedtoolcache/go/1.25.14/x64 LLGO_MAIN_INDEX=1760 LLGO_BUILD_KILL_GRACE_SECONDS=30 LLGO_COMMIT=3b2679a4d26ba28a060a7585da1d079d94e2d3aa GO_VERSION=1.26.2 LLGO_REPOSITORY=xgo-dev/llgo GOROOT_1_24_X64=/opt/hostedtoolcache/go/1.24.13/x64 GOROOT_1_26_X64=/opt/hostedtoolcache/go/1.26.8/x64 BENT_REAL_GO=/opt/hostedtoolcache/go/1.26.2/x64/bin/go LLGO_ROOT=/home/runner/work/benchmarks/benchmarks/.ci/llgo LLGO_REAL_BIN=/home/runner/work/benchmarks/benchmarks/.ci/llgo/llgo LLGO_LTO_PLUGIN=/home/runner/work/benchmarks/benchmarks/.ci/llgo/ltoplugin/build/LLGOLTOPlugin.so GOPATH=/home/runner/work/benchmarks/benchmarks/.ci/bent-run/gopath GOOS=linux GOARCH=amd64 GO111MODULE=auto ROOT=/home/runner/work/benchmarks/benchmarks/.ci/bent-run GOROOT=/opt/hostedtoolcache/go/1.26.2/x64/ BENT_BENCH=XGo BENT_CONFIG=LLGoFullLTOGlobalDCEPlugin BENT_I=0 GOCACHE=/home/runner/work/benchmarks/benchmarks/.ci/bent-run/build-cache/runs/cache-2760679475/go-build XDG_CACHE_HOME=/home/runner/work/benchmarks/benchmarks/.ci/bent-run/build-cache/runs/cache-2760679475/xdg LocalAppData=/home/runner/work/benchmarks/benchmarks/.ci/bent-run/build-cache/runs/cache-2760679475/local-app-data /home/runner/work/benchmarks/benchmarks/.ci/bent-run/benchsize /home/runner/work/benchmarks/benchmarks/.ci/bent-run/testbin/XGo_LLGoFullLTOGlobalDCEPlugin XGo )
goos: linux
goarch: amd64
pkg:
Unit total-bytes assume=exact
BenchmarkXGo 1 40154976 total-bytes
Unit text-bytes assume=exact
BenchmarkXGo 1 5562733 text-bytes
Unit data-bytes assume=exact
BenchmarkXGo 1 5750072 data-bytes
Unit rodata-bytes assume=exact
BenchmarkXGo 1 5523904 rodata-bytes
Unit pclntab-bytes assume=exact
BenchmarkXGo 1 0 pclntab-bytes
Unit debug-bytes assume=exact
BenchmarkXGo 1 21906111 debug-bytes

rm -rf /home/runner/work/benchmarks/benchmarks/.ci/bent-run/gopath/bin
(cd /home/runner/work/benchmarks/benchmarks/.ci/bent-run/build/aws_restjson_v1; LLGO_BUILD_TIMEOUT_SECONDS=1200 LLGO_COMMITTED_AT=2026-10-10T13:17:56+08:00 LLGO_BUILD_GO_VERSION=1.27.0 LLGO_BIN=/home/runner/work/benchmarks/benchmarks/ci/llgo-size/bin/llgo-build-timeout BENT_TIMING_LOG=/home/runner/work/benchmarks/benchmarks/.ci/bent-run/download-timings.log GOROOT_1_25_X64=/opt/hostedtoolcache/go/1.25.14/x64 LLGO_MAIN_INDEX=1760 LLGO_BUILD_KILL_GRACE_SECONDS=30 LLGO_COMMIT=3b2679a4d26ba28a060a7585da1d079d94e2d3aa GO_VERSION=1.26.2 LLGO_REPOSITORY=xgo-dev/llgo GOROOT_1_24_X64=/opt/hostedtoolcache/go/1.24.13/x64 GOROOT_1_26_X64=/opt/hostedtoolcache/go/1.26.8/x64 BENT_REAL_GO=/opt/hostedtoolcache/go/1.26.2/x64/bin/go LLGO_ROOT=/home/runner/work/benchmarks/benchmarks/.ci/llgo LLGO_REAL_BIN=/home/runner/work/benchmarks/benchmarks/.ci/llgo/llgo LLGO_LTO_PLUGIN=/home/runner/work/benchmarks/benchmarks/.ci/llgo/ltoplugin/build/LLGOLTOPlugin.so GOPATH=/home/runner/work/benchmarks/benchmarks/.ci/bent-run/gopath GOOS=linux GOARCH=amd64 GO111MODULE=auto ROOT=/home/runner/work/benchmarks/benchmarks/.ci/bent-run GOROOT=/opt/hostedtoolcache/go/1.26.2/x64/ BENT_BENCH=aws_restjson BENT_CONFIG=LLGoDeadcodeDrop BENT_I=0 GOCACHE=/home/runner/work/benchmarks/benchmarks/.ci/bent-run/build-cache/runs/cache-551590689/go-build XDG_CACHE_HOME=/home/runner/work/benchmarks/benchmarks/.ci/bent-run/build-cache/runs/cache-551590689/xdg LocalAppData=/home/runner/work/benchmarks/benchmarks/.ci/bent-run/build-cache/runs/cache-551590689/local-app-data /home/runner/work/benchmarks/benchmarks/ci/llgo-size/bin/llgo-build-timeout test -c -o /home/runner/work/benchmarks/benchmarks/.ci/bent-run/testbin/aws_restjson_v1_LLGoDeadcodeDrop -deadcodedrop github.com/aws/aws-sdk-go/private/protocol/restjson )
goarch: amd64
toolchain: LLGoDeadcodeDrop
BenchmarkAws_restjson 1 74410704696 build-real-ns/op 213727012000 build-user-ns/op 2948982000 build-sys-ns/op
toolchain: LLGoDeadcodeDrop
( LLGO_BUILD_TIMEOUT_SECONDS=1200 LLGO_COMMITTED_AT=2026-10-10T13:17:56+08:00 LLGO_BUILD_GO_VERSION=1.27.0 LLGO_BIN=/home/runner/work/benchmarks/benchmarks/ci/llgo-size/bin/llgo-build-timeout BENT_TIMING_LOG=/home/runner/work/benchmarks/benchmarks/.ci/bent-run/download-timings.log GOROOT_1_25_X64=/opt/hostedtoolcache/go/1.25.14/x64 LLGO_MAIN_INDEX=1760 LLGO_BUILD_KILL_GRACE_SECONDS=30 LLGO_COMMIT=3b2679a4d26ba28a060a7585da1d079d94e2d3aa GO_VERSION=1.26.2 LLGO_REPOSITORY=xgo-dev/llgo GOROOT_1_24_X64=/opt/hostedtoolcache/go/1.24.13/x64 GOROOT_1_26_X64=/opt/hostedtoolcache/go/1.26.8/x64 BENT_REAL_GO=/opt/hostedtoolcache/go/1.26.2/x64/bin/go LLGO_ROOT=/home/runner/work/benchmarks/benchmarks/.ci/llgo LLGO_REAL_BIN=/home/runner/work/benchmarks/benchmarks/.ci/llgo/llgo LLGO_LTO_PLUGIN=/home/runner/work/benchmarks/benchmarks/.ci/llgo/ltoplugin/build/LLGOLTOPlugin.so GOPATH=/home/runner/work/benchmarks/benchmarks/.ci/bent-run/gopath GOOS=linux GOARCH=amd64 GO111MODULE=auto ROOT=/home/runner/work/benchmarks/benchmarks/.ci/bent-run GOROOT=/opt/hostedtoolcache/go/1.26.2/x64/ BENT_BENCH=aws_restjson BENT_CONFIG=LLGoDeadcodeDrop BENT_I=0 GOCACHE=/home/runner/work/benchmarks/benchmarks/.ci/bent-run/build-cache/runs/cache-551590689/go-build XDG_CACHE_HOME=/home/runner/work/benchmarks/benchmarks/.ci/bent-run/build-cache/runs/cache-551590689/xdg LocalAppData=/home/runner/work/benchmarks/benchmarks/.ci/bent-run/build-cache/runs/cache-551590689/local-app-data /home/runner/work/benchmarks/benchmarks/.ci/bent-run/benchsize /home/runner/work/benchmarks/benchmarks/.ci/bent-run/testbin/aws_restjson_v1_LLGoDeadcodeDrop Aws_restjson )
goos: linux
goarch: amd64
pkg:
Unit total-bytes assume=exact
BenchmarkAws_restjson 1 25057456 total-bytes
Unit text-bytes assume=exact
BenchmarkAws_restjson 1 3826230 text-bytes
Unit data-bytes assume=exact
BenchmarkAws_restjson 1 4038144 data-bytes
Unit rodata-bytes assume=exact
BenchmarkAws_restjson 1 2346224 rodata-bytes
Unit pclntab-bytes assume=exact
BenchmarkAws_restjson 1 0 pclntab-bytes
Unit debug-bytes assume=exact
BenchmarkAws_restjson 1 12859754 debug-bytes

rm -rf /home/runner/work/benchmarks/benchmarks/.ci/bent-run/gopath/bin
(cd /home/runner/work/benchmarks/benchmarks/.ci/bent-run/build/toml; LLGO_BUILD_TIMEOUT_SECONDS=1200 LLGO_COMMITTED_AT=2026-10-10T13:17:56+08:00 LLGO_BUILD_GO_VERSION=1.27.0 LLGO_BIN=/home/runner/work/benchmarks/benchmarks/ci/llgo-size/bin/llgo-build-timeout BENT_TIMING_LOG=/home/runner/work/benchmarks/benchmarks/.ci/bent-run/download-timings.log GOROOT_1_25_X64=/opt/hostedtoolcache/go/1.25.14/x64 LLGO_MAIN_INDEX=1760 LLGO_BUILD_KILL_GRACE_SECONDS=30 LLGO_COMMIT=3b2679a4d26ba28a060a7585da1d079d94e2d3aa GO_VERSION=1.26.2 LLGO_REPOSITORY=xgo-dev/llgo GOROOT_1_24_X64=/opt/hostedtoolcache/go/1.24.13/x64 GOROOT_1_26_X64=/opt/hostedtoolcache/go/1.26.8/x64 BENT_REAL_GO=/opt/hostedtoolcache/go/1.26.2/x64/bin/go LLGO_ROOT=/home/runner/work/benchmarks/benchmarks/.ci/llgo LLGO_REAL_BIN=/home/runner/work/benchmarks/benchmarks/.ci/llgo/llgo LLGO_LTO_PLUGIN=/home/runner/work/benchmarks/benchmarks/.ci/llgo/ltoplugin/build/LLGOLTOPlugin.so GOPATH=/home/runner/work/benchmarks/benchmarks/.ci/bent-run/gopath GOOS=linux GOARCH=amd64 GO111MODULE=auto ROOT=/home/runner/work/benchmarks/benchmarks/.ci/bent-run GOROOT=/opt/hostedtoolcache/go/1.26.2/x64/ BENT_BENCH=toml BENT_CONFIG=LLGoNoLTO BENT_I=0 GOCACHE=/home/runner/work/benchmarks/benchmarks/.ci/bent-run/build-cache/runs/cache-1362426069/go-build XDG_CACHE_HOME=/home/runner/work/benchmarks/benchmarks/.ci/bent-run/build-cache/runs/cache-1362426069/xdg LocalAppData=/home/runner/work/benchmarks/benchmarks/.ci/bent-run/build-cache/runs/cache-1362426069/local-app-data /home/runner/work/benchmarks/benchmarks/ci/llgo-size/bin/llgo-build-timeout test -c -o /home/runner/work/benchmarks/benchmarks/.ci/bent-run/testbin/toml_LLGoNoLTO github.com/BurntSushi/toml )
goarch: amd64
toolchain: LLGoNoLTO
BenchmarkToml 1 28743414344 build-real-ns/op 84895126000 build-user-ns/op 1563336000 build-sys-ns/op
toolchain: LLGoNoLTO
( LLGO_BUILD_TIMEOUT_SECONDS=1200 LLGO_COMMITTED_AT=2026-10-10T13:17:56+08:00 LLGO_BUILD_GO_VERSION=1.27.0 LLGO_BIN=/home/runner/work/benchmarks/benchmarks/ci/llgo-size/bin/llgo-build-timeout BENT_TIMING_LOG=/home/runner/work/benchmarks/benchmarks/.ci/bent-run/download-timings.log GOROOT_1_25_X64=/opt/hostedtoolcache/go/1.25.14/x64 LLGO_MAIN_INDEX=1760 LLGO_BUILD_KILL_GRACE_SECONDS=30 LLGO_COMMIT=3b2679a4d26ba28a060a7585da1d079d94e2d3aa GO_VERSION=1.26.2 LLGO_REPOSITORY=xgo-dev/llgo GOROOT_1_24_X64=/opt/hostedtoolcache/go/1.24.13/x64 GOROOT_1_26_X64=/opt/hostedtoolcache/go/1.26.8/x64 BENT_REAL_GO=/opt/hostedtoolcache/go/1.26.2/x64/bin/go LLGO_ROOT=/home/runner/work/benchmarks/benchmarks/.ci/llgo LLGO_REAL_BIN=/home/runner/work/benchmarks/benchmarks/.ci/llgo/llgo LLGO_LTO_PLUGIN=/home/runner/work/benchmarks/benchmarks/.ci/llgo/ltoplugin/build/LLGOLTOPlugin.so GOPATH=/home/runner/work/benchmarks/benchmarks/.ci/bent-run/gopath GOOS=linux GOARCH=amd64 GO111MODULE=auto ROOT=/home/runner/work/benchmarks/benchmarks/.ci/bent-run GOROOT=/opt/hostedtoolcache/go/1.26.2/x64/ BENT_BENCH=toml BENT_CONFIG=LLGoNoLTO BENT_I=0 GOCACHE=/home/runner/work/benchmarks/benchmarks/.ci/bent-run/build-cache/runs/cache-1362426069/go-build XDG_CACHE_HOME=/home/runner/work/benchmarks/benchmarks/.ci/bent-run/build-cache/runs/cache-1362426069/xdg LocalAppData=/home/runner/work/benchmarks/benchmarks/.ci/bent-run/build-cache/runs/cache-1362426069/local-app-data /home/runner/work/benchmarks/benchmarks/.ci/bent-run/benchsize /home/runner/work/benchmarks/benchmarks/.ci/bent-run/testbin/toml_LLGoNoLTO Toml )
goos: linux
goarch: amd64
pkg:
Unit total-bytes assume=exact
BenchmarkToml 1 13321704 total-bytes
Unit text-bytes assume=exact
BenchmarkToml 1 2347859 text-bytes
Unit data-bytes assume=exact
BenchmarkToml 1 2118848 data-bytes
Unit rodata-bytes assume=exact
BenchmarkToml 1 1314592 rodata-bytes
Unit pclntab-bytes assume=exact
BenchmarkToml 1 0 pclntab-bytes
Unit debug-bytes assume=exact
BenchmarkToml 1 6385357 debug-bytes

rm -rf /home/runner/work/benchmarks/benchmarks/.ci/bent-run/gopath/bin
(cd /home/runner/work/benchmarks/benchmarks/.ci/bent-run/build/gorm_schema; LLGO_BUILD_TIMEOUT_SECONDS=1200 LLGO_COMMITTED_AT=2026-10-10T13:17:56+08:00 LLGO_BUILD_GO_VERSION=1.27.0 LLGO_BIN=/home/runner/work/benchmarks/benchmarks/ci/llgo-size/bin/llgo-build-timeout BENT_TIMING_LOG=/home/runner/work/benchmarks/benchmarks/.ci/bent-run/download-timings.log GOROOT_1_25_X64=/opt/hostedtoolcache/go/1.25.14/x64 LLGO_MAIN_INDEX=1760 LLGO_BUILD_KILL_GRACE_SECONDS=30 LLGO_COMMIT=3b2679a4d26ba28a060a7585da1d079d94e2d3aa GO_VERSION=1.26.2 LLGO_REPOSITORY=xgo-dev/llgo GOROOT_1_24_X64=/opt/hostedtoolcache/go/1.24.13/x64 GOROOT_1_26_X64=/opt/hostedtoolcache/go/1.26.8/x64 BENT_REAL_GO=/opt/hostedtoolcache/go/1.26.2/x64/bin/go LLGO_ROOT=/home/runner/work/benchmarks/benchmarks/.ci/llgo LLGO_REAL_BIN=/home/runner/work/benchmarks/benchmarks/.ci/llgo/llgo LLGO_LTO_PLUGIN=/home/runner/work/benchmarks/benchmarks/.ci/llgo/ltoplugin/build/LLGOLTOPlugin.so GOPATH=/home/runner/work/benchmarks/benchmarks/.ci/bent-run/gopath GOOS=linux GOARCH=amd64 GO111MODULE=auto ROOT=/home/runner/work/benchmarks/benchmarks/.ci/bent-run GOROOT=/opt/hostedtoolcache/go/1.26.2/x64/ BENT_BENCH=gorm_schema BENT_CONFIG=LLGoDeadcodeDrop BENT_I=0 GOCACHE=/home/runner/work/benchmarks/benchmarks/.ci/bent-run/build-cache/runs/cache-2501458134/go-build XDG_CACHE_HOME=/home/runner/work/benchmarks/benchmarks/.ci/bent-run/build-cache/runs/cache-2501458134/xdg LocalAppData=/home/runner/work/benchmarks/benchmarks/.ci/bent-run/build-cache/runs/cache-2501458134/local-app-data /home/runner/work/benchmarks/benchmarks/ci/llgo-size/bin/llgo-build-timeout test -c -o /home/runner/work/benchmarks/benchmarks/.ci/bent-run/testbin/gorm_schema_LLGoDeadcodeDrop -deadcodedrop gorm.io/gorm/schema )
goarch: amd64
toolchain: LLGoDeadcodeDrop
BenchmarkGorm_schema 1 31473580863 build-real-ns/op 92916201000 build-user-ns/op 1664561000 build-sys-ns/op
toolchain: LLGoDeadcodeDrop
( LLGO_BUILD_TIMEOUT_SECONDS=1200 LLGO_COMMITTED_AT=2026-10-10T13:17:56+08:00 LLGO_BUILD_GO_VERSION=1.27.0 LLGO_BIN=/home/runner/work/benchmarks/benchmarks/ci/llgo-size/bin/llgo-build-timeout BENT_TIMING_LOG=/home/runner/work/benchmarks/benchmarks/.ci/bent-run/download-timings.log GOROOT_1_25_X64=/opt/hostedtoolcache/go/1.25.14/x64 LLGO_MAIN_INDEX=1760 LLGO_BUILD_KILL_GRACE_SECONDS=30 LLGO_COMMIT=3b2679a4d26ba28a060a7585da1d079d94e2d3aa GO_VERSION=1.26.2 LLGO_REPOSITORY=xgo-dev/llgo GOROOT_1_24_X64=/opt/hostedtoolcache/go/1.24.13/x64 GOROOT_1_26_X64=/opt/hostedtoolcache/go/1.26.8/x64 BENT_REAL_GO=/opt/hostedtoolcache/go/1.26.2/x64/bin/go LLGO_ROOT=/home/runner/work/benchmarks/benchmarks/.ci/llgo LLGO_REAL_BIN=/home/runner/work/benchmarks/benchmarks/.ci/llgo/llgo LLGO_LTO_PLUGIN=/home/runner/work/benchmarks/benchmarks/.ci/llgo/ltoplugin/build/LLGOLTOPlugin.so GOPATH=/home/runner/work/benchmarks/benchmarks/.ci/bent-run/gopath GOOS=linux GOARCH=amd64 GO111MODULE=auto ROOT=/home/runner/work/benchmarks/benchmarks/.ci/bent-run GOROOT=/opt/hostedtoolcache/go/1.26.2/x64/ BENT_BENCH=gorm_schema BENT_CONFIG=LLGoDeadcodeDrop BENT_I=0 GOCACHE=/home/runner/work/benchmarks/benchmarks/.ci/bent-run/build-cache/runs/cache-2501458134/go-build XDG_CACHE_HOME=/home/runner/work/benchmarks/benchmarks/.ci/bent-run/build-cache/runs/cache-2501458134/xdg LocalAppData=/home/runner/work/benchmarks/benchmarks/.ci/bent-run/build-cache/runs/cache-2501458134/local-app-data /home/runner/work/benchmarks/benchmarks/.ci/bent-run/benchsize /home/runner/work/benchmarks/benchmarks/.ci/bent-run/testbin/gorm_schema_LLGoDeadcodeDrop Gorm_schema )
goos: linux
goarch: amd64
pkg:
Unit total-bytes assume=exact
BenchmarkGorm_schema 1 14508672 total-bytes
Unit text-bytes assume=exact
BenchmarkGorm_schema 1 2148671 text-bytes
Unit data-bytes assume=exact
BenchmarkGorm_schema 1 2430912 data-bytes
Unit rodata-bytes assume=exact
BenchmarkGorm_schema 1 1361344 rodata-bytes
Unit pclntab-bytes assume=exact
BenchmarkGorm_schema 1 0 pclntab-bytes
Unit debug-bytes assume=exact
BenchmarkGorm_schema 1 7205104 debug-bytes

rm -rf /home/runner/work/benchmarks/benchmarks/.ci/bent-run/gopath/bin
(cd /home/runner/work/benchmarks/benchmarks/.ci/bent-run/build/XGo; LLGO_BUILD_TIMEOUT_SECONDS=1200 LLGO_COMMITTED_AT=2026-10-10T13:17:56+08:00 LLGO_BUILD_GO_VERSION=1.27.0 LLGO_BIN=/home/runner/work/benchmarks/benchmarks/ci/llgo-size/bin/llgo-build-timeout BENT_TIMING_LOG=/home/runner/work/benchmarks/benchmarks/.ci/bent-run/download-timings.log GOROOT_1_25_X64=/opt/hostedtoolcache/go/1.25.14/x64 LLGO_MAIN_INDEX=1760 LLGO_BUILD_KILL_GRACE_SECONDS=30 LLGO_COMMIT=3b2679a4d26ba28a060a7585da1d079d94e2d3aa GO_VERSION=1.26.2 LLGO_REPOSITORY=xgo-dev/llgo GOROOT_1_24_X64=/opt/hostedtoolcache/go/1.24.13/x64 GOROOT_1_26_X64=/opt/hostedtoolcache/go/1.26.8/x64 BENT_REAL_GO=/opt/hostedtoolcache/go/1.26.2/x64/bin/go LLGO_ROOT=/home/runner/work/benchmarks/benchmarks/.ci/llgo LLGO_REAL_BIN=/home/runner/work/benchmarks/benchmarks/.ci/llgo/llgo LLGO_LTO_PLUGIN=/home/runner/work/benchmarks/benchmarks/.ci/llgo/ltoplugin/build/LLGOLTOPlugin.so GOPATH=/home/runner/work/benchmarks/benchmarks/.ci/bent-run/gopath GOOS=linux GOARCH=amd64 GO111MODULE=auto ROOT=/home/runner/work/benchmarks/benchmarks/.ci/bent-run GOROOT=/opt/hostedtoolcache/go/1.26.2/x64/ BENT_BENCH=XGo BENT_CONFIG=LLGoFullLTOGlobalDCE BENT_I=0 GOCACHE=/home/runner/work/benchmarks/benchmarks/.ci/bent-run/build-cache/runs/cache-1638490064/go-build XDG_CACHE_HOME=/home/runner/work/benchmarks/benchmarks/.ci/bent-run/build-cache/runs/cache-1638490064/xdg LocalAppData=/home/runner/work/benchmarks/benchmarks/.ci/bent-run/build-cache/runs/cache-1638490064/local-app-data /home/runner/work/benchmarks/benchmarks/ci/llgo-size/bin/llgo-build-timeout build -o /home/runner/work/benchmarks/benchmarks/.ci/bent-run/testbin/XGo_LLGoFullLTOGlobalDCE -lto=full github.com/goplus/xgo/cmd/xgo )
goarch: amd64
toolchain: LLGoFullLTOGlobalDCE
BenchmarkXGo 1 144034063940 build-real-ns/op 196895090000 build-user-ns/op 3476490000 build-sys-ns/op
toolchain: LLGoFullLTOGlobalDCE
( LLGO_BUILD_TIMEOUT_SECONDS=1200 LLGO_COMMITTED_AT=2026-10-10T13:17:56+08:00 LLGO_BUILD_GO_VERSION=1.27.0 LLGO_BIN=/home/runner/work/benchmarks/benchmarks/ci/llgo-size/bin/llgo-build-timeout BENT_TIMING_LOG=/home/runner/work/benchmarks/benchmarks/.ci/bent-run/download-timings.log GOROOT_1_25_X64=/opt/hostedtoolcache/go/1.25.14/x64 LLGO_MAIN_INDEX=1760 LLGO_BUILD_KILL_GRACE_SECONDS=30 LLGO_COMMIT=3b2679a4d26ba28a060a7585da1d079d94e2d3aa GO_VERSION=1.26.2 LLGO_REPOSITORY=xgo-dev/llgo GOROOT_1_24_X64=/opt/hostedtoolcache/go/1.24.13/x64 GOROOT_1_26_X64=/opt/hostedtoolcache/go/1.26.8/x64 BENT_REAL_GO=/opt/hostedtoolcache/go/1.26.2/x64/bin/go LLGO_ROOT=/home/runner/work/benchmarks/benchmarks/.ci/llgo LLGO_REAL_BIN=/home/runner/work/benchmarks/benchmarks/.ci/llgo/llgo LLGO_LTO_PLUGIN=/home/runner/work/benchmarks/benchmarks/.ci/llgo/ltoplugin/build/LLGOLTOPlugin.so GOPATH=/home/runner/work/benchmarks/benchmarks/.ci/bent-run/gopath GOOS=linux GOARCH=amd64 GO111MODULE=auto ROOT=/home/runner/work/benchmarks/benchmarks/.ci/bent-run GOROOT=/opt/hostedtoolcache/go/1.26.2/x64/ BENT_BENCH=XGo BENT_CONFIG=LLGoFullLTOGlobalDCE BENT_I=0 GOCACHE=/home/runner/work/benchmarks/benchmarks/.ci/bent-run/build-cache/runs/cache-1638490064/go-build XDG_CACHE_HOME=/home/runner/work/benchmarks/benchmarks/.ci/bent-run/build-cache/runs/cache-1638490064/xdg LocalAppData=/home/runner/work/benchmarks/benchmarks/.ci/bent-run/build-cache/runs/cache-1638490064/local-app-data /home/runner/work/benchmarks/benchmarks/.ci/bent-run/benchsize /home/runner/work/benchmarks/benchmarks/.ci/bent-run/testbin/XGo_LLGoFullLTOGlobalDCE XGo )
goos: linux
goarch: amd64
pkg:
Unit total-bytes assume=exact
BenchmarkXGo 1 40239048 total-bytes
Unit text-bytes assume=exact
BenchmarkXGo 1 5562917 text-bytes
Unit data-bytes assume=exact
BenchmarkXGo 1 5751088 data-bytes
Unit rodata-bytes assume=exact
BenchmarkXGo 1 5524920 rodata-bytes
Unit pclntab-bytes assume=exact
BenchmarkXGo 1 0 pclntab-bytes
Unit debug-bytes assume=exact
BenchmarkXGo 1 21883463 debug-bytes

rm -rf /home/runner/work/benchmarks/benchmarks/.ci/bent-run/gopath/bin
(cd /home/runner/work/benchmarks/benchmarks/.ci/bent-run/build/uber_zap; LLGO_BUILD_TIMEOUT_SECONDS=1200 LLGO_COMMITTED_AT=2026-10-10T13:17:56+08:00 LLGO_BUILD_GO_VERSION=1.27.0 LLGO_BIN=/home/runner/work/benchmarks/benchmarks/ci/llgo-size/bin/llgo-build-timeout BENT_TIMING_LOG=/home/runner/work/benchmarks/benchmarks/.ci/bent-run/download-timings.log GOROOT_1_25_X64=/opt/hostedtoolcache/go/1.25.14/x64 LLGO_MAIN_INDEX=1760 LLGO_BUILD_KILL_GRACE_SECONDS=30 LLGO_COMMIT=3b2679a4d26ba28a060a7585da1d079d94e2d3aa GO_VERSION=1.26.2 LLGO_REPOSITORY=xgo-dev/llgo GOROOT_1_24_X64=/opt/hostedtoolcache/go/1.24.13/x64 GOROOT_1_26_X64=/opt/hostedtoolcache/go/1.26.8/x64 BENT_REAL_GO=/opt/hostedtoolcache/go/1.26.2/x64/bin/go LLGO_ROOT=/home/runner/work/benchmarks/benchmarks/.ci/llgo LLGO_REAL_BIN=/home/runner/work/benchmarks/benchmarks/.ci/llgo/llgo LLGO_LTO_PLUGIN=/home/runner/work/benchmarks/benchmarks/.ci/llgo/ltoplugin/build/LLGOLTOPlugin.so GOPATH=/home/runner/work/benchmarks/benchmarks/.ci/bent-run/gopath GOOS=linux GOARCH=amd64 GO111MODULE=auto ROOT=/home/runner/work/benchmarks/benchmarks/.ci/bent-run GOROOT=/opt/hostedtoolcache/go/1.26.2/x64/ BENT_BENCH=uber_zap BENT_CONFIG=LLGoFullLTOGlobalDCEPlugin BENT_I=0 GOCACHE=/home/runner/work/benchmarks/benchmarks/.ci/bent-run/build-cache/runs/cache-1447859949/go-build XDG_CACHE_HOME=/home/runner/work/benchmarks/benchmarks/.ci/bent-run/build-cache/runs/cache-1447859949/xdg LocalAppData=/home/runner/work/benchmarks/benchmarks/.ci/bent-run/build-cache/runs/cache-1447859949/local-app-data /home/runner/work/benchmarks/benchmarks/ci/llgo-size/bin/llgo-build-timeout test -c -o /home/runner/work/benchmarks/benchmarks/.ci/bent-run/testbin/uber_zap_LLGoFullLTOGlobalDCEPlugin -lto=full -lto-pass-plugin=/home/runner/work/benchmarks/benchmarks/.ci/llgo/ltoplugin/build/LLGOLTOPlugin.so go.uber.org/zap/zapcore )
goarch: amd64
toolchain: LLGoFullLTOGlobalDCEPlugin
BenchmarkUber_zap 1 108423346558 build-real-ns/op 172706310000 build-user-ns/op 2863970000 build-sys-ns/op
toolchain: LLGoFullLTOGlobalDCEPlugin
( LLGO_BUILD_TIMEOUT_SECONDS=1200 LLGO_COMMITTED_AT=2026-10-10T13:17:56+08:00 LLGO_BUILD_GO_VERSION=1.27.0 LLGO_BIN=/home/runner/work/benchmarks/benchmarks/ci/llgo-size/bin/llgo-build-timeout BENT_TIMING_LOG=/home/runner/work/benchmarks/benchmarks/.ci/bent-run/download-timings.log GOROOT_1_25_X64=/opt/hostedtoolcache/go/1.25.14/x64 LLGO_MAIN_INDEX=1760 LLGO_BUILD_KILL_GRACE_SECONDS=30 LLGO_COMMIT=3b2679a4d26ba28a060a7585da1d079d94e2d3aa GO_VERSION=1.26.2 LLGO_REPOSITORY=xgo-dev/llgo GOROOT_1_24_X64=/opt/hostedtoolcache/go/1.24.13/x64 GOROOT_1_26_X64=/opt/hostedtoolcache/go/1.26.8/x64 BENT_REAL_GO=/opt/hostedtoolcache/go/1.26.2/x64/bin/go LLGO_ROOT=/home/runner/work/benchmarks/benchmarks/.ci/llgo LLGO_REAL_BIN=/home/runner/work/benchmarks/benchmarks/.ci/llgo/llgo LLGO_LTO_PLUGIN=/home/runner/work/benchmarks/benchmarks/.ci/llgo/ltoplugin/build/LLGOLTOPlugin.so GOPATH=/home/runner/work/benchmarks/benchmarks/.ci/bent-run/gopath GOOS=linux GOARCH=amd64 GO111MODULE=auto ROOT=/home/runner/work/benchmarks/benchmarks/.ci/bent-run GOROOT=/opt/hostedtoolcache/go/1.26.2/x64/ BENT_BENCH=uber_zap BENT_CONFIG=LLGoFullLTOGlobalDCEPlugin BENT_I=0 GOCACHE=/home/runner/work/benchmarks/benchmarks/.ci/bent-run/build-cache/runs/cache-1447859949/go-build XDG_CACHE_HOME=/home/runner/work/benchmarks/benchmarks/.ci/bent-run/build-cache/runs/cache-1447859949/xdg LocalAppData=/home/runner/work/benchmarks/benchmarks/.ci/bent-run/build-cache/runs/cache-1447859949/local-app-data /home/runner/work/benchmarks/benchmarks/.ci/bent-run/benchsize /home/runner/work/benchmarks/benchmarks/.ci/bent-run/testbin/uber_zap_LLGoFullLTOGlobalDCEPlugin Uber_zap )
goos: linux
goarch: amd64
pkg:
Unit total-bytes assume=exact
BenchmarkUber_zap 1 21776520 total-bytes
Unit text-bytes assume=exact
BenchmarkUber_zap 1 3176742 text-bytes
Unit data-bytes assume=exact
BenchmarkUber_zap 1 3760640 data-bytes
Unit rodata-bytes assume=exact
BenchmarkUber_zap 1 3537512 rodata-bytes
Unit pclntab-bytes assume=exact
BenchmarkUber_zap 1 0 pclntab-bytes
Unit debug-bytes assume=exact
BenchmarkUber_zap 1 11449542 debug-bytes

rm -rf /home/runner/work/benchmarks/benchmarks/.ci/bent-run/gopath/bin
(cd /home/runner/work/benchmarks/benchmarks/.ci/bent-run/build/etcdctl; LLGO_BUILD_TIMEOUT_SECONDS=1200 LLGO_COMMITTED_AT=2026-10-10T13:17:56+08:00 LLGO_BUILD_GO_VERSION=1.27.0 LLGO_BIN=/home/runner/work/benchmarks/benchmarks/ci/llgo-size/bin/llgo-build-timeout BENT_TIMING_LOG=/home/runner/work/benchmarks/benchmarks/.ci/bent-run/download-timings.log GOROOT_1_25_X64=/opt/hostedtoolcache/go/1.25.14/x64 LLGO_MAIN_INDEX=1760 LLGO_BUILD_KILL_GRACE_SECONDS=30 LLGO_COMMIT=3b2679a4d26ba28a060a7585da1d079d94e2d3aa GO_VERSION=1.26.2 LLGO_REPOSITORY=xgo-dev/llgo GOROOT_1_24_X64=/opt/hostedtoolcache/go/1.24.13/x64 GOROOT_1_26_X64=/opt/hostedtoolcache/go/1.26.8/x64 BENT_REAL_GO=/opt/hostedtoolcache/go/1.26.2/x64/bin/go LLGO_ROOT=/home/runner/work/benchmarks/benchmarks/.ci/llgo LLGO_REAL_BIN=/home/runner/work/benchmarks/benchmarks/.ci/llgo/llgo LLGO_LTO_PLUGIN=/home/runner/work/benchmarks/benchmarks/.ci/llgo/ltoplugin/build/LLGOLTOPlugin.so GOPATH=/home/runner/work/benchmarks/benchmarks/.ci/bent-run/gopath GOOS=linux GOARCH=amd64 GO111MODULE=auto ROOT=/home/runner/work/benchmarks/benchmarks/.ci/bent-run GOROOT=/home/runner/work/benchmarks/benchmarks/.ci/bent-run/goroots/Go BENT_BENCH=etcdctl BENT_CONFIG=Go BENT_I=0 GOCACHE=/home/runner/work/benchmarks/benchmarks/.ci/bent-run/build-cache/runs/cache-2631621280/go-build XDG_CACHE_HOME=/home/runner/work/benchmarks/benchmarks/.ci/bent-run/build-cache/runs/cache-2631621280/xdg LocalAppData=/home/runner/work/benchmarks/benchmarks/.ci/bent-run/build-cache/runs/cache-2631621280/local-app-data /home/runner/work/benchmarks/benchmarks/.ci/bent-run/goroots/Go/bin/go build -o /home/runner/work/benchmarks/benchmarks/.ci/bent-run/testbin/etcdctl_Go go.etcd.io/etcd/etcdctl/v3 )
goarch: amd64
toolchain: Go
BenchmarkEtcdctl 1 9554877447 build-real-ns/op 29768798000 build-user-ns/op 2197129000 build-sys-ns/op
toolchain: Go
( LLGO_BUILD_TIMEOUT_SECONDS=1200 LLGO_COMMITTED_AT=2026-10-10T13:17:56+08:00 LLGO_BUILD_GO_VERSION=1.27.0 LLGO_BIN=/home/runner/work/benchmarks/benchmarks/ci/llgo-size/bin/llgo-build-timeout BENT_TIMING_LOG=/home/runner/work/benchmarks/benchmarks/.ci/bent-run/download-timings.log GOROOT_1_25_X64=/opt/hostedtoolcache/go/1.25.14/x64 LLGO_MAIN_INDEX=1760 LLGO_BUILD_KILL_GRACE_SECONDS=30 LLGO_COMMIT=3b2679a4d26ba28a060a7585da1d079d94e2d3aa GO_VERSION=1.26.2 LLGO_REPOSITORY=xgo-dev/llgo GOROOT_1_24_X64=/opt/hostedtoolcache/go/1.24.13/x64 GOROOT_1_26_X64=/opt/hostedtoolcache/go/1.26.8/x64 BENT_REAL_GO=/opt/hostedtoolcache/go/1.26.2/x64/bin/go LLGO_ROOT=/home/runner/work/benchmarks/benchmarks/.ci/llgo LLGO_REAL_BIN=/home/runner/work/benchmarks/benchmarks/.ci/llgo/llgo LLGO_LTO_PLUGIN=/home/runner/work/benchmarks/benchmarks/.ci/llgo/ltoplugin/build/LLGOLTOPlugin.so GOPATH=/home/runner/work/benchmarks/benchmarks/.ci/bent-run/gopath GOOS=linux GOARCH=amd64 GO111MODULE=auto ROOT=/home/runner/work/benchmarks/benchmarks/.ci/bent-run GOROOT=/home/runner/work/benchmarks/benchmarks/.ci/bent-run/goroots/Go BENT_BENCH=etcdctl BENT_CONFIG=Go BENT_I=0 GOCACHE=/home/runner/work/benchmarks/benchmarks/.ci/bent-run/build-cache/runs/cache-2631621280/go-build XDG_CACHE_HOME=/home/runner/work/benchmarks/benchmarks/.ci/bent-run/build-cache/runs/cache-2631621280/xdg LocalAppData=/home/runner/work/benchmarks/benchmarks/.ci/bent-run/build-cache/runs/cache-2631621280/local-app-data /home/runner/work/benchmarks/benchmarks/.ci/bent-run/benchsize /home/runner/work/benchmarks/benchmarks/.ci/bent-run/testbin/etcdctl_Go Etcdctl )
goos: linux
goarch: amd64
pkg:
Unit total-bytes assume=exact
BenchmarkEtcdctl 1 25896983 total-bytes
Unit text-bytes assume=exact
BenchmarkEtcdctl 1 7873137 text-bytes
Unit data-bytes assume=exact
BenchmarkEtcdctl 1 3387820 data-bytes
Unit rodata-bytes assume=exact
BenchmarkEtcdctl 1 2522489 rodata-bytes
Unit pclntab-bytes assume=exact
BenchmarkEtcdctl 1 6735295 pclntab-bytes
Unit debug-bytes assume=exact
BenchmarkEtcdctl 1 5123631 debug-bytes

rm -rf /home/runner/work/benchmarks/benchmarks/.ci/bent-run/gopath/bin
(cd /home/runner/work/benchmarks/benchmarks/.ci/bent-run/build/uber_zap; LLGO_BUILD_TIMEOUT_SECONDS=1200 LLGO_COMMITTED_AT=2026-10-10T13:17:56+08:00 LLGO_BUILD_GO_VERSION=1.27.0 LLGO_BIN=/home/runner/work/benchmarks/benchmarks/ci/llgo-size/bin/llgo-build-timeout BENT_TIMING_LOG=/home/runner/work/benchmarks/benchmarks/.ci/bent-run/download-timings.log GOROOT_1_25_X64=/opt/hostedtoolcache/go/1.25.14/x64 LLGO_MAIN_INDEX=1760 LLGO_BUILD_KILL_GRACE_SECONDS=30 LLGO_COMMIT=3b2679a4d26ba28a060a7585da1d079d94e2d3aa GO_VERSION=1.26.2 LLGO_REPOSITORY=xgo-dev/llgo GOROOT_1_24_X64=/opt/hostedtoolcache/go/1.24.13/x64 GOROOT_1_26_X64=/opt/hostedtoolcache/go/1.26.8/x64 BENT_REAL_GO=/opt/hostedtoolcache/go/1.26.2/x64/bin/go LLGO_ROOT=/home/runner/work/benchmarks/benchmarks/.ci/llgo LLGO_REAL_BIN=/home/runner/work/benchmarks/benchmarks/.ci/llgo/llgo LLGO_LTO_PLUGIN=/home/runner/work/benchmarks/benchmarks/.ci/llgo/ltoplugin/build/LLGOLTOPlugin.so GOPATH=/home/runner/work/benchmarks/benchmarks/.ci/bent-run/gopath GOOS=linux GOARCH=amd64 GO111MODULE=auto ROOT=/home/runner/work/benchmarks/benchmarks/.ci/bent-run GOROOT=/opt/hostedtoolcache/go/1.26.2/x64/ BENT_BENCH=uber_zap BENT_CONFIG=LLGoDeadcodeDrop BENT_I=0 GOCACHE=/home/runner/work/benchmarks/benchmarks/.ci/bent-run/build-cache/runs/cache-189483430/go-build XDG_CACHE_HOME=/home/runner/work/benchmarks/benchmarks/.ci/bent-run/build-cache/runs/cache-189483430/xdg LocalAppData=/home/runner/work/benchmarks/benchmarks/.ci/bent-run/build-cache/runs/cache-189483430/local-app-data /home/runner/work/benchmarks/benchmarks/ci/llgo-size/bin/llgo-build-timeout test -c -o /home/runner/work/benchmarks/benchmarks/.ci/bent-run/testbin/uber_zap_LLGoDeadcodeDrop -deadcodedrop go.uber.org/zap/zapcore )
goarch: amd64
toolchain: LLGoDeadcodeDrop
BenchmarkUber_zap 1 65618876853 build-real-ns/op 174356488000 build-user-ns/op 2633085000 build-sys-ns/op
toolchain: LLGoDeadcodeDrop
( LLGO_BUILD_TIMEOUT_SECONDS=1200 LLGO_COMMITTED_AT=2026-10-10T13:17:56+08:00 LLGO_BUILD_GO_VERSION=1.27.0 LLGO_BIN=/home/runner/work/benchmarks/benchmarks/ci/llgo-size/bin/llgo-build-timeout BENT_TIMING_LOG=/home/runner/work/benchmarks/benchmarks/.ci/bent-run/download-timings.log GOROOT_1_25_X64=/opt/hostedtoolcache/go/1.25.14/x64 LLGO_MAIN_INDEX=1760 LLGO_BUILD_KILL_GRACE_SECONDS=30 LLGO_COMMIT=3b2679a4d26ba28a060a7585da1d079d94e2d3aa GO_VERSION=1.26.2 LLGO_REPOSITORY=xgo-dev/llgo GOROOT_1_24_X64=/opt/hostedtoolcache/go/1.24.13/x64 GOROOT_1_26_X64=/opt/hostedtoolcache/go/1.26.8/x64 BENT_REAL_GO=/opt/hostedtoolcache/go/1.26.2/x64/bin/go LLGO_ROOT=/home/runner/work/benchmarks/benchmarks/.ci/llgo LLGO_REAL_BIN=/home/runner/work/benchmarks/benchmarks/.ci/llgo/llgo LLGO_LTO_PLUGIN=/home/runner/work/benchmarks/benchmarks/.ci/llgo/ltoplugin/build/LLGOLTOPlugin.so GOPATH=/home/runner/work/benchmarks/benchmarks/.ci/bent-run/gopath GOOS=linux GOARCH=amd64 GO111MODULE=auto ROOT=/home/runner/work/benchmarks/benchmarks/.ci/bent-run GOROOT=/opt/hostedtoolcache/go/1.26.2/x64/ BENT_BENCH=uber_zap BENT_CONFIG=LLGoDeadcodeDrop BENT_I=0 GOCACHE=/home/runner/work/benchmarks/benchmarks/.ci/bent-run/build-cache/runs/cache-189483430/go-build XDG_CACHE_HOME=/home/runner/work/benchmarks/benchmarks/.ci/bent-run/build-cache/runs/cache-189483430/xdg LocalAppData=/home/runner/work/benchmarks/benchmarks/.ci/bent-run/build-cache/runs/cache-189483430/local-app-data /home/runner/work/benchmarks/benchmarks/.ci/bent-run/benchsize /home/runner/work/benchmarks/benchmarks/.ci/bent-run/testbin/uber_zap_LLGoDeadcodeDrop Uber_zap )
goos: linux
goarch: amd64
pkg:
Unit total-bytes assume=exact
BenchmarkUber_zap 1 21972144 total-bytes
Unit text-bytes assume=exact
BenchmarkUber_zap 1 3167750 text-bytes
Unit data-bytes assume=exact
BenchmarkUber_zap 1 3748984 data-bytes
Unit rodata-bytes assume=exact
BenchmarkUber_zap 1 2173112 rodata-bytes
Unit pclntab-bytes assume=exact
BenchmarkUber_zap 1 0 pclntab-bytes
Unit debug-bytes assume=exact
BenchmarkUber_zap 1 11330136 debug-bytes

rm -rf /home/runner/work/benchmarks/benchmarks/.ci/bent-run/gopath/bin
(cd /home/runner/work/benchmarks/benchmarks/.ci/bent-run/build/dustin_humanize; LLGO_BUILD_TIMEOUT_SECONDS=1200 LLGO_COMMITTED_AT=2026-10-10T13:17:56+08:00 LLGO_BUILD_GO_VERSION=1.27.0 LLGO_BIN=/home/runner/work/benchmarks/benchmarks/ci/llgo-size/bin/llgo-build-timeout BENT_TIMING_LOG=/home/runner/work/benchmarks/benchmarks/.ci/bent-run/download-timings.log GOROOT_1_25_X64=/opt/hostedtoolcache/go/1.25.14/x64 LLGO_MAIN_INDEX=1760 LLGO_BUILD_KILL_GRACE_SECONDS=30 LLGO_COMMIT=3b2679a4d26ba28a060a7585da1d079d94e2d3aa GO_VERSION=1.26.2 LLGO_REPOSITORY=xgo-dev/llgo GOROOT_1_24_X64=/opt/hostedtoolcache/go/1.24.13/x64 GOROOT_1_26_X64=/opt/hostedtoolcache/go/1.26.8/x64 BENT_REAL_GO=/opt/hostedtoolcache/go/1.26.2/x64/bin/go LLGO_ROOT=/home/runner/work/benchmarks/benchmarks/.ci/llgo LLGO_REAL_BIN=/home/runner/work/benchmarks/benchmarks/.ci/llgo/llgo LLGO_LTO_PLUGIN=/home/runner/work/benchmarks/benchmarks/.ci/llgo/ltoplugin/build/LLGOLTOPlugin.so GOPATH=/home/runner/work/benchmarks/benchmarks/.ci/bent-run/gopath GOOS=linux GOARCH=amd64 GO111MODULE=auto ROOT=/home/runner/work/benchmarks/benchmarks/.ci/bent-run GOROOT=/opt/hostedtoolcache/go/1.26.2/x64/ BENT_BENCH=dustin_humanize BENT_CONFIG=LLGoFullLTOGlobalDCEPlugin BENT_I=0 GOCACHE=/home/runner/work/benchmarks/benchmarks/.ci/bent-run/build-cache/runs/cache-155761762/go-build XDG_CACHE_HOME=/home/runner/work/benchmarks/benchmarks/.ci/bent-run/build-cache/runs/cache-155761762/xdg LocalAppData=/home/runner/work/benchmarks/benchmarks/.ci/bent-run/build-cache/runs/cache-155761762/local-app-data /home/runner/work/benchmarks/benchmarks/ci/llgo-size/bin/llgo-build-timeout test -c -o /home/runner/work/benchmarks/benchmarks/.ci/bent-run/testbin/dustin_humanize_LLGoFullLTOGlobalDCEPlugin -lto=full -lto-pass-plugin=/home/runner/work/benchmarks/benchmarks/.ci/llgo/ltoplugin/build/LLGOLTOPlugin.so github.com/dustin/go-humanize )
goarch: amd64
toolchain: LLGoFullLTOGlobalDCEPlugin
BenchmarkDustin_humanize 1 30129128180 build-real-ns/op 51282541000 build-user-ns/op 1258353000 build-sys-ns/op
toolchain: LLGoFullLTOGlobalDCEPlugin
( LLGO_BUILD_TIMEOUT_SECONDS=1200 LLGO_COMMITTED_AT=2026-10-10T13:17:56+08:00 LLGO_BUILD_GO_VERSION=1.27.0 LLGO_BIN=/home/runner/work/benchmarks/benchmarks/ci/llgo-size/bin/llgo-build-timeout BENT_TIMING_LOG=/home/runner/work/benchmarks/benchmarks/.ci/bent-run/download-timings.log GOROOT_1_25_X64=/opt/hostedtoolcache/go/1.25.14/x64 LLGO_MAIN_INDEX=1760 LLGO_BUILD_KILL_GRACE_SECONDS=30 LLGO_COMMIT=3b2679a4d26ba28a060a7585da1d079d94e2d3aa GO_VERSION=1.26.2 LLGO_REPOSITORY=xgo-dev/llgo GOROOT_1_24_X64=/opt/hostedtoolcache/go/1.24.13/x64 GOROOT_1_26_X64=/opt/hostedtoolcache/go/1.26.8/x64 BENT_REAL_GO=/opt/hostedtoolcache/go/1.26.2/x64/bin/go LLGO_ROOT=/home/runner/work/benchmarks/benchmarks/.ci/llgo LLGO_REAL_BIN=/home/runner/work/benchmarks/benchmarks/.ci/llgo/llgo LLGO_LTO_PLUGIN=/home/runner/work/benchmarks/benchmarks/.ci/llgo/ltoplugin/build/LLGOLTOPlugin.so GOPATH=/home/runner/work/benchmarks/benchmarks/.ci/bent-run/gopath GOOS=linux GOARCH=amd64 GO111MODULE=auto ROOT=/home/runner/work/benchmarks/benchmarks/.ci/bent-run GOROOT=/opt/hostedtoolcache/go/1.26.2/x64/ BENT_BENCH=dustin_humanize BENT_CONFIG=LLGoFullLTOGlobalDCEPlugin BENT_I=0 GOCACHE=/home/runner/work/benchmarks/benchmarks/.ci/bent-run/build-cache/runs/cache-155761762/go-build XDG_CACHE_HOME=/home/runner/work/benchmarks/benchmarks/.ci/bent-run/build-cache/runs/cache-155761762/xdg LocalAppData=/home/runner/work/benchmarks/benchmarks/.ci/bent-run/build-cache/runs/cache-155761762/local-app-data /home/runner/work/benchmarks/benchmarks/.ci/bent-run/benchsize /home/runner/work/benchmarks/benchmarks/.ci/bent-run/testbin/dustin_humanize_LLGoFullLTOGlobalDCEPlugin Dustin_humanize )
goos: linux
goarch: amd64
pkg:
Unit total-bytes assume=exact
BenchmarkDustin_humanize 1 6890992 total-bytes
Unit text-bytes assume=exact
BenchmarkDustin_humanize 1 947719 text-bytes
Unit data-bytes assume=exact
BenchmarkDustin_humanize 1 1509360 data-bytes
Unit rodata-bytes assume=exact
BenchmarkDustin_humanize 1 1421200 rodata-bytes
Unit pclntab-bytes assume=exact
BenchmarkDustin_humanize 1 0 pclntab-bytes
Unit debug-bytes assume=exact
BenchmarkDustin_humanize 1 3305193 debug-bytes

rm -rf /home/runner/work/benchmarks/benchmarks/.ci/bent-run/gopath/bin
(cd /home/runner/work/benchmarks/benchmarks/.ci/bent-run/build/gorm_schema; LLGO_BUILD_TIMEOUT_SECONDS=1200 LLGO_COMMITTED_AT=2026-10-10T13:17:56+08:00 LLGO_BUILD_GO_VERSION=1.27.0 LLGO_BIN=/home/runner/work/benchmarks/benchmarks/ci/llgo-size/bin/llgo-build-timeout BENT_TIMING_LOG=/home/runner/work/benchmarks/benchmarks/.ci/bent-run/download-timings.log GOROOT_1_25_X64=/opt/hostedtoolcache/go/1.25.14/x64 LLGO_MAIN_INDEX=1760 LLGO_BUILD_KILL_GRACE_SECONDS=30 LLGO_COMMIT=3b2679a4d26ba28a060a7585da1d079d94e2d3aa GO_VERSION=1.26.2 LLGO_REPOSITORY=xgo-dev/llgo GOROOT_1_24_X64=/opt/hostedtoolcache/go/1.24.13/x64 GOROOT_1_26_X64=/opt/hostedtoolcache/go/1.26.8/x64 BENT_REAL_GO=/opt/hostedtoolcache/go/1.26.2/x64/bin/go LLGO_ROOT=/home/runner/work/benchmarks/benchmarks/.ci/llgo LLGO_REAL_BIN=/home/runner/work/benchmarks/benchmarks/.ci/llgo/llgo LLGO_LTO_PLUGIN=/home/runner/work/benchmarks/benchmarks/.ci/llgo/ltoplugin/build/LLGOLTOPlugin.so GOPATH=/home/runner/work/benchmarks/benchmarks/.ci/bent-run/gopath GOOS=linux GOARCH=amd64 GO111MODULE=auto ROOT=/home/runner/work/benchmarks/benchmarks/.ci/bent-run GOROOT=/opt/hostedtoolcache/go/1.26.2/x64/ BENT_BENCH=gorm_schema BENT_CONFIG=LLGoFullLTONoGlobalDCE BENT_I=0 GOCACHE=/home/runner/work/benchmarks/benchmarks/.ci/bent-run/build-cache/runs/cache-345141284/go-build XDG_CACHE_HOME=/home/runner/work/benchmarks/benchmarks/.ci/bent-run/build-cache/runs/cache-345141284/xdg LocalAppData=/home/runner/work/benchmarks/benchmarks/.ci/bent-run/build-cache/runs/cache-345141284/local-app-data /home/runner/work/benchmarks/benchmarks/ci/llgo-size/bin/llgo-build-timeout test -c -o /home/runner/work/benchmarks/benchmarks/.ci/bent-run/testbin/gorm_schema_LLGoFullLTONoGlobalDCE -lto=full -globaldce=false gorm.io/gorm/schema )
goarch: amd64
toolchain: LLGoFullLTONoGlobalDCE
BenchmarkGorm_schema 1 59238947183 build-real-ns/op 93793850000 build-user-ns/op 2303477000 build-sys-ns/op
toolchain: LLGoFullLTONoGlobalDCE
( LLGO_BUILD_TIMEOUT_SECONDS=1200 LLGO_COMMITTED_AT=2026-10-10T13:17:56+08:00 LLGO_BUILD_GO_VERSION=1.27.0 LLGO_BIN=/home/runner/work/benchmarks/benchmarks/ci/llgo-size/bin/llgo-build-timeout BENT_TIMING_LOG=/home/runner/work/benchmarks/benchmarks/.ci/bent-run/download-timings.log GOROOT_1_25_X64=/opt/hostedtoolcache/go/1.25.14/x64 LLGO_MAIN_INDEX=1760 LLGO_BUILD_KILL_GRACE_SECONDS=30 LLGO_COMMIT=3b2679a4d26ba28a060a7585da1d079d94e2d3aa GO_VERSION=1.26.2 LLGO_REPOSITORY=xgo-dev/llgo GOROOT_1_24_X64=/opt/hostedtoolcache/go/1.24.13/x64 GOROOT_1_26_X64=/opt/hostedtoolcache/go/1.26.8/x64 BENT_REAL_GO=/opt/hostedtoolcache/go/1.26.2/x64/bin/go LLGO_ROOT=/home/runner/work/benchmarks/benchmarks/.ci/llgo LLGO_REAL_BIN=/home/runner/work/benchmarks/benchmarks/.ci/llgo/llgo LLGO_LTO_PLUGIN=/home/runner/work/benchmarks/benchmarks/.ci/llgo/ltoplugin/build/LLGOLTOPlugin.so GOPATH=/home/runner/work/benchmarks/benchmarks/.ci/bent-run/gopath GOOS=linux GOARCH=amd64 GO111MODULE=auto ROOT=/home/runner/work/benchmarks/benchmarks/.ci/bent-run GOROOT=/opt/hostedtoolcache/go/1.26.2/x64/ BENT_BENCH=gorm_schema BENT_CONFIG=LLGoFullLTONoGlobalDCE BENT_I=0 GOCACHE=/home/runner/work/benchmarks/benchmarks/.ci/bent-run/build-cache/runs/cache-345141284/go-build XDG_CACHE_HOME=/home/runner/work/benchmarks/benchmarks/.ci/bent-run/build-cache/runs/cache-345141284/xdg LocalAppData=/home/runner/work/benchmarks/benchmarks/.ci/bent-run/build-cache/runs/cache-345141284/local-app-data /home/runner/work/benchmarks/benchmarks/.ci/bent-run/benchsize /home/runner/work/benchmarks/benchmarks/.ci/bent-run/testbin/gorm_schema_LLGoFullLTONoGlobalDCE Gorm_schema )
goos: linux
goarch: amd64
pkg:
Unit total-bytes assume=exact
BenchmarkGorm_schema 1 15145304 total-bytes
Unit text-bytes assume=exact
BenchmarkGorm_schema 1 2337918 text-bytes
Unit data-bytes assume=exact
BenchmarkGorm_schema 1 2430320 data-bytes
Unit rodata-bytes assume=exact
BenchmarkGorm_schema 1 2303576 rodata-bytes
Unit pclntab-bytes assume=exact
BenchmarkGorm_schema 1 0 pclntab-bytes
Unit debug-bytes assume=exact
BenchmarkGorm_schema 1 7760059 debug-bytes

rm -rf /home/runner/work/benchmarks/benchmarks/.ci/bent-run/gopath/bin
(cd /home/runner/work/benchmarks/benchmarks/.ci/bent-run/build/toml; LLGO_BUILD_TIMEOUT_SECONDS=1200 LLGO_COMMITTED_AT=2026-10-10T13:17:56+08:00 LLGO_BUILD_GO_VERSION=1.27.0 LLGO_BIN=/home/runner/work/benchmarks/benchmarks/ci/llgo-size/bin/llgo-build-timeout BENT_TIMING_LOG=/home/runner/work/benchmarks/benchmarks/.ci/bent-run/download-timings.log GOROOT_1_25_X64=/opt/hostedtoolcache/go/1.25.14/x64 LLGO_MAIN_INDEX=1760 LLGO_BUILD_KILL_GRACE_SECONDS=30 LLGO_COMMIT=3b2679a4d26ba28a060a7585da1d079d94e2d3aa GO_VERSION=1.26.2 LLGO_REPOSITORY=xgo-dev/llgo GOROOT_1_24_X64=/opt/hostedtoolcache/go/1.24.13/x64 GOROOT_1_26_X64=/opt/hostedtoolcache/go/1.26.8/x64 BENT_REAL_GO=/opt/hostedtoolcache/go/1.26.2/x64/bin/go LLGO_ROOT=/home/runner/work/benchmarks/benchmarks/.ci/llgo LLGO_REAL_BIN=/home/runner/work/benchmarks/benchmarks/.ci/llgo/llgo LLGO_LTO_PLUGIN=/home/runner/work/benchmarks/benchmarks/.ci/llgo/ltoplugin/build/LLGOLTOPlugin.so GOPATH=/home/runner/work/benchmarks/benchmarks/.ci/bent-run/gopath GOOS=linux GOARCH=amd64 GO111MODULE=auto ROOT=/home/runner/work/benchmarks/benchmarks/.ci/bent-run GOROOT=/opt/hostedtoolcache/go/1.26.2/x64/ BENT_BENCH=toml BENT_CONFIG=LLGoFullLTONoGlobalDCE BENT_I=0 GOCACHE=/home/runner/work/benchmarks/benchmarks/.ci/bent-run/build-cache/runs/cache-2798952828/go-build XDG_CACHE_HOME=/home/runner/work/benchmarks/benchmarks/.ci/bent-run/build-cache/runs/cache-2798952828/xdg LocalAppData=/home/runner/work/benchmarks/benchmarks/.ci/bent-run/build-cache/runs/cache-2798952828/local-app-data /home/runner/work/benchmarks/benchmarks/ci/llgo-size/bin/llgo-build-timeout test -c -o /home/runner/work/benchmarks/benchmarks/.ci/bent-run/testbin/toml_LLGoFullLTONoGlobalDCE -lto=full -globaldce=false github.com/BurntSushi/toml )
goarch: amd64
toolchain: LLGoFullLTONoGlobalDCE
BenchmarkToml 1 53211632057 build-real-ns/op 85280408000 build-user-ns/op 1749239000 build-sys-ns/op
toolchain: LLGoFullLTONoGlobalDCE
( LLGO_BUILD_TIMEOUT_SECONDS=1200 LLGO_COMMITTED_AT=2026-10-10T13:17:56+08:00 LLGO_BUILD_GO_VERSION=1.27.0 LLGO_BIN=/home/runner/work/benchmarks/benchmarks/ci/llgo-size/bin/llgo-build-timeout BENT_TIMING_LOG=/home/runner/work/benchmarks/benchmarks/.ci/bent-run/download-timings.log GOROOT_1_25_X64=/opt/hostedtoolcache/go/1.25.14/x64 LLGO_MAIN_INDEX=1760 LLGO_BUILD_KILL_GRACE_SECONDS=30 LLGO_COMMIT=3b2679a4d26ba28a060a7585da1d079d94e2d3aa GO_VERSION=1.26.2 LLGO_REPOSITORY=xgo-dev/llgo GOROOT_1_24_X64=/opt/hostedtoolcache/go/1.24.13/x64 GOROOT_1_26_X64=/opt/hostedtoolcache/go/1.26.8/x64 BENT_REAL_GO=/opt/hostedtoolcache/go/1.26.2/x64/bin/go LLGO_ROOT=/home/runner/work/benchmarks/benchmarks/.ci/llgo LLGO_REAL_BIN=/home/runner/work/benchmarks/benchmarks/.ci/llgo/llgo LLGO_LTO_PLUGIN=/home/runner/work/benchmarks/benchmarks/.ci/llgo/ltoplugin/build/LLGOLTOPlugin.so GOPATH=/home/runner/work/benchmarks/benchmarks/.ci/bent-run/gopath GOOS=linux GOARCH=amd64 GO111MODULE=auto ROOT=/home/runner/work/benchmarks/benchmarks/.ci/bent-run GOROOT=/opt/hostedtoolcache/go/1.26.2/x64/ BENT_BENCH=toml BENT_CONFIG=LLGoFullLTONoGlobalDCE BENT_I=0 GOCACHE=/home/runner/work/benchmarks/benchmarks/.ci/bent-run/build-cache/runs/cache-2798952828/go-build XDG_CACHE_HOME=/home/runner/work/benchmarks/benchmarks/.ci/bent-run/build-cache/runs/cache-2798952828/xdg LocalAppData=/home/runner/work/benchmarks/benchmarks/.ci/bent-run/build-cache/runs/cache-2798952828/local-app-data /home/runner/work/benchmarks/benchmarks/.ci/bent-run/benchsize /home/runner/work/benchmarks/benchmarks/.ci/bent-run/testbin/toml_LLGoFullLTONoGlobalDCE Toml )
goos: linux
goarch: amd64
pkg:
Unit total-bytes assume=exact
BenchmarkToml 1 13397680 total-bytes
Unit text-bytes assume=exact
BenchmarkToml 1 2145277 text-bytes
Unit data-bytes assume=exact
BenchmarkToml 1 2104448 data-bytes
Unit rodata-bytes assume=exact
BenchmarkToml 1 2015208 rodata-bytes
Unit pclntab-bytes assume=exact
BenchmarkToml 1 0 pclntab-bytes
Unit debug-bytes assume=exact
BenchmarkToml 1 6996854 debug-bytes

rm -rf /home/runner/work/benchmarks/benchmarks/.ci/bent-run/gopath/bin
(cd /home/runner/work/benchmarks/benchmarks/.ci/bent-run/build/dustin_humanize; LLGO_BUILD_TIMEOUT_SECONDS=1200 LLGO_COMMITTED_AT=2026-10-10T13:17:56+08:00 LLGO_BUILD_GO_VERSION=1.27.0 LLGO_BIN=/home/runner/work/benchmarks/benchmarks/ci/llgo-size/bin/llgo-build-timeout BENT_TIMING_LOG=/home/runner/work/benchmarks/benchmarks/.ci/bent-run/download-timings.log GOROOT_1_25_X64=/opt/hostedtoolcache/go/1.25.14/x64 LLGO_MAIN_INDEX=1760 LLGO_BUILD_KILL_GRACE_SECONDS=30 LLGO_COMMIT=3b2679a4d26ba28a060a7585da1d079d94e2d3aa GO_VERSION=1.26.2 LLGO_REPOSITORY=xgo-dev/llgo GOROOT_1_24_X64=/opt/hostedtoolcache/go/1.24.13/x64 GOROOT_1_26_X64=/opt/hostedtoolcache/go/1.26.8/x64 BENT_REAL_GO=/opt/hostedtoolcache/go/1.26.2/x64/bin/go LLGO_ROOT=/home/runner/work/benchmarks/benchmarks/.ci/llgo LLGO_REAL_BIN=/home/runner/work/benchmarks/benchmarks/.ci/llgo/llgo LLGO_LTO_PLUGIN=/home/runner/work/benchmarks/benchmarks/.ci/llgo/ltoplugin/build/LLGOLTOPlugin.so GOPATH=/home/runner/work/benchmarks/benchmarks/.ci/bent-run/gopath GOOS=linux GOARCH=amd64 GO111MODULE=auto ROOT=/home/runner/work/benchmarks/benchmarks/.ci/bent-run GOROOT=/opt/hostedtoolcache/go/1.26.2/x64/ BENT_BENCH=dustin_humanize BENT_CONFIG=LLGoNoLTO BENT_I=0 GOCACHE=/home/runner/work/benchmarks/benchmarks/.ci/bent-run/build-cache/runs/cache-3186758658/go-build XDG_CACHE_HOME=/home/runner/work/benchmarks/benchmarks/.ci/bent-run/build-cache/runs/cache-3186758658/xdg LocalAppData=/home/runner/work/benchmarks/benchmarks/.ci/bent-run/build-cache/runs/cache-3186758658/local-app-data /home/runner/work/benchmarks/benchmarks/ci/llgo-size/bin/llgo-build-timeout test -c -o /home/runner/work/benchmarks/benchmarks/.ci/bent-run/testbin/dustin_humanize_LLGoNoLTO github.com/dustin/go-humanize )
goarch: amd64
toolchain: LLGoNoLTO
BenchmarkDustin_humanize 1 21532206864 build-real-ns/op 58572481000 build-user-ns/op 1065908000 build-sys-ns/op
toolchain: LLGoNoLTO
( LLGO_BUILD_TIMEOUT_SECONDS=1200 LLGO_COMMITTED_AT=2026-10-10T13:17:56+08:00 LLGO_BUILD_GO_VERSION=1.27.0 LLGO_BIN=/home/runner/work/benchmarks/benchmarks/ci/llgo-size/bin/llgo-build-timeout BENT_TIMING_LOG=/home/runner/work/benchmarks/benchmarks/.ci/bent-run/download-timings.log GOROOT_1_25_X64=/opt/hostedtoolcache/go/1.25.14/x64 LLGO_MAIN_INDEX=1760 LLGO_BUILD_KILL_GRACE_SECONDS=30 LLGO_COMMIT=3b2679a4d26ba28a060a7585da1d079d94e2d3aa GO_VERSION=1.26.2 LLGO_REPOSITORY=xgo-dev/llgo GOROOT_1_24_X64=/opt/hostedtoolcache/go/1.24.13/x64 GOROOT_1_26_X64=/opt/hostedtoolcache/go/1.26.8/x64 BENT_REAL_GO=/opt/hostedtoolcache/go/1.26.2/x64/bin/go LLGO_ROOT=/home/runner/work/benchmarks/benchmarks/.ci/llgo LLGO_REAL_BIN=/home/runner/work/benchmarks/benchmarks/.ci/llgo/llgo LLGO_LTO_PLUGIN=/home/runner/work/benchmarks/benchmarks/.ci/llgo/ltoplugin/build/LLGOLTOPlugin.so GOPATH=/home/runner/work/benchmarks/benchmarks/.ci/bent-run/gopath GOOS=linux GOARCH=amd64 GO111MODULE=auto ROOT=/home/runner/work/benchmarks/benchmarks/.ci/bent-run GOROOT=/opt/hostedtoolcache/go/1.26.2/x64/ BENT_BENCH=dustin_humanize BENT_CONFIG=LLGoNoLTO BENT_I=0 GOCACHE=/home/runner/work/benchmarks/benchmarks/.ci/bent-run/build-cache/runs/cache-3186758658/go-build XDG_CACHE_HOME=/home/runner/work/benchmarks/benchmarks/.ci/bent-run/build-cache/runs/cache-3186758658/xdg LocalAppData=/home/runner/work/benchmarks/benchmarks/.ci/bent-run/build-cache/runs/cache-3186758658/local-app-data /home/runner/work/benchmarks/benchmarks/.ci/bent-run/benchsize /home/runner/work/benchmarks/benchmarks/.ci/bent-run/testbin/dustin_humanize_LLGoNoLTO Dustin_humanize )
goos: linux
goarch: amd64
pkg:
Unit total-bytes assume=exact
BenchmarkDustin_humanize 1 10668008 total-bytes
Unit text-bytes assume=exact
BenchmarkDustin_humanize 1 1805757 text-bytes
Unit data-bytes assume=exact
BenchmarkDustin_humanize 1 1559232 data-bytes
Unit rodata-bytes assume=exact
BenchmarkDustin_humanize 1 931568 rodata-bytes
Unit pclntab-bytes assume=exact
BenchmarkDustin_humanize 1 0 pclntab-bytes
Unit debug-bytes assume=exact
BenchmarkDustin_humanize 1 5335589 debug-bytes

rm -rf /home/runner/work/benchmarks/benchmarks/.ci/bent-run/gopath/bin
(cd /home/runner/work/benchmarks/benchmarks/.ci/bent-run/build/k8s_workqueue; LLGO_BUILD_TIMEOUT_SECONDS=1200 LLGO_COMMITTED_AT=2026-10-10T13:17:56+08:00 LLGO_BUILD_GO_VERSION=1.27.0 LLGO_BIN=/home/runner/work/benchmarks/benchmarks/ci/llgo-size/bin/llgo-build-timeout BENT_TIMING_LOG=/home/runner/work/benchmarks/benchmarks/.ci/bent-run/download-timings.log GOROOT_1_25_X64=/opt/hostedtoolcache/go/1.25.14/x64 LLGO_MAIN_INDEX=1760 LLGO_BUILD_KILL_GRACE_SECONDS=30 LLGO_COMMIT=3b2679a4d26ba28a060a7585da1d079d94e2d3aa GO_VERSION=1.26.2 LLGO_REPOSITORY=xgo-dev/llgo GOROOT_1_24_X64=/opt/hostedtoolcache/go/1.24.13/x64 GOROOT_1_26_X64=/opt/hostedtoolcache/go/1.26.8/x64 BENT_REAL_GO=/opt/hostedtoolcache/go/1.26.2/x64/bin/go LLGO_ROOT=/home/runner/work/benchmarks/benchmarks/.ci/llgo LLGO_REAL_BIN=/home/runner/work/benchmarks/benchmarks/.ci/llgo/llgo LLGO_LTO_PLUGIN=/home/runner/work/benchmarks/benchmarks/.ci/llgo/ltoplugin/build/LLGOLTOPlugin.so GOPATH=/home/runner/work/benchmarks/benchmarks/.ci/bent-run/gopath GOOS=linux GOARCH=amd64 GO111MODULE=auto ROOT=/home/runner/work/benchmarks/benchmarks/.ci/bent-run GOROOT=/opt/hostedtoolcache/go/1.26.2/x64/ BENT_BENCH=k8s_workqueue BENT_CONFIG=LLGoNoLTO BENT_I=0 GOCACHE=/home/runner/work/benchmarks/benchmarks/.ci/bent-run/build-cache/runs/cache-2558011945/go-build XDG_CACHE_HOME=/home/runner/work/benchmarks/benchmarks/.ci/bent-run/build-cache/runs/cache-2558011945/xdg LocalAppData=/home/runner/work/benchmarks/benchmarks/.ci/bent-run/build-cache/runs/cache-2558011945/local-app-data /home/runner/work/benchmarks/benchmarks/ci/llgo-size/bin/llgo-build-timeout test -c -o /home/runner/work/benchmarks/benchmarks/.ci/bent-run/testbin/k8s_workqueue_LLGoNoLTO k8s.io/client-go/util/workqueue )
goarch: amd64
toolchain: LLGoNoLTO
BenchmarkK8s_workqueue 1 61906117369 build-real-ns/op 164913535000 build-user-ns/op 2508506000 build-sys-ns/op
toolchain: LLGoNoLTO
( LLGO_BUILD_TIMEOUT_SECONDS=1200 LLGO_COMMITTED_AT=2026-10-10T13:17:56+08:00 LLGO_BUILD_GO_VERSION=1.27.0 LLGO_BIN=/home/runner/work/benchmarks/benchmarks/ci/llgo-size/bin/llgo-build-timeout BENT_TIMING_LOG=/home/runner/work/benchmarks/benchmarks/.ci/bent-run/download-timings.log GOROOT_1_25_X64=/opt/hostedtoolcache/go/1.25.14/x64 LLGO_MAIN_INDEX=1760 LLGO_BUILD_KILL_GRACE_SECONDS=30 LLGO_COMMIT=3b2679a4d26ba28a060a7585da1d079d94e2d3aa GO_VERSION=1.26.2 LLGO_REPOSITORY=xgo-dev/llgo GOROOT_1_24_X64=/opt/hostedtoolcache/go/1.24.13/x64 GOROOT_1_26_X64=/opt/hostedtoolcache/go/1.26.8/x64 BENT_REAL_GO=/opt/hostedtoolcache/go/1.26.2/x64/bin/go LLGO_ROOT=/home/runner/work/benchmarks/benchmarks/.ci/llgo LLGO_REAL_BIN=/home/runner/work/benchmarks/benchmarks/.ci/llgo/llgo LLGO_LTO_PLUGIN=/home/runner/work/benchmarks/benchmarks/.ci/llgo/ltoplugin/build/LLGOLTOPlugin.so GOPATH=/home/runner/work/benchmarks/benchmarks/.ci/bent-run/gopath GOOS=linux GOARCH=amd64 GO111MODULE=auto ROOT=/home/runner/work/benchmarks/benchmarks/.ci/bent-run GOROOT=/opt/hostedtoolcache/go/1.26.2/x64/ BENT_BENCH=k8s_workqueue BENT_CONFIG=LLGoNoLTO BENT_I=0 GOCACHE=/home/runner/work/benchmarks/benchmarks/.ci/bent-run/build-cache/runs/cache-2558011945/go-build XDG_CACHE_HOME=/home/runner/work/benchmarks/benchmarks/.ci/bent-run/build-cache/runs/cache-2558011945/xdg LocalAppData=/home/runner/work/benchmarks/benchmarks/.ci/bent-run/build-cache/runs/cache-2558011945/local-app-data /home/runner/work/benchmarks/benchmarks/.ci/bent-run/benchsize /home/runner/work/benchmarks/benchmarks/.ci/bent-run/testbin/k8s_workqueue_LLGoNoLTO K8s_workqueue )
goos: linux
goarch: amd64
pkg:
Unit total-bytes assume=exact
BenchmarkK8s_workqueue 1 23601584 total-bytes
Unit text-bytes assume=exact
BenchmarkK8s_workqueue 1 4198736 text-bytes
Unit data-bytes assume=exact
BenchmarkK8s_workqueue 1 3735960 data-bytes
Unit rodata-bytes assume=exact
BenchmarkK8s_workqueue 1 2127984 rodata-bytes
Unit pclntab-bytes assume=exact
BenchmarkK8s_workqueue 1 0 pclntab-bytes
Unit debug-bytes assume=exact
BenchmarkK8s_workqueue 1 10859244 debug-bytes

rm -rf /home/runner/work/benchmarks/benchmarks/.ci/bent-run/gopath/bin
(cd /home/runner/work/benchmarks/benchmarks/.ci/bent-run/build/k8s_workqueue; LLGO_BUILD_TIMEOUT_SECONDS=1200 LLGO_COMMITTED_AT=2026-10-10T13:17:56+08:00 LLGO_BUILD_GO_VERSION=1.27.0 LLGO_BIN=/home/runner/work/benchmarks/benchmarks/ci/llgo-size/bin/llgo-build-timeout BENT_TIMING_LOG=/home/runner/work/benchmarks/benchmarks/.ci/bent-run/download-timings.log GOROOT_1_25_X64=/opt/hostedtoolcache/go/1.25.14/x64 LLGO_MAIN_INDEX=1760 LLGO_BUILD_KILL_GRACE_SECONDS=30 LLGO_COMMIT=3b2679a4d26ba28a060a7585da1d079d94e2d3aa GO_VERSION=1.26.2 LLGO_REPOSITORY=xgo-dev/llgo GOROOT_1_24_X64=/opt/hostedtoolcache/go/1.24.13/x64 GOROOT_1_26_X64=/opt/hostedtoolcache/go/1.26.8/x64 BENT_REAL_GO=/opt/hostedtoolcache/go/1.26.2/x64/bin/go LLGO_ROOT=/home/runner/work/benchmarks/benchmarks/.ci/llgo LLGO_REAL_BIN=/home/runner/work/benchmarks/benchmarks/.ci/llgo/llgo LLGO_LTO_PLUGIN=/home/runner/work/benchmarks/benchmarks/.ci/llgo/ltoplugin/build/LLGOLTOPlugin.so GOPATH=/home/runner/work/benchmarks/benchmarks/.ci/bent-run/gopath GOOS=linux GOARCH=amd64 GO111MODULE=auto ROOT=/home/runner/work/benchmarks/benchmarks/.ci/bent-run GOROOT=/opt/hostedtoolcache/go/1.26.2/x64/ BENT_BENCH=k8s_workqueue BENT_CONFIG=LLGoFullLTOGlobalDCEPlugin BENT_I=0 GOCACHE=/home/runner/work/benchmarks/benchmarks/.ci/bent-run/build-cache/runs/cache-3817122828/go-build XDG_CACHE_HOME=/home/runner/work/benchmarks/benchmarks/.ci/bent-run/build-cache/runs/cache-3817122828/xdg LocalAppData=/home/runner/work/benchmarks/benchmarks/.ci/bent-run/build-cache/runs/cache-3817122828/local-app-data /home/runner/work/benchmarks/benchmarks/ci/llgo-size/bin/llgo-build-timeout test -c -o /home/runner/work/benchmarks/benchmarks/.ci/bent-run/testbin/k8s_workqueue_LLGoFullLTOGlobalDCEPlugin -lto=full -lto-pass-plugin=/home/runner/work/benchmarks/benchmarks/.ci/llgo/ltoplugin/build/LLGOLTOPlugin.so k8s.io/client-go/util/workqueue )
goarch: amd64
toolchain: LLGoFullLTOGlobalDCEPlugin
BenchmarkK8s_workqueue 1 99850270910 build-real-ns/op 160601372000 build-user-ns/op 2936752000 build-sys-ns/op
toolchain: LLGoFullLTOGlobalDCEPlugin
( LLGO_BUILD_TIMEOUT_SECONDS=1200 LLGO_COMMITTED_AT=2026-10-10T13:17:56+08:00 LLGO_BUILD_GO_VERSION=1.27.0 LLGO_BIN=/home/runner/work/benchmarks/benchmarks/ci/llgo-size/bin/llgo-build-timeout BENT_TIMING_LOG=/home/runner/work/benchmarks/benchmarks/.ci/bent-run/download-timings.log GOROOT_1_25_X64=/opt/hostedtoolcache/go/1.25.14/x64 LLGO_MAIN_INDEX=1760 LLGO_BUILD_KILL_GRACE_SECONDS=30 LLGO_COMMIT=3b2679a4d26ba28a060a7585da1d079d94e2d3aa GO_VERSION=1.26.2 LLGO_REPOSITORY=xgo-dev/llgo GOROOT_1_24_X64=/opt/hostedtoolcache/go/1.24.13/x64 GOROOT_1_26_X64=/opt/hostedtoolcache/go/1.26.8/x64 BENT_REAL_GO=/opt/hostedtoolcache/go/1.26.2/x64/bin/go LLGO_ROOT=/home/runner/work/benchmarks/benchmarks/.ci/llgo LLGO_REAL_BIN=/home/runner/work/benchmarks/benchmarks/.ci/llgo/llgo LLGO_LTO_PLUGIN=/home/runner/work/benchmarks/benchmarks/.ci/llgo/ltoplugin/build/LLGOLTOPlugin.so GOPATH=/home/runner/work/benchmarks/benchmarks/.ci/bent-run/gopath GOOS=linux GOARCH=amd64 GO111MODULE=auto ROOT=/home/runner/work/benchmarks/benchmarks/.ci/bent-run GOROOT=/opt/hostedtoolcache/go/1.26.2/x64/ BENT_BENCH=k8s_workqueue BENT_CONFIG=LLGoFullLTOGlobalDCEPlugin BENT_I=0 GOCACHE=/home/runner/work/benchmarks/benchmarks/.ci/bent-run/build-cache/runs/cache-3817122828/go-build XDG_CACHE_HOME=/home/runner/work/benchmarks/benchmarks/.ci/bent-run/build-cache/runs/cache-3817122828/xdg LocalAppData=/home/runner/work/benchmarks/benchmarks/.ci/bent-run/build-cache/runs/cache-3817122828/local-app-data /home/runner/work/benchmarks/benchmarks/.ci/bent-run/benchsize /home/runner/work/benchmarks/benchmarks/.ci/bent-run/testbin/k8s_workqueue_LLGoFullLTOGlobalDCEPlugin K8s_workqueue )
goos: linux
goarch: amd64
pkg:
Unit total-bytes assume=exact
BenchmarkK8s_workqueue 1 19837984 total-bytes
Unit text-bytes assume=exact
BenchmarkK8s_workqueue 1 2760942 text-bytes
Unit data-bytes assume=exact
BenchmarkK8s_workqueue 1 3665752 data-bytes
Unit rodata-bytes assume=exact
BenchmarkK8s_workqueue 1 3447440 rodata-bytes
Unit pclntab-bytes assume=exact
BenchmarkK8s_workqueue 1 0 pclntab-bytes
Unit debug-bytes assume=exact
BenchmarkK8s_workqueue 1 10307807 debug-bytes

rm -rf /home/runner/work/benchmarks/benchmarks/.ci/bent-run/gopath/bin
(cd /home/runner/work/benchmarks/benchmarks/.ci/bent-run/build/gorm_schema; LLGO_BUILD_TIMEOUT_SECONDS=1200 LLGO_COMMITTED_AT=2026-10-10T13:17:56+08:00 LLGO_BUILD_GO_VERSION=1.27.0 LLGO_BIN=/home/runner/work/benchmarks/benchmarks/ci/llgo-size/bin/llgo-build-timeout BENT_TIMING_LOG=/home/runner/work/benchmarks/benchmarks/.ci/bent-run/download-timings.log GOROOT_1_25_X64=/opt/hostedtoolcache/go/1.25.14/x64 LLGO_MAIN_INDEX=1760 LLGO_BUILD_KILL_GRACE_SECONDS=30 LLGO_COMMIT=3b2679a4d26ba28a060a7585da1d079d94e2d3aa GO_VERSION=1.26.2 LLGO_REPOSITORY=xgo-dev/llgo GOROOT_1_24_X64=/opt/hostedtoolcache/go/1.24.13/x64 GOROOT_1_26_X64=/opt/hostedtoolcache/go/1.26.8/x64 BENT_REAL_GO=/opt/hostedtoolcache/go/1.26.2/x64/bin/go LLGO_ROOT=/home/runner/work/benchmarks/benchmarks/.ci/llgo LLGO_REAL_BIN=/home/runner/work/benchmarks/benchmarks/.ci/llgo/llgo LLGO_LTO_PLUGIN=/home/runner/work/benchmarks/benchmarks/.ci/llgo/ltoplugin/build/LLGOLTOPlugin.so GOPATH=/home/runner/work/benchmarks/benchmarks/.ci/bent-run/gopath GOOS=linux GOARCH=amd64 GO111MODULE=auto ROOT=/home/runner/work/benchmarks/benchmarks/.ci/bent-run GOROOT=/opt/hostedtoolcache/go/1.26.2/x64/ BENT_BENCH=gorm_schema BENT_CONFIG=LLGoFullLTOGlobalDCEPlugin BENT_I=0 GOCACHE=/home/runner/work/benchmarks/benchmarks/.ci/bent-run/build-cache/runs/cache-3681822835/go-build XDG_CACHE_HOME=/home/runner/work/benchmarks/benchmarks/.ci/bent-run/build-cache/runs/cache-3681822835/xdg LocalAppData=/home/runner/work/benchmarks/benchmarks/.ci/bent-run/build-cache/runs/cache-3681822835/local-app-data /home/runner/work/benchmarks/benchmarks/ci/llgo-size/bin/llgo-build-timeout test -c -o /home/runner/work/benchmarks/benchmarks/.ci/bent-run/testbin/gorm_schema_LLGoFullLTOGlobalDCEPlugin -lto=full -lto-pass-plugin=/home/runner/work/benchmarks/benchmarks/.ci/llgo/ltoplugin/build/LLGOLTOPlugin.so gorm.io/gorm/schema )
goarch: amd64
toolchain: LLGoFullLTOGlobalDCEPlugin
BenchmarkGorm_schema 1 45800100085 build-real-ns/op 81755168000 build-user-ns/op 1785540000 build-sys-ns/op
toolchain: LLGoFullLTOGlobalDCEPlugin
( LLGO_BUILD_TIMEOUT_SECONDS=1200 LLGO_COMMITTED_AT=2026-10-10T13:17:56+08:00 LLGO_BUILD_GO_VERSION=1.27.0 LLGO_BIN=/home/runner/work/benchmarks/benchmarks/ci/llgo-size/bin/llgo-build-timeout BENT_TIMING_LOG=/home/runner/work/benchmarks/benchmarks/.ci/bent-run/download-timings.log GOROOT_1_25_X64=/opt/hostedtoolcache/go/1.25.14/x64 LLGO_MAIN_INDEX=1760 LLGO_BUILD_KILL_GRACE_SECONDS=30 LLGO_COMMIT=3b2679a4d26ba28a060a7585da1d079d94e2d3aa GO_VERSION=1.26.2 LLGO_REPOSITORY=xgo-dev/llgo GOROOT_1_24_X64=/opt/hostedtoolcache/go/1.24.13/x64 GOROOT_1_26_X64=/opt/hostedtoolcache/go/1.26.8/x64 BENT_REAL_GO=/opt/hostedtoolcache/go/1.26.2/x64/bin/go LLGO_ROOT=/home/runner/work/benchmarks/benchmarks/.ci/llgo LLGO_REAL_BIN=/home/runner/work/benchmarks/benchmarks/.ci/llgo/llgo LLGO_LTO_PLUGIN=/home/runner/work/benchmarks/benchmarks/.ci/llgo/ltoplugin/build/LLGOLTOPlugin.so GOPATH=/home/runner/work/benchmarks/benchmarks/.ci/bent-run/gopath GOOS=linux GOARCH=amd64 GO111MODULE=auto ROOT=/home/runner/work/benchmarks/benchmarks/.ci/bent-run GOROOT=/opt/hostedtoolcache/go/1.26.2/x64/ BENT_BENCH=gorm_schema BENT_CONFIG=LLGoFullLTOGlobalDCEPlugin BENT_I=0 GOCACHE=/home/runner/work/benchmarks/benchmarks/.ci/bent-run/build-cache/runs/cache-3681822835/go-build XDG_CACHE_HOME=/home/runner/work/benchmarks/benchmarks/.ci/bent-run/build-cache/runs/cache-3681822835/xdg LocalAppData=/home/runner/work/benchmarks/benchmarks/.ci/bent-run/build-cache/runs/cache-3681822835/local-app-data /home/runner/work/benchmarks/benchmarks/.ci/bent-run/benchsize /home/runner/work/benchmarks/benchmarks/.ci/bent-run/testbin/gorm_schema_LLGoFullLTOGlobalDCEPlugin Gorm_schema )
goos: linux
goarch: amd64
pkg:
Unit total-bytes assume=exact
BenchmarkGorm_schema 1 10648856 total-bytes
Unit text-bytes assume=exact
BenchmarkGorm_schema 1 1479815 text-bytes
Unit data-bytes assume=exact
BenchmarkGorm_schema 1 2383584 data-bytes
Unit rodata-bytes assume=exact
BenchmarkGorm_schema 1 2256864 rodata-bytes
Unit pclntab-bytes assume=exact
BenchmarkGorm_schema 1 0 pclntab-bytes
Unit debug-bytes assume=exact
BenchmarkGorm_schema 1 4991356 debug-bytes

rm -rf /home/runner/work/benchmarks/benchmarks/.ci/bent-run/gopath/bin
(cd /home/runner/work/benchmarks/benchmarks/.ci/bent-run/build/etcdctl; LLGO_BUILD_TIMEOUT_SECONDS=1200 LLGO_COMMITTED_AT=2026-10-10T13:17:56+08:00 LLGO_BUILD_GO_VERSION=1.27.0 LLGO_BIN=/home/runner/work/benchmarks/benchmarks/ci/llgo-size/bin/llgo-build-timeout BENT_TIMING_LOG=/home/runner/work/benchmarks/benchmarks/.ci/bent-run/download-timings.log GOROOT_1_25_X64=/opt/hostedtoolcache/go/1.25.14/x64 LLGO_MAIN_INDEX=1760 LLGO_BUILD_KILL_GRACE_SECONDS=30 LLGO_COMMIT=3b2679a4d26ba28a060a7585da1d079d94e2d3aa GO_VERSION=1.26.2 LLGO_REPOSITORY=xgo-dev/llgo GOROOT_1_24_X64=/opt/hostedtoolcache/go/1.24.13/x64 GOROOT_1_26_X64=/opt/hostedtoolcache/go/1.26.8/x64 BENT_REAL_GO=/opt/hostedtoolcache/go/1.26.2/x64/bin/go LLGO_ROOT=/home/runner/work/benchmarks/benchmarks/.ci/llgo LLGO_REAL_BIN=/home/runner/work/benchmarks/benchmarks/.ci/llgo/llgo LLGO_LTO_PLUGIN=/home/runner/work/benchmarks/benchmarks/.ci/llgo/ltoplugin/build/LLGOLTOPlugin.so GOPATH=/home/runner/work/benchmarks/benchmarks/.ci/bent-run/gopath GOOS=linux GOARCH=amd64 GO111MODULE=auto ROOT=/home/runner/work/benchmarks/benchmarks/.ci/bent-run GOROOT=/opt/hostedtoolcache/go/1.26.2/x64/ BENT_BENCH=etcdctl BENT_CONFIG=LLGoFullLTOGlobalDCEPlugin BENT_I=0 GOCACHE=/home/runner/work/benchmarks/benchmarks/.ci/bent-run/build-cache/runs/cache-4017840937/go-build XDG_CACHE_HOME=/home/runner/work/benchmarks/benchmarks/.ci/bent-run/build-cache/runs/cache-4017840937/xdg LocalAppData=/home/runner/work/benchmarks/benchmarks/.ci/bent-run/build-cache/runs/cache-4017840937/local-app-data /home/runner/work/benchmarks/benchmarks/ci/llgo-size/bin/llgo-build-timeout build -o /home/runner/work/benchmarks/benchmarks/.ci/bent-run/testbin/etcdctl_LLGoFullLTOGlobalDCEPlugin -lto=full -lto-pass-plugin=/home/runner/work/benchmarks/benchmarks/.ci/llgo/ltoplugin/build/LLGOLTOPlugin.so go.etcd.io/etcd/etcdctl/v3 )
goarch: amd64
toolchain: LLGoFullLTOGlobalDCEPlugin
BenchmarkEtcdctl 1 183130443994 build-real-ns/op 282706424000 build-user-ns/op 5623079000 build-sys-ns/op
toolchain: LLGoFullLTOGlobalDCEPlugin
( LLGO_BUILD_TIMEOUT_SECONDS=1200 LLGO_COMMITTED_AT=2026-10-10T13:17:56+08:00 LLGO_BUILD_GO_VERSION=1.27.0 LLGO_BIN=/home/runner/work/benchmarks/benchmarks/ci/llgo-size/bin/llgo-build-timeout BENT_TIMING_LOG=/home/runner/work/benchmarks/benchmarks/.ci/bent-run/download-timings.log GOROOT_1_25_X64=/opt/hostedtoolcache/go/1.25.14/x64 LLGO_MAIN_INDEX=1760 LLGO_BUILD_KILL_GRACE_SECONDS=30 LLGO_COMMIT=3b2679a4d26ba28a060a7585da1d079d94e2d3aa GO_VERSION=1.26.2 LLGO_REPOSITORY=xgo-dev/llgo GOROOT_1_24_X64=/opt/hostedtoolcache/go/1.24.13/x64 GOROOT_1_26_X64=/opt/hostedtoolcache/go/1.26.8/x64 BENT_REAL_GO=/opt/hostedtoolcache/go/1.26.2/x64/bin/go LLGO_ROOT=/home/runner/work/benchmarks/benchmarks/.ci/llgo LLGO_REAL_BIN=/home/runner/work/benchmarks/benchmarks/.ci/llgo/llgo LLGO_LTO_PLUGIN=/home/runner/work/benchmarks/benchmarks/.ci/llgo/ltoplugin/build/LLGOLTOPlugin.so GOPATH=/home/runner/work/benchmarks/benchmarks/.ci/bent-run/gopath GOOS=linux GOARCH=amd64 GO111MODULE=auto ROOT=/home/runner/work/benchmarks/benchmarks/.ci/bent-run GOROOT=/opt/hostedtoolcache/go/1.26.2/x64/ BENT_BENCH=etcdctl BENT_CONFIG=LLGoFullLTOGlobalDCEPlugin BENT_I=0 GOCACHE=/home/runner/work/benchmarks/benchmarks/.ci/bent-run/build-cache/runs/cache-4017840937/go-build XDG_CACHE_HOME=/home/runner/work/benchmarks/benchmarks/.ci/bent-run/build-cache/runs/cache-4017840937/xdg LocalAppData=/home/runner/work/benchmarks/benchmarks/.ci/bent-run/build-cache/runs/cache-4017840937/local-app-data /home/runner/work/benchmarks/benchmarks/.ci/bent-run/benchsize /home/runner/work/benchmarks/benchmarks/.ci/bent-run/testbin/etcdctl_LLGoFullLTOGlobalDCEPlugin Etcdctl )
goos: linux
goarch: amd64
pkg:
Unit total-bytes assume=exact
BenchmarkEtcdctl 1 48852792 total-bytes
Unit text-bytes assume=exact
BenchmarkEtcdctl 1 6727582 text-bytes
Unit data-bytes assume=exact
BenchmarkEtcdctl 1 7550312 data-bytes
Unit rodata-bytes assume=exact
BenchmarkEtcdctl 1 7016344 rodata-bytes
Unit pclntab-bytes assume=exact
BenchmarkEtcdctl 1 0 pclntab-bytes
Unit debug-bytes assume=exact
BenchmarkEtcdctl 1 26038305 debug-bytes

rm -rf /home/runner/work/benchmarks/benchmarks/.ci/bent-run/gopath/bin
(cd /home/runner/work/benchmarks/benchmarks/.ci/bent-run/build/dustin_humanize; LLGO_BUILD_TIMEOUT_SECONDS=1200 LLGO_COMMITTED_AT=2026-10-10T13:17:56+08:00 LLGO_BUILD_GO_VERSION=1.27.0 LLGO_BIN=/home/runner/work/benchmarks/benchmarks/ci/llgo-size/bin/llgo-build-timeout BENT_TIMING_LOG=/home/runner/work/benchmarks/benchmarks/.ci/bent-run/download-timings.log GOROOT_1_25_X64=/opt/hostedtoolcache/go/1.25.14/x64 LLGO_MAIN_INDEX=1760 LLGO_BUILD_KILL_GRACE_SECONDS=30 LLGO_COMMIT=3b2679a4d26ba28a060a7585da1d079d94e2d3aa GO_VERSION=1.26.2 LLGO_REPOSITORY=xgo-dev/llgo GOROOT_1_24_X64=/opt/hostedtoolcache/go/1.24.13/x64 GOROOT_1_26_X64=/opt/hostedtoolcache/go/1.26.8/x64 BENT_REAL_GO=/opt/hostedtoolcache/go/1.26.2/x64/bin/go LLGO_ROOT=/home/runner/work/benchmarks/benchmarks/.ci/llgo LLGO_REAL_BIN=/home/runner/work/benchmarks/benchmarks/.ci/llgo/llgo LLGO_LTO_PLUGIN=/home/runner/work/benchmarks/benchmarks/.ci/llgo/ltoplugin/build/LLGOLTOPlugin.so GOPATH=/home/runner/work/benchmarks/benchmarks/.ci/bent-run/gopath GOOS=linux GOARCH=amd64 GO111MODULE=auto ROOT=/home/runner/work/benchmarks/benchmarks/.ci/bent-run GOROOT=/opt/hostedtoolcache/go/1.26.2/x64/ BENT_BENCH=dustin_humanize BENT_CONFIG=LLGoDeadcodeDrop BENT_I=0 GOCACHE=/home/runner/work/benchmarks/benchmarks/.ci/bent-run/build-cache/runs/cache-4088705500/go-build XDG_CACHE_HOME=/home/runner/work/benchmarks/benchmarks/.ci/bent-run/build-cache/runs/cache-4088705500/xdg LocalAppData=/home/runner/work/benchmarks/benchmarks/.ci/bent-run/build-cache/runs/cache-4088705500/local-app-data /home/runner/work/benchmarks/benchmarks/ci/llgo-size/bin/llgo-build-timeout test -c -o /home/runner/work/benchmarks/benchmarks/.ci/bent-run/testbin/dustin_humanize_LLGoDeadcodeDrop -deadcodedrop github.com/dustin/go-humanize )
goarch: amd64
toolchain: LLGoDeadcodeDrop
BenchmarkDustin_humanize 1 21770886013 build-real-ns/op 58859742000 build-user-ns/op 1083500000 build-sys-ns/op
toolchain: LLGoDeadcodeDrop
( LLGO_BUILD_TIMEOUT_SECONDS=1200 LLGO_COMMITTED_AT=2026-10-10T13:17:56+08:00 LLGO_BUILD_GO_VERSION=1.27.0 LLGO_BIN=/home/runner/work/benchmarks/benchmarks/ci/llgo-size/bin/llgo-build-timeout BENT_TIMING_LOG=/home/runner/work/benchmarks/benchmarks/.ci/bent-run/download-timings.log GOROOT_1_25_X64=/opt/hostedtoolcache/go/1.25.14/x64 LLGO_MAIN_INDEX=1760 LLGO_BUILD_KILL_GRACE_SECONDS=30 LLGO_COMMIT=3b2679a4d26ba28a060a7585da1d079d94e2d3aa GO_VERSION=1.26.2 LLGO_REPOSITORY=xgo-dev/llgo GOROOT_1_24_X64=/opt/hostedtoolcache/go/1.24.13/x64 GOROOT_1_26_X64=/opt/hostedtoolcache/go/1.26.8/x64 BENT_REAL_GO=/opt/hostedtoolcache/go/1.26.2/x64/bin/go LLGO_ROOT=/home/runner/work/benchmarks/benchmarks/.ci/llgo LLGO_REAL_BIN=/home/runner/work/benchmarks/benchmarks/.ci/llgo/llgo LLGO_LTO_PLUGIN=/home/runner/work/benchmarks/benchmarks/.ci/llgo/ltoplugin/build/LLGOLTOPlugin.so GOPATH=/home/runner/work/benchmarks/benchmarks/.ci/bent-run/gopath GOOS=linux GOARCH=amd64 GO111MODULE=auto ROOT=/home/runner/work/benchmarks/benchmarks/.ci/bent-run GOROOT=/opt/hostedtoolcache/go/1.26.2/x64/ BENT_BENCH=dustin_humanize BENT_CONFIG=LLGoDeadcodeDrop BENT_I=0 GOCACHE=/home/runner/work/benchmarks/benchmarks/.ci/bent-run/build-cache/runs/cache-4088705500/go-build XDG_CACHE_HOME=/home/runner/work/benchmarks/benchmarks/.ci/bent-run/build-cache/runs/cache-4088705500/xdg LocalAppData=/home/runner/work/benchmarks/benchmarks/.ci/bent-run/build-cache/runs/cache-4088705500/local-app-data /home/runner/work/benchmarks/benchmarks/.ci/bent-run/benchsize /home/runner/work/benchmarks/benchmarks/.ci/bent-run/testbin/dustin_humanize_LLGoDeadcodeDrop Dustin_humanize )
goos: linux
goarch: amd64
pkg:
Unit total-bytes assume=exact
BenchmarkDustin_humanize 1 9321472 total-bytes
Unit text-bytes assume=exact
BenchmarkDustin_humanize 1 998981 text-bytes
Unit data-bytes assume=exact
BenchmarkDustin_humanize 1 1511040 data-bytes
Unit rodata-bytes assume=exact
BenchmarkDustin_humanize 1 901808 rodata-bytes
Unit pclntab-bytes assume=exact
BenchmarkDustin_humanize 1 0 pclntab-bytes
Unit debug-bytes assume=exact
BenchmarkDustin_humanize 1 5335589 debug-bytes

rm -rf /home/runner/work/benchmarks/benchmarks/.ci/bent-run/gopath/bin
(cd /home/runner/work/benchmarks/benchmarks/.ci/bent-run/build/iXGo; LLGO_BUILD_TIMEOUT_SECONDS=1200 LLGO_COMMITTED_AT=2026-10-10T13:17:56+08:00 LLGO_BUILD_GO_VERSION=1.27.0 LLGO_BIN=/home/runner/work/benchmarks/benchmarks/ci/llgo-size/bin/llgo-build-timeout BENT_TIMING_LOG=/home/runner/work/benchmarks/benchmarks/.ci/bent-run/download-timings.log GOROOT_1_25_X64=/opt/hostedtoolcache/go/1.25.14/x64 LLGO_MAIN_INDEX=1760 LLGO_BUILD_KILL_GRACE_SECONDS=30 LLGO_COMMIT=3b2679a4d26ba28a060a7585da1d079d94e2d3aa GO_VERSION=1.26.2 LLGO_REPOSITORY=xgo-dev/llgo GOROOT_1_24_X64=/opt/hostedtoolcache/go/1.24.13/x64 GOROOT_1_26_X64=/opt/hostedtoolcache/go/1.26.8/x64 BENT_REAL_GO=/opt/hostedtoolcache/go/1.26.2/x64/bin/go LLGO_ROOT=/home/runner/work/benchmarks/benchmarks/.ci/llgo LLGO_REAL_BIN=/home/runner/work/benchmarks/benchmarks/.ci/llgo/llgo LLGO_LTO_PLUGIN=/home/runner/work/benchmarks/benchmarks/.ci/llgo/ltoplugin/build/LLGOLTOPlugin.so GOPATH=/home/runner/work/benchmarks/benchmarks/.ci/bent-run/gopath GOOS=linux GOARCH=amd64 GO111MODULE=auto ROOT=/home/runner/work/benchmarks/benchmarks/.ci/bent-run GOROOT=/opt/hostedtoolcache/go/1.26.2/x64/ BENT_BENCH=iXGo BENT_CONFIG=LLGoDeadcodeDrop BENT_I=0 GOCACHE=/home/runner/work/benchmarks/benchmarks/.ci/bent-run/build-cache/runs/cache-828778496/go-build XDG_CACHE_HOME=/home/runner/work/benchmarks/benchmarks/.ci/bent-run/build-cache/runs/cache-828778496/xdg LocalAppData=/home/runner/work/benchmarks/benchmarks/.ci/bent-run/build-cache/runs/cache-828778496/local-app-data /home/runner/work/benchmarks/benchmarks/ci/llgo-size/bin/llgo-build-timeout build -o /home/runner/work/benchmarks/benchmarks/.ci/bent-run/testbin/iXGo_LLGoDeadcodeDrop -deadcodedrop github.com/goplus/ixgo/cmd/ixgo )
goarch: amd64
toolchain: LLGoDeadcodeDrop
BenchmarkIXGo 1 139166635887 build-real-ns/op 457029269000 build-user-ns/op 13909316000 build-sys-ns/op
toolchain: LLGoDeadcodeDrop
( LLGO_BUILD_TIMEOUT_SECONDS=1200 LLGO_COMMITTED_AT=2026-10-10T13:17:56+08:00 LLGO_BUILD_GO_VERSION=1.27.0 LLGO_BIN=/home/runner/work/benchmarks/benchmarks/ci/llgo-size/bin/llgo-build-timeout BENT_TIMING_LOG=/home/runner/work/benchmarks/benchmarks/.ci/bent-run/download-timings.log GOROOT_1_25_X64=/opt/hostedtoolcache/go/1.25.14/x64 LLGO_MAIN_INDEX=1760 LLGO_BUILD_KILL_GRACE_SECONDS=30 LLGO_COMMIT=3b2679a4d26ba28a060a7585da1d079d94e2d3aa GO_VERSION=1.26.2 LLGO_REPOSITORY=xgo-dev/llgo GOROOT_1_24_X64=/opt/hostedtoolcache/go/1.24.13/x64 GOROOT_1_26_X64=/opt/hostedtoolcache/go/1.26.8/x64 BENT_REAL_GO=/opt/hostedtoolcache/go/1.26.2/x64/bin/go LLGO_ROOT=/home/runner/work/benchmarks/benchmarks/.ci/llgo LLGO_REAL_BIN=/home/runner/work/benchmarks/benchmarks/.ci/llgo/llgo LLGO_LTO_PLUGIN=/home/runner/work/benchmarks/benchmarks/.ci/llgo/ltoplugin/build/LLGOLTOPlugin.so GOPATH=/home/runner/work/benchmarks/benchmarks/.ci/bent-run/gopath GOOS=linux GOARCH=amd64 GO111MODULE=auto ROOT=/home/runner/work/benchmarks/benchmarks/.ci/bent-run GOROOT=/opt/hostedtoolcache/go/1.26.2/x64/ BENT_BENCH=iXGo BENT_CONFIG=LLGoDeadcodeDrop BENT_I=0 GOCACHE=/home/runner/work/benchmarks/benchmarks/.ci/bent-run/build-cache/runs/cache-828778496/go-build XDG_CACHE_HOME=/home/runner/work/benchmarks/benchmarks/.ci/bent-run/build-cache/runs/cache-828778496/xdg LocalAppData=/home/runner/work/benchmarks/benchmarks/.ci/bent-run/build-cache/runs/cache-828778496/local-app-data /home/runner/work/benchmarks/benchmarks/.ci/bent-run/benchsize /home/runner/work/benchmarks/benchmarks/.ci/bent-run/testbin/iXGo_LLGoDeadcodeDrop IXGo )
goos: linux
goarch: amd64
pkg:
Unit total-bytes assume=exact
BenchmarkIXGo 1 75801512 total-bytes
Unit text-bytes assume=exact
BenchmarkIXGo 1 11005499 text-bytes
Unit data-bytes assume=exact
BenchmarkIXGo 1 10422096 data-bytes
Unit rodata-bytes assume=exact
BenchmarkIXGo 1 6102448 rodata-bytes
Unit pclntab-bytes assume=exact
BenchmarkIXGo 1 0 pclntab-bytes
Unit debug-bytes assume=exact
BenchmarkIXGo 1 41989279 debug-bytes

rm -rf /home/runner/work/benchmarks/benchmarks/.ci/bent-run/gopath/bin
(cd /home/runner/work/benchmarks/benchmarks/.ci/bent-run/build/k8s_workqueue; LLGO_BUILD_TIMEOUT_SECONDS=1200 LLGO_COMMITTED_AT=2026-10-10T13:17:56+08:00 LLGO_BUILD_GO_VERSION=1.27.0 LLGO_BIN=/home/runner/work/benchmarks/benchmarks/ci/llgo-size/bin/llgo-build-timeout BENT_TIMING_LOG=/home/runner/work/benchmarks/benchmarks/.ci/bent-run/download-timings.log GOROOT_1_25_X64=/opt/hostedtoolcache/go/1.25.14/x64 LLGO_MAIN_INDEX=1760 LLGO_BUILD_KILL_GRACE_SECONDS=30 LLGO_COMMIT=3b2679a4d26ba28a060a7585da1d079d94e2d3aa GO_VERSION=1.26.2 LLGO_REPOSITORY=xgo-dev/llgo GOROOT_1_24_X64=/opt/hostedtoolcache/go/1.24.13/x64 GOROOT_1_26_X64=/opt/hostedtoolcache/go/1.26.8/x64 BENT_REAL_GO=/opt/hostedtoolcache/go/1.26.2/x64/bin/go LLGO_ROOT=/home/runner/work/benchmarks/benchmarks/.ci/llgo LLGO_REAL_BIN=/home/runner/work/benchmarks/benchmarks/.ci/llgo/llgo LLGO_LTO_PLUGIN=/home/runner/work/benchmarks/benchmarks/.ci/llgo/ltoplugin/build/LLGOLTOPlugin.so GOPATH=/home/runner/work/benchmarks/benchmarks/.ci/bent-run/gopath GOOS=linux GOARCH=amd64 GO111MODULE=auto ROOT=/home/runner/work/benchmarks/benchmarks/.ci/bent-run GOROOT=/opt/hostedtoolcache/go/1.26.2/x64/ BENT_BENCH=k8s_workqueue BENT_CONFIG=LLGoDeadcodeDrop BENT_I=0 GOCACHE=/home/runner/work/benchmarks/benchmarks/.ci/bent-run/build-cache/runs/cache-3674005500/go-build XDG_CACHE_HOME=/home/runner/work/benchmarks/benchmarks/.ci/bent-run/build-cache/runs/cache-3674005500/xdg LocalAppData=/home/runner/work/benchmarks/benchmarks/.ci/bent-run/build-cache/runs/cache-3674005500/local-app-data /home/runner/work/benchmarks/benchmarks/ci/llgo-size/bin/llgo-build-timeout test -c -o /home/runner/work/benchmarks/benchmarks/.ci/bent-run/testbin/k8s_workqueue_LLGoDeadcodeDrop -deadcodedrop k8s.io/client-go/util/workqueue )
goarch: amd64
toolchain: LLGoDeadcodeDrop
BenchmarkK8s_workqueue 1 63115370856 build-real-ns/op 165246554000 build-user-ns/op 2468608000 build-sys-ns/op
toolchain: LLGoDeadcodeDrop
( LLGO_BUILD_TIMEOUT_SECONDS=1200 LLGO_COMMITTED_AT=2026-10-10T13:17:56+08:00 LLGO_BUILD_GO_VERSION=1.27.0 LLGO_BIN=/home/runner/work/benchmarks/benchmarks/ci/llgo-size/bin/llgo-build-timeout BENT_TIMING_LOG=/home/runner/work/benchmarks/benchmarks/.ci/bent-run/download-timings.log GOROOT_1_25_X64=/opt/hostedtoolcache/go/1.25.14/x64 LLGO_MAIN_INDEX=1760 LLGO_BUILD_KILL_GRACE_SECONDS=30 LLGO_COMMIT=3b2679a4d26ba28a060a7585da1d079d94e2d3aa GO_VERSION=1.26.2 LLGO_REPOSITORY=xgo-dev/llgo GOROOT_1_24_X64=/opt/hostedtoolcache/go/1.24.13/x64 GOROOT_1_26_X64=/opt/hostedtoolcache/go/1.26.8/x64 BENT_REAL_GO=/opt/hostedtoolcache/go/1.26.2/x64/bin/go LLGO_ROOT=/home/runner/work/benchmarks/benchmarks/.ci/llgo LLGO_REAL_BIN=/home/runner/work/benchmarks/benchmarks/.ci/llgo/llgo LLGO_LTO_PLUGIN=/home/runner/work/benchmarks/benchmarks/.ci/llgo/ltoplugin/build/LLGOLTOPlugin.so GOPATH=/home/runner/work/benchmarks/benchmarks/.ci/bent-run/gopath GOOS=linux GOARCH=amd64 GO111MODULE=auto ROOT=/home/runner/work/benchmarks/benchmarks/.ci/bent-run GOROOT=/opt/hostedtoolcache/go/1.26.2/x64/ BENT_BENCH=k8s_workqueue BENT_CONFIG=LLGoDeadcodeDrop BENT_I=0 GOCACHE=/home/runner/work/benchmarks/benchmarks/.ci/bent-run/build-cache/runs/cache-3674005500/go-build XDG_CACHE_HOME=/home/runner/work/benchmarks/benchmarks/.ci/bent-run/build-cache/runs/cache-3674005500/xdg LocalAppData=/home/runner/work/benchmarks/benchmarks/.ci/bent-run/build-cache/runs/cache-3674005500/local-app-data /home/runner/work/benchmarks/benchmarks/.ci/bent-run/benchsize /home/runner/work/benchmarks/benchmarks/.ci/bent-run/testbin/k8s_workqueue_LLGoDeadcodeDrop K8s_workqueue )
goos: linux
goarch: amd64
pkg:
Unit total-bytes assume=exact
BenchmarkK8s_workqueue 1 22872744 total-bytes
Unit text-bytes assume=exact
BenchmarkK8s_workqueue 1 3821469 text-bytes
Unit data-bytes assume=exact
BenchmarkK8s_workqueue 1 3724824 data-bytes
Unit rodata-bytes assume=exact
BenchmarkK8s_workqueue 1 2123568 rodata-bytes
Unit pclntab-bytes assume=exact
BenchmarkK8s_workqueue 1 0 pclntab-bytes
Unit debug-bytes assume=exact
BenchmarkK8s_workqueue 1 10859245 debug-bytes

rm -rf /home/runner/work/benchmarks/benchmarks/.ci/bent-run/gopath/bin
(cd /home/runner/work/benchmarks/benchmarks/.ci/bent-run/build/etcdctl; LLGO_BUILD_TIMEOUT_SECONDS=1200 LLGO_COMMITTED_AT=2026-10-10T13:17:56+08:00 LLGO_BUILD_GO_VERSION=1.27.0 LLGO_BIN=/home/runner/work/benchmarks/benchmarks/ci/llgo-size/bin/llgo-build-timeout BENT_TIMING_LOG=/home/runner/work/benchmarks/benchmarks/.ci/bent-run/download-timings.log GOROOT_1_25_X64=/opt/hostedtoolcache/go/1.25.14/x64 LLGO_MAIN_INDEX=1760 LLGO_BUILD_KILL_GRACE_SECONDS=30 LLGO_COMMIT=3b2679a4d26ba28a060a7585da1d079d94e2d3aa GO_VERSION=1.26.2 LLGO_REPOSITORY=xgo-dev/llgo GOROOT_1_24_X64=/opt/hostedtoolcache/go/1.24.13/x64 GOROOT_1_26_X64=/opt/hostedtoolcache/go/1.26.8/x64 BENT_REAL_GO=/opt/hostedtoolcache/go/1.26.2/x64/bin/go LLGO_ROOT=/home/runner/work/benchmarks/benchmarks/.ci/llgo LLGO_REAL_BIN=/home/runner/work/benchmarks/benchmarks/.ci/llgo/llgo LLGO_LTO_PLUGIN=/home/runner/work/benchmarks/benchmarks/.ci/llgo/ltoplugin/build/LLGOLTOPlugin.so GOPATH=/home/runner/work/benchmarks/benchmarks/.ci/bent-run/gopath GOOS=linux GOARCH=amd64 GO111MODULE=auto ROOT=/home/runner/work/benchmarks/benchmarks/.ci/bent-run GOROOT=/opt/hostedtoolcache/go/1.26.2/x64/ BENT_BENCH=etcdctl BENT_CONFIG=LLGoDeadcodeDrop BENT_I=0 GOCACHE=/home/runner/work/benchmarks/benchmarks/.ci/bent-run/build-cache/runs/cache-2667024978/go-build XDG_CACHE_HOME=/home/runner/work/benchmarks/benchmarks/.ci/bent-run/build-cache/runs/cache-2667024978/xdg LocalAppData=/home/runner/work/benchmarks/benchmarks/.ci/bent-run/build-cache/runs/cache-2667024978/local-app-data /home/runner/work/benchmarks/benchmarks/ci/llgo-size/bin/llgo-build-timeout build -o /home/runner/work/benchmarks/benchmarks/.ci/bent-run/testbin/etcdctl_LLGoDeadcodeDrop -deadcodedrop go.etcd.io/etcd/etcdctl/v3 )
goarch: amd64
toolchain: LLGoDeadcodeDrop
BenchmarkEtcdctl 1 66273225720 build-real-ns/op 193759355000 build-user-ns/op 4965863000 build-sys-ns/op
toolchain: LLGoDeadcodeDrop
( LLGO_BUILD_TIMEOUT_SECONDS=1200 LLGO_COMMITTED_AT=2026-10-10T13:17:56+08:00 LLGO_BUILD_GO_VERSION=1.27.0 LLGO_BIN=/home/runner/work/benchmarks/benchmarks/ci/llgo-size/bin/llgo-build-timeout BENT_TIMING_LOG=/home/runner/work/benchmarks/benchmarks/.ci/bent-run/download-timings.log GOROOT_1_25_X64=/opt/hostedtoolcache/go/1.25.14/x64 LLGO_MAIN_INDEX=1760 LLGO_BUILD_KILL_GRACE_SECONDS=30 LLGO_COMMIT=3b2679a4d26ba28a060a7585da1d079d94e2d3aa GO_VERSION=1.26.2 LLGO_REPOSITORY=xgo-dev/llgo GOROOT_1_24_X64=/opt/hostedtoolcache/go/1.24.13/x64 GOROOT_1_26_X64=/opt/hostedtoolcache/go/1.26.8/x64 BENT_REAL_GO=/opt/hostedtoolcache/go/1.26.2/x64/bin/go LLGO_ROOT=/home/runner/work/benchmarks/benchmarks/.ci/llgo LLGO_REAL_BIN=/home/runner/work/benchmarks/benchmarks/.ci/llgo/llgo LLGO_LTO_PLUGIN=/home/runner/work/benchmarks/benchmarks/.ci/llgo/ltoplugin/build/LLGOLTOPlugin.so GOPATH=/home/runner/work/benchmarks/benchmarks/.ci/bent-run/gopath GOOS=linux GOARCH=amd64 GO111MODULE=auto ROOT=/home/runner/work/benchmarks/benchmarks/.ci/bent-run GOROOT=/opt/hostedtoolcache/go/1.26.2/x64/ BENT_BENCH=etcdctl BENT_CONFIG=LLGoDeadcodeDrop BENT_I=0 GOCACHE=/home/runner/work/benchmarks/benchmarks/.ci/bent-run/build-cache/runs/cache-2667024978/go-build XDG_CACHE_HOME=/home/runner/work/benchmarks/benchmarks/.ci/bent-run/build-cache/runs/cache-2667024978/xdg LocalAppData=/home/runner/work/benchmarks/benchmarks/.ci/bent-run/build-cache/runs/cache-2667024978/local-app-data /home/runner/work/benchmarks/benchmarks/.ci/bent-run/benchsize /home/runner/work/benchmarks/benchmarks/.ci/bent-run/testbin/etcdctl_LLGoDeadcodeDrop Etcdctl )
goos: linux
goarch: amd64
pkg:
Unit total-bytes assume=exact
BenchmarkEtcdctl 1 45425424 total-bytes
Unit text-bytes assume=exact
BenchmarkEtcdctl 1 6816948 text-bytes
Unit data-bytes assume=exact
BenchmarkEtcdctl 1 7664448 data-bytes
Unit rodata-bytes assume=exact
BenchmarkEtcdctl 1 4120672 rodata-bytes
Unit pclntab-bytes assume=exact
BenchmarkEtcdctl 1 0 pclntab-bytes
Unit debug-bytes assume=exact
BenchmarkEtcdctl 1 21750845 debug-bytes

rm -rf /home/runner/work/benchmarks/benchmarks/.ci/bent-run/gopath/bin
(cd /home/runner/work/benchmarks/benchmarks/.ci/bent-run/build/XGo; LLGO_BUILD_TIMEOUT_SECONDS=1200 LLGO_COMMITTED_AT=2026-10-10T13:17:56+08:00 LLGO_BUILD_GO_VERSION=1.27.0 LLGO_BIN=/home/runner/work/benchmarks/benchmarks/ci/llgo-size/bin/llgo-build-timeout BENT_TIMING_LOG=/home/runner/work/benchmarks/benchmarks/.ci/bent-run/download-timings.log GOROOT_1_25_X64=/opt/hostedtoolcache/go/1.25.14/x64 LLGO_MAIN_INDEX=1760 LLGO_BUILD_KILL_GRACE_SECONDS=30 LLGO_COMMIT=3b2679a4d26ba28a060a7585da1d079d94e2d3aa GO_VERSION=1.26.2 LLGO_REPOSITORY=xgo-dev/llgo GOROOT_1_24_X64=/opt/hostedtoolcache/go/1.24.13/x64 GOROOT_1_26_X64=/opt/hostedtoolcache/go/1.26.8/x64 BENT_REAL_GO=/opt/hostedtoolcache/go/1.26.2/x64/bin/go LLGO_ROOT=/home/runner/work/benchmarks/benchmarks/.ci/llgo LLGO_REAL_BIN=/home/runner/work/benchmarks/benchmarks/.ci/llgo/llgo LLGO_LTO_PLUGIN=/home/runner/work/benchmarks/benchmarks/.ci/llgo/ltoplugin/build/LLGOLTOPlugin.so GOPATH=/home/runner/work/benchmarks/benchmarks/.ci/bent-run/gopath GOOS=linux GOARCH=amd64 GO111MODULE=auto ROOT=/home/runner/work/benchmarks/benchmarks/.ci/bent-run GOROOT=/home/runner/work/benchmarks/benchmarks/.ci/bent-run/goroots/Go BENT_BENCH=XGo BENT_CONFIG=Go BENT_I=0 GOCACHE=/home/runner/work/benchmarks/benchmarks/.ci/bent-run/build-cache/runs/cache-486615045/go-build XDG_CACHE_HOME=/home/runner/work/benchmarks/benchmarks/.ci/bent-run/build-cache/runs/cache-486615045/xdg LocalAppData=/home/runner/work/benchmarks/benchmarks/.ci/bent-run/build-cache/runs/cache-486615045/local-app-data /home/runner/work/benchmarks/benchmarks/.ci/bent-run/goroots/Go/bin/go build -o /home/runner/work/benchmarks/benchmarks/.ci/bent-run/testbin/XGo_Go github.com/goplus/xgo/cmd/xgo )
goarch: amd64
toolchain: Go
BenchmarkXGo 1 6809349572 build-real-ns/op 17190087000 build-user-ns/op 1449757000 build-sys-ns/op
toolchain: Go
( LLGO_BUILD_TIMEOUT_SECONDS=1200 LLGO_COMMITTED_AT=2026-10-10T13:17:56+08:00 LLGO_BUILD_GO_VERSION=1.27.0 LLGO_BIN=/home/runner/work/benchmarks/benchmarks/ci/llgo-size/bin/llgo-build-timeout BENT_TIMING_LOG=/home/runner/work/benchmarks/benchmarks/.ci/bent-run/download-timings.log GOROOT_1_25_X64=/opt/hostedtoolcache/go/1.25.14/x64 LLGO_MAIN_INDEX=1760 LLGO_BUILD_KILL_GRACE_SECONDS=30 LLGO_COMMIT=3b2679a4d26ba28a060a7585da1d079d94e2d3aa GO_VERSION=1.26.2 LLGO_REPOSITORY=xgo-dev/llgo GOROOT_1_24_X64=/opt/hostedtoolcache/go/1.24.13/x64 GOROOT_1_26_X64=/opt/hostedtoolcache/go/1.26.8/x64 BENT_REAL_GO=/opt/hostedtoolcache/go/1.26.2/x64/bin/go LLGO_ROOT=/home/runner/work/benchmarks/benchmarks/.ci/llgo LLGO_REAL_BIN=/home/runner/work/benchmarks/benchmarks/.ci/llgo/llgo LLGO_LTO_PLUGIN=/home/runner/work/benchmarks/benchmarks/.ci/llgo/ltoplugin/build/LLGOLTOPlugin.so GOPATH=/home/runner/work/benchmarks/benchmarks/.ci/bent-run/gopath GOOS=linux GOARCH=amd64 GO111MODULE=auto ROOT=/home/runner/work/benchmarks/benchmarks/.ci/bent-run GOROOT=/home/runner/work/benchmarks/benchmarks/.ci/bent-run/goroots/Go BENT_BENCH=XGo BENT_CONFIG=Go BENT_I=0 GOCACHE=/home/runner/work/benchmarks/benchmarks/.ci/bent-run/build-cache/runs/cache-486615045/go-build XDG_CACHE_HOME=/home/runner/work/benchmarks/benchmarks/.ci/bent-run/build-cache/runs/cache-486615045/xdg LocalAppData=/home/runner/work/benchmarks/benchmarks/.ci/bent-run/build-cache/runs/cache-486615045/local-app-data /home/runner/work/benchmarks/benchmarks/.ci/bent-run/benchsize /home/runner/work/benchmarks/benchmarks/.ci/bent-run/testbin/XGo_Go XGo )
goos: linux
goarch: amd64
pkg:
Unit total-bytes assume=exact
BenchmarkXGo 1 18662581 total-bytes
Unit text-bytes assume=exact
BenchmarkXGo 1 6216337 text-bytes
Unit data-bytes assume=exact
BenchmarkXGo 1 2077932 data-bytes
Unit rodata-bytes assume=exact
BenchmarkXGo 1 1655417 rodata-bytes
Unit pclntab-bytes assume=exact
BenchmarkXGo 1 4599299 pclntab-bytes
Unit debug-bytes assume=exact
BenchmarkXGo 1 4165037 debug-bytes

rm -rf /home/runner/work/benchmarks/benchmarks/.ci/bent-run/gopath/bin
(cd /home/runner/work/benchmarks/benchmarks/.ci/bent-run/build/dustin_humanize; LLGO_BUILD_TIMEOUT_SECONDS=1200 LLGO_COMMITTED_AT=2026-10-10T13:17:56+08:00 LLGO_BUILD_GO_VERSION=1.27.0 LLGO_BIN=/home/runner/work/benchmarks/benchmarks/ci/llgo-size/bin/llgo-build-timeout BENT_TIMING_LOG=/home/runner/work/benchmarks/benchmarks/.ci/bent-run/download-timings.log GOROOT_1_25_X64=/opt/hostedtoolcache/go/1.25.14/x64 LLGO_MAIN_INDEX=1760 LLGO_BUILD_KILL_GRACE_SECONDS=30 LLGO_COMMIT=3b2679a4d26ba28a060a7585da1d079d94e2d3aa GO_VERSION=1.26.2 LLGO_REPOSITORY=xgo-dev/llgo GOROOT_1_24_X64=/opt/hostedtoolcache/go/1.24.13/x64 GOROOT_1_26_X64=/opt/hostedtoolcache/go/1.26.8/x64 BENT_REAL_GO=/opt/hostedtoolcache/go/1.26.2/x64/bin/go LLGO_ROOT=/home/runner/work/benchmarks/benchmarks/.ci/llgo LLGO_REAL_BIN=/home/runner/work/benchmarks/benchmarks/.ci/llgo/llgo LLGO_LTO_PLUGIN=/home/runner/work/benchmarks/benchmarks/.ci/llgo/ltoplugin/build/LLGOLTOPlugin.so GOPATH=/home/runner/work/benchmarks/benchmarks/.ci/bent-run/gopath GOOS=linux GOARCH=amd64 GO111MODULE=auto ROOT=/home/runner/work/benchmarks/benchmarks/.ci/bent-run GOROOT=/opt/hostedtoolcache/go/1.26.2/x64/ BENT_BENCH=dustin_humanize BENT_CONFIG=LLGoFullLTONoGlobalDCE BENT_I=0 GOCACHE=/home/runner/work/benchmarks/benchmarks/.ci/bent-run/build-cache/runs/cache-3767519020/go-build XDG_CACHE_HOME=/home/runner/work/benchmarks/benchmarks/.ci/bent-run/build-cache/runs/cache-3767519020/xdg LocalAppData=/home/runner/work/benchmarks/benchmarks/.ci/bent-run/build-cache/runs/cache-3767519020/local-app-data /home/runner/work/benchmarks/benchmarks/ci/llgo-size/bin/llgo-build-timeout test -c -o /home/runner/work/benchmarks/benchmarks/.ci/bent-run/testbin/dustin_humanize_LLGoFullLTONoGlobalDCE -lto=full -globaldce=false github.com/dustin/go-humanize )
goarch: amd64
toolchain: LLGoFullLTONoGlobalDCE
BenchmarkDustin_humanize 1 39867461120 build-real-ns/op 60624228000 build-user-ns/op 1262254000 build-sys-ns/op
toolchain: LLGoFullLTONoGlobalDCE
( LLGO_BUILD_TIMEOUT_SECONDS=1200 LLGO_COMMITTED_AT=2026-10-10T13:17:56+08:00 LLGO_BUILD_GO_VERSION=1.27.0 LLGO_BIN=/home/runner/work/benchmarks/benchmarks/ci/llgo-size/bin/llgo-build-timeout BENT_TIMING_LOG=/home/runner/work/benchmarks/benchmarks/.ci/bent-run/download-timings.log GOROOT_1_25_X64=/opt/hostedtoolcache/go/1.25.14/x64 LLGO_MAIN_INDEX=1760 LLGO_BUILD_KILL_GRACE_SECONDS=30 LLGO_COMMIT=3b2679a4d26ba28a060a7585da1d079d94e2d3aa GO_VERSION=1.26.2 LLGO_REPOSITORY=xgo-dev/llgo GOROOT_1_24_X64=/opt/hostedtoolcache/go/1.24.13/x64 GOROOT_1_26_X64=/opt/hostedtoolcache/go/1.26.8/x64 BENT_REAL_GO=/opt/hostedtoolcache/go/1.26.2/x64/bin/go LLGO_ROOT=/home/runner/work/benchmarks/benchmarks/.ci/llgo LLGO_REAL_BIN=/home/runner/work/benchmarks/benchmarks/.ci/llgo/llgo LLGO_LTO_PLUGIN=/home/runner/work/benchmarks/benchmarks/.ci/llgo/ltoplugin/build/LLGOLTOPlugin.so GOPATH=/home/runner/work/benchmarks/benchmarks/.ci/bent-run/gopath GOOS=linux GOARCH=amd64 GO111MODULE=auto ROOT=/home/runner/work/benchmarks/benchmarks/.ci/bent-run GOROOT=/opt/hostedtoolcache/go/1.26.2/x64/ BENT_BENCH=dustin_humanize BENT_CONFIG=LLGoFullLTONoGlobalDCE BENT_I=0 GOCACHE=/home/runner/work/benchmarks/benchmarks/.ci/bent-run/build-cache/runs/cache-3767519020/go-build XDG_CACHE_HOME=/home/runner/work/benchmarks/benchmarks/.ci/bent-run/build-cache/runs/cache-3767519020/xdg LocalAppData=/home/runner/work/benchmarks/benchmarks/.ci/bent-run/build-cache/runs/cache-3767519020/local-app-data /home/runner/work/benchmarks/benchmarks/.ci/bent-run/benchsize /home/runner/work/benchmarks/benchmarks/.ci/bent-run/testbin/dustin_humanize_LLGoFullLTONoGlobalDCE Dustin_humanize )
goos: linux
goarch: amd64
pkg:
Unit total-bytes assume=exact
BenchmarkDustin_humanize 1 10352392 total-bytes
Unit text-bytes assume=exact
BenchmarkDustin_humanize 1 1636643 text-bytes
Unit data-bytes assume=exact
BenchmarkDustin_humanize 1 1546392 data-bytes
Unit rodata-bytes assume=exact
BenchmarkDustin_humanize 1 1458200 rodata-bytes
Unit pclntab-bytes assume=exact
BenchmarkDustin_humanize 1 0 pclntab-bytes
Unit debug-bytes assume=exact
BenchmarkDustin_humanize 1 5482008 debug-bytes

rm -rf /home/runner/work/benchmarks/benchmarks/.ci/bent-run/gopath/bin
(cd /home/runner/work/benchmarks/benchmarks/.ci/bent-run/build/iXGo; LLGO_BUILD_TIMEOUT_SECONDS=1200 LLGO_COMMITTED_AT=2026-10-10T13:17:56+08:00 LLGO_BUILD_GO_VERSION=1.27.0 LLGO_BIN=/home/runner/work/benchmarks/benchmarks/ci/llgo-size/bin/llgo-build-timeout BENT_TIMING_LOG=/home/runner/work/benchmarks/benchmarks/.ci/bent-run/download-timings.log GOROOT_1_25_X64=/opt/hostedtoolcache/go/1.25.14/x64 LLGO_MAIN_INDEX=1760 LLGO_BUILD_KILL_GRACE_SECONDS=30 LLGO_COMMIT=3b2679a4d26ba28a060a7585da1d079d94e2d3aa GO_VERSION=1.26.2 LLGO_REPOSITORY=xgo-dev/llgo GOROOT_1_24_X64=/opt/hostedtoolcache/go/1.24.13/x64 GOROOT_1_26_X64=/opt/hostedtoolcache/go/1.26.8/x64 BENT_REAL_GO=/opt/hostedtoolcache/go/1.26.2/x64/bin/go LLGO_ROOT=/home/runner/work/benchmarks/benchmarks/.ci/llgo LLGO_REAL_BIN=/home/runner/work/benchmarks/benchmarks/.ci/llgo/llgo LLGO_LTO_PLUGIN=/home/runner/work/benchmarks/benchmarks/.ci/llgo/ltoplugin/build/LLGOLTOPlugin.so GOPATH=/home/runner/work/benchmarks/benchmarks/.ci/bent-run/gopath GOOS=linux GOARCH=amd64 GO111MODULE=auto ROOT=/home/runner/work/benchmarks/benchmarks/.ci/bent-run GOROOT=/opt/hostedtoolcache/go/1.26.2/x64/ BENT_BENCH=iXGo BENT_CONFIG=LLGoNoLTO BENT_I=0 GOCACHE=/home/runner/work/benchmarks/benchmarks/.ci/bent-run/build-cache/runs/cache-483217712/go-build XDG_CACHE_HOME=/home/runner/work/benchmarks/benchmarks/.ci/bent-run/build-cache/runs/cache-483217712/xdg LocalAppData=/home/runner/work/benchmarks/benchmarks/.ci/bent-run/build-cache/runs/cache-483217712/local-app-data /home/runner/work/benchmarks/benchmarks/ci/llgo-size/bin/llgo-build-timeout build -o /home/runner/work/benchmarks/benchmarks/.ci/bent-run/testbin/iXGo_LLGoNoLTO github.com/goplus/ixgo/cmd/ixgo )
goarch: amd64
toolchain: LLGoNoLTO
BenchmarkIXGo 1 135097632306 build-real-ns/op 455453271000 build-user-ns/op 10528362000 build-sys-ns/op
toolchain: LLGoNoLTO
( LLGO_BUILD_TIMEOUT_SECONDS=1200 LLGO_COMMITTED_AT=2026-10-10T13:17:56+08:00 LLGO_BUILD_GO_VERSION=1.27.0 LLGO_BIN=/home/runner/work/benchmarks/benchmarks/ci/llgo-size/bin/llgo-build-timeout BENT_TIMING_LOG=/home/runner/work/benchmarks/benchmarks/.ci/bent-run/download-timings.log GOROOT_1_25_X64=/opt/hostedtoolcache/go/1.25.14/x64 LLGO_MAIN_INDEX=1760 LLGO_BUILD_KILL_GRACE_SECONDS=30 LLGO_COMMIT=3b2679a4d26ba28a060a7585da1d079d94e2d3aa GO_VERSION=1.26.2 LLGO_REPOSITORY=xgo-dev/llgo GOROOT_1_24_X64=/opt/hostedtoolcache/go/1.24.13/x64 GOROOT_1_26_X64=/opt/hostedtoolcache/go/1.26.8/x64 BENT_REAL_GO=/opt/hostedtoolcache/go/1.26.2/x64/bin/go LLGO_ROOT=/home/runner/work/benchmarks/benchmarks/.ci/llgo LLGO_REAL_BIN=/home/runner/work/benchmarks/benchmarks/.ci/llgo/llgo LLGO_LTO_PLUGIN=/home/runner/work/benchmarks/benchmarks/.ci/llgo/ltoplugin/build/LLGOLTOPlugin.so GOPATH=/home/runner/work/benchmarks/benchmarks/.ci/bent-run/gopath GOOS=linux GOARCH=amd64 GO111MODULE=auto ROOT=/home/runner/work/benchmarks/benchmarks/.ci/bent-run GOROOT=/opt/hostedtoolcache/go/1.26.2/x64/ BENT_BENCH=iXGo BENT_CONFIG=LLGoNoLTO BENT_I=0 GOCACHE=/home/runner/work/benchmarks/benchmarks/.ci/bent-run/build-cache/runs/cache-483217712/go-build XDG_CACHE_HOME=/home/runner/work/benchmarks/benchmarks/.ci/bent-run/build-cache/runs/cache-483217712/xdg LocalAppData=/home/runner/work/benchmarks/benchmarks/.ci/bent-run/build-cache/runs/cache-483217712/local-app-data /home/runner/work/benchmarks/benchmarks/.ci/bent-run/benchsize /home/runner/work/benchmarks/benchmarks/.ci/bent-run/testbin/iXGo_LLGoNoLTO IXGo )
goos: linux
goarch: amd64
pkg:
Unit total-bytes assume=exact
BenchmarkIXGo 1 76524216 total-bytes
Unit text-bytes assume=exact
BenchmarkIXGo 1 11351406 text-bytes
Unit data-bytes assume=exact
BenchmarkIXGo 1 10417008 data-bytes
Unit rodata-bytes assume=exact
BenchmarkIXGo 1 6095504 rodata-bytes
Unit pclntab-bytes assume=exact
BenchmarkIXGo 1 0 pclntab-bytes
Unit debug-bytes assume=exact
BenchmarkIXGo 1 41989266 debug-bytes

rm -rf /home/runner/work/benchmarks/benchmarks/.ci/bent-run/gopath/bin
(cd /home/runner/work/benchmarks/benchmarks/.ci/bent-run/build/dustin_humanize; LLGO_BUILD_TIMEOUT_SECONDS=1200 LLGO_COMMITTED_AT=2026-10-10T13:17:56+08:00 LLGO_BUILD_GO_VERSION=1.27.0 LLGO_BIN=/home/runner/work/benchmarks/benchmarks/ci/llgo-size/bin/llgo-build-timeout BENT_TIMING_LOG=/home/runner/work/benchmarks/benchmarks/.ci/bent-run/download-timings.log GOROOT_1_25_X64=/opt/hostedtoolcache/go/1.25.14/x64 LLGO_MAIN_INDEX=1760 LLGO_BUILD_KILL_GRACE_SECONDS=30 LLGO_COMMIT=3b2679a4d26ba28a060a7585da1d079d94e2d3aa GO_VERSION=1.26.2 LLGO_REPOSITORY=xgo-dev/llgo GOROOT_1_24_X64=/opt/hostedtoolcache/go/1.24.13/x64 GOROOT_1_26_X64=/opt/hostedtoolcache/go/1.26.8/x64 BENT_REAL_GO=/opt/hostedtoolcache/go/1.26.2/x64/bin/go LLGO_ROOT=/home/runner/work/benchmarks/benchmarks/.ci/llgo LLGO_REAL_BIN=/home/runner/work/benchmarks/benchmarks/.ci/llgo/llgo LLGO_LTO_PLUGIN=/home/runner/work/benchmarks/benchmarks/.ci/llgo/ltoplugin/build/LLGOLTOPlugin.so GOPATH=/home/runner/work/benchmarks/benchmarks/.ci/bent-run/gopath GOOS=linux GOARCH=amd64 GO111MODULE=auto ROOT=/home/runner/work/benchmarks/benchmarks/.ci/bent-run GOROOT=/opt/hostedtoolcache/go/1.26.2/x64/ BENT_BENCH=dustin_humanize BENT_CONFIG=LLGoFullLTOGlobalDCE BENT_I=0 GOCACHE=/home/runner/work/benchmarks/benchmarks/.ci/bent-run/build-cache/runs/cache-472198977/go-build XDG_CACHE_HOME=/home/runner/work/benchmarks/benchmarks/.ci/bent-run/build-cache/runs/cache-472198977/xdg LocalAppData=/home/runner/work/benchmarks/benchmarks/.ci/bent-run/build-cache/runs/cache-472198977/local-app-data /home/runner/work/benchmarks/benchmarks/ci/llgo-size/bin/llgo-build-timeout test -c -o /home/runner/work/benchmarks/benchmarks/.ci/bent-run/testbin/dustin_humanize_LLGoFullLTOGlobalDCE -lto=full github.com/dustin/go-humanize )
goarch: amd64
toolchain: LLGoFullLTOGlobalDCE
BenchmarkDustin_humanize 1 29682070544 build-real-ns/op 50597996000 build-user-ns/op 1186265000 build-sys-ns/op
toolchain: LLGoFullLTOGlobalDCE
( LLGO_BUILD_TIMEOUT_SECONDS=1200 LLGO_COMMITTED_AT=2026-10-10T13:17:56+08:00 LLGO_BUILD_GO_VERSION=1.27.0 LLGO_BIN=/home/runner/work/benchmarks/benchmarks/ci/llgo-size/bin/llgo-build-timeout BENT_TIMING_LOG=/home/runner/work/benchmarks/benchmarks/.ci/bent-run/download-timings.log GOROOT_1_25_X64=/opt/hostedtoolcache/go/1.25.14/x64 LLGO_MAIN_INDEX=1760 LLGO_BUILD_KILL_GRACE_SECONDS=30 LLGO_COMMIT=3b2679a4d26ba28a060a7585da1d079d94e2d3aa GO_VERSION=1.26.2 LLGO_REPOSITORY=xgo-dev/llgo GOROOT_1_24_X64=/opt/hostedtoolcache/go/1.24.13/x64 GOROOT_1_26_X64=/opt/hostedtoolcache/go/1.26.8/x64 BENT_REAL_GO=/opt/hostedtoolcache/go/1.26.2/x64/bin/go LLGO_ROOT=/home/runner/work/benchmarks/benchmarks/.ci/llgo LLGO_REAL_BIN=/home/runner/work/benchmarks/benchmarks/.ci/llgo/llgo LLGO_LTO_PLUGIN=/home/runner/work/benchmarks/benchmarks/.ci/llgo/ltoplugin/build/LLGOLTOPlugin.so GOPATH=/home/runner/work/benchmarks/benchmarks/.ci/bent-run/gopath GOOS=linux GOARCH=amd64 GO111MODULE=auto ROOT=/home/runner/work/benchmarks/benchmarks/.ci/bent-run GOROOT=/opt/hostedtoolcache/go/1.26.2/x64/ BENT_BENCH=dustin_humanize BENT_CONFIG=LLGoFullLTOGlobalDCE BENT_I=0 GOCACHE=/home/runner/work/benchmarks/benchmarks/.ci/bent-run/build-cache/runs/cache-472198977/go-build XDG_CACHE_HOME=/home/runner/work/benchmarks/benchmarks/.ci/bent-run/build-cache/runs/cache-472198977/xdg LocalAppData=/home/runner/work/benchmarks/benchmarks/.ci/bent-run/build-cache/runs/cache-472198977/local-app-data /home/runner/work/benchmarks/benchmarks/.ci/bent-run/benchsize /home/runner/work/benchmarks/benchmarks/.ci/bent-run/testbin/dustin_humanize_LLGoFullLTOGlobalDCE Dustin_humanize )
goos: linux
goarch: amd64
pkg:
Unit total-bytes assume=exact
BenchmarkDustin_humanize 1 6958456 total-bytes
Unit text-bytes assume=exact
BenchmarkDustin_humanize 1 951627 text-bytes
Unit data-bytes assume=exact
BenchmarkDustin_humanize 1 1509952 data-bytes
Unit rodata-bytes assume=exact
BenchmarkDustin_humanize 1 1421792 rodata-bytes
Unit pclntab-bytes assume=exact
BenchmarkDustin_humanize 1 0 pclntab-bytes
Unit debug-bytes assume=exact
BenchmarkDustin_humanize 1 3325443 debug-bytes

rm -rf /home/runner/work/benchmarks/benchmarks/.ci/bent-run/gopath/bin
(cd /home/runner/work/benchmarks/benchmarks/.ci/bent-run/build/toml; LLGO_BUILD_TIMEOUT_SECONDS=1200 LLGO_COMMITTED_AT=2026-10-10T13:17:56+08:00 LLGO_BUILD_GO_VERSION=1.27.0 LLGO_BIN=/home/runner/work/benchmarks/benchmarks/ci/llgo-size/bin/llgo-build-timeout BENT_TIMING_LOG=/home/runner/work/benchmarks/benchmarks/.ci/bent-run/download-timings.log GOROOT_1_25_X64=/opt/hostedtoolcache/go/1.25.14/x64 LLGO_MAIN_INDEX=1760 LLGO_BUILD_KILL_GRACE_SECONDS=30 LLGO_COMMIT=3b2679a4d26ba28a060a7585da1d079d94e2d3aa GO_VERSION=1.26.2 LLGO_REPOSITORY=xgo-dev/llgo GOROOT_1_24_X64=/opt/hostedtoolcache/go/1.24.13/x64 GOROOT_1_26_X64=/opt/hostedtoolcache/go/1.26.8/x64 BENT_REAL_GO=/opt/hostedtoolcache/go/1.26.2/x64/bin/go LLGO_ROOT=/home/runner/work/benchmarks/benchmarks/.ci/llgo LLGO_REAL_BIN=/home/runner/work/benchmarks/benchmarks/.ci/llgo/llgo LLGO_LTO_PLUGIN=/home/runner/work/benchmarks/benchmarks/.ci/llgo/ltoplugin/build/LLGOLTOPlugin.so GOPATH=/home/runner/work/benchmarks/benchmarks/.ci/bent-run/gopath GOOS=linux GOARCH=amd64 GO111MODULE=auto ROOT=/home/runner/work/benchmarks/benchmarks/.ci/bent-run GOROOT=/opt/hostedtoolcache/go/1.26.2/x64/ BENT_BENCH=toml BENT_CONFIG=LLGoFullLTOGlobalDCE BENT_I=0 GOCACHE=/home/runner/work/benchmarks/benchmarks/.ci/bent-run/build-cache/runs/cache-1903329765/go-build XDG_CACHE_HOME=/home/runner/work/benchmarks/benchmarks/.ci/bent-run/build-cache/runs/cache-1903329765/xdg LocalAppData=/home/runner/work/benchmarks/benchmarks/.ci/bent-run/build-cache/runs/cache-1903329765/local-app-data /home/runner/work/benchmarks/benchmarks/ci/llgo-size/bin/llgo-build-timeout test -c -o /home/runner/work/benchmarks/benchmarks/.ci/bent-run/testbin/toml_LLGoFullLTOGlobalDCE -lto=full github.com/BurntSushi/toml )
goarch: amd64
toolchain: LLGoFullLTOGlobalDCE
BenchmarkToml 1 43387357427 build-real-ns/op 75650755000 build-user-ns/op 1647818000 build-sys-ns/op
toolchain: LLGoFullLTOGlobalDCE
( LLGO_BUILD_TIMEOUT_SECONDS=1200 LLGO_COMMITTED_AT=2026-10-10T13:17:56+08:00 LLGO_BUILD_GO_VERSION=1.27.0 LLGO_BIN=/home/runner/work/benchmarks/benchmarks/ci/llgo-size/bin/llgo-build-timeout BENT_TIMING_LOG=/home/runner/work/benchmarks/benchmarks/.ci/bent-run/download-timings.log GOROOT_1_25_X64=/opt/hostedtoolcache/go/1.25.14/x64 LLGO_MAIN_INDEX=1760 LLGO_BUILD_KILL_GRACE_SECONDS=30 LLGO_COMMIT=3b2679a4d26ba28a060a7585da1d079d94e2d3aa GO_VERSION=1.26.2 LLGO_REPOSITORY=xgo-dev/llgo GOROOT_1_24_X64=/opt/hostedtoolcache/go/1.24.13/x64 GOROOT_1_26_X64=/opt/hostedtoolcache/go/1.26.8/x64 BENT_REAL_GO=/opt/hostedtoolcache/go/1.26.2/x64/bin/go LLGO_ROOT=/home/runner/work/benchmarks/benchmarks/.ci/llgo LLGO_REAL_BIN=/home/runner/work/benchmarks/benchmarks/.ci/llgo/llgo LLGO_LTO_PLUGIN=/home/runner/work/benchmarks/benchmarks/.ci/llgo/ltoplugin/build/LLGOLTOPlugin.so GOPATH=/home/runner/work/benchmarks/benchmarks/.ci/bent-run/gopath GOOS=linux GOARCH=amd64 GO111MODULE=auto ROOT=/home/runner/work/benchmarks/benchmarks/.ci/bent-run GOROOT=/opt/hostedtoolcache/go/1.26.2/x64/ BENT_BENCH=toml BENT_CONFIG=LLGoFullLTOGlobalDCE BENT_I=0 GOCACHE=/home/runner/work/benchmarks/benchmarks/.ci/bent-run/build-cache/runs/cache-1903329765/go-build XDG_CACHE_HOME=/home/runner/work/benchmarks/benchmarks/.ci/bent-run/build-cache/runs/cache-1903329765/xdg LocalAppData=/home/runner/work/benchmarks/benchmarks/.ci/bent-run/build-cache/runs/cache-1903329765/local-app-data /home/runner/work/benchmarks/benchmarks/.ci/bent-run/benchsize /home/runner/work/benchmarks/benchmarks/.ci/bent-run/testbin/toml_LLGoFullLTOGlobalDCE Toml )
goos: linux
goarch: amd64
pkg:
Unit total-bytes assume=exact
BenchmarkToml 1 10456000 total-bytes
Unit text-bytes assume=exact
BenchmarkToml 1 1575975 text-bytes
Unit data-bytes assume=exact
BenchmarkToml 1 2089456 data-bytes
Unit rodata-bytes assume=exact
BenchmarkToml 1 2000344 rodata-bytes
Unit pclntab-bytes assume=exact
BenchmarkToml 1 0 pclntab-bytes
Unit debug-bytes assume=exact
BenchmarkToml 1 5070641 debug-bytes

rm -rf /home/runner/work/benchmarks/benchmarks/.ci/bent-run/gopath/bin
(cd /home/runner/work/benchmarks/benchmarks/.ci/bent-run/build/XGo; LLGO_BUILD_TIMEOUT_SECONDS=1200 LLGO_COMMITTED_AT=2026-10-10T13:17:56+08:00 LLGO_BUILD_GO_VERSION=1.27.0 LLGO_BIN=/home/runner/work/benchmarks/benchmarks/ci/llgo-size/bin/llgo-build-timeout BENT_TIMING_LOG=/home/runner/work/benchmarks/benchmarks/.ci/bent-run/download-timings.log GOROOT_1_25_X64=/opt/hostedtoolcache/go/1.25.14/x64 LLGO_MAIN_INDEX=1760 LLGO_BUILD_KILL_GRACE_SECONDS=30 LLGO_COMMIT=3b2679a4d26ba28a060a7585da1d079d94e2d3aa GO_VERSION=1.26.2 LLGO_REPOSITORY=xgo-dev/llgo GOROOT_1_24_X64=/opt/hostedtoolcache/go/1.24.13/x64 GOROOT_1_26_X64=/opt/hostedtoolcache/go/1.26.8/x64 BENT_REAL_GO=/opt/hostedtoolcache/go/1.26.2/x64/bin/go LLGO_ROOT=/home/runner/work/benchmarks/benchmarks/.ci/llgo LLGO_REAL_BIN=/home/runner/work/benchmarks/benchmarks/.ci/llgo/llgo LLGO_LTO_PLUGIN=/home/runner/work/benchmarks/benchmarks/.ci/llgo/ltoplugin/build/LLGOLTOPlugin.so GOPATH=/home/runner/work/benchmarks/benchmarks/.ci/bent-run/gopath GOOS=linux GOARCH=amd64 GO111MODULE=auto ROOT=/home/runner/work/benchmarks/benchmarks/.ci/bent-run GOROOT=/opt/hostedtoolcache/go/1.26.2/x64/ BENT_BENCH=XGo BENT_CONFIG=LLGoFullLTONoGlobalDCE BENT_I=0 GOCACHE=/home/runner/work/benchmarks/benchmarks/.ci/bent-run/build-cache/runs/cache-1937002464/go-build XDG_CACHE_HOME=/home/runner/work/benchmarks/benchmarks/.ci/bent-run/build-cache/runs/cache-1937002464/xdg LocalAppData=/home/runner/work/benchmarks/benchmarks/.ci/bent-run/build-cache/runs/cache-1937002464/local-app-data /home/runner/work/benchmarks/benchmarks/ci/llgo-size/bin/llgo-build-timeout build -o /home/runner/work/benchmarks/benchmarks/.ci/bent-run/testbin/XGo_LLGoFullLTONoGlobalDCE -lto=full -globaldce=false github.com/goplus/xgo/cmd/xgo )
goarch: amd64
toolchain: LLGoFullLTONoGlobalDCE
BenchmarkXGo 1 145342013670 build-real-ns/op 196941055000 build-user-ns/op 3428942000 build-sys-ns/op
toolchain: LLGoFullLTONoGlobalDCE
( LLGO_BUILD_TIMEOUT_SECONDS=1200 LLGO_COMMITTED_AT=2026-10-10T13:17:56+08:00 LLGO_BUILD_GO_VERSION=1.27.0 LLGO_BIN=/home/runner/work/benchmarks/benchmarks/ci/llgo-size/bin/llgo-build-timeout BENT_TIMING_LOG=/home/runner/work/benchmarks/benchmarks/.ci/bent-run/download-timings.log GOROOT_1_25_X64=/opt/hostedtoolcache/go/1.25.14/x64 LLGO_MAIN_INDEX=1760 LLGO_BUILD_KILL_GRACE_SECONDS=30 LLGO_COMMIT=3b2679a4d26ba28a060a7585da1d079d94e2d3aa GO_VERSION=1.26.2 LLGO_REPOSITORY=xgo-dev/llgo GOROOT_1_24_X64=/opt/hostedtoolcache/go/1.24.13/x64 GOROOT_1_26_X64=/opt/hostedtoolcache/go/1.26.8/x64 BENT_REAL_GO=/opt/hostedtoolcache/go/1.26.2/x64/bin/go LLGO_ROOT=/home/runner/work/benchmarks/benchmarks/.ci/llgo LLGO_REAL_BIN=/home/runner/work/benchmarks/benchmarks/.ci/llgo/llgo LLGO_LTO_PLUGIN=/home/runner/work/benchmarks/benchmarks/.ci/llgo/ltoplugin/build/LLGOLTOPlugin.so GOPATH=/home/runner/work/benchmarks/benchmarks/.ci/bent-run/gopath GOOS=linux GOARCH=amd64 GO111MODULE=auto ROOT=/home/runner/work/benchmarks/benchmarks/.ci/bent-run GOROOT=/opt/hostedtoolcache/go/1.26.2/x64/ BENT_BENCH=XGo BENT_CONFIG=LLGoFullLTONoGlobalDCE BENT_I=0 GOCACHE=/home/runner/work/benchmarks/benchmarks/.ci/bent-run/build-cache/runs/cache-1937002464/go-build XDG_CACHE_HOME=/home/runner/work/benchmarks/benchmarks/.ci/bent-run/build-cache/runs/cache-1937002464/xdg LocalAppData=/home/runner/work/benchmarks/benchmarks/.ci/bent-run/build-cache/runs/cache-1937002464/local-app-data /home/runner/work/benchmarks/benchmarks/.ci/bent-run/benchsize /home/runner/work/benchmarks/benchmarks/.ci/bent-run/testbin/XGo_LLGoFullLTONoGlobalDCE XGo )
goos: linux
goarch: amd64
pkg:
Unit total-bytes assume=exact
BenchmarkXGo 1 41722616 total-bytes
Unit text-bytes assume=exact
BenchmarkXGo 1 5732784 text-bytes
Unit data-bytes assume=exact
BenchmarkXGo 1 5730528 data-bytes
Unit rodata-bytes assume=exact
BenchmarkXGo 1 5504360 rodata-bytes
Unit pclntab-bytes assume=exact
BenchmarkXGo 1 0 pclntab-bytes
Unit debug-bytes assume=exact
BenchmarkXGo 1 22940063 debug-bytes

rm -rf /home/runner/work/benchmarks/benchmarks/.ci/bent-run/gopath/bin
(cd /home/runner/work/benchmarks/benchmarks/.ci/bent-run/build/aws_restjson_v1; LLGO_BUILD_TIMEOUT_SECONDS=1200 LLGO_COMMITTED_AT=2026-10-10T13:17:56+08:00 LLGO_BUILD_GO_VERSION=1.27.0 LLGO_BIN=/home/runner/work/benchmarks/benchmarks/ci/llgo-size/bin/llgo-build-timeout BENT_TIMING_LOG=/home/runner/work/benchmarks/benchmarks/.ci/bent-run/download-timings.log GOROOT_1_25_X64=/opt/hostedtoolcache/go/1.25.14/x64 LLGO_MAIN_INDEX=1760 LLGO_BUILD_KILL_GRACE_SECONDS=30 LLGO_COMMIT=3b2679a4d26ba28a060a7585da1d079d94e2d3aa GO_VERSION=1.26.2 LLGO_REPOSITORY=xgo-dev/llgo GOROOT_1_24_X64=/opt/hostedtoolcache/go/1.24.13/x64 GOROOT_1_26_X64=/opt/hostedtoolcache/go/1.26.8/x64 BENT_REAL_GO=/opt/hostedtoolcache/go/1.26.2/x64/bin/go LLGO_ROOT=/home/runner/work/benchmarks/benchmarks/.ci/llgo LLGO_REAL_BIN=/home/runner/work/benchmarks/benchmarks/.ci/llgo/llgo LLGO_LTO_PLUGIN=/home/runner/work/benchmarks/benchmarks/.ci/llgo/ltoplugin/build/LLGOLTOPlugin.so GOPATH=/home/runner/work/benchmarks/benchmarks/.ci/bent-run/gopath GOOS=linux GOARCH=amd64 GO111MODULE=auto ROOT=/home/runner/work/benchmarks/benchmarks/.ci/bent-run GOROOT=/opt/hostedtoolcache/go/1.26.2/x64/ BENT_BENCH=aws_restjson BENT_CONFIG=LLGoFullLTONoGlobalDCE BENT_I=0 GOCACHE=/home/runner/work/benchmarks/benchmarks/.ci/bent-run/build-cache/runs/cache-857150942/go-build XDG_CACHE_HOME=/home/runner/work/benchmarks/benchmarks/.ci/bent-run/build-cache/runs/cache-857150942/xdg LocalAppData=/home/runner/work/benchmarks/benchmarks/.ci/bent-run/build-cache/runs/cache-857150942/local-app-data /home/runner/work/benchmarks/benchmarks/ci/llgo-size/bin/llgo-build-timeout test -c -o /home/runner/work/benchmarks/benchmarks/.ci/bent-run/testbin/aws_restjson_v1_LLGoFullLTONoGlobalDCE -lto=full -globaldce=false github.com/aws/aws-sdk-go/private/protocol/restjson )
goarch: amd64
toolchain: LLGoFullLTONoGlobalDCE
BenchmarkAws_restjson 1 136156249498 build-real-ns/op 217069554000 build-user-ns/op 3511692000 build-sys-ns/op
toolchain: LLGoFullLTONoGlobalDCE
( LLGO_BUILD_TIMEOUT_SECONDS=1200 LLGO_COMMITTED_AT=2026-10-10T13:17:56+08:00 LLGO_BUILD_GO_VERSION=1.27.0 LLGO_BIN=/home/runner/work/benchmarks/benchmarks/ci/llgo-size/bin/llgo-build-timeout BENT_TIMING_LOG=/home/runner/work/benchmarks/benchmarks/.ci/bent-run/download-timings.log GOROOT_1_25_X64=/opt/hostedtoolcache/go/1.25.14/x64 LLGO_MAIN_INDEX=1760 LLGO_BUILD_KILL_GRACE_SECONDS=30 LLGO_COMMIT=3b2679a4d26ba28a060a7585da1d079d94e2d3aa GO_VERSION=1.26.2 LLGO_REPOSITORY=xgo-dev/llgo GOROOT_1_24_X64=/opt/hostedtoolcache/go/1.24.13/x64 GOROOT_1_26_X64=/opt/hostedtoolcache/go/1.26.8/x64 BENT_REAL_GO=/opt/hostedtoolcache/go/1.26.2/x64/bin/go LLGO_ROOT=/home/runner/work/benchmarks/benchmarks/.ci/llgo LLGO_REAL_BIN=/home/runner/work/benchmarks/benchmarks/.ci/llgo/llgo LLGO_LTO_PLUGIN=/home/runner/work/benchmarks/benchmarks/.ci/llgo/ltoplugin/build/LLGOLTOPlugin.so GOPATH=/home/runner/work/benchmarks/benchmarks/.ci/bent-run/gopath GOOS=linux GOARCH=amd64 GO111MODULE=auto ROOT=/home/runner/work/benchmarks/benchmarks/.ci/bent-run GOROOT=/opt/hostedtoolcache/go/1.26.2/x64/ BENT_BENCH=aws_restjson BENT_CONFIG=LLGoFullLTONoGlobalDCE BENT_I=0 GOCACHE=/home/runner/work/benchmarks/benchmarks/.ci/bent-run/build-cache/runs/cache-857150942/go-build XDG_CACHE_HOME=/home/runner/work/benchmarks/benchmarks/.ci/bent-run/build-cache/runs/cache-857150942/xdg LocalAppData=/home/runner/work/benchmarks/benchmarks/.ci/bent-run/build-cache/runs/cache-857150942/local-app-data /home/runner/work/benchmarks/benchmarks/.ci/bent-run/benchsize /home/runner/work/benchmarks/benchmarks/.ci/bent-run/testbin/aws_restjson_v1_LLGoFullLTONoGlobalDCE Aws_restjson )
goos: linux
goarch: amd64
pkg:
Unit total-bytes assume=exact
BenchmarkAws_restjson 1 30235920 total-bytes
Unit text-bytes assume=exact
BenchmarkAws_restjson 1 4685671 text-bytes
Unit data-bytes assume=exact
BenchmarkAws_restjson 1 4074928 data-bytes
Unit rodata-bytes assume=exact
BenchmarkAws_restjson 1 3852824 rodata-bytes
Unit pclntab-bytes assume=exact
BenchmarkAws_restjson 1 0 pclntab-bytes
Unit debug-bytes assume=exact
BenchmarkAws_restjson 1 16679343 debug-bytes

rm -rf /home/runner/work/benchmarks/benchmarks/.ci/bent-run/gopath/bin
(cd /home/runner/work/benchmarks/benchmarks/.ci/bent-run/build/k8s_workqueue; LLGO_BUILD_TIMEOUT_SECONDS=1200 LLGO_COMMITTED_AT=2026-10-10T13:17:56+08:00 LLGO_BUILD_GO_VERSION=1.27.0 LLGO_BIN=/home/runner/work/benchmarks/benchmarks/ci/llgo-size/bin/llgo-build-timeout BENT_TIMING_LOG=/home/runner/work/benchmarks/benchmarks/.ci/bent-run/download-timings.log GOROOT_1_25_X64=/opt/hostedtoolcache/go/1.25.14/x64 LLGO_MAIN_INDEX=1760 LLGO_BUILD_KILL_GRACE_SECONDS=30 LLGO_COMMIT=3b2679a4d26ba28a060a7585da1d079d94e2d3aa GO_VERSION=1.26.2 LLGO_REPOSITORY=xgo-dev/llgo GOROOT_1_24_X64=/opt/hostedtoolcache/go/1.24.13/x64 GOROOT_1_26_X64=/opt/hostedtoolcache/go/1.26.8/x64 BENT_REAL_GO=/opt/hostedtoolcache/go/1.26.2/x64/bin/go LLGO_ROOT=/home/runner/work/benchmarks/benchmarks/.ci/llgo LLGO_REAL_BIN=/home/runner/work/benchmarks/benchmarks/.ci/llgo/llgo LLGO_LTO_PLUGIN=/home/runner/work/benchmarks/benchmarks/.ci/llgo/ltoplugin/build/LLGOLTOPlugin.so GOPATH=/home/runner/work/benchmarks/benchmarks/.ci/bent-run/gopath GOOS=linux GOARCH=amd64 GO111MODULE=auto ROOT=/home/runner/work/benchmarks/benchmarks/.ci/bent-run GOROOT=/home/runner/work/benchmarks/benchmarks/.ci/bent-run/goroots/Go BENT_BENCH=k8s_workqueue BENT_CONFIG=Go BENT_I=0 GOCACHE=/home/runner/work/benchmarks/benchmarks/.ci/bent-run/build-cache/runs/cache-1125698072/go-build XDG_CACHE_HOME=/home/runner/work/benchmarks/benchmarks/.ci/bent-run/build-cache/runs/cache-1125698072/xdg LocalAppData=/home/runner/work/benchmarks/benchmarks/.ci/bent-run/build-cache/runs/cache-1125698072/local-app-data /home/runner/work/benchmarks/benchmarks/.ci/bent-run/goroots/Go/bin/go test -vet=off -c -o /home/runner/work/benchmarks/benchmarks/.ci/bent-run/testbin/k8s_workqueue_Go k8s.io/client-go/util/workqueue )
goarch: amd64
toolchain: Go
BenchmarkK8s_workqueue 1 1596222888 build-real-ns/op 4086626000 build-user-ns/op 394292000 build-sys-ns/op
toolchain: Go
( LLGO_BUILD_TIMEOUT_SECONDS=1200 LLGO_COMMITTED_AT=2026-10-10T13:17:56+08:00 LLGO_BUILD_GO_VERSION=1.27.0 LLGO_BIN=/home/runner/work/benchmarks/benchmarks/ci/llgo-size/bin/llgo-build-timeout BENT_TIMING_LOG=/home/runner/work/benchmarks/benchmarks/.ci/bent-run/download-timings.log GOROOT_1_25_X64=/opt/hostedtoolcache/go/1.25.14/x64 LLGO_MAIN_INDEX=1760 LLGO_BUILD_KILL_GRACE_SECONDS=30 LLGO_COMMIT=3b2679a4d26ba28a060a7585da1d079d94e2d3aa GO_VERSION=1.26.2 LLGO_REPOSITORY=xgo-dev/llgo GOROOT_1_24_X64=/opt/hostedtoolcache/go/1.24.13/x64 GOROOT_1_26_X64=/opt/hostedtoolcache/go/1.26.8/x64 BENT_REAL_GO=/opt/hostedtoolcache/go/1.26.2/x64/bin/go LLGO_ROOT=/home/runner/work/benchmarks/benchmarks/.ci/llgo LLGO_REAL_BIN=/home/runner/work/benchmarks/benchmarks/.ci/llgo/llgo LLGO_LTO_PLUGIN=/home/runner/work/benchmarks/benchmarks/.ci/llgo/ltoplugin/build/LLGOLTOPlugin.so GOPATH=/home/runner/work/benchmarks/benchmarks/.ci/bent-run/gopath GOOS=linux GOARCH=amd64 GO111MODULE=auto ROOT=/home/runner/work/benchmarks/benchmarks/.ci/bent-run GOROOT=/home/runner/work/benchmarks/benchmarks/.ci/bent-run/goroots/Go BENT_BENCH=k8s_workqueue BENT_CONFIG=Go BENT_I=0 GOCACHE=/home/runner/work/benchmarks/benchmarks/.ci/bent-run/build-cache/runs/cache-1125698072/go-build XDG_CACHE_HOME=/home/runner/work/benchmarks/benchmarks/.ci/bent-run/build-cache/runs/cache-1125698072/xdg LocalAppData=/home/runner/work/benchmarks/benchmarks/.ci/bent-run/build-cache/runs/cache-1125698072/local-app-data /home/runner/work/benchmarks/benchmarks/.ci/bent-run/benchsize /home/runner/work/benchmarks/benchmarks/.ci/bent-run/testbin/k8s_workqueue_Go K8s_workqueue )
goos: linux
goarch: amd64
pkg:
Unit total-bytes assume=exact
BenchmarkK8s_workqueue 1 10681819 total-bytes
Unit text-bytes assume=exact
BenchmarkK8s_workqueue 1 3305809 text-bytes
Unit data-bytes assume=exact
BenchmarkK8s_workqueue 1 1280748 data-bytes
Unit rodata-bytes assume=exact
BenchmarkK8s_workqueue 1 916057 rodata-bytes
Unit pclntab-bytes assume=exact
BenchmarkK8s_workqueue 1 2794874 pclntab-bytes
Unit debug-bytes assume=exact
BenchmarkK8s_workqueue 1 2323654 debug-bytes

rm -rf /home/runner/work/benchmarks/benchmarks/.ci/bent-run/gopath/bin
(cd /home/runner/work/benchmarks/benchmarks/.ci/bent-run/build/uber_zap; LLGO_BUILD_TIMEOUT_SECONDS=1200 LLGO_COMMITTED_AT=2026-10-10T13:17:56+08:00 LLGO_BUILD_GO_VERSION=1.27.0 LLGO_BIN=/home/runner/work/benchmarks/benchmarks/ci/llgo-size/bin/llgo-build-timeout BENT_TIMING_LOG=/home/runner/work/benchmarks/benchmarks/.ci/bent-run/download-timings.log GOROOT_1_25_X64=/opt/hostedtoolcache/go/1.25.14/x64 LLGO_MAIN_INDEX=1760 LLGO_BUILD_KILL_GRACE_SECONDS=30 LLGO_COMMIT=3b2679a4d26ba28a060a7585da1d079d94e2d3aa GO_VERSION=1.26.2 LLGO_REPOSITORY=xgo-dev/llgo GOROOT_1_24_X64=/opt/hostedtoolcache/go/1.24.13/x64 GOROOT_1_26_X64=/opt/hostedtoolcache/go/1.26.8/x64 BENT_REAL_GO=/opt/hostedtoolcache/go/1.26.2/x64/bin/go LLGO_ROOT=/home/runner/work/benchmarks/benchmarks/.ci/llgo LLGO_REAL_BIN=/home/runner/work/benchmarks/benchmarks/.ci/llgo/llgo LLGO_LTO_PLUGIN=/home/runner/work/benchmarks/benchmarks/.ci/llgo/ltoplugin/build/LLGOLTOPlugin.so GOPATH=/home/runner/work/benchmarks/benchmarks/.ci/bent-run/gopath GOOS=linux GOARCH=amd64 GO111MODULE=auto ROOT=/home/runner/work/benchmarks/benchmarks/.ci/bent-run GOROOT=/opt/hostedtoolcache/go/1.26.2/x64/ BENT_BENCH=uber_zap BENT_CONFIG=LLGoFullLTONoGlobalDCE BENT_I=0 GOCACHE=/home/runner/work/benchmarks/benchmarks/.ci/bent-run/build-cache/runs/cache-1434299273/go-build XDG_CACHE_HOME=/home/runner/work/benchmarks/benchmarks/.ci/bent-run/build-cache/runs/cache-1434299273/xdg LocalAppData=/home/runner/work/benchmarks/benchmarks/.ci/bent-run/build-cache/runs/cache-1434299273/local-app-data /home/runner/work/benchmarks/benchmarks/ci/llgo-size/bin/llgo-build-timeout test -c -o /home/runner/work/benchmarks/benchmarks/.ci/bent-run/testbin/uber_zap_LLGoFullLTONoGlobalDCE -lto=full -globaldce=false go.uber.org/zap/zapcore )
goarch: amd64
toolchain: LLGoFullLTONoGlobalDCE
BenchmarkUber_zap 1 121160086680 build-real-ns/op 182542630000 build-user-ns/op 2939918000 build-sys-ns/op
toolchain: LLGoFullLTONoGlobalDCE
( LLGO_BUILD_TIMEOUT_SECONDS=1200 LLGO_COMMITTED_AT=2026-10-10T13:17:56+08:00 LLGO_BUILD_GO_VERSION=1.27.0 LLGO_BIN=/home/runner/work/benchmarks/benchmarks/ci/llgo-size/bin/llgo-build-timeout BENT_TIMING_LOG=/home/runner/work/benchmarks/benchmarks/.ci/bent-run/download-timings.log GOROOT_1_25_X64=/opt/hostedtoolcache/go/1.25.14/x64 LLGO_MAIN_INDEX=1760 LLGO_BUILD_KILL_GRACE_SECONDS=30 LLGO_COMMIT=3b2679a4d26ba28a060a7585da1d079d94e2d3aa GO_VERSION=1.26.2 LLGO_REPOSITORY=xgo-dev/llgo GOROOT_1_24_X64=/opt/hostedtoolcache/go/1.24.13/x64 GOROOT_1_26_X64=/opt/hostedtoolcache/go/1.26.8/x64 BENT_REAL_GO=/opt/hostedtoolcache/go/1.26.2/x64/bin/go LLGO_ROOT=/home/runner/work/benchmarks/benchmarks/.ci/llgo LLGO_REAL_BIN=/home/runner/work/benchmarks/benchmarks/.ci/llgo/llgo LLGO_LTO_PLUGIN=/home/runner/work/benchmarks/benchmarks/.ci/llgo/ltoplugin/build/LLGOLTOPlugin.so GOPATH=/home/runner/work/benchmarks/benchmarks/.ci/bent-run/gopath GOOS=linux GOARCH=amd64 GO111MODULE=auto ROOT=/home/runner/work/benchmarks/benchmarks/.ci/bent-run GOROOT=/opt/hostedtoolcache/go/1.26.2/x64/ BENT_BENCH=uber_zap BENT_CONFIG=LLGoFullLTONoGlobalDCE BENT_I=0 GOCACHE=/home/runner/work/benchmarks/benchmarks/.ci/bent-run/build-cache/runs/cache-1434299273/go-build XDG_CACHE_HOME=/home/runner/work/benchmarks/benchmarks/.ci/bent-run/build-cache/runs/cache-1434299273/xdg LocalAppData=/home/runner/work/benchmarks/benchmarks/.ci/bent-run/build-cache/runs/cache-1434299273/local-app-data /home/runner/work/benchmarks/benchmarks/.ci/bent-run/benchsize /home/runner/work/benchmarks/benchmarks/.ci/bent-run/testbin/uber_zap_LLGoFullLTONoGlobalDCE Uber_zap )
goos: linux
goarch: amd64
pkg:
Unit total-bytes assume=exact
BenchmarkUber_zap 1 26805856 total-bytes
Unit text-bytes assume=exact
BenchmarkUber_zap 1 4033685 text-bytes
Unit data-bytes assume=exact
BenchmarkUber_zap 1 3791648 data-bytes
Unit rodata-bytes assume=exact
BenchmarkUber_zap 1 3568424 rodata-bytes
Unit pclntab-bytes assume=exact
BenchmarkUber_zap 1 0 pclntab-bytes
Unit debug-bytes assume=exact
BenchmarkUber_zap 1 14562679 debug-bytes

rm -rf /home/runner/work/benchmarks/benchmarks/.ci/bent-run/gopath/bin
(cd /home/runner/work/benchmarks/benchmarks/.ci/bent-run/build/aws_restjson_v1; LLGO_BUILD_TIMEOUT_SECONDS=1200 LLGO_COMMITTED_AT=2026-10-10T13:17:56+08:00 LLGO_BUILD_GO_VERSION=1.27.0 LLGO_BIN=/home/runner/work/benchmarks/benchmarks/ci/llgo-size/bin/llgo-build-timeout BENT_TIMING_LOG=/home/runner/work/benchmarks/benchmarks/.ci/bent-run/download-timings.log GOROOT_1_25_X64=/opt/hostedtoolcache/go/1.25.14/x64 LLGO_MAIN_INDEX=1760 LLGO_BUILD_KILL_GRACE_SECONDS=30 LLGO_COMMIT=3b2679a4d26ba28a060a7585da1d079d94e2d3aa GO_VERSION=1.26.2 LLGO_REPOSITORY=xgo-dev/llgo GOROOT_1_24_X64=/opt/hostedtoolcache/go/1.24.13/x64 GOROOT_1_26_X64=/opt/hostedtoolcache/go/1.26.8/x64 BENT_REAL_GO=/opt/hostedtoolcache/go/1.26.2/x64/bin/go LLGO_ROOT=/home/runner/work/benchmarks/benchmarks/.ci/llgo LLGO_REAL_BIN=/home/runner/work/benchmarks/benchmarks/.ci/llgo/llgo LLGO_LTO_PLUGIN=/home/runner/work/benchmarks/benchmarks/.ci/llgo/ltoplugin/build/LLGOLTOPlugin.so GOPATH=/home/runner/work/benchmarks/benchmarks/.ci/bent-run/gopath GOOS=linux GOARCH=amd64 GO111MODULE=auto ROOT=/home/runner/work/benchmarks/benchmarks/.ci/bent-run GOROOT=/opt/hostedtoolcache/go/1.26.2/x64/ BENT_BENCH=aws_restjson BENT_CONFIG=LLGoNoLTO BENT_I=0 GOCACHE=/home/runner/work/benchmarks/benchmarks/.ci/bent-run/build-cache/runs/cache-63135026/go-build XDG_CACHE_HOME=/home/runner/work/benchmarks/benchmarks/.ci/bent-run/build-cache/runs/cache-63135026/xdg LocalAppData=/home/runner/work/benchmarks/benchmarks/.ci/bent-run/build-cache/runs/cache-63135026/local-app-data /home/runner/work/benchmarks/benchmarks/ci/llgo-size/bin/llgo-build-timeout test -c -o /home/runner/work/benchmarks/benchmarks/.ci/bent-run/testbin/aws_restjson_v1_LLGoNoLTO github.com/aws/aws-sdk-go/private/protocol/restjson )
goarch: amd64
toolchain: LLGoNoLTO
BenchmarkAws_restjson 1 73586320532 build-real-ns/op 210263913000 build-user-ns/op 2950562000 build-sys-ns/op
toolchain: LLGoNoLTO
( LLGO_BUILD_TIMEOUT_SECONDS=1200 LLGO_COMMITTED_AT=2026-10-10T13:17:56+08:00 LLGO_BUILD_GO_VERSION=1.27.0 LLGO_BIN=/home/runner/work/benchmarks/benchmarks/ci/llgo-size/bin/llgo-build-timeout BENT_TIMING_LOG=/home/runner/work/benchmarks/benchmarks/.ci/bent-run/download-timings.log GOROOT_1_25_X64=/opt/hostedtoolcache/go/1.25.14/x64 LLGO_MAIN_INDEX=1760 LLGO_BUILD_KILL_GRACE_SECONDS=30 LLGO_COMMIT=3b2679a4d26ba28a060a7585da1d079d94e2d3aa GO_VERSION=1.26.2 LLGO_REPOSITORY=xgo-dev/llgo GOROOT_1_24_X64=/opt/hostedtoolcache/go/1.24.13/x64 GOROOT_1_26_X64=/opt/hostedtoolcache/go/1.26.8/x64 BENT_REAL_GO=/opt/hostedtoolcache/go/1.26.2/x64/bin/go LLGO_ROOT=/home/runner/work/benchmarks/benchmarks/.ci/llgo LLGO_REAL_BIN=/home/runner/work/benchmarks/benchmarks/.ci/llgo/llgo LLGO_LTO_PLUGIN=/home/runner/work/benchmarks/benchmarks/.ci/llgo/ltoplugin/build/LLGOLTOPlugin.so GOPATH=/home/runner/work/benchmarks/benchmarks/.ci/bent-run/gopath GOOS=linux GOARCH=amd64 GO111MODULE=auto ROOT=/home/runner/work/benchmarks/benchmarks/.ci/bent-run GOROOT=/opt/hostedtoolcache/go/1.26.2/x64/ BENT_BENCH=aws_restjson BENT_CONFIG=LLGoNoLTO BENT_I=0 GOCACHE=/home/runner/work/benchmarks/benchmarks/.ci/bent-run/build-cache/runs/cache-63135026/go-build XDG_CACHE_HOME=/home/runner/work/benchmarks/benchmarks/.ci/bent-run/build-cache/runs/cache-63135026/xdg LocalAppData=/home/runner/work/benchmarks/benchmarks/.ci/bent-run/build-cache/runs/cache-63135026/local-app-data /home/runner/work/benchmarks/benchmarks/.ci/bent-run/benchsize /home/runner/work/benchmarks/benchmarks/.ci/bent-run/testbin/aws_restjson_v1_LLGoNoLTO Aws_restjson )
goos: linux
goarch: amd64
pkg:
Unit total-bytes assume=exact
BenchmarkAws_restjson 1 27451152 total-bytes
Unit text-bytes assume=exact
BenchmarkAws_restjson 1 5119088 text-bytes
Unit data-bytes assume=exact
BenchmarkAws_restjson 1 4100144 data-bytes
Unit rodata-bytes assume=exact
BenchmarkAws_restjson 1 2387376 rodata-bytes
Unit pclntab-bytes assume=exact
BenchmarkAws_restjson 1 0 pclntab-bytes
Unit debug-bytes assume=exact
BenchmarkAws_restjson 1 12859752 debug-bytes

rm -rf /home/runner/work/benchmarks/benchmarks/.ci/bent-run/gopath/bin
(cd /home/runner/work/benchmarks/benchmarks/.ci/bent-run/build/gorm_schema; LLGO_BUILD_TIMEOUT_SECONDS=1200 LLGO_COMMITTED_AT=2026-10-10T13:17:56+08:00 LLGO_BUILD_GO_VERSION=1.27.0 LLGO_BIN=/home/runner/work/benchmarks/benchmarks/ci/llgo-size/bin/llgo-build-timeout BENT_TIMING_LOG=/home/runner/work/benchmarks/benchmarks/.ci/bent-run/download-timings.log GOROOT_1_25_X64=/opt/hostedtoolcache/go/1.25.14/x64 LLGO_MAIN_INDEX=1760 LLGO_BUILD_KILL_GRACE_SECONDS=30 LLGO_COMMIT=3b2679a4d26ba28a060a7585da1d079d94e2d3aa GO_VERSION=1.26.2 LLGO_REPOSITORY=xgo-dev/llgo GOROOT_1_24_X64=/opt/hostedtoolcache/go/1.24.13/x64 GOROOT_1_26_X64=/opt/hostedtoolcache/go/1.26.8/x64 BENT_REAL_GO=/opt/hostedtoolcache/go/1.26.2/x64/bin/go LLGO_ROOT=/home/runner/work/benchmarks/benchmarks/.ci/llgo LLGO_REAL_BIN=/home/runner/work/benchmarks/benchmarks/.ci/llgo/llgo LLGO_LTO_PLUGIN=/home/runner/work/benchmarks/benchmarks/.ci/llgo/ltoplugin/build/LLGOLTOPlugin.so GOPATH=/home/runner/work/benchmarks/benchmarks/.ci/bent-run/gopath GOOS=linux GOARCH=amd64 GO111MODULE=auto ROOT=/home/runner/work/benchmarks/benchmarks/.ci/bent-run GOROOT=/home/runner/work/benchmarks/benchmarks/.ci/bent-run/goroots/Go BENT_BENCH=gorm_schema BENT_CONFIG=Go BENT_I=0 GOCACHE=/home/runner/work/benchmarks/benchmarks/.ci/bent-run/build-cache/runs/cache-113081822/go-build XDG_CACHE_HOME=/home/runner/work/benchmarks/benchmarks/.ci/bent-run/build-cache/runs/cache-113081822/xdg LocalAppData=/home/runner/work/benchmarks/benchmarks/.ci/bent-run/build-cache/runs/cache-113081822/local-app-data /home/runner/work/benchmarks/benchmarks/.ci/bent-run/goroots/Go/bin/go test -vet=off -c -o /home/runner/work/benchmarks/benchmarks/.ci/bent-run/testbin/gorm_schema_Go gorm.io/gorm/schema )
goarch: amd64
toolchain: Go
BenchmarkGorm_schema 1 2170112680 build-real-ns/op 5135752000 build-user-ns/op 411420000 build-sys-ns/op
toolchain: Go
( LLGO_BUILD_TIMEOUT_SECONDS=1200 LLGO_COMMITTED_AT=2026-10-10T13:17:56+08:00 LLGO_BUILD_GO_VERSION=1.27.0 LLGO_BIN=/home/runner/work/benchmarks/benchmarks/ci/llgo-size/bin/llgo-build-timeout BENT_TIMING_LOG=/home/runner/work/benchmarks/benchmarks/.ci/bent-run/download-timings.log GOROOT_1_25_X64=/opt/hostedtoolcache/go/1.25.14/x64 LLGO_MAIN_INDEX=1760 LLGO_BUILD_KILL_GRACE_SECONDS=30 LLGO_COMMIT=3b2679a4d26ba28a060a7585da1d079d94e2d3aa GO_VERSION=1.26.2 LLGO_REPOSITORY=xgo-dev/llgo GOROOT_1_24_X64=/opt/hostedtoolcache/go/1.24.13/x64 GOROOT_1_26_X64=/opt/hostedtoolcache/go/1.26.8/x64 BENT_REAL_GO=/opt/hostedtoolcache/go/1.26.2/x64/bin/go LLGO_ROOT=/home/runner/work/benchmarks/benchmarks/.ci/llgo LLGO_REAL_BIN=/home/runner/work/benchmarks/benchmarks/.ci/llgo/llgo LLGO_LTO_PLUGIN=/home/runner/work/benchmarks/benchmarks/.ci/llgo/ltoplugin/build/LLGOLTOPlugin.so GOPATH=/home/runner/work/benchmarks/benchmarks/.ci/bent-run/gopath GOOS=linux GOARCH=amd64 GO111MODULE=auto ROOT=/home/runner/work/benchmarks/benchmarks/.ci/bent-run GOROOT=/home/runner/work/benchmarks/benchmarks/.ci/bent-run/goroots/Go BENT_BENCH=gorm_schema BENT_CONFIG=Go BENT_I=0 GOCACHE=/home/runner/work/benchmarks/benchmarks/.ci/bent-run/build-cache/runs/cache-113081822/go-build XDG_CACHE_HOME=/home/runner/work/benchmarks/benchmarks/.ci/bent-run/build-cache/runs/cache-113081822/xdg LocalAppData=/home/runner/work/benchmarks/benchmarks/.ci/bent-run/build-cache/runs/cache-113081822/local-app-data /home/runner/work/benchmarks/benchmarks/.ci/bent-run/benchsize /home/runner/work/benchmarks/benchmarks/.ci/bent-run/testbin/gorm_schema_Go Gorm_schema )
goos: linux
goarch: amd64
pkg:
Unit total-bytes assume=exact
BenchmarkGorm_schema 1 9421683 total-bytes
Unit text-bytes assume=exact
BenchmarkGorm_schema 1 3020785 text-bytes
Unit data-bytes assume=exact
BenchmarkGorm_schema 1 1135284 data-bytes
Unit rodata-bytes assume=exact
BenchmarkGorm_schema 1 883937 rodata-bytes
Unit pclntab-bytes assume=exact
BenchmarkGorm_schema 1 2425080 pclntab-bytes
Unit debug-bytes assume=exact
BenchmarkGorm_schema 1 2007428 debug-bytes

rm -rf /home/runner/work/benchmarks/benchmarks/.ci/bent-run/gopath/bin
(cd /home/runner/work/benchmarks/benchmarks/.ci/bent-run/build/iXGo; LLGO_BUILD_TIMEOUT_SECONDS=1200 LLGO_COMMITTED_AT=2026-10-10T13:17:56+08:00 LLGO_BUILD_GO_VERSION=1.27.0 LLGO_BIN=/home/runner/work/benchmarks/benchmarks/ci/llgo-size/bin/llgo-build-timeout BENT_TIMING_LOG=/home/runner/work/benchmarks/benchmarks/.ci/bent-run/download-timings.log GOROOT_1_25_X64=/opt/hostedtoolcache/go/1.25.14/x64 LLGO_MAIN_INDEX=1760 LLGO_BUILD_KILL_GRACE_SECONDS=30 LLGO_COMMIT=3b2679a4d26ba28a060a7585da1d079d94e2d3aa GO_VERSION=1.26.2 LLGO_REPOSITORY=xgo-dev/llgo GOROOT_1_24_X64=/opt/hostedtoolcache/go/1.24.13/x64 GOROOT_1_26_X64=/opt/hostedtoolcache/go/1.26.8/x64 BENT_REAL_GO=/opt/hostedtoolcache/go/1.26.2/x64/bin/go LLGO_ROOT=/home/runner/work/benchmarks/benchmarks/.ci/llgo LLGO_REAL_BIN=/home/runner/work/benchmarks/benchmarks/.ci/llgo/llgo LLGO_LTO_PLUGIN=/home/runner/work/benchmarks/benchmarks/.ci/llgo/ltoplugin/build/LLGOLTOPlugin.so GOPATH=/home/runner/work/benchmarks/benchmarks/.ci/bent-run/gopath GOOS=linux GOARCH=amd64 GO111MODULE=auto ROOT=/home/runner/work/benchmarks/benchmarks/.ci/bent-run GOROOT=/opt/hostedtoolcache/go/1.26.2/x64/ BENT_BENCH=iXGo BENT_CONFIG=LLGoFullLTONoGlobalDCE BENT_I=0 GOCACHE=/home/runner/work/benchmarks/benchmarks/.ci/bent-run/build-cache/runs/cache-727369011/go-build XDG_CACHE_HOME=/home/runner/work/benchmarks/benchmarks/.ci/bent-run/build-cache/runs/cache-727369011/xdg LocalAppData=/home/runner/work/benchmarks/benchmarks/.ci/bent-run/build-cache/runs/cache-727369011/local-app-data /home/runner/work/benchmarks/benchmarks/ci/llgo-size/bin/llgo-build-timeout build -o /home/runner/work/benchmarks/benchmarks/.ci/bent-run/testbin/iXGo_LLGoFullLTONoGlobalDCE -lto=full -globaldce=false github.com/goplus/ixgo/cmd/ixgo )
goarch: amd64
toolchain: LLGoFullLTONoGlobalDCE
BenchmarkIXGo 1 331024110722 build-real-ns/op 607818595000 build-user-ns/op 11398415000 build-sys-ns/op
toolchain: LLGoFullLTONoGlobalDCE
( LLGO_BUILD_TIMEOUT_SECONDS=1200 LLGO_COMMITTED_AT=2026-10-10T13:17:56+08:00 LLGO_BUILD_GO_VERSION=1.27.0 LLGO_BIN=/home/runner/work/benchmarks/benchmarks/ci/llgo-size/bin/llgo-build-timeout BENT_TIMING_LOG=/home/runner/work/benchmarks/benchmarks/.ci/bent-run/download-timings.log GOROOT_1_25_X64=/opt/hostedtoolcache/go/1.25.14/x64 LLGO_MAIN_INDEX=1760 LLGO_BUILD_KILL_GRACE_SECONDS=30 LLGO_COMMIT=3b2679a4d26ba28a060a7585da1d079d94e2d3aa GO_VERSION=1.26.2 LLGO_REPOSITORY=xgo-dev/llgo GOROOT_1_24_X64=/opt/hostedtoolcache/go/1.24.13/x64 GOROOT_1_26_X64=/opt/hostedtoolcache/go/1.26.8/x64 BENT_REAL_GO=/opt/hostedtoolcache/go/1.26.2/x64/bin/go LLGO_ROOT=/home/runner/work/benchmarks/benchmarks/.ci/llgo LLGO_REAL_BIN=/home/runner/work/benchmarks/benchmarks/.ci/llgo/llgo LLGO_LTO_PLUGIN=/home/runner/work/benchmarks/benchmarks/.ci/llgo/ltoplugin/build/LLGOLTOPlugin.so GOPATH=/home/runner/work/benchmarks/benchmarks/.ci/bent-run/gopath GOOS=linux GOARCH=amd64 GO111MODULE=auto ROOT=/home/runner/work/benchmarks/benchmarks/.ci/bent-run GOROOT=/opt/hostedtoolcache/go/1.26.2/x64/ BENT_BENCH=iXGo BENT_CONFIG=LLGoFullLTONoGlobalDCE BENT_I=0 GOCACHE=/home/runner/work/benchmarks/benchmarks/.ci/bent-run/build-cache/runs/cache-727369011/go-build XDG_CACHE_HOME=/home/runner/work/benchmarks/benchmarks/.ci/bent-run/build-cache/runs/cache-727369011/xdg LocalAppData=/home/runner/work/benchmarks/benchmarks/.ci/bent-run/build-cache/runs/cache-727369011/local-app-data /home/runner/work/benchmarks/benchmarks/.ci/bent-run/benchsize /home/runner/work/benchmarks/benchmarks/.ci/bent-run/testbin/iXGo_LLGoFullLTONoGlobalDCE IXGo )
goos: linux
goarch: amd64
pkg:
Unit total-bytes assume=exact
BenchmarkIXGo 1 85067584 total-bytes
Unit text-bytes assume=exact
BenchmarkIXGo 1 10651018 text-bytes
Unit data-bytes assume=exact
BenchmarkIXGo 1 10175104 data-bytes
Unit rodata-bytes assume=exact
BenchmarkIXGo 1 9116312 rodata-bytes
Unit pclntab-bytes assume=exact
BenchmarkIXGo 1 0 pclntab-bytes
Unit debug-bytes assume=exact
BenchmarkIXGo 1 52102835 debug-bytes

rm -rf /home/runner/work/benchmarks/benchmarks/.ci/bent-run/gopath/bin
(cd /home/runner/work/benchmarks/benchmarks/.ci/bent-run/build/k8s_workqueue; LLGO_BUILD_TIMEOUT_SECONDS=1200 LLGO_COMMITTED_AT=2026-10-10T13:17:56+08:00 LLGO_BUILD_GO_VERSION=1.27.0 LLGO_BIN=/home/runner/work/benchmarks/benchmarks/ci/llgo-size/bin/llgo-build-timeout BENT_TIMING_LOG=/home/runner/work/benchmarks/benchmarks/.ci/bent-run/download-timings.log GOROOT_1_25_X64=/opt/hostedtoolcache/go/1.25.14/x64 LLGO_MAIN_INDEX=1760 LLGO_BUILD_KILL_GRACE_SECONDS=30 LLGO_COMMIT=3b2679a4d26ba28a060a7585da1d079d94e2d3aa GO_VERSION=1.26.2 LLGO_REPOSITORY=xgo-dev/llgo GOROOT_1_24_X64=/opt/hostedtoolcache/go/1.24.13/x64 GOROOT_1_26_X64=/opt/hostedtoolcache/go/1.26.8/x64 BENT_REAL_GO=/opt/hostedtoolcache/go/1.26.2/x64/bin/go LLGO_ROOT=/home/runner/work/benchmarks/benchmarks/.ci/llgo LLGO_REAL_BIN=/home/runner/work/benchmarks/benchmarks/.ci/llgo/llgo LLGO_LTO_PLUGIN=/home/runner/work/benchmarks/benchmarks/.ci/llgo/ltoplugin/build/LLGOLTOPlugin.so GOPATH=/home/runner/work/benchmarks/benchmarks/.ci/bent-run/gopath GOOS=linux GOARCH=amd64 GO111MODULE=auto ROOT=/home/runner/work/benchmarks/benchmarks/.ci/bent-run GOROOT=/opt/hostedtoolcache/go/1.26.2/x64/ BENT_BENCH=k8s_workqueue BENT_CONFIG=LLGoFullLTOGlobalDCE BENT_I=0 GOCACHE=/home/runner/work/benchmarks/benchmarks/.ci/bent-run/build-cache/runs/cache-1299761518/go-build XDG_CACHE_HOME=/home/runner/work/benchmarks/benchmarks/.ci/bent-run/build-cache/runs/cache-1299761518/xdg LocalAppData=/home/runner/work/benchmarks/benchmarks/.ci/bent-run/build-cache/runs/cache-1299761518/local-app-data /home/runner/work/benchmarks/benchmarks/ci/llgo-size/bin/llgo-build-timeout test -c -o /home/runner/work/benchmarks/benchmarks/.ci/bent-run/testbin/k8s_workqueue_LLGoFullLTOGlobalDCE -lto=full k8s.io/client-go/util/workqueue )
goarch: amd64
toolchain: LLGoFullLTOGlobalDCE
BenchmarkK8s_workqueue 1 115797538127 build-real-ns/op 175865940000 build-user-ns/op 2952163000 build-sys-ns/op
toolchain: LLGoFullLTOGlobalDCE
( LLGO_BUILD_TIMEOUT_SECONDS=1200 LLGO_COMMITTED_AT=2026-10-10T13:17:56+08:00 LLGO_BUILD_GO_VERSION=1.27.0 LLGO_BIN=/home/runner/work/benchmarks/benchmarks/ci/llgo-size/bin/llgo-build-timeout BENT_TIMING_LOG=/home/runner/work/benchmarks/benchmarks/.ci/bent-run/download-timings.log GOROOT_1_25_X64=/opt/hostedtoolcache/go/1.25.14/x64 LLGO_MAIN_INDEX=1760 LLGO_BUILD_KILL_GRACE_SECONDS=30 LLGO_COMMIT=3b2679a4d26ba28a060a7585da1d079d94e2d3aa GO_VERSION=1.26.2 LLGO_REPOSITORY=xgo-dev/llgo GOROOT_1_24_X64=/opt/hostedtoolcache/go/1.24.13/x64 GOROOT_1_26_X64=/opt/hostedtoolcache/go/1.26.8/x64 BENT_REAL_GO=/opt/hostedtoolcache/go/1.26.2/x64/bin/go LLGO_ROOT=/home/runner/work/benchmarks/benchmarks/.ci/llgo LLGO_REAL_BIN=/home/runner/work/benchmarks/benchmarks/.ci/llgo/llgo LLGO_LTO_PLUGIN=/home/runner/work/benchmarks/benchmarks/.ci/llgo/ltoplugin/build/LLGOLTOPlugin.so GOPATH=/home/runner/work/benchmarks/benchmarks/.ci/bent-run/gopath GOOS=linux GOARCH=amd64 GO111MODULE=auto ROOT=/home/runner/work/benchmarks/benchmarks/.ci/bent-run GOROOT=/opt/hostedtoolcache/go/1.26.2/x64/ BENT_BENCH=k8s_workqueue BENT_CONFIG=LLGoFullLTOGlobalDCE BENT_I=0 GOCACHE=/home/runner/work/benchmarks/benchmarks/.ci/bent-run/build-cache/runs/cache-1299761518/go-build XDG_CACHE_HOME=/home/runner/work/benchmarks/benchmarks/.ci/bent-run/build-cache/runs/cache-1299761518/xdg LocalAppData=/home/runner/work/benchmarks/benchmarks/.ci/bent-run/build-cache/runs/cache-1299761518/local-app-data /home/runner/work/benchmarks/benchmarks/.ci/bent-run/benchsize /home/runner/work/benchmarks/benchmarks/.ci/bent-run/testbin/k8s_workqueue_LLGoFullLTOGlobalDCE K8s_workqueue )
goos: linux
goarch: amd64
pkg:
Unit total-bytes assume=exact
BenchmarkK8s_workqueue 1 25507888 total-bytes
Unit text-bytes assume=exact
BenchmarkK8s_workqueue 1 3795677 text-bytes
Unit data-bytes assume=exact
BenchmarkK8s_workqueue 1 3730568 data-bytes
Unit rodata-bytes assume=exact
BenchmarkK8s_workqueue 1 3512088 rodata-bytes
Unit pclntab-bytes assume=exact
BenchmarkK8s_workqueue 1 0 pclntab-bytes
Unit debug-bytes assume=exact
BenchmarkK8s_workqueue 1 13653815 debug-bytes

rm -rf /home/runner/work/benchmarks/benchmarks/.ci/bent-run/gopath/bin
(cd /home/runner/work/benchmarks/benchmarks/.ci/bent-run/build/aws_restjson_v1; LLGO_BUILD_TIMEOUT_SECONDS=1200 LLGO_COMMITTED_AT=2026-10-10T13:17:56+08:00 LLGO_BUILD_GO_VERSION=1.27.0 LLGO_BIN=/home/runner/work/benchmarks/benchmarks/ci/llgo-size/bin/llgo-build-timeout BENT_TIMING_LOG=/home/runner/work/benchmarks/benchmarks/.ci/bent-run/download-timings.log GOROOT_1_25_X64=/opt/hostedtoolcache/go/1.25.14/x64 LLGO_MAIN_INDEX=1760 LLGO_BUILD_KILL_GRACE_SECONDS=30 LLGO_COMMIT=3b2679a4d26ba28a060a7585da1d079d94e2d3aa GO_VERSION=1.26.2 LLGO_REPOSITORY=xgo-dev/llgo GOROOT_1_24_X64=/opt/hostedtoolcache/go/1.24.13/x64 GOROOT_1_26_X64=/opt/hostedtoolcache/go/1.26.8/x64 BENT_REAL_GO=/opt/hostedtoolcache/go/1.26.2/x64/bin/go LLGO_ROOT=/home/runner/work/benchmarks/benchmarks/.ci/llgo LLGO_REAL_BIN=/home/runner/work/benchmarks/benchmarks/.ci/llgo/llgo LLGO_LTO_PLUGIN=/home/runner/work/benchmarks/benchmarks/.ci/llgo/ltoplugin/build/LLGOLTOPlugin.so GOPATH=/home/runner/work/benchmarks/benchmarks/.ci/bent-run/gopath GOOS=linux GOARCH=amd64 GO111MODULE=auto ROOT=/home/runner/work/benchmarks/benchmarks/.ci/bent-run GOROOT=/opt/hostedtoolcache/go/1.26.2/x64/ BENT_BENCH=aws_restjson BENT_CONFIG=LLGoFullLTOGlobalDCE BENT_I=0 GOCACHE=/home/runner/work/benchmarks/benchmarks/.ci/bent-run/build-cache/runs/cache-3888871250/go-build XDG_CACHE_HOME=/home/runner/work/benchmarks/benchmarks/.ci/bent-run/build-cache/runs/cache-3888871250/xdg LocalAppData=/home/runner/work/benchmarks/benchmarks/.ci/bent-run/build-cache/runs/cache-3888871250/local-app-data /home/runner/work/benchmarks/benchmarks/ci/llgo-size/bin/llgo-build-timeout test -c -o /home/runner/work/benchmarks/benchmarks/.ci/bent-run/testbin/aws_restjson_v1_LLGoFullLTOGlobalDCE -lto=full github.com/aws/aws-sdk-go/private/protocol/restjson )
goarch: amd64
toolchain: LLGoFullLTOGlobalDCE
BenchmarkAws_restjson 1 121833425222 build-real-ns/op 207509053000 build-user-ns/op 3507874000 build-sys-ns/op
toolchain: LLGoFullLTOGlobalDCE
( LLGO_BUILD_TIMEOUT_SECONDS=1200 LLGO_COMMITTED_AT=2026-10-10T13:17:56+08:00 LLGO_BUILD_GO_VERSION=1.27.0 LLGO_BIN=/home/runner/work/benchmarks/benchmarks/ci/llgo-size/bin/llgo-build-timeout BENT_TIMING_LOG=/home/runner/work/benchmarks/benchmarks/.ci/bent-run/download-timings.log GOROOT_1_25_X64=/opt/hostedtoolcache/go/1.25.14/x64 LLGO_MAIN_INDEX=1760 LLGO_BUILD_KILL_GRACE_SECONDS=30 LLGO_COMMIT=3b2679a4d26ba28a060a7585da1d079d94e2d3aa GO_VERSION=1.26.2 LLGO_REPOSITORY=xgo-dev/llgo GOROOT_1_24_X64=/opt/hostedtoolcache/go/1.24.13/x64 GOROOT_1_26_X64=/opt/hostedtoolcache/go/1.26.8/x64 BENT_REAL_GO=/opt/hostedtoolcache/go/1.26.2/x64/bin/go LLGO_ROOT=/home/runner/work/benchmarks/benchmarks/.ci/llgo LLGO_REAL_BIN=/home/runner/work/benchmarks/benchmarks/.ci/llgo/llgo LLGO_LTO_PLUGIN=/home/runner/work/benchmarks/benchmarks/.ci/llgo/ltoplugin/build/LLGOLTOPlugin.so GOPATH=/home/runner/work/benchmarks/benchmarks/.ci/bent-run/gopath GOOS=linux GOARCH=amd64 GO111MODULE=auto ROOT=/home/runner/work/benchmarks/benchmarks/.ci/bent-run GOROOT=/opt/hostedtoolcache/go/1.26.2/x64/ BENT_BENCH=aws_restjson BENT_CONFIG=LLGoFullLTOGlobalDCE BENT_I=0 GOCACHE=/home/runner/work/benchmarks/benchmarks/.ci/bent-run/build-cache/runs/cache-3888871250/go-build XDG_CACHE_HOME=/home/runner/work/benchmarks/benchmarks/.ci/bent-run/build-cache/runs/cache-3888871250/xdg LocalAppData=/home/runner/work/benchmarks/benchmarks/.ci/bent-run/build-cache/runs/cache-3888871250/local-app-data /home/runner/work/benchmarks/benchmarks/.ci/bent-run/benchsize /home/runner/work/benchmarks/benchmarks/.ci/bent-run/testbin/aws_restjson_v1_LLGoFullLTOGlobalDCE Aws_restjson )
goos: linux
goarch: amd64
pkg:
Unit total-bytes assume=exact
BenchmarkAws_restjson 1 24334128 total-bytes
Unit text-bytes assume=exact
BenchmarkAws_restjson 1 3620499 text-bytes
Unit data-bytes assume=exact
BenchmarkAws_restjson 1 4032728 data-bytes
Unit rodata-bytes assume=exact
BenchmarkAws_restjson 1 3810728 rodata-bytes
Unit pclntab-bytes assume=exact
BenchmarkAws_restjson 1 0 pclntab-bytes
Unit debug-bytes assume=exact
BenchmarkAws_restjson 1 12935025 debug-bytes

rm -rf /home/runner/work/benchmarks/benchmarks/.ci/bent-run/gopath/bin
(cd /home/runner/work/benchmarks/benchmarks/.ci/bent-run/build/uber_zap; LLGO_BUILD_TIMEOUT_SECONDS=1200 LLGO_COMMITTED_AT=2026-10-10T13:17:56+08:00 LLGO_BUILD_GO_VERSION=1.27.0 LLGO_BIN=/home/runner/work/benchmarks/benchmarks/ci/llgo-size/bin/llgo-build-timeout BENT_TIMING_LOG=/home/runner/work/benchmarks/benchmarks/.ci/bent-run/download-timings.log GOROOT_1_25_X64=/opt/hostedtoolcache/go/1.25.14/x64 LLGO_MAIN_INDEX=1760 LLGO_BUILD_KILL_GRACE_SECONDS=30 LLGO_COMMIT=3b2679a4d26ba28a060a7585da1d079d94e2d3aa GO_VERSION=1.26.2 LLGO_REPOSITORY=xgo-dev/llgo GOROOT_1_24_X64=/opt/hostedtoolcache/go/1.24.13/x64 GOROOT_1_26_X64=/opt/hostedtoolcache/go/1.26.8/x64 BENT_REAL_GO=/opt/hostedtoolcache/go/1.26.2/x64/bin/go LLGO_ROOT=/home/runner/work/benchmarks/benchmarks/.ci/llgo LLGO_REAL_BIN=/home/runner/work/benchmarks/benchmarks/.ci/llgo/llgo LLGO_LTO_PLUGIN=/home/runner/work/benchmarks/benchmarks/.ci/llgo/ltoplugin/build/LLGOLTOPlugin.so GOPATH=/home/runner/work/benchmarks/benchmarks/.ci/bent-run/gopath GOOS=linux GOARCH=amd64 GO111MODULE=auto ROOT=/home/runner/work/benchmarks/benchmarks/.ci/bent-run GOROOT=/opt/hostedtoolcache/go/1.26.2/x64/ BENT_BENCH=uber_zap BENT_CONFIG=LLGoNoLTO BENT_I=0 GOCACHE=/home/runner/work/benchmarks/benchmarks/.ci/bent-run/build-cache/runs/cache-3311443386/go-build XDG_CACHE_HOME=/home/runner/work/benchmarks/benchmarks/.ci/bent-run/build-cache/runs/cache-3311443386/xdg LocalAppData=/home/runner/work/benchmarks/benchmarks/.ci/bent-run/build-cache/runs/cache-3311443386/local-app-data /home/runner/work/benchmarks/benchmarks/ci/llgo-size/bin/llgo-build-timeout test -c -o /home/runner/work/benchmarks/benchmarks/.ci/bent-run/testbin/uber_zap_LLGoNoLTO go.uber.org/zap/zapcore )
goarch: amd64
toolchain: LLGoNoLTO
BenchmarkUber_zap 1 64429480889 build-real-ns/op 171607509000 build-user-ns/op 2439742000 build-sys-ns/op
toolchain: LLGoNoLTO
( LLGO_BUILD_TIMEOUT_SECONDS=1200 LLGO_COMMITTED_AT=2026-10-10T13:17:56+08:00 LLGO_BUILD_GO_VERSION=1.27.0 LLGO_BIN=/home/runner/work/benchmarks/benchmarks/ci/llgo-size/bin/llgo-build-timeout BENT_TIMING_LOG=/home/runner/work/benchmarks/benchmarks/.ci/bent-run/download-timings.log GOROOT_1_25_X64=/opt/hostedtoolcache/go/1.25.14/x64 LLGO_MAIN_INDEX=1760 LLGO_BUILD_KILL_GRACE_SECONDS=30 LLGO_COMMIT=3b2679a4d26ba28a060a7585da1d079d94e2d3aa GO_VERSION=1.26.2 LLGO_REPOSITORY=xgo-dev/llgo GOROOT_1_24_X64=/opt/hostedtoolcache/go/1.24.13/x64 GOROOT_1_26_X64=/opt/hostedtoolcache/go/1.26.8/x64 BENT_REAL_GO=/opt/hostedtoolcache/go/1.26.2/x64/bin/go LLGO_ROOT=/home/runner/work/benchmarks/benchmarks/.ci/llgo LLGO_REAL_BIN=/home/runner/work/benchmarks/benchmarks/.ci/llgo/llgo LLGO_LTO_PLUGIN=/home/runner/work/benchmarks/benchmarks/.ci/llgo/ltoplugin/build/LLGOLTOPlugin.so GOPATH=/home/runner/work/benchmarks/benchmarks/.ci/bent-run/gopath GOOS=linux GOARCH=amd64 GO111MODULE=auto ROOT=/home/runner/work/benchmarks/benchmarks/.ci/bent-run GOROOT=/opt/hostedtoolcache/go/1.26.2/x64/ BENT_BENCH=uber_zap BENT_CONFIG=LLGoNoLTO BENT_I=0 GOCACHE=/home/runner/work/benchmarks/benchmarks/.ci/bent-run/build-cache/runs/cache-3311443386/go-build XDG_CACHE_HOME=/home/runner/work/benchmarks/benchmarks/.ci/bent-run/build-cache/runs/cache-3311443386/xdg LocalAppData=/home/runner/work/benchmarks/benchmarks/.ci/bent-run/build-cache/runs/cache-3311443386/local-app-data /home/runner/work/benchmarks/benchmarks/.ci/bent-run/benchsize /home/runner/work/benchmarks/benchmarks/.ci/bent-run/testbin/uber_zap_LLGoNoLTO Uber_zap )
goos: linux
goarch: amd64
pkg:
Unit total-bytes assume=exact
BenchmarkUber_zap 1 24373272 total-bytes
Unit text-bytes assume=exact
BenchmarkUber_zap 1 4349223 text-bytes
Unit data-bytes assume=exact
BenchmarkUber_zap 1 3810840 data-bytes
Unit rodata-bytes assume=exact
BenchmarkUber_zap 1 2215568 rodata-bytes
Unit pclntab-bytes assume=exact
BenchmarkUber_zap 1 0 pclntab-bytes
Unit debug-bytes assume=exact
BenchmarkUber_zap 1 11330138 debug-bytes

rm -rf /home/runner/work/benchmarks/benchmarks/.ci/bent-run/gopath/bin
(cd /home/runner/work/benchmarks/benchmarks/.ci/bent-run/build/k8s_workqueue; LLGO_BUILD_TIMEOUT_SECONDS=1200 LLGO_COMMITTED_AT=2026-10-10T13:17:56+08:00 LLGO_BUILD_GO_VERSION=1.27.0 LLGO_BIN=/home/runner/work/benchmarks/benchmarks/ci/llgo-size/bin/llgo-build-timeout BENT_TIMING_LOG=/home/runner/work/benchmarks/benchmarks/.ci/bent-run/download-timings.log GOROOT_1_25_X64=/opt/hostedtoolcache/go/1.25.14/x64 LLGO_MAIN_INDEX=1760 LLGO_BUILD_KILL_GRACE_SECONDS=30 LLGO_COMMIT=3b2679a4d26ba28a060a7585da1d079d94e2d3aa GO_VERSION=1.26.2 LLGO_REPOSITORY=xgo-dev/llgo GOROOT_1_24_X64=/opt/hostedtoolcache/go/1.24.13/x64 GOROOT_1_26_X64=/opt/hostedtoolcache/go/1.26.8/x64 BENT_REAL_GO=/opt/hostedtoolcache/go/1.26.2/x64/bin/go LLGO_ROOT=/home/runner/work/benchmarks/benchmarks/.ci/llgo LLGO_REAL_BIN=/home/runner/work/benchmarks/benchmarks/.ci/llgo/llgo LLGO_LTO_PLUGIN=/home/runner/work/benchmarks/benchmarks/.ci/llgo/ltoplugin/build/LLGOLTOPlugin.so GOPATH=/home/runner/work/benchmarks/benchmarks/.ci/bent-run/gopath GOOS=linux GOARCH=amd64 GO111MODULE=auto ROOT=/home/runner/work/benchmarks/benchmarks/.ci/bent-run GOROOT=/opt/hostedtoolcache/go/1.26.2/x64/ BENT_BENCH=k8s_workqueue BENT_CONFIG=LLGoFullLTONoGlobalDCE BENT_I=0 GOCACHE=/home/runner/work/benchmarks/benchmarks/.ci/bent-run/build-cache/runs/cache-426937420/go-build XDG_CACHE_HOME=/home/runner/work/benchmarks/benchmarks/.ci/bent-run/build-cache/runs/cache-426937420/xdg LocalAppData=/home/runner/work/benchmarks/benchmarks/.ci/bent-run/build-cache/runs/cache-426937420/local-app-data /home/runner/work/benchmarks/benchmarks/ci/llgo-size/bin/llgo-build-timeout test -c -o /home/runner/work/benchmarks/benchmarks/.ci/bent-run/testbin/k8s_workqueue_LLGoFullLTONoGlobalDCE -lto=full -globaldce=false k8s.io/client-go/util/workqueue )
goarch: amd64
toolchain: LLGoFullLTONoGlobalDCE
BenchmarkK8s_workqueue 1 117054517766 build-real-ns/op 176798046000 build-user-ns/op 2987154000 build-sys-ns/op
toolchain: LLGoFullLTONoGlobalDCE
( LLGO_BUILD_TIMEOUT_SECONDS=1200 LLGO_COMMITTED_AT=2026-10-10T13:17:56+08:00 LLGO_BUILD_GO_VERSION=1.27.0 LLGO_BIN=/home/runner/work/benchmarks/benchmarks/ci/llgo-size/bin/llgo-build-timeout BENT_TIMING_LOG=/home/runner/work/benchmarks/benchmarks/.ci/bent-run/download-timings.log GOROOT_1_25_X64=/opt/hostedtoolcache/go/1.25.14/x64 LLGO_MAIN_INDEX=1760 LLGO_BUILD_KILL_GRACE_SECONDS=30 LLGO_COMMIT=3b2679a4d26ba28a060a7585da1d079d94e2d3aa GO_VERSION=1.26.2 LLGO_REPOSITORY=xgo-dev/llgo GOROOT_1_24_X64=/opt/hostedtoolcache/go/1.24.13/x64 GOROOT_1_26_X64=/opt/hostedtoolcache/go/1.26.8/x64 BENT_REAL_GO=/opt/hostedtoolcache/go/1.26.2/x64/bin/go LLGO_ROOT=/home/runner/work/benchmarks/benchmarks/.ci/llgo LLGO_REAL_BIN=/home/runner/work/benchmarks/benchmarks/.ci/llgo/llgo LLGO_LTO_PLUGIN=/home/runner/work/benchmarks/benchmarks/.ci/llgo/ltoplugin/build/LLGOLTOPlugin.so GOPATH=/home/runner/work/benchmarks/benchmarks/.ci/bent-run/gopath GOOS=linux GOARCH=amd64 GO111MODULE=auto ROOT=/home/runner/work/benchmarks/benchmarks/.ci/bent-run GOROOT=/opt/hostedtoolcache/go/1.26.2/x64/ BENT_BENCH=k8s_workqueue BENT_CONFIG=LLGoFullLTONoGlobalDCE BENT_I=0 GOCACHE=/home/runner/work/benchmarks/benchmarks/.ci/bent-run/build-cache/runs/cache-426937420/go-build XDG_CACHE_HOME=/home/runner/work/benchmarks/benchmarks/.ci/bent-run/build-cache/runs/cache-426937420/xdg LocalAppData=/home/runner/work/benchmarks/benchmarks/.ci/bent-run/build-cache/runs/cache-426937420/local-app-data /home/runner/work/benchmarks/benchmarks/.ci/bent-run/benchsize /home/runner/work/benchmarks/benchmarks/.ci/bent-run/testbin/k8s_workqueue_LLGoFullLTONoGlobalDCE K8s_workqueue )
goos: linux
goarch: amd64
pkg:
Unit total-bytes assume=exact
BenchmarkK8s_workqueue 1 26208232 total-bytes
Unit text-bytes assume=exact
BenchmarkK8s_workqueue 1 3902749 text-bytes
Unit data-bytes assume=exact
BenchmarkK8s_workqueue 1 3718888 data-bytes
Unit rodata-bytes assume=exact
BenchmarkK8s_workqueue 1 3500408 rodata-bytes
Unit pclntab-bytes assume=exact
BenchmarkK8s_workqueue 1 0 pclntab-bytes
Unit debug-bytes assume=exact
BenchmarkK8s_workqueue 1 14223203 debug-bytes

rm -rf /home/runner/work/benchmarks/benchmarks/.ci/bent-run/gopath/bin
(cd /home/runner/work/benchmarks/benchmarks/.ci/bent-run/build/toml; LLGO_BUILD_TIMEOUT_SECONDS=1200 LLGO_COMMITTED_AT=2026-10-10T13:17:56+08:00 LLGO_BUILD_GO_VERSION=1.27.0 LLGO_BIN=/home/runner/work/benchmarks/benchmarks/ci/llgo-size/bin/llgo-build-timeout BENT_TIMING_LOG=/home/runner/work/benchmarks/benchmarks/.ci/bent-run/download-timings.log GOROOT_1_25_X64=/opt/hostedtoolcache/go/1.25.14/x64 LLGO_MAIN_INDEX=1760 LLGO_BUILD_KILL_GRACE_SECONDS=30 LLGO_COMMIT=3b2679a4d26ba28a060a7585da1d079d94e2d3aa GO_VERSION=1.26.2 LLGO_REPOSITORY=xgo-dev/llgo GOROOT_1_24_X64=/opt/hostedtoolcache/go/1.24.13/x64 GOROOT_1_26_X64=/opt/hostedtoolcache/go/1.26.8/x64 BENT_REAL_GO=/opt/hostedtoolcache/go/1.26.2/x64/bin/go LLGO_ROOT=/home/runner/work/benchmarks/benchmarks/.ci/llgo LLGO_REAL_BIN=/home/runner/work/benchmarks/benchmarks/.ci/llgo/llgo LLGO_LTO_PLUGIN=/home/runner/work/benchmarks/benchmarks/.ci/llgo/ltoplugin/build/LLGOLTOPlugin.so GOPATH=/home/runner/work/benchmarks/benchmarks/.ci/bent-run/gopath GOOS=linux GOARCH=amd64 GO111MODULE=auto ROOT=/home/runner/work/benchmarks/benchmarks/.ci/bent-run GOROOT=/opt/hostedtoolcache/go/1.26.2/x64/ BENT_BENCH=toml BENT_CONFIG=LLGoFullLTOGlobalDCEPlugin BENT_I=0 GOCACHE=/home/runner/work/benchmarks/benchmarks/.ci/bent-run/build-cache/runs/cache-2052767753/go-build XDG_CACHE_HOME=/home/runner/work/benchmarks/benchmarks/.ci/bent-run/build-cache/runs/cache-2052767753/xdg LocalAppData=/home/runner/work/benchmarks/benchmarks/.ci/bent-run/build-cache/runs/cache-2052767753/local-app-data /home/runner/work/benchmarks/benchmarks/ci/llgo-size/bin/llgo-build-timeout test -c -o /home/runner/work/benchmarks/benchmarks/.ci/bent-run/testbin/toml_LLGoFullLTOGlobalDCEPlugin -lto=full -lto-pass-plugin=/home/runner/work/benchmarks/benchmarks/.ci/llgo/ltoplugin/build/LLGOLTOPlugin.so github.com/BurntSushi/toml )
goarch: amd64
toolchain: LLGoFullLTOGlobalDCEPlugin
BenchmarkToml 1 44389723566 build-real-ns/op 77097523000 build-user-ns/op 1701030000 build-sys-ns/op
toolchain: LLGoFullLTOGlobalDCEPlugin
( LLGO_BUILD_TIMEOUT_SECONDS=1200 LLGO_COMMITTED_AT=2026-10-10T13:17:56+08:00 LLGO_BUILD_GO_VERSION=1.27.0 LLGO_BIN=/home/runner/work/benchmarks/benchmarks/ci/llgo-size/bin/llgo-build-timeout BENT_TIMING_LOG=/home/runner/work/benchmarks/benchmarks/.ci/bent-run/download-timings.log GOROOT_1_25_X64=/opt/hostedtoolcache/go/1.25.14/x64 LLGO_MAIN_INDEX=1760 LLGO_BUILD_KILL_GRACE_SECONDS=30 LLGO_COMMIT=3b2679a4d26ba28a060a7585da1d079d94e2d3aa GO_VERSION=1.26.2 LLGO_REPOSITORY=xgo-dev/llgo GOROOT_1_24_X64=/opt/hostedtoolcache/go/1.24.13/x64 GOROOT_1_26_X64=/opt/hostedtoolcache/go/1.26.8/x64 BENT_REAL_GO=/opt/hostedtoolcache/go/1.26.2/x64/bin/go LLGO_ROOT=/home/runner/work/benchmarks/benchmarks/.ci/llgo LLGO_REAL_BIN=/home/runner/work/benchmarks/benchmarks/.ci/llgo/llgo LLGO_LTO_PLUGIN=/home/runner/work/benchmarks/benchmarks/.ci/llgo/ltoplugin/build/LLGOLTOPlugin.so GOPATH=/home/runner/work/benchmarks/benchmarks/.ci/bent-run/gopath GOOS=linux GOARCH=amd64 GO111MODULE=auto ROOT=/home/runner/work/benchmarks/benchmarks/.ci/bent-run GOROOT=/opt/hostedtoolcache/go/1.26.2/x64/ BENT_BENCH=toml BENT_CONFIG=LLGoFullLTOGlobalDCEPlugin BENT_I=0 GOCACHE=/home/runner/work/benchmarks/benchmarks/.ci/bent-run/build-cache/runs/cache-2052767753/go-build XDG_CACHE_HOME=/home/runner/work/benchmarks/benchmarks/.ci/bent-run/build-cache/runs/cache-2052767753/xdg LocalAppData=/home/runner/work/benchmarks/benchmarks/.ci/bent-run/build-cache/runs/cache-2052767753/local-app-data /home/runner/work/benchmarks/benchmarks/.ci/bent-run/benchsize /home/runner/work/benchmarks/benchmarks/.ci/bent-run/testbin/toml_LLGoFullLTOGlobalDCEPlugin Toml )
goos: linux
goarch: amd64
pkg:
Unit total-bytes assume=exact
BenchmarkToml 1 10369472 total-bytes
Unit text-bytes assume=exact
BenchmarkToml 1 1570267 text-bytes
Unit data-bytes assume=exact
BenchmarkToml 1 2088664 data-bytes
Unit rodata-bytes assume=exact
BenchmarkToml 1 1999552 rodata-bytes
Unit pclntab-bytes assume=exact
BenchmarkToml 1 0 pclntab-bytes
Unit debug-bytes assume=exact
BenchmarkToml 1 5044966 debug-bytes

rm -rf /home/runner/work/benchmarks/benchmarks/.ci/bent-run/gopath/bin
(cd /home/runner/work/benchmarks/benchmarks/.ci/bent-run/build/uber_zap; LLGO_BUILD_TIMEOUT_SECONDS=1200 LLGO_COMMITTED_AT=2026-10-10T13:17:56+08:00 LLGO_BUILD_GO_VERSION=1.27.0 LLGO_BIN=/home/runner/work/benchmarks/benchmarks/ci/llgo-size/bin/llgo-build-timeout BENT_TIMING_LOG=/home/runner/work/benchmarks/benchmarks/.ci/bent-run/download-timings.log GOROOT_1_25_X64=/opt/hostedtoolcache/go/1.25.14/x64 LLGO_MAIN_INDEX=1760 LLGO_BUILD_KILL_GRACE_SECONDS=30 LLGO_COMMIT=3b2679a4d26ba28a060a7585da1d079d94e2d3aa GO_VERSION=1.26.2 LLGO_REPOSITORY=xgo-dev/llgo GOROOT_1_24_X64=/opt/hostedtoolcache/go/1.24.13/x64 GOROOT_1_26_X64=/opt/hostedtoolcache/go/1.26.8/x64 BENT_REAL_GO=/opt/hostedtoolcache/go/1.26.2/x64/bin/go LLGO_ROOT=/home/runner/work/benchmarks/benchmarks/.ci/llgo LLGO_REAL_BIN=/home/runner/work/benchmarks/benchmarks/.ci/llgo/llgo LLGO_LTO_PLUGIN=/home/runner/work/benchmarks/benchmarks/.ci/llgo/ltoplugin/build/LLGOLTOPlugin.so GOPATH=/home/runner/work/benchmarks/benchmarks/.ci/bent-run/gopath GOOS=linux GOARCH=amd64 GO111MODULE=auto ROOT=/home/runner/work/benchmarks/benchmarks/.ci/bent-run GOROOT=/opt/hostedtoolcache/go/1.26.2/x64/ BENT_BENCH=uber_zap BENT_CONFIG=LLGoFullLTOGlobalDCE BENT_I=0 GOCACHE=/home/runner/work/benchmarks/benchmarks/.ci/bent-run/build-cache/runs/cache-3584043266/go-build XDG_CACHE_HOME=/home/runner/work/benchmarks/benchmarks/.ci/bent-run/build-cache/runs/cache-3584043266/xdg LocalAppData=/home/runner/work/benchmarks/benchmarks/.ci/bent-run/build-cache/runs/cache-3584043266/local-app-data /home/runner/work/benchmarks/benchmarks/ci/llgo-size/bin/llgo-build-timeout test -c -o /home/runner/work/benchmarks/benchmarks/.ci/bent-run/testbin/uber_zap_LLGoFullLTOGlobalDCE -lto=full go.uber.org/zap/zapcore )
goarch: amd64
toolchain: LLGoFullLTOGlobalDCE
BenchmarkUber_zap 1 107285105670 build-real-ns/op 171003671000 build-user-ns/op 2856327000 build-sys-ns/op
toolchain: LLGoFullLTOGlobalDCE
( LLGO_BUILD_TIMEOUT_SECONDS=1200 LLGO_COMMITTED_AT=2026-10-10T13:17:56+08:00 LLGO_BUILD_GO_VERSION=1.27.0 LLGO_BIN=/home/runner/work/benchmarks/benchmarks/ci/llgo-size/bin/llgo-build-timeout BENT_TIMING_LOG=/home/runner/work/benchmarks/benchmarks/.ci/bent-run/download-timings.log GOROOT_1_25_X64=/opt/hostedtoolcache/go/1.25.14/x64 LLGO_MAIN_INDEX=1760 LLGO_BUILD_KILL_GRACE_SECONDS=30 LLGO_COMMIT=3b2679a4d26ba28a060a7585da1d079d94e2d3aa GO_VERSION=1.26.2 LLGO_REPOSITORY=xgo-dev/llgo GOROOT_1_24_X64=/opt/hostedtoolcache/go/1.24.13/x64 GOROOT_1_26_X64=/opt/hostedtoolcache/go/1.26.8/x64 BENT_REAL_GO=/opt/hostedtoolcache/go/1.26.2/x64/bin/go LLGO_ROOT=/home/runner/work/benchmarks/benchmarks/.ci/llgo LLGO_REAL_BIN=/home/runner/work/benchmarks/benchmarks/.ci/llgo/llgo LLGO_LTO_PLUGIN=/home/runner/work/benchmarks/benchmarks/.ci/llgo/ltoplugin/build/LLGOLTOPlugin.so GOPATH=/home/runner/work/benchmarks/benchmarks/.ci/bent-run/gopath GOOS=linux GOARCH=amd64 GO111MODULE=auto ROOT=/home/runner/work/benchmarks/benchmarks/.ci/bent-run GOROOT=/opt/hostedtoolcache/go/1.26.2/x64/ BENT_BENCH=uber_zap BENT_CONFIG=LLGoFullLTOGlobalDCE BENT_I=0 GOCACHE=/home/runner/work/benchmarks/benchmarks/.ci/bent-run/build-cache/runs/cache-3584043266/go-build XDG_CACHE_HOME=/home/runner/work/benchmarks/benchmarks/.ci/bent-run/build-cache/runs/cache-3584043266/xdg LocalAppData=/home/runner/work/benchmarks/benchmarks/.ci/bent-run/build-cache/runs/cache-3584043266/local-app-data /home/runner/work/benchmarks/benchmarks/.ci/bent-run/benchsize /home/runner/work/benchmarks/benchmarks/.ci/bent-run/testbin/uber_zap_LLGoFullLTOGlobalDCE Uber_zap )
goos: linux
goarch: amd64
pkg:
Unit total-bytes assume=exact
BenchmarkUber_zap 1 21966320 total-bytes
Unit text-bytes assume=exact
BenchmarkUber_zap 1 3188330 text-bytes
Unit data-bytes assume=exact
BenchmarkUber_zap 1 3761832 data-bytes
Unit rodata-bytes assume=exact
BenchmarkUber_zap 1 3538704 rodata-bytes
Unit pclntab-bytes assume=exact
BenchmarkUber_zap 1 0 pclntab-bytes
Unit debug-bytes assume=exact
BenchmarkUber_zap 1 11494999 debug-bytes

rm -rf /home/runner/work/benchmarks/benchmarks/.ci/bent-run/gopath/bin
(cd /home/runner/work/benchmarks/benchmarks/.ci/bent-run/build/iXGo; LLGO_BUILD_TIMEOUT_SECONDS=1200 LLGO_COMMITTED_AT=2026-10-10T13:17:56+08:00 LLGO_BUILD_GO_VERSION=1.27.0 LLGO_BIN=/home/runner/work/benchmarks/benchmarks/ci/llgo-size/bin/llgo-build-timeout BENT_TIMING_LOG=/home/runner/work/benchmarks/benchmarks/.ci/bent-run/download-timings.log GOROOT_1_25_X64=/opt/hostedtoolcache/go/1.25.14/x64 LLGO_MAIN_INDEX=1760 LLGO_BUILD_KILL_GRACE_SECONDS=30 LLGO_COMMIT=3b2679a4d26ba28a060a7585da1d079d94e2d3aa GO_VERSION=1.26.2 LLGO_REPOSITORY=xgo-dev/llgo GOROOT_1_24_X64=/opt/hostedtoolcache/go/1.24.13/x64 GOROOT_1_26_X64=/opt/hostedtoolcache/go/1.26.8/x64 BENT_REAL_GO=/opt/hostedtoolcache/go/1.26.2/x64/bin/go LLGO_ROOT=/home/runner/work/benchmarks/benchmarks/.ci/llgo LLGO_REAL_BIN=/home/runner/work/benchmarks/benchmarks/.ci/llgo/llgo LLGO_LTO_PLUGIN=/home/runner/work/benchmarks/benchmarks/.ci/llgo/ltoplugin/build/LLGOLTOPlugin.so GOPATH=/home/runner/work/benchmarks/benchmarks/.ci/bent-run/gopath GOOS=linux GOARCH=amd64 GO111MODULE=auto ROOT=/home/runner/work/benchmarks/benchmarks/.ci/bent-run GOROOT=/opt/hostedtoolcache/go/1.26.2/x64/ BENT_BENCH=iXGo BENT_CONFIG=LLGoFullLTOGlobalDCEPlugin BENT_I=0 GOCACHE=/home/runner/work/benchmarks/benchmarks/.ci/bent-run/build-cache/runs/cache-1981782242/go-build XDG_CACHE_HOME=/home/runner/work/benchmarks/benchmarks/.ci/bent-run/build-cache/runs/cache-1981782242/xdg LocalAppData=/home/runner/work/benchmarks/benchmarks/.ci/bent-run/build-cache/runs/cache-1981782242/local-app-data /home/runner/work/benchmarks/benchmarks/ci/llgo-size/bin/llgo-build-timeout build -o /home/runner/work/benchmarks/benchmarks/.ci/bent-run/testbin/iXGo_LLGoFullLTOGlobalDCEPlugin -lto=full -lto-pass-plugin=/home/runner/work/benchmarks/benchmarks/.ci/llgo/ltoplugin/build/LLGOLTOPlugin.so github.com/goplus/ixgo/cmd/ixgo )
goarch: amd64
toolchain: LLGoFullLTOGlobalDCEPlugin
BenchmarkIXGo 1 336731376730 build-real-ns/op 617582835000 build-user-ns/op 11660735000 build-sys-ns/op
toolchain: LLGoFullLTOGlobalDCEPlugin
( LLGO_BUILD_TIMEOUT_SECONDS=1200 LLGO_COMMITTED_AT=2026-10-10T13:17:56+08:00 LLGO_BUILD_GO_VERSION=1.27.0 LLGO_BIN=/home/runner/work/benchmarks/benchmarks/ci/llgo-size/bin/llgo-build-timeout BENT_TIMING_LOG=/home/runner/work/benchmarks/benchmarks/.ci/bent-run/download-timings.log GOROOT_1_25_X64=/opt/hostedtoolcache/go/1.25.14/x64 LLGO_MAIN_INDEX=1760 LLGO_BUILD_KILL_GRACE_SECONDS=30 LLGO_COMMIT=3b2679a4d26ba28a060a7585da1d079d94e2d3aa GO_VERSION=1.26.2 LLGO_REPOSITORY=xgo-dev/llgo GOROOT_1_24_X64=/opt/hostedtoolcache/go/1.24.13/x64 GOROOT_1_26_X64=/opt/hostedtoolcache/go/1.26.8/x64 BENT_REAL_GO=/opt/hostedtoolcache/go/1.26.2/x64/bin/go LLGO_ROOT=/home/runner/work/benchmarks/benchmarks/.ci/llgo LLGO_REAL_BIN=/home/runner/work/benchmarks/benchmarks/.ci/llgo/llgo LLGO_LTO_PLUGIN=/home/runner/work/benchmarks/benchmarks/.ci/llgo/ltoplugin/build/LLGOLTOPlugin.so GOPATH=/home/runner/work/benchmarks/benchmarks/.ci/bent-run/gopath GOOS=linux GOARCH=amd64 GO111MODULE=auto ROOT=/home/runner/work/benchmarks/benchmarks/.ci/bent-run GOROOT=/opt/hostedtoolcache/go/1.26.2/x64/ BENT_BENCH=iXGo BENT_CONFIG=LLGoFullLTOGlobalDCEPlugin BENT_I=0 GOCACHE=/home/runner/work/benchmarks/benchmarks/.ci/bent-run/build-cache/runs/cache-1981782242/go-build XDG_CACHE_HOME=/home/runner/work/benchmarks/benchmarks/.ci/bent-run/build-cache/runs/cache-1981782242/xdg LocalAppData=/home/runner/work/benchmarks/benchmarks/.ci/bent-run/build-cache/runs/cache-1981782242/local-app-data /home/runner/work/benchmarks/benchmarks/.ci/bent-run/benchsize /home/runner/work/benchmarks/benchmarks/.ci/bent-run/testbin/iXGo_LLGoFullLTOGlobalDCEPlugin IXGo )
goos: linux
goarch: amd64
pkg:
Unit total-bytes assume=exact
BenchmarkIXGo 1 83412912 total-bytes
Unit text-bytes assume=exact
BenchmarkIXGo 1 10381898 text-bytes
Unit data-bytes assume=exact
BenchmarkIXGo 1 10202392 data-bytes
Unit rodata-bytes assume=exact
BenchmarkIXGo 1 9143600 rodata-bytes
Unit pclntab-bytes assume=exact
BenchmarkIXGo 1 0 pclntab-bytes
Unit debug-bytes assume=exact
BenchmarkIXGo 1 50964591 debug-bytes

rm -rf /home/runner/work/benchmarks/benchmarks/.ci/bent-run/gopath/bin
(cd /home/runner/work/benchmarks/benchmarks/.ci/bent-run/build/XGo; LLGO_BUILD_TIMEOUT_SECONDS=1200 LLGO_COMMITTED_AT=2026-10-10T13:17:56+08:00 LLGO_BUILD_GO_VERSION=1.27.0 LLGO_BIN=/home/runner/work/benchmarks/benchmarks/ci/llgo-size/bin/llgo-build-timeout BENT_TIMING_LOG=/home/runner/work/benchmarks/benchmarks/.ci/bent-run/download-timings.log GOROOT_1_25_X64=/opt/hostedtoolcache/go/1.25.14/x64 LLGO_MAIN_INDEX=1760 LLGO_BUILD_KILL_GRACE_SECONDS=30 LLGO_COMMIT=3b2679a4d26ba28a060a7585da1d079d94e2d3aa GO_VERSION=1.26.2 LLGO_REPOSITORY=xgo-dev/llgo GOROOT_1_24_X64=/opt/hostedtoolcache/go/1.24.13/x64 GOROOT_1_26_X64=/opt/hostedtoolcache/go/1.26.8/x64 BENT_REAL_GO=/opt/hostedtoolcache/go/1.26.2/x64/bin/go LLGO_ROOT=/home/runner/work/benchmarks/benchmarks/.ci/llgo LLGO_REAL_BIN=/home/runner/work/benchmarks/benchmarks/.ci/llgo/llgo LLGO_LTO_PLUGIN=/home/runner/work/benchmarks/benchmarks/.ci/llgo/ltoplugin/build/LLGOLTOPlugin.so GOPATH=/home/runner/work/benchmarks/benchmarks/.ci/bent-run/gopath GOOS=linux GOARCH=amd64 GO111MODULE=auto ROOT=/home/runner/work/benchmarks/benchmarks/.ci/bent-run GOROOT=/opt/hostedtoolcache/go/1.26.2/x64/ BENT_BENCH=XGo BENT_CONFIG=LLGoNoLTO BENT_I=0 GOCACHE=/home/runner/work/benchmarks/benchmarks/.ci/bent-run/build-cache/runs/cache-1302648012/go-build XDG_CACHE_HOME=/home/runner/work/benchmarks/benchmarks/.ci/bent-run/build-cache/runs/cache-1302648012/xdg LocalAppData=/home/runner/work/benchmarks/benchmarks/.ci/bent-run/build-cache/runs/cache-1302648012/local-app-data /home/runner/work/benchmarks/benchmarks/ci/llgo-size/bin/llgo-build-timeout build -o /home/runner/work/benchmarks/benchmarks/.ci/bent-run/testbin/XGo_LLGoNoLTO github.com/goplus/xgo/cmd/xgo )
goarch: amd64
toolchain: LLGoNoLTO
BenchmarkXGo 1 40326432636 build-real-ns/op 109202094000 build-user-ns/op 2673071000 build-sys-ns/op
toolchain: LLGoNoLTO
( LLGO_BUILD_TIMEOUT_SECONDS=1200 LLGO_COMMITTED_AT=2026-10-10T13:17:56+08:00 LLGO_BUILD_GO_VERSION=1.27.0 LLGO_BIN=/home/runner/work/benchmarks/benchmarks/ci/llgo-size/bin/llgo-build-timeout BENT_TIMING_LOG=/home/runner/work/benchmarks/benchmarks/.ci/bent-run/download-timings.log GOROOT_1_25_X64=/opt/hostedtoolcache/go/1.25.14/x64 LLGO_MAIN_INDEX=1760 LLGO_BUILD_KILL_GRACE_SECONDS=30 LLGO_COMMIT=3b2679a4d26ba28a060a7585da1d079d94e2d3aa GO_VERSION=1.26.2 LLGO_REPOSITORY=xgo-dev/llgo GOROOT_1_24_X64=/opt/hostedtoolcache/go/1.24.13/x64 GOROOT_1_26_X64=/opt/hostedtoolcache/go/1.26.8/x64 BENT_REAL_GO=/opt/hostedtoolcache/go/1.26.2/x64/bin/go LLGO_ROOT=/home/runner/work/benchmarks/benchmarks/.ci/llgo LLGO_REAL_BIN=/home/runner/work/benchmarks/benchmarks/.ci/llgo/llgo LLGO_LTO_PLUGIN=/home/runner/work/benchmarks/benchmarks/.ci/llgo/ltoplugin/build/LLGOLTOPlugin.so GOPATH=/home/runner/work/benchmarks/benchmarks/.ci/bent-run/gopath GOOS=linux GOARCH=amd64 GO111MODULE=auto ROOT=/home/runner/work/benchmarks/benchmarks/.ci/bent-run GOROOT=/opt/hostedtoolcache/go/1.26.2/x64/ BENT_BENCH=XGo BENT_CONFIG=LLGoNoLTO BENT_I=0 GOCACHE=/home/runner/work/benchmarks/benchmarks/.ci/bent-run/build-cache/runs/cache-1302648012/go-build XDG_CACHE_HOME=/home/runner/work/benchmarks/benchmarks/.ci/bent-run/build-cache/runs/cache-1302648012/xdg LocalAppData=/home/runner/work/benchmarks/benchmarks/.ci/bent-run/build-cache/runs/cache-1302648012/local-app-data /home/runner/work/benchmarks/benchmarks/.ci/bent-run/benchsize /home/runner/work/benchmarks/benchmarks/.ci/bent-run/testbin/XGo_LLGoNoLTO XGo )
goos: linux
goarch: amd64
pkg:
Unit total-bytes assume=exact
BenchmarkXGo 1 37199168 total-bytes
Unit text-bytes assume=exact
BenchmarkXGo 1 6156198 text-bytes
Unit data-bytes assume=exact
BenchmarkXGo 1 5771192 data-bytes
Unit rodata-bytes assume=exact
BenchmarkXGo 1 3365648 rodata-bytes
Unit pclntab-bytes assume=exact
BenchmarkXGo 1 0 pclntab-bytes
Unit debug-bytes assume=exact
BenchmarkXGo 1 17351371 debug-bytes

rm -rf /home/runner/work/benchmarks/benchmarks/.ci/bent-run/gopath/bin
(cd /home/runner/work/benchmarks/benchmarks/.ci/bent-run/build/XGo; LLGO_BUILD_TIMEOUT_SECONDS=1200 LLGO_COMMITTED_AT=2026-10-10T13:17:56+08:00 LLGO_BUILD_GO_VERSION=1.27.0 LLGO_BIN=/home/runner/work/benchmarks/benchmarks/ci/llgo-size/bin/llgo-build-timeout BENT_TIMING_LOG=/home/runner/work/benchmarks/benchmarks/.ci/bent-run/download-timings.log GOROOT_1_25_X64=/opt/hostedtoolcache/go/1.25.14/x64 LLGO_MAIN_INDEX=1760 LLGO_BUILD_KILL_GRACE_SECONDS=30 LLGO_COMMIT=3b2679a4d26ba28a060a7585da1d079d94e2d3aa GO_VERSION=1.26.2 LLGO_REPOSITORY=xgo-dev/llgo GOROOT_1_24_X64=/opt/hostedtoolcache/go/1.24.13/x64 GOROOT_1_26_X64=/opt/hostedtoolcache/go/1.26.8/x64 BENT_REAL_GO=/opt/hostedtoolcache/go/1.26.2/x64/bin/go LLGO_ROOT=/home/runner/work/benchmarks/benchmarks/.ci/llgo LLGO_REAL_BIN=/home/runner/work/benchmarks/benchmarks/.ci/llgo/llgo LLGO_LTO_PLUGIN=/home/runner/work/benchmarks/benchmarks/.ci/llgo/ltoplugin/build/LLGOLTOPlugin.so GOPATH=/home/runner/work/benchmarks/benchmarks/.ci/bent-run/gopath GOOS=linux GOARCH=amd64 GO111MODULE=auto ROOT=/home/runner/work/benchmarks/benchmarks/.ci/bent-run GOROOT=/opt/hostedtoolcache/go/1.26.2/x64/ BENT_BENCH=XGo BENT_CONFIG=LLGoDeadcodeDrop BENT_I=0 GOCACHE=/home/runner/work/benchmarks/benchmarks/.ci/bent-run/build-cache/runs/cache-2917694236/go-build XDG_CACHE_HOME=/home/runner/work/benchmarks/benchmarks/.ci/bent-run/build-cache/runs/cache-2917694236/xdg LocalAppData=/home/runner/work/benchmarks/benchmarks/.ci/bent-run/build-cache/runs/cache-2917694236/local-app-data /home/runner/work/benchmarks/benchmarks/ci/llgo-size/bin/llgo-build-timeout build -o /home/runner/work/benchmarks/benchmarks/.ci/bent-run/testbin/XGo_LLGoDeadcodeDrop -deadcodedrop github.com/goplus/xgo/cmd/xgo )
goarch: amd64
toolchain: LLGoDeadcodeDrop
BenchmarkXGo 1 41202700356 build-real-ns/op 109145116000 build-user-ns/op 3215708000 build-sys-ns/op
toolchain: LLGoDeadcodeDrop
( LLGO_BUILD_TIMEOUT_SECONDS=1200 LLGO_COMMITTED_AT=2026-10-10T13:17:56+08:00 LLGO_BUILD_GO_VERSION=1.27.0 LLGO_BIN=/home/runner/work/benchmarks/benchmarks/ci/llgo-size/bin/llgo-build-timeout BENT_TIMING_LOG=/home/runner/work/benchmarks/benchmarks/.ci/bent-run/download-timings.log GOROOT_1_25_X64=/opt/hostedtoolcache/go/1.25.14/x64 LLGO_MAIN_INDEX=1760 LLGO_BUILD_KILL_GRACE_SECONDS=30 LLGO_COMMIT=3b2679a4d26ba28a060a7585da1d079d94e2d3aa GO_VERSION=1.26.2 LLGO_REPOSITORY=xgo-dev/llgo GOROOT_1_24_X64=/opt/hostedtoolcache/go/1.24.13/x64 GOROOT_1_26_X64=/opt/hostedtoolcache/go/1.26.8/x64 BENT_REAL_GO=/opt/hostedtoolcache/go/1.26.2/x64/bin/go LLGO_ROOT=/home/runner/work/benchmarks/benchmarks/.ci/llgo LLGO_REAL_BIN=/home/runner/work/benchmarks/benchmarks/.ci/llgo/llgo LLGO_LTO_PLUGIN=/home/runner/work/benchmarks/benchmarks/.ci/llgo/ltoplugin/build/LLGOLTOPlugin.so GOPATH=/home/runner/work/benchmarks/benchmarks/.ci/bent-run/gopath GOOS=linux GOARCH=amd64 GO111MODULE=auto ROOT=/home/runner/work/benchmarks/benchmarks/.ci/bent-run GOROOT=/opt/hostedtoolcache/go/1.26.2/x64/ BENT_BENCH=XGo BENT_CONFIG=LLGoDeadcodeDrop BENT_I=0 GOCACHE=/home/runner/work/benchmarks/benchmarks/.ci/bent-run/build-cache/runs/cache-2917694236/go-build XDG_CACHE_HOME=/home/runner/work/benchmarks/benchmarks/.ci/bent-run/build-cache/runs/cache-2917694236/xdg LocalAppData=/home/runner/work/benchmarks/benchmarks/.ci/bent-run/build-cache/runs/cache-2917694236/local-app-data /home/runner/work/benchmarks/benchmarks/.ci/bent-run/benchsize /home/runner/work/benchmarks/benchmarks/.ci/bent-run/testbin/XGo_LLGoDeadcodeDrop XGo )
goos: linux
goarch: amd64
pkg:
Unit total-bytes assume=exact
BenchmarkXGo 1 34971176 total-bytes
Unit text-bytes assume=exact
BenchmarkXGo 1 5045255 text-bytes
Unit data-bytes assume=exact
BenchmarkXGo 1 5720536 data-bytes
Unit rodata-bytes assume=exact
BenchmarkXGo 1 3334712 rodata-bytes
Unit pclntab-bytes assume=exact
BenchmarkXGo 1 0 pclntab-bytes
Unit debug-bytes assume=exact
BenchmarkXGo 1 17351377 debug-bytes

rm -rf /home/runner/work/benchmarks/benchmarks/.ci/bent-run/gopath/bin
(cd /home/runner/work/benchmarks/benchmarks/.ci/bent-run/build/gorm_schema; LLGO_BUILD_TIMEOUT_SECONDS=1200 LLGO_COMMITTED_AT=2026-10-10T13:17:56+08:00 LLGO_BUILD_GO_VERSION=1.27.0 LLGO_BIN=/home/runner/work/benchmarks/benchmarks/ci/llgo-size/bin/llgo-build-timeout BENT_TIMING_LOG=/home/runner/work/benchmarks/benchmarks/.ci/bent-run/download-timings.log GOROOT_1_25_X64=/opt/hostedtoolcache/go/1.25.14/x64 LLGO_MAIN_INDEX=1760 LLGO_BUILD_KILL_GRACE_SECONDS=30 LLGO_COMMIT=3b2679a4d26ba28a060a7585da1d079d94e2d3aa GO_VERSION=1.26.2 LLGO_REPOSITORY=xgo-dev/llgo GOROOT_1_24_X64=/opt/hostedtoolcache/go/1.24.13/x64 GOROOT_1_26_X64=/opt/hostedtoolcache/go/1.26.8/x64 BENT_REAL_GO=/opt/hostedtoolcache/go/1.26.2/x64/bin/go LLGO_ROOT=/home/runner/work/benchmarks/benchmarks/.ci/llgo LLGO_REAL_BIN=/home/runner/work/benchmarks/benchmarks/.ci/llgo/llgo LLGO_LTO_PLUGIN=/home/runner/work/benchmarks/benchmarks/.ci/llgo/ltoplugin/build/LLGOLTOPlugin.so GOPATH=/home/runner/work/benchmarks/benchmarks/.ci/bent-run/gopath GOOS=linux GOARCH=amd64 GO111MODULE=auto ROOT=/home/runner/work/benchmarks/benchmarks/.ci/bent-run GOROOT=/opt/hostedtoolcache/go/1.26.2/x64/ BENT_BENCH=gorm_schema BENT_CONFIG=LLGoFullLTOGlobalDCE BENT_I=0 GOCACHE=/home/runner/work/benchmarks/benchmarks/.ci/bent-run/build-cache/runs/cache-858509343/go-build XDG_CACHE_HOME=/home/runner/work/benchmarks/benchmarks/.ci/bent-run/build-cache/runs/cache-858509343/xdg LocalAppData=/home/runner/work/benchmarks/benchmarks/.ci/bent-run/build-cache/runs/cache-858509343/local-app-data /home/runner/work/benchmarks/benchmarks/ci/llgo-size/bin/llgo-build-timeout test -c -o /home/runner/work/benchmarks/benchmarks/.ci/bent-run/testbin/gorm_schema_LLGoFullLTOGlobalDCE -lto=full gorm.io/gorm/schema )
goarch: amd64
toolchain: LLGoFullLTOGlobalDCE
BenchmarkGorm_schema 1 58584919653 build-real-ns/op 94217678000 build-user-ns/op 1927547000 build-sys-ns/op
toolchain: LLGoFullLTOGlobalDCE
( LLGO_BUILD_TIMEOUT_SECONDS=1200 LLGO_COMMITTED_AT=2026-10-10T13:17:56+08:00 LLGO_BUILD_GO_VERSION=1.27.0 LLGO_BIN=/home/runner/work/benchmarks/benchmarks/ci/llgo-size/bin/llgo-build-timeout BENT_TIMING_LOG=/home/runner/work/benchmarks/benchmarks/.ci/bent-run/download-timings.log GOROOT_1_25_X64=/opt/hostedtoolcache/go/1.25.14/x64 LLGO_MAIN_INDEX=1760 LLGO_BUILD_KILL_GRACE_SECONDS=30 LLGO_COMMIT=3b2679a4d26ba28a060a7585da1d079d94e2d3aa GO_VERSION=1.26.2 LLGO_REPOSITORY=xgo-dev/llgo GOROOT_1_24_X64=/opt/hostedtoolcache/go/1.24.13/x64 GOROOT_1_26_X64=/opt/hostedtoolcache/go/1.26.8/x64 BENT_REAL_GO=/opt/hostedtoolcache/go/1.26.2/x64/bin/go LLGO_ROOT=/home/runner/work/benchmarks/benchmarks/.ci/llgo LLGO_REAL_BIN=/home/runner/work/benchmarks/benchmarks/.ci/llgo/llgo LLGO_LTO_PLUGIN=/home/runner/work/benchmarks/benchmarks/.ci/llgo/ltoplugin/build/LLGOLTOPlugin.so GOPATH=/home/runner/work/benchmarks/benchmarks/.ci/bent-run/gopath GOOS=linux GOARCH=amd64 GO111MODULE=auto ROOT=/home/runner/work/benchmarks/benchmarks/.ci/bent-run GOROOT=/opt/hostedtoolcache/go/1.26.2/x64/ BENT_BENCH=gorm_schema BENT_CONFIG=LLGoFullLTOGlobalDCE BENT_I=0 GOCACHE=/home/runner/work/benchmarks/benchmarks/.ci/bent-run/build-cache/runs/cache-858509343/go-build XDG_CACHE_HOME=/home/runner/work/benchmarks/benchmarks/.ci/bent-run/build-cache/runs/cache-858509343/xdg LocalAppData=/home/runner/work/benchmarks/benchmarks/.ci/bent-run/build-cache/runs/cache-858509343/local-app-data /home/runner/work/benchmarks/benchmarks/.ci/bent-run/benchsize /home/runner/work/benchmarks/benchmarks/.ci/bent-run/testbin/gorm_schema_LLGoFullLTOGlobalDCE Gorm_schema )
goos: linux
goarch: amd64
pkg:
Unit total-bytes assume=exact
BenchmarkGorm_schema 1 14482632 total-bytes
Unit text-bytes assume=exact
BenchmarkGorm_schema 1 2225449 text-bytes
Unit data-bytes assume=exact
BenchmarkGorm_schema 1 2436256 data-bytes
Unit rodata-bytes assume=exact
BenchmarkGorm_schema 1 2309520 rodata-bytes
Unit pclntab-bytes assume=exact
BenchmarkGorm_schema 1 0 pclntab-bytes
Unit debug-bytes assume=exact
BenchmarkGorm_schema 1 7312450 debug-bytes

rm -rf /home/runner/work/benchmarks/benchmarks/.ci/bent-run/gopath/bin
(cd /home/runner/work/benchmarks/benchmarks/.ci/bent-run/build/aws_restjson_v1; LLGO_BUILD_TIMEOUT_SECONDS=1200 LLGO_COMMITTED_AT=2026-10-10T13:17:56+08:00 LLGO_BUILD_GO_VERSION=1.27.0 LLGO_BIN=/home/runner/work/benchmarks/benchmarks/ci/llgo-size/bin/llgo-build-timeout BENT_TIMING_LOG=/home/runner/work/benchmarks/benchmarks/.ci/bent-run/download-timings.log GOROOT_1_25_X64=/opt/hostedtoolcache/go/1.25.14/x64 LLGO_MAIN_INDEX=1760 LLGO_BUILD_KILL_GRACE_SECONDS=30 LLGO_COMMIT=3b2679a4d26ba28a060a7585da1d079d94e2d3aa GO_VERSION=1.26.2 LLGO_REPOSITORY=xgo-dev/llgo GOROOT_1_24_X64=/opt/hostedtoolcache/go/1.24.13/x64 GOROOT_1_26_X64=/opt/hostedtoolcache/go/1.26.8/x64 BENT_REAL_GO=/opt/hostedtoolcache/go/1.26.2/x64/bin/go LLGO_ROOT=/home/runner/work/benchmarks/benchmarks/.ci/llgo LLGO_REAL_BIN=/home/runner/work/benchmarks/benchmarks/.ci/llgo/llgo LLGO_LTO_PLUGIN=/home/runner/work/benchmarks/benchmarks/.ci/llgo/ltoplugin/build/LLGOLTOPlugin.so GOPATH=/home/runner/work/benchmarks/benchmarks/.ci/bent-run/gopath GOOS=linux GOARCH=amd64 GO111MODULE=auto ROOT=/home/runner/work/benchmarks/benchmarks/.ci/bent-run GOROOT=/home/runner/work/benchmarks/benchmarks/.ci/bent-run/goroots/Go BENT_BENCH=aws_restjson BENT_CONFIG=Go BENT_I=0 GOCACHE=/home/runner/work/benchmarks/benchmarks/.ci/bent-run/build-cache/runs/cache-2019545761/go-build XDG_CACHE_HOME=/home/runner/work/benchmarks/benchmarks/.ci/bent-run/build-cache/runs/cache-2019545761/xdg LocalAppData=/home/runner/work/benchmarks/benchmarks/.ci/bent-run/build-cache/runs/cache-2019545761/local-app-data /home/runner/work/benchmarks/benchmarks/.ci/bent-run/goroots/Go/bin/go test -vet=off -c -o /home/runner/work/benchmarks/benchmarks/.ci/bent-run/testbin/aws_restjson_v1_Go github.com/aws/aws-sdk-go/private/protocol/restjson )
goarch: amd64
toolchain: Go
BenchmarkAws_restjson 1 3222201344 build-real-ns/op 6983159000 build-user-ns/op 714372000 build-sys-ns/op
toolchain: Go
( LLGO_BUILD_TIMEOUT_SECONDS=1200 LLGO_COMMITTED_AT=2026-10-10T13:17:56+08:00 LLGO_BUILD_GO_VERSION=1.27.0 LLGO_BIN=/home/runner/work/benchmarks/benchmarks/ci/llgo-size/bin/llgo-build-timeout BENT_TIMING_LOG=/home/runner/work/benchmarks/benchmarks/.ci/bent-run/download-timings.log GOROOT_1_25_X64=/opt/hostedtoolcache/go/1.25.14/x64 LLGO_MAIN_INDEX=1760 LLGO_BUILD_KILL_GRACE_SECONDS=30 LLGO_COMMIT=3b2679a4d26ba28a060a7585da1d079d94e2d3aa GO_VERSION=1.26.2 LLGO_REPOSITORY=xgo-dev/llgo GOROOT_1_24_X64=/opt/hostedtoolcache/go/1.24.13/x64 GOROOT_1_26_X64=/opt/hostedtoolcache/go/1.26.8/x64 BENT_REAL_GO=/opt/hostedtoolcache/go/1.26.2/x64/bin/go LLGO_ROOT=/home/runner/work/benchmarks/benchmarks/.ci/llgo LLGO_REAL_BIN=/home/runner/work/benchmarks/benchmarks/.ci/llgo/llgo LLGO_LTO_PLUGIN=/home/runner/work/benchmarks/benchmarks/.ci/llgo/ltoplugin/build/LLGOLTOPlugin.so GOPATH=/home/runner/work/benchmarks/benchmarks/.ci/bent-run/gopath GOOS=linux GOARCH=amd64 GO111MODULE=auto ROOT=/home/runner/work/benchmarks/benchmarks/.ci/bent-run GOROOT=/home/runner/work/benchmarks/benchmarks/.ci/bent-run/goroots/Go BENT_BENCH=aws_restjson BENT_CONFIG=Go BENT_I=0 GOCACHE=/home/runner/work/benchmarks/benchmarks/.ci/bent-run/build-cache/runs/cache-2019545761/go-build XDG_CACHE_HOME=/home/runner/work/benchmarks/benchmarks/.ci/bent-run/build-cache/runs/cache-2019545761/xdg LocalAppData=/home/runner/work/benchmarks/benchmarks/.ci/bent-run/build-cache/runs/cache-2019545761/local-app-data /home/runner/work/benchmarks/benchmarks/.ci/bent-run/benchsize /home/runner/work/benchmarks/benchmarks/.ci/bent-run/testbin/aws_restjson_v1_Go Aws_restjson )
goos: linux
goarch: amd64
pkg:
Unit total-bytes assume=exact
BenchmarkAws_restjson 1 14635492 total-bytes
Unit text-bytes assume=exact
BenchmarkAws_restjson 1 5291601 text-bytes
Unit data-bytes assume=exact
BenchmarkAws_restjson 1 1732332 data-bytes
Unit rodata-bytes assume=exact
BenchmarkAws_restjson 1 1341145 rodata-bytes
Unit pclntab-bytes assume=exact
BenchmarkAws_restjson 1 3738191 pclntab-bytes
Unit debug-bytes assume=exact
BenchmarkAws_restjson 1 2731179 debug-bytes

rm -rf /home/runner/work/benchmarks/benchmarks/.ci/bent-run/gopath/bin
(cd /home/runner/work/benchmarks/benchmarks/.ci/bent-run/build/etcdctl; LLGO_BUILD_TIMEOUT_SECONDS=1200 LLGO_COMMITTED_AT=2026-10-10T13:17:56+08:00 LLGO_BUILD_GO_VERSION=1.27.0 LLGO_BIN=/home/runner/work/benchmarks/benchmarks/ci/llgo-size/bin/llgo-build-timeout BENT_TIMING_LOG=/home/runner/work/benchmarks/benchmarks/.ci/bent-run/download-timings.log GOROOT_1_25_X64=/opt/hostedtoolcache/go/1.25.14/x64 LLGO_MAIN_INDEX=1760 LLGO_BUILD_KILL_GRACE_SECONDS=30 LLGO_COMMIT=3b2679a4d26ba28a060a7585da1d079d94e2d3aa GO_VERSION=1.26.2 LLGO_REPOSITORY=xgo-dev/llgo GOROOT_1_24_X64=/opt/hostedtoolcache/go/1.24.13/x64 GOROOT_1_26_X64=/opt/hostedtoolcache/go/1.26.8/x64 BENT_REAL_GO=/opt/hostedtoolcache/go/1.26.2/x64/bin/go LLGO_ROOT=/home/runner/work/benchmarks/benchmarks/.ci/llgo LLGO_REAL_BIN=/home/runner/work/benchmarks/benchmarks/.ci/llgo/llgo LLGO_LTO_PLUGIN=/home/runner/work/benchmarks/benchmarks/.ci/llgo/ltoplugin/build/LLGOLTOPlugin.so GOPATH=/home/runner/work/benchmarks/benchmarks/.ci/bent-run/gopath GOOS=linux GOARCH=amd64 GO111MODULE=auto ROOT=/home/runner/work/benchmarks/benchmarks/.ci/bent-run GOROOT=/opt/hostedtoolcache/go/1.26.2/x64/ BENT_BENCH=etcdctl BENT_CONFIG=LLGoNoLTO BENT_I=0 GOCACHE=/home/runner/work/benchmarks/benchmarks/.ci/bent-run/build-cache/runs/cache-3710986831/go-build XDG_CACHE_HOME=/home/runner/work/benchmarks/benchmarks/.ci/bent-run/build-cache/runs/cache-3710986831/xdg LocalAppData=/home/runner/work/benchmarks/benchmarks/.ci/bent-run/build-cache/runs/cache-3710986831/local-app-data /home/runner/work/benchmarks/benchmarks/ci/llgo-size/bin/llgo-build-timeout build -o /home/runner/work/benchmarks/benchmarks/.ci/bent-run/testbin/etcdctl_LLGoNoLTO go.etcd.io/etcd/etcdctl/v3 )
goarch: amd64
toolchain: LLGoNoLTO
BenchmarkEtcdctl 1 64543098982 build-real-ns/op 194090745000 build-user-ns/op 4339252000 build-sys-ns/op
toolchain: LLGoNoLTO
( LLGO_BUILD_TIMEOUT_SECONDS=1200 LLGO_COMMITTED_AT=2026-10-10T13:17:56+08:00 LLGO_BUILD_GO_VERSION=1.27.0 LLGO_BIN=/home/runner/work/benchmarks/benchmarks/ci/llgo-size/bin/llgo-build-timeout BENT_TIMING_LOG=/home/runner/work/benchmarks/benchmarks/.ci/bent-run/download-timings.log GOROOT_1_25_X64=/opt/hostedtoolcache/go/1.25.14/x64 LLGO_MAIN_INDEX=1760 LLGO_BUILD_KILL_GRACE_SECONDS=30 LLGO_COMMIT=3b2679a4d26ba28a060a7585da1d079d94e2d3aa GO_VERSION=1.26.2 LLGO_REPOSITORY=xgo-dev/llgo GOROOT_1_24_X64=/opt/hostedtoolcache/go/1.24.13/x64 GOROOT_1_26_X64=/opt/hostedtoolcache/go/1.26.8/x64 BENT_REAL_GO=/opt/hostedtoolcache/go/1.26.2/x64/bin/go LLGO_ROOT=/home/runner/work/benchmarks/benchmarks/.ci/llgo LLGO_REAL_BIN=/home/runner/work/benchmarks/benchmarks/.ci/llgo/llgo LLGO_LTO_PLUGIN=/home/runner/work/benchmarks/benchmarks/.ci/llgo/ltoplugin/build/LLGOLTOPlugin.so GOPATH=/home/runner/work/benchmarks/benchmarks/.ci/bent-run/gopath GOOS=linux GOARCH=amd64 GO111MODULE=auto ROOT=/home/runner/work/benchmarks/benchmarks/.ci/bent-run GOROOT=/opt/hostedtoolcache/go/1.26.2/x64/ BENT_BENCH=etcdctl BENT_CONFIG=LLGoNoLTO BENT_I=0 GOCACHE=/home/runner/work/benchmarks/benchmarks/.ci/bent-run/build-cache/runs/cache-3710986831/go-build XDG_CACHE_HOME=/home/runner/work/benchmarks/benchmarks/.ci/bent-run/build-cache/runs/cache-3710986831/xdg LocalAppData=/home/runner/work/benchmarks/benchmarks/.ci/bent-run/build-cache/runs/cache-3710986831/local-app-data /home/runner/work/benchmarks/benchmarks/.ci/bent-run/benchsize /home/runner/work/benchmarks/benchmarks/.ci/bent-run/testbin/etcdctl_LLGoNoLTO Etcdctl )
goos: linux
goarch: amd64
pkg:
Unit total-bytes assume=exact
BenchmarkEtcdctl 1 46729792 total-bytes
Unit text-bytes assume=exact
BenchmarkEtcdctl 1 7483440 text-bytes
Unit data-bytes assume=exact
BenchmarkEtcdctl 1 7677264 data-bytes
Unit rodata-bytes assume=exact
BenchmarkEtcdctl 1 4125472 rodata-bytes
Unit pclntab-bytes assume=exact
BenchmarkEtcdctl 1 0 pclntab-bytes
Unit debug-bytes assume=exact
BenchmarkEtcdctl 1 21750839 debug-bytes

rm -rf /home/runner/work/benchmarks/benchmarks/.ci/bent-run/gopath/bin
(cd /home/runner/work/benchmarks/benchmarks/.ci/bent-run/build/iXGo; LLGO_BUILD_TIMEOUT_SECONDS=1200 LLGO_COMMITTED_AT=2026-10-10T13:17:56+08:00 LLGO_BUILD_GO_VERSION=1.27.0 LLGO_BIN=/home/runner/work/benchmarks/benchmarks/ci/llgo-size/bin/llgo-build-timeout BENT_TIMING_LOG=/home/runner/work/benchmarks/benchmarks/.ci/bent-run/download-timings.log GOROOT_1_25_X64=/opt/hostedtoolcache/go/1.25.14/x64 LLGO_MAIN_INDEX=1760 LLGO_BUILD_KILL_GRACE_SECONDS=30 LLGO_COMMIT=3b2679a4d26ba28a060a7585da1d079d94e2d3aa GO_VERSION=1.26.2 LLGO_REPOSITORY=xgo-dev/llgo GOROOT_1_24_X64=/opt/hostedtoolcache/go/1.24.13/x64 GOROOT_1_26_X64=/opt/hostedtoolcache/go/1.26.8/x64 BENT_REAL_GO=/opt/hostedtoolcache/go/1.26.2/x64/bin/go LLGO_ROOT=/home/runner/work/benchmarks/benchmarks/.ci/llgo LLGO_REAL_BIN=/home/runner/work/benchmarks/benchmarks/.ci/llgo/llgo LLGO_LTO_PLUGIN=/home/runner/work/benchmarks/benchmarks/.ci/llgo/ltoplugin/build/LLGOLTOPlugin.so GOPATH=/home/runner/work/benchmarks/benchmarks/.ci/bent-run/gopath GOOS=linux GOARCH=amd64 GO111MODULE=auto ROOT=/home/runner/work/benchmarks/benchmarks/.ci/bent-run GOROOT=/opt/hostedtoolcache/go/1.26.2/x64/ BENT_BENCH=iXGo BENT_CONFIG=LLGoFullLTOGlobalDCE BENT_I=0 GOCACHE=/home/runner/work/benchmarks/benchmarks/.ci/bent-run/build-cache/runs/cache-203990389/go-build XDG_CACHE_HOME=/home/runner/work/benchmarks/benchmarks/.ci/bent-run/build-cache/runs/cache-203990389/xdg LocalAppData=/home/runner/work/benchmarks/benchmarks/.ci/bent-run/build-cache/runs/cache-203990389/local-app-data /home/runner/work/benchmarks/benchmarks/ci/llgo-size/bin/llgo-build-timeout build -o /home/runner/work/benchmarks/benchmarks/.ci/bent-run/testbin/iXGo_LLGoFullLTOGlobalDCE -lto=full github.com/goplus/ixgo/cmd/ixgo )
goarch: amd64
toolchain: LLGoFullLTOGlobalDCE
BenchmarkIXGo 1 336524521189 build-real-ns/op 624462504000 build-user-ns/op 11656783000 build-sys-ns/op
toolchain: LLGoFullLTOGlobalDCE
( LLGO_BUILD_TIMEOUT_SECONDS=1200 LLGO_COMMITTED_AT=2026-10-10T13:17:56+08:00 LLGO_BUILD_GO_VERSION=1.27.0 LLGO_BIN=/home/runner/work/benchmarks/benchmarks/ci/llgo-size/bin/llgo-build-timeout BENT_TIMING_LOG=/home/runner/work/benchmarks/benchmarks/.ci/bent-run/download-timings.log GOROOT_1_25_X64=/opt/hostedtoolcache/go/1.25.14/x64 LLGO_MAIN_INDEX=1760 LLGO_BUILD_KILL_GRACE_SECONDS=30 LLGO_COMMIT=3b2679a4d26ba28a060a7585da1d079d94e2d3aa GO_VERSION=1.26.2 LLGO_REPOSITORY=xgo-dev/llgo GOROOT_1_24_X64=/opt/hostedtoolcache/go/1.24.13/x64 GOROOT_1_26_X64=/opt/hostedtoolcache/go/1.26.8/x64 BENT_REAL_GO=/opt/hostedtoolcache/go/1.26.2/x64/bin/go LLGO_ROOT=/home/runner/work/benchmarks/benchmarks/.ci/llgo LLGO_REAL_BIN=/home/runner/work/benchmarks/benchmarks/.ci/llgo/llgo LLGO_LTO_PLUGIN=/home/runner/work/benchmarks/benchmarks/.ci/llgo/ltoplugin/build/LLGOLTOPlugin.so GOPATH=/home/runner/work/benchmarks/benchmarks/.ci/bent-run/gopath GOOS=linux GOARCH=amd64 GO111MODULE=auto ROOT=/home/runner/work/benchmarks/benchmarks/.ci/bent-run GOROOT=/opt/hostedtoolcache/go/1.26.2/x64/ BENT_BENCH=iXGo BENT_CONFIG=LLGoFullLTOGlobalDCE BENT_I=0 GOCACHE=/home/runner/work/benchmarks/benchmarks/.ci/bent-run/build-cache/runs/cache-203990389/go-build XDG_CACHE_HOME=/home/runner/work/benchmarks/benchmarks/.ci/bent-run/build-cache/runs/cache-203990389/xdg LocalAppData=/home/runner/work/benchmarks/benchmarks/.ci/bent-run/build-cache/runs/cache-203990389/local-app-data /home/runner/work/benchmarks/benchmarks/.ci/bent-run/benchsize /home/runner/work/benchmarks/benchmarks/.ci/bent-run/testbin/iXGo_LLGoFullLTOGlobalDCE IXGo )
goos: linux
goarch: amd64
pkg:
Unit total-bytes assume=exact
BenchmarkIXGo 1 83497368 total-bytes
Unit text-bytes assume=exact
BenchmarkIXGo 1 10380434 text-bytes
Unit data-bytes assume=exact
BenchmarkIXGo 1 10203720 data-bytes
Unit rodata-bytes assume=exact
BenchmarkIXGo 1 9144928 rodata-bytes
Unit pclntab-bytes assume=exact
BenchmarkIXGo 1 0 pclntab-bytes
Unit debug-bytes assume=exact
BenchmarkIXGo 1 50913655 debug-bytes

rm -rf /home/runner/work/benchmarks/benchmarks/.ci/bent-run/gopath/bin
(cd /home/runner/work/benchmarks/benchmarks/.ci/bent-run/build/toml; LLGO_BUILD_TIMEOUT_SECONDS=1200 LLGO_COMMITTED_AT=2026-10-10T13:17:56+08:00 LLGO_BUILD_GO_VERSION=1.27.0 LLGO_BIN=/home/runner/work/benchmarks/benchmarks/ci/llgo-size/bin/llgo-build-timeout BENT_TIMING_LOG=/home/runner/work/benchmarks/benchmarks/.ci/bent-run/download-timings.log GOROOT_1_25_X64=/opt/hostedtoolcache/go/1.25.14/x64 LLGO_MAIN_INDEX=1760 LLGO_BUILD_KILL_GRACE_SECONDS=30 LLGO_COMMIT=3b2679a4d26ba28a060a7585da1d079d94e2d3aa GO_VERSION=1.26.2 LLGO_REPOSITORY=xgo-dev/llgo GOROOT_1_24_X64=/opt/hostedtoolcache/go/1.24.13/x64 GOROOT_1_26_X64=/opt/hostedtoolcache/go/1.26.8/x64 BENT_REAL_GO=/opt/hostedtoolcache/go/1.26.2/x64/bin/go LLGO_ROOT=/home/runner/work/benchmarks/benchmarks/.ci/llgo LLGO_REAL_BIN=/home/runner/work/benchmarks/benchmarks/.ci/llgo/llgo LLGO_LTO_PLUGIN=/home/runner/work/benchmarks/benchmarks/.ci/llgo/ltoplugin/build/LLGOLTOPlugin.so GOPATH=/home/runner/work/benchmarks/benchmarks/.ci/bent-run/gopath GOOS=linux GOARCH=amd64 GO111MODULE=auto ROOT=/home/runner/work/benchmarks/benchmarks/.ci/bent-run GOROOT=/opt/hostedtoolcache/go/1.26.2/x64/ BENT_BENCH=toml BENT_CONFIG=LLGoDeadcodeDrop BENT_I=0 GOCACHE=/home/runner/work/benchmarks/benchmarks/.ci/bent-run/build-cache/runs/cache-1547395633/go-build XDG_CACHE_HOME=/home/runner/work/benchmarks/benchmarks/.ci/bent-run/build-cache/runs/cache-1547395633/xdg LocalAppData=/home/runner/work/benchmarks/benchmarks/.ci/bent-run/build-cache/runs/cache-1547395633/local-app-data /home/runner/work/benchmarks/benchmarks/ci/llgo-size/bin/llgo-build-timeout test -c -o /home/runner/work/benchmarks/benchmarks/.ci/bent-run/testbin/toml_LLGoDeadcodeDrop -deadcodedrop github.com/BurntSushi/toml )
goarch: amd64
toolchain: LLGoDeadcodeDrop
BenchmarkToml 1 29048780778 build-real-ns/op 85235766000 build-user-ns/op 1617047000 build-sys-ns/op
toolchain: LLGoDeadcodeDrop
( LLGO_BUILD_TIMEOUT_SECONDS=1200 LLGO_COMMITTED_AT=2026-10-10T13:17:56+08:00 LLGO_BUILD_GO_VERSION=1.27.0 LLGO_BIN=/home/runner/work/benchmarks/benchmarks/ci/llgo-size/bin/llgo-build-timeout BENT_TIMING_LOG=/home/runner/work/benchmarks/benchmarks/.ci/bent-run/download-timings.log GOROOT_1_25_X64=/opt/hostedtoolcache/go/1.25.14/x64 LLGO_MAIN_INDEX=1760 LLGO_BUILD_KILL_GRACE_SECONDS=30 LLGO_COMMIT=3b2679a4d26ba28a060a7585da1d079d94e2d3aa GO_VERSION=1.26.2 LLGO_REPOSITORY=xgo-dev/llgo GOROOT_1_24_X64=/opt/hostedtoolcache/go/1.24.13/x64 GOROOT_1_26_X64=/opt/hostedtoolcache/go/1.26.8/x64 BENT_REAL_GO=/opt/hostedtoolcache/go/1.26.2/x64/bin/go LLGO_ROOT=/home/runner/work/benchmarks/benchmarks/.ci/llgo LLGO_REAL_BIN=/home/runner/work/benchmarks/benchmarks/.ci/llgo/llgo LLGO_LTO_PLUGIN=/home/runner/work/benchmarks/benchmarks/.ci/llgo/ltoplugin/build/LLGOLTOPlugin.so GOPATH=/home/runner/work/benchmarks/benchmarks/.ci/bent-run/gopath GOOS=linux GOARCH=amd64 GO111MODULE=auto ROOT=/home/runner/work/benchmarks/benchmarks/.ci/bent-run GOROOT=/opt/hostedtoolcache/go/1.26.2/x64/ BENT_BENCH=toml BENT_CONFIG=LLGoDeadcodeDrop BENT_I=0 GOCACHE=/home/runner/work/benchmarks/benchmarks/.ci/bent-run/build-cache/runs/cache-1547395633/go-build XDG_CACHE_HOME=/home/runner/work/benchmarks/benchmarks/.ci/bent-run/build-cache/runs/cache-1547395633/xdg LocalAppData=/home/runner/work/benchmarks/benchmarks/.ci/bent-run/build-cache/runs/cache-1547395633/local-app-data /home/runner/work/benchmarks/benchmarks/.ci/bent-run/benchsize /home/runner/work/benchmarks/benchmarks/.ci/bent-run/testbin/toml_LLGoDeadcodeDrop Toml )
goos: linux
goarch: amd64
pkg:
Unit total-bytes assume=exact
BenchmarkToml 1 12170776 total-bytes
Unit text-bytes assume=exact
BenchmarkToml 1 1643055 text-bytes
Unit data-bytes assume=exact
BenchmarkToml 1 2089904 data-bytes
Unit rodata-bytes assume=exact
BenchmarkToml 1 1296872 rodata-bytes
Unit pclntab-bytes assume=exact
BenchmarkToml 1 0 pclntab-bytes
Unit debug-bytes assume=exact
BenchmarkToml 1 6385358 debug-bytes

rm -rf /home/runner/work/benchmarks/benchmarks/.ci/bent-run/gopath/bin
(cd /home/runner/work/benchmarks/benchmarks/.ci/bent-run/build/gorm_schema; LLGO_BUILD_TIMEOUT_SECONDS=1200 LLGO_COMMITTED_AT=2026-10-10T13:17:56+08:00 LLGO_BUILD_GO_VERSION=1.27.0 LLGO_BIN=/home/runner/work/benchmarks/benchmarks/ci/llgo-size/bin/llgo-build-timeout BENT_TIMING_LOG=/home/runner/work/benchmarks/benchmarks/.ci/bent-run/download-timings.log GOROOT_1_25_X64=/opt/hostedtoolcache/go/1.25.14/x64 LLGO_MAIN_INDEX=1760 LLGO_BUILD_KILL_GRACE_SECONDS=30 LLGO_COMMIT=3b2679a4d26ba28a060a7585da1d079d94e2d3aa GO_VERSION=1.26.2 LLGO_REPOSITORY=xgo-dev/llgo GOROOT_1_24_X64=/opt/hostedtoolcache/go/1.24.13/x64 GOROOT_1_26_X64=/opt/hostedtoolcache/go/1.26.8/x64 BENT_REAL_GO=/opt/hostedtoolcache/go/1.26.2/x64/bin/go LLGO_ROOT=/home/runner/work/benchmarks/benchmarks/.ci/llgo LLGO_REAL_BIN=/home/runner/work/benchmarks/benchmarks/.ci/llgo/llgo LLGO_LTO_PLUGIN=/home/runner/work/benchmarks/benchmarks/.ci/llgo/ltoplugin/build/LLGOLTOPlugin.so GOPATH=/home/runner/work/benchmarks/benchmarks/.ci/bent-run/gopath GOOS=linux GOARCH=amd64 GO111MODULE=auto ROOT=/home/runner/work/benchmarks/benchmarks/.ci/bent-run GOROOT=/opt/hostedtoolcache/go/1.26.2/x64/ BENT_BENCH=gorm_schema BENT_CONFIG=LLGoNoLTO BENT_I=0 GOCACHE=/home/runner/work/benchmarks/benchmarks/.ci/bent-run/build-cache/runs/cache-1192462097/go-build XDG_CACHE_HOME=/home/runner/work/benchmarks/benchmarks/.ci/bent-run/build-cache/runs/cache-1192462097/xdg LocalAppData=/home/runner/work/benchmarks/benchmarks/.ci/bent-run/build-cache/runs/cache-1192462097/local-app-data /home/runner/work/benchmarks/benchmarks/ci/llgo-size/bin/llgo-build-timeout test -c -o /home/runner/work/benchmarks/benchmarks/.ci/bent-run/testbin/gorm_schema_LLGoNoLTO gorm.io/gorm/schema )
goarch: amd64
toolchain: LLGoNoLTO
BenchmarkGorm_schema 1 30919736563 build-real-ns/op 90864478000 build-user-ns/op 1613711000 build-sys-ns/op
toolchain: LLGoNoLTO
( LLGO_BUILD_TIMEOUT_SECONDS=1200 LLGO_COMMITTED_AT=2026-10-10T13:17:56+08:00 LLGO_BUILD_GO_VERSION=1.27.0 LLGO_BIN=/home/runner/work/benchmarks/benchmarks/ci/llgo-size/bin/llgo-build-timeout BENT_TIMING_LOG=/home/runner/work/benchmarks/benchmarks/.ci/bent-run/download-timings.log GOROOT_1_25_X64=/opt/hostedtoolcache/go/1.25.14/x64 LLGO_MAIN_INDEX=1760 LLGO_BUILD_KILL_GRACE_SECONDS=30 LLGO_COMMIT=3b2679a4d26ba28a060a7585da1d079d94e2d3aa GO_VERSION=1.26.2 LLGO_REPOSITORY=xgo-dev/llgo GOROOT_1_24_X64=/opt/hostedtoolcache/go/1.24.13/x64 GOROOT_1_26_X64=/opt/hostedtoolcache/go/1.26.8/x64 BENT_REAL_GO=/opt/hostedtoolcache/go/1.26.2/x64/bin/go LLGO_ROOT=/home/runner/work/benchmarks/benchmarks/.ci/llgo LLGO_REAL_BIN=/home/runner/work/benchmarks/benchmarks/.ci/llgo/llgo LLGO_LTO_PLUGIN=/home/runner/work/benchmarks/benchmarks/.ci/llgo/ltoplugin/build/LLGOLTOPlugin.so GOPATH=/home/runner/work/benchmarks/benchmarks/.ci/bent-run/gopath GOOS=linux GOARCH=amd64 GO111MODULE=auto ROOT=/home/runner/work/benchmarks/benchmarks/.ci/bent-run GOROOT=/opt/hostedtoolcache/go/1.26.2/x64/ BENT_BENCH=gorm_schema BENT_CONFIG=LLGoNoLTO BENT_I=0 GOCACHE=/home/runner/work/benchmarks/benchmarks/.ci/bent-run/build-cache/runs/cache-1192462097/go-build XDG_CACHE_HOME=/home/runner/work/benchmarks/benchmarks/.ci/bent-run/build-cache/runs/cache-1192462097/xdg LocalAppData=/home/runner/work/benchmarks/benchmarks/.ci/bent-run/build-cache/runs/cache-1192462097/local-app-data /home/runner/work/benchmarks/benchmarks/.ci/bent-run/benchsize /home/runner/work/benchmarks/benchmarks/.ci/bent-run/testbin/gorm_schema_LLGoNoLTO Gorm_schema )
goos: linux
goarch: amd64
pkg:
Unit total-bytes assume=exact
BenchmarkGorm_schema 1 15135976 total-bytes
Unit text-bytes assume=exact
BenchmarkGorm_schema 1 2538098 text-bytes
Unit data-bytes assume=exact
BenchmarkGorm_schema 1 2445816 data-bytes
Unit rodata-bytes assume=exact
BenchmarkGorm_schema 1 1366880 rodata-bytes
Unit pclntab-bytes assume=exact
BenchmarkGorm_schema 1 0 pclntab-bytes
Unit debug-bytes assume=exact
BenchmarkGorm_schema 1 7205104 debug-bytes

rm -rf /home/runner/work/benchmarks/benchmarks/.ci/bent-run/gopath/bin
(cd /home/runner/work/benchmarks/benchmarks/.ci/bent-run/build/dustin_humanize; LLGO_BUILD_TIMEOUT_SECONDS=1200 LLGO_COMMITTED_AT=2026-10-10T13:17:56+08:00 LLGO_BUILD_GO_VERSION=1.27.0 LLGO_BIN=/home/runner/work/benchmarks/benchmarks/ci/llgo-size/bin/llgo-build-timeout BENT_TIMING_LOG=/home/runner/work/benchmarks/benchmarks/.ci/bent-run/download-timings.log GOROOT_1_25_X64=/opt/hostedtoolcache/go/1.25.14/x64 LLGO_MAIN_INDEX=1760 LLGO_BUILD_KILL_GRACE_SECONDS=30 LLGO_COMMIT=3b2679a4d26ba28a060a7585da1d079d94e2d3aa GO_VERSION=1.26.2 LLGO_REPOSITORY=xgo-dev/llgo GOROOT_1_24_X64=/opt/hostedtoolcache/go/1.24.13/x64 GOROOT_1_26_X64=/opt/hostedtoolcache/go/1.26.8/x64 BENT_REAL_GO=/opt/hostedtoolcache/go/1.26.2/x64/bin/go LLGO_ROOT=/home/runner/work/benchmarks/benchmarks/.ci/llgo LLGO_REAL_BIN=/home/runner/work/benchmarks/benchmarks/.ci/llgo/llgo LLGO_LTO_PLUGIN=/home/runner/work/benchmarks/benchmarks/.ci/llgo/ltoplugin/build/LLGOLTOPlugin.so GOPATH=/home/runner/work/benchmarks/benchmarks/.ci/bent-run/gopath GOOS=linux GOARCH=amd64 GO111MODULE=auto ROOT=/home/runner/work/benchmarks/benchmarks/.ci/bent-run GOROOT=/home/runner/work/benchmarks/benchmarks/.ci/bent-run/goroots/Go BENT_BENCH=dustin_humanize BENT_CONFIG=Go BENT_I=0 GOCACHE=/home/runner/work/benchmarks/benchmarks/.ci/bent-run/build-cache/runs/cache-1454014791/go-build XDG_CACHE_HOME=/home/runner/work/benchmarks/benchmarks/.ci/bent-run/build-cache/runs/cache-1454014791/xdg LocalAppData=/home/runner/work/benchmarks/benchmarks/.ci/bent-run/build-cache/runs/cache-1454014791/local-app-data /home/runner/work/benchmarks/benchmarks/.ci/bent-run/goroots/Go/bin/go test -vet=off -c -o /home/runner/work/benchmarks/benchmarks/.ci/bent-run/testbin/dustin_humanize_Go github.com/dustin/go-humanize )
goarch: amd64
toolchain: Go
BenchmarkDustin_humanize 1 377221143 build-real-ns/op 644705000 build-user-ns/op 133068000 build-sys-ns/op
toolchain: Go
( LLGO_BUILD_TIMEOUT_SECONDS=1200 LLGO_COMMITTED_AT=2026-10-10T13:17:56+08:00 LLGO_BUILD_GO_VERSION=1.27.0 LLGO_BIN=/home/runner/work/benchmarks/benchmarks/ci/llgo-size/bin/llgo-build-timeout BENT_TIMING_LOG=/home/runner/work/benchmarks/benchmarks/.ci/bent-run/download-timings.log GOROOT_1_25_X64=/opt/hostedtoolcache/go/1.25.14/x64 LLGO_MAIN_INDEX=1760 LLGO_BUILD_KILL_GRACE_SECONDS=30 LLGO_COMMIT=3b2679a4d26ba28a060a7585da1d079d94e2d3aa GO_VERSION=1.26.2 LLGO_REPOSITORY=xgo-dev/llgo GOROOT_1_24_X64=/opt/hostedtoolcache/go/1.24.13/x64 GOROOT_1_26_X64=/opt/hostedtoolcache/go/1.26.8/x64 BENT_REAL_GO=/opt/hostedtoolcache/go/1.26.2/x64/bin/go LLGO_ROOT=/home/runner/work/benchmarks/benchmarks/.ci/llgo LLGO_REAL_BIN=/home/runner/work/benchmarks/benchmarks/.ci/llgo/llgo LLGO_LTO_PLUGIN=/home/runner/work/benchmarks/benchmarks/.ci/llgo/ltoplugin/build/LLGOLTOPlugin.so GOPATH=/home/runner/work/benchmarks/benchmarks/.ci/bent-run/gopath GOOS=linux GOARCH=amd64 GO111MODULE=auto ROOT=/home/runner/work/benchmarks/benchmarks/.ci/bent-run GOROOT=/home/runner/work/benchmarks/benchmarks/.ci/bent-run/goroots/Go BENT_BENCH=dustin_humanize BENT_CONFIG=Go BENT_I=0 GOCACHE=/home/runner/work/benchmarks/benchmarks/.ci/bent-run/build-cache/runs/cache-1454014791/go-build XDG_CACHE_HOME=/home/runner/work/benchmarks/benchmarks/.ci/bent-run/build-cache/runs/cache-1454014791/xdg LocalAppData=/home/runner/work/benchmarks/benchmarks/.ci/bent-run/build-cache/runs/cache-1454014791/local-app-data /home/runner/work/benchmarks/benchmarks/.ci/bent-run/benchsize /home/runner/work/benchmarks/benchmarks/.ci/bent-run/testbin/dustin_humanize_Go Dustin_humanize )
goos: linux
goarch: amd64
pkg:
Unit total-bytes assume=exact
BenchmarkDustin_humanize 1 4999034 total-bytes
Unit text-bytes assume=exact
BenchmarkDustin_humanize 1 1533553 text-bytes
Unit data-bytes assume=exact
BenchmarkDustin_humanize 1 574420 data-bytes
Unit rodata-bytes assume=exact
BenchmarkDustin_humanize 1 429793 rodata-bytes
Unit pclntab-bytes assume=exact
BenchmarkDustin_humanize 1 1310667 pclntab-bytes
Unit debug-bytes assume=exact
BenchmarkDustin_humanize 1 1154248 debug-bytes

rm -rf /home/runner/work/benchmarks/benchmarks/.ci/bent-run/gopath/bin
(cd /home/runner/work/benchmarks/benchmarks/.ci/bent-run/build/etcdctl; LLGO_BUILD_TIMEOUT_SECONDS=1200 LLGO_COMMITTED_AT=2026-10-10T13:17:56+08:00 LLGO_BUILD_GO_VERSION=1.27.0 LLGO_BIN=/home/runner/work/benchmarks/benchmarks/ci/llgo-size/bin/llgo-build-timeout BENT_TIMING_LOG=/home/runner/work/benchmarks/benchmarks/.ci/bent-run/download-timings.log GOROOT_1_25_X64=/opt/hostedtoolcache/go/1.25.14/x64 LLGO_MAIN_INDEX=1760 LLGO_BUILD_KILL_GRACE_SECONDS=30 LLGO_COMMIT=3b2679a4d26ba28a060a7585da1d079d94e2d3aa GO_VERSION=1.26.2 LLGO_REPOSITORY=xgo-dev/llgo GOROOT_1_24_X64=/opt/hostedtoolcache/go/1.24.13/x64 GOROOT_1_26_X64=/opt/hostedtoolcache/go/1.26.8/x64 BENT_REAL_GO=/opt/hostedtoolcache/go/1.26.2/x64/bin/go LLGO_ROOT=/home/runner/work/benchmarks/benchmarks/.ci/llgo LLGO_REAL_BIN=/home/runner/work/benchmarks/benchmarks/.ci/llgo/llgo LLGO_LTO_PLUGIN=/home/runner/work/benchmarks/benchmarks/.ci/llgo/ltoplugin/build/LLGOLTOPlugin.so GOPATH=/home/runner/work/benchmarks/benchmarks/.ci/bent-run/gopath GOOS=linux GOARCH=amd64 GO111MODULE=auto ROOT=/home/runner/work/benchmarks/benchmarks/.ci/bent-run GOROOT=/opt/hostedtoolcache/go/1.26.2/x64/ BENT_BENCH=etcdctl BENT_CONFIG=LLGoFullLTONoGlobalDCE BENT_I=0 GOCACHE=/home/runner/work/benchmarks/benchmarks/.ci/bent-run/build-cache/runs/cache-1424566214/go-build XDG_CACHE_HOME=/home/runner/work/benchmarks/benchmarks/.ci/bent-run/build-cache/runs/cache-1424566214/xdg LocalAppData=/home/runner/work/benchmarks/benchmarks/.ci/bent-run/build-cache/runs/cache-1424566214/local-app-data /home/runner/work/benchmarks/benchmarks/ci/llgo-size/bin/llgo-build-timeout build -o /home/runner/work/benchmarks/benchmarks/.ci/bent-run/testbin/etcdctl_LLGoFullLTONoGlobalDCE -lto=full -globaldce=false go.etcd.io/etcd/etcdctl/v3 )
goarch: amd64
toolchain: LLGoFullLTONoGlobalDCE
BenchmarkEtcdctl 1 182970166600 build-real-ns/op 276638083000 build-user-ns/op 5064044000 build-sys-ns/op
toolchain: LLGoFullLTONoGlobalDCE
( LLGO_BUILD_TIMEOUT_SECONDS=1200 LLGO_COMMITTED_AT=2026-10-10T13:17:56+08:00 LLGO_BUILD_GO_VERSION=1.27.0 LLGO_BIN=/home/runner/work/benchmarks/benchmarks/ci/llgo-size/bin/llgo-build-timeout BENT_TIMING_LOG=/home/runner/work/benchmarks/benchmarks/.ci/bent-run/download-timings.log GOROOT_1_25_X64=/opt/hostedtoolcache/go/1.25.14/x64 LLGO_MAIN_INDEX=1760 LLGO_BUILD_KILL_GRACE_SECONDS=30 LLGO_COMMIT=3b2679a4d26ba28a060a7585da1d079d94e2d3aa GO_VERSION=1.26.2 LLGO_REPOSITORY=xgo-dev/llgo GOROOT_1_24_X64=/opt/hostedtoolcache/go/1.24.13/x64 GOROOT_1_26_X64=/opt/hostedtoolcache/go/1.26.8/x64 BENT_REAL_GO=/opt/hostedtoolcache/go/1.26.2/x64/bin/go LLGO_ROOT=/home/runner/work/benchmarks/benchmarks/.ci/llgo LLGO_REAL_BIN=/home/runner/work/benchmarks/benchmarks/.ci/llgo/llgo LLGO_LTO_PLUGIN=/home/runner/work/benchmarks/benchmarks/.ci/llgo/ltoplugin/build/LLGOLTOPlugin.so GOPATH=/home/runner/work/benchmarks/benchmarks/.ci/bent-run/gopath GOOS=linux GOARCH=amd64 GO111MODULE=auto ROOT=/home/runner/work/benchmarks/benchmarks/.ci/bent-run GOROOT=/opt/hostedtoolcache/go/1.26.2/x64/ BENT_BENCH=etcdctl BENT_CONFIG=LLGoFullLTONoGlobalDCE BENT_I=0 GOCACHE=/home/runner/work/benchmarks/benchmarks/.ci/bent-run/build-cache/runs/cache-1424566214/go-build XDG_CACHE_HOME=/home/runner/work/benchmarks/benchmarks/.ci/bent-run/build-cache/runs/cache-1424566214/xdg LocalAppData=/home/runner/work/benchmarks/benchmarks/.ci/bent-run/build-cache/runs/cache-1424566214/local-app-data /home/runner/work/benchmarks/benchmarks/.ci/bent-run/benchsize /home/runner/work/benchmarks/benchmarks/.ci/bent-run/testbin/etcdctl_LLGoFullLTONoGlobalDCE Etcdctl )
goos: linux
goarch: amd64
pkg:
Unit total-bytes assume=exact
BenchmarkEtcdctl 1 51053800 total-bytes
Unit text-bytes assume=exact
BenchmarkEtcdctl 1 7023407 text-bytes
Unit data-bytes assume=exact
BenchmarkEtcdctl 1 7527368 data-bytes
Unit rodata-bytes assume=exact
BenchmarkEtcdctl 1 6993400 rodata-bytes
Unit pclntab-bytes assume=exact
BenchmarkEtcdctl 1 0 pclntab-bytes
Unit debug-bytes assume=exact
BenchmarkEtcdctl 1 27390677 debug-bytes

rm -rf /home/runner/work/benchmarks/benchmarks/.ci/bent-run/gopath/bin
(cd /home/runner/work/benchmarks/benchmarks/.ci/bent-run/build/aws_restjson_v1; LLGO_BUILD_TIMEOUT_SECONDS=1200 LLGO_COMMITTED_AT=2026-10-10T13:17:56+08:00 LLGO_BUILD_GO_VERSION=1.27.0 LLGO_BIN=/home/runner/work/benchmarks/benchmarks/ci/llgo-size/bin/llgo-build-timeout BENT_TIMING_LOG=/home/runner/work/benchmarks/benchmarks/.ci/bent-run/download-timings.log GOROOT_1_25_X64=/opt/hostedtoolcache/go/1.25.14/x64 LLGO_MAIN_INDEX=1760 LLGO_BUILD_KILL_GRACE_SECONDS=30 LLGO_COMMIT=3b2679a4d26ba28a060a7585da1d079d94e2d3aa GO_VERSION=1.26.2 LLGO_REPOSITORY=xgo-dev/llgo GOROOT_1_24_X64=/opt/hostedtoolcache/go/1.24.13/x64 GOROOT_1_26_X64=/opt/hostedtoolcache/go/1.26.8/x64 BENT_REAL_GO=/opt/hostedtoolcache/go/1.26.2/x64/bin/go LLGO_ROOT=/home/runner/work/benchmarks/benchmarks/.ci/llgo LLGO_REAL_BIN=/home/runner/work/benchmarks/benchmarks/.ci/llgo/llgo LLGO_LTO_PLUGIN=/home/runner/work/benchmarks/benchmarks/.ci/llgo/ltoplugin/build/LLGOLTOPlugin.so GOPATH=/home/runner/work/benchmarks/benchmarks/.ci/bent-run/gopath GOOS=linux GOARCH=amd64 GO111MODULE=auto ROOT=/home/runner/work/benchmarks/benchmarks/.ci/bent-run GOROOT=/opt/hostedtoolcache/go/1.26.2/x64/ BENT_BENCH=aws_restjson BENT_CONFIG=LLGoFullLTOGlobalDCEPlugin BENT_I=0 GOCACHE=/home/runner/work/benchmarks/benchmarks/.ci/bent-run/build-cache/runs/cache-2866885589/go-build XDG_CACHE_HOME=/home/runner/work/benchmarks/benchmarks/.ci/bent-run/build-cache/runs/cache-2866885589/xdg LocalAppData=/home/runner/work/benchmarks/benchmarks/.ci/bent-run/build-cache/runs/cache-2866885589/local-app-data /home/runner/work/benchmarks/benchmarks/ci/llgo-size/bin/llgo-build-timeout test -c -o /home/runner/work/benchmarks/benchmarks/.ci/bent-run/testbin/aws_restjson_v1_LLGoFullLTOGlobalDCEPlugin -lto=full -lto-pass-plugin=/home/runner/work/benchmarks/benchmarks/.ci/llgo/ltoplugin/build/LLGOLTOPlugin.so github.com/aws/aws-sdk-go/private/protocol/restjson )
goarch: amd64
toolchain: LLGoFullLTOGlobalDCEPlugin
BenchmarkAws_restjson 1 122585281107 build-real-ns/op 207724209000 build-user-ns/op 3439919000 build-sys-ns/op
toolchain: LLGoFullLTOGlobalDCEPlugin
( LLGO_BUILD_TIMEOUT_SECONDS=1200 LLGO_COMMITTED_AT=2026-10-10T13:17:56+08:00 LLGO_BUILD_GO_VERSION=1.27.0 LLGO_BIN=/home/runner/work/benchmarks/benchmarks/ci/llgo-size/bin/llgo-build-timeout BENT_TIMING_LOG=/home/runner/work/benchmarks/benchmarks/.ci/bent-run/download-timings.log GOROOT_1_25_X64=/opt/hostedtoolcache/go/1.25.14/x64 LLGO_MAIN_INDEX=1760 LLGO_BUILD_KILL_GRACE_SECONDS=30 LLGO_COMMIT=3b2679a4d26ba28a060a7585da1d079d94e2d3aa GO_VERSION=1.26.2 LLGO_REPOSITORY=xgo-dev/llgo GOROOT_1_24_X64=/opt/hostedtoolcache/go/1.24.13/x64 GOROOT_1_26_X64=/opt/hostedtoolcache/go/1.26.8/x64 BENT_REAL_GO=/opt/hostedtoolcache/go/1.26.2/x64/bin/go LLGO_ROOT=/home/runner/work/benchmarks/benchmarks/.ci/llgo LLGO_REAL_BIN=/home/runner/work/benchmarks/benchmarks/.ci/llgo/llgo LLGO_LTO_PLUGIN=/home/runner/work/benchmarks/benchmarks/.ci/llgo/ltoplugin/build/LLGOLTOPlugin.so GOPATH=/home/runner/work/benchmarks/benchmarks/.ci/bent-run/gopath GOOS=linux GOARCH=amd64 GO111MODULE=auto ROOT=/home/runner/work/benchmarks/benchmarks/.ci/bent-run GOROOT=/opt/hostedtoolcache/go/1.26.2/x64/ BENT_BENCH=aws_restjson BENT_CONFIG=LLGoFullLTOGlobalDCEPlugin BENT_I=0 GOCACHE=/home/runner/work/benchmarks/benchmarks/.ci/bent-run/build-cache/runs/cache-2866885589/go-build XDG_CACHE_HOME=/home/runner/work/benchmarks/benchmarks/.ci/bent-run/build-cache/runs/cache-2866885589/xdg LocalAppData=/home/runner/work/benchmarks/benchmarks/.ci/bent-run/build-cache/runs/cache-2866885589/local-app-data /home/runner/work/benchmarks/benchmarks/.ci/bent-run/benchsize /home/runner/work/benchmarks/benchmarks/.ci/bent-run/testbin/aws_restjson_v1_LLGoFullLTOGlobalDCEPlugin Aws_restjson )
goos: linux
goarch: amd64
pkg:
Unit total-bytes assume=exact
BenchmarkAws_restjson 1 24171392 total-bytes
Unit text-bytes assume=exact
BenchmarkAws_restjson 1 3608983 text-bytes
Unit data-bytes assume=exact
BenchmarkAws_restjson 1 4031480 data-bytes
Unit rodata-bytes assume=exact
BenchmarkAws_restjson 1 3809480 rodata-bytes
Unit pclntab-bytes assume=exact
BenchmarkAws_restjson 1 0 pclntab-bytes
Unit debug-bytes assume=exact
BenchmarkAws_restjson 1 12892823 debug-bytes

rm -rf /home/runner/work/benchmarks/benchmarks/.ci/bent-run/gopath/bin
(cd /home/runner/work/benchmarks/benchmarks/.ci/bent-run/build/uber_zap; LLGO_BUILD_TIMEOUT_SECONDS=1200 LLGO_COMMITTED_AT=2026-10-10T13:17:56+08:00 LLGO_BUILD_GO_VERSION=1.27.0 LLGO_BIN=/home/runner/work/benchmarks/benchmarks/ci/llgo-size/bin/llgo-build-timeout BENT_TIMING_LOG=/home/runner/work/benchmarks/benchmarks/.ci/bent-run/download-timings.log GOROOT_1_25_X64=/opt/hostedtoolcache/go/1.25.14/x64 LLGO_MAIN_INDEX=1760 LLGO_BUILD_KILL_GRACE_SECONDS=30 LLGO_COMMIT=3b2679a4d26ba28a060a7585da1d079d94e2d3aa GO_VERSION=1.26.2 LLGO_REPOSITORY=xgo-dev/llgo GOROOT_1_24_X64=/opt/hostedtoolcache/go/1.24.13/x64 GOROOT_1_26_X64=/opt/hostedtoolcache/go/1.26.8/x64 BENT_REAL_GO=/opt/hostedtoolcache/go/1.26.2/x64/bin/go LLGO_ROOT=/home/runner/work/benchmarks/benchmarks/.ci/llgo LLGO_REAL_BIN=/home/runner/work/benchmarks/benchmarks/.ci/llgo/llgo LLGO_LTO_PLUGIN=/home/runner/work/benchmarks/benchmarks/.ci/llgo/ltoplugin/build/LLGOLTOPlugin.so GOPATH=/home/runner/work/benchmarks/benchmarks/.ci/bent-run/gopath GOOS=linux GOARCH=amd64 GO111MODULE=auto ROOT=/home/runner/work/benchmarks/benchmarks/.ci/bent-run GOROOT=/home/runner/work/benchmarks/benchmarks/.ci/bent-run/goroots/Go BENT_BENCH=uber_zap BENT_CONFIG=Go BENT_I=0 GOCACHE=/home/runner/work/benchmarks/benchmarks/.ci/bent-run/build-cache/runs/cache-2363928807/go-build XDG_CACHE_HOME=/home/runner/work/benchmarks/benchmarks/.ci/bent-run/build-cache/runs/cache-2363928807/xdg LocalAppData=/home/runner/work/benchmarks/benchmarks/.ci/bent-run/build-cache/runs/cache-2363928807/local-app-data /home/runner/work/benchmarks/benchmarks/.ci/bent-run/goroots/Go/bin/go test -vet=off -c -o /home/runner/work/benchmarks/benchmarks/.ci/bent-run/testbin/uber_zap_Go go.uber.org/zap/zapcore )
goarch: amd64
toolchain: Go
BenchmarkUber_zap 1 2093607241 build-real-ns/op 4841777000 build-user-ns/op 444567000 build-sys-ns/op
toolchain: Go
( LLGO_BUILD_TIMEOUT_SECONDS=1200 LLGO_COMMITTED_AT=2026-10-10T13:17:56+08:00 LLGO_BUILD_GO_VERSION=1.27.0 LLGO_BIN=/home/runner/work/benchmarks/benchmarks/ci/llgo-size/bin/llgo-build-timeout BENT_TIMING_LOG=/home/runner/work/benchmarks/benchmarks/.ci/bent-run/download-timings.log GOROOT_1_25_X64=/opt/hostedtoolcache/go/1.25.14/x64 LLGO_MAIN_INDEX=1760 LLGO_BUILD_KILL_GRACE_SECONDS=30 LLGO_COMMIT=3b2679a4d26ba28a060a7585da1d079d94e2d3aa GO_VERSION=1.26.2 LLGO_REPOSITORY=xgo-dev/llgo GOROOT_1_24_X64=/opt/hostedtoolcache/go/1.24.13/x64 GOROOT_1_26_X64=/opt/hostedtoolcache/go/1.26.8/x64 BENT_REAL_GO=/opt/hostedtoolcache/go/1.26.2/x64/bin/go LLGO_ROOT=/home/runner/work/benchmarks/benchmarks/.ci/llgo LLGO_REAL_BIN=/home/runner/work/benchmarks/benchmarks/.ci/llgo/llgo LLGO_LTO_PLUGIN=/home/runner/work/benchmarks/benchmarks/.ci/llgo/ltoplugin/build/LLGOLTOPlugin.so GOPATH=/home/runner/work/benchmarks/benchmarks/.ci/bent-run/gopath GOOS=linux GOARCH=amd64 GO111MODULE=auto ROOT=/home/runner/work/benchmarks/benchmarks/.ci/bent-run GOROOT=/home/runner/work/benchmarks/benchmarks/.ci/bent-run/goroots/Go BENT_BENCH=uber_zap BENT_CONFIG=Go BENT_I=0 GOCACHE=/home/runner/work/benchmarks/benchmarks/.ci/bent-run/build-cache/runs/cache-2363928807/go-build XDG_CACHE_HOME=/home/runner/work/benchmarks/benchmarks/.ci/bent-run/build-cache/runs/cache-2363928807/xdg LocalAppData=/home/runner/work/benchmarks/benchmarks/.ci/bent-run/build-cache/runs/cache-2363928807/local-app-data /home/runner/work/benchmarks/benchmarks/.ci/bent-run/benchsize /home/runner/work/benchmarks/benchmarks/.ci/bent-run/testbin/uber_zap_Go Uber_zap )
goos: linux
goarch: amd64
pkg:
Unit total-bytes assume=exact
BenchmarkUber_zap 1 10024992 total-bytes
Unit text-bytes assume=exact
BenchmarkUber_zap 1 3188785 text-bytes
Unit data-bytes assume=exact
BenchmarkUber_zap 1 1281612 data-bytes
Unit rodata-bytes assume=exact
BenchmarkUber_zap 1 914713 rodata-bytes
Unit pclntab-bytes assume=exact
BenchmarkUber_zap 1 2515781 pclntab-bytes
Unit debug-bytes assume=exact
BenchmarkUber_zap 1 2158037 debug-bytes

rm -rf /home/runner/work/benchmarks/benchmarks/.ci/bent-run/gopath/bin
(cd /home/runner/work/benchmarks/benchmarks/.ci/bent-run/build/toml; LLGO_BUILD_TIMEOUT_SECONDS=1200 LLGO_COMMITTED_AT=2026-10-10T13:17:56+08:00 LLGO_BUILD_GO_VERSION=1.27.0 LLGO_BIN=/home/runner/work/benchmarks/benchmarks/ci/llgo-size/bin/llgo-build-timeout BENT_TIMING_LOG=/home/runner/work/benchmarks/benchmarks/.ci/bent-run/download-timings.log GOROOT_1_25_X64=/opt/hostedtoolcache/go/1.25.14/x64 LLGO_MAIN_INDEX=1760 LLGO_BUILD_KILL_GRACE_SECONDS=30 LLGO_COMMIT=3b2679a4d26ba28a060a7585da1d079d94e2d3aa GO_VERSION=1.26.2 LLGO_REPOSITORY=xgo-dev/llgo GOROOT_1_24_X64=/opt/hostedtoolcache/go/1.24.13/x64 GOROOT_1_26_X64=/opt/hostedtoolcache/go/1.26.8/x64 BENT_REAL_GO=/opt/hostedtoolcache/go/1.26.2/x64/bin/go LLGO_ROOT=/home/runner/work/benchmarks/benchmarks/.ci/llgo LLGO_REAL_BIN=/home/runner/work/benchmarks/benchmarks/.ci/llgo/llgo LLGO_LTO_PLUGIN=/home/runner/work/benchmarks/benchmarks/.ci/llgo/ltoplugin/build/LLGOLTOPlugin.so GOPATH=/home/runner/work/benchmarks/benchmarks/.ci/bent-run/gopath GOOS=linux GOARCH=amd64 GO111MODULE=auto ROOT=/home/runner/work/benchmarks/benchmarks/.ci/bent-run GOROOT=/home/runner/work/benchmarks/benchmarks/.ci/bent-run/goroots/Go BENT_BENCH=toml BENT_CONFIG=Go BENT_I=0 GOCACHE=/home/runner/work/benchmarks/benchmarks/.ci/bent-run/build-cache/runs/cache-2011521474/go-build XDG_CACHE_HOME=/home/runner/work/benchmarks/benchmarks/.ci/bent-run/build-cache/runs/cache-2011521474/xdg LocalAppData=/home/runner/work/benchmarks/benchmarks/.ci/bent-run/build-cache/runs/cache-2011521474/local-app-data /home/runner/work/benchmarks/benchmarks/.ci/bent-run/goroots/Go/bin/go test -vet=off -c -o /home/runner/work/benchmarks/benchmarks/.ci/bent-run/testbin/toml_Go github.com/BurntSushi/toml )
goarch: amd64
toolchain: Go
BenchmarkToml 1 895322998 build-real-ns/op 1767200000 build-user-ns/op 209545000 build-sys-ns/op
toolchain: Go
( LLGO_BUILD_TIMEOUT_SECONDS=1200 LLGO_COMMITTED_AT=2026-10-10T13:17:56+08:00 LLGO_BUILD_GO_VERSION=1.27.0 LLGO_BIN=/home/runner/work/benchmarks/benchmarks/ci/llgo-size/bin/llgo-build-timeout BENT_TIMING_LOG=/home/runner/work/benchmarks/benchmarks/.ci/bent-run/download-timings.log GOROOT_1_25_X64=/opt/hostedtoolcache/go/1.25.14/x64 LLGO_MAIN_INDEX=1760 LLGO_BUILD_KILL_GRACE_SECONDS=30 LLGO_COMMIT=3b2679a4d26ba28a060a7585da1d079d94e2d3aa GO_VERSION=1.26.2 LLGO_REPOSITORY=xgo-dev/llgo GOROOT_1_24_X64=/opt/hostedtoolcache/go/1.24.13/x64 GOROOT_1_26_X64=/opt/hostedtoolcache/go/1.26.8/x64 BENT_REAL_GO=/opt/hostedtoolcache/go/1.26.2/x64/bin/go LLGO_ROOT=/home/runner/work/benchmarks/benchmarks/.ci/llgo LLGO_REAL_BIN=/home/runner/work/benchmarks/benchmarks/.ci/llgo/llgo LLGO_LTO_PLUGIN=/home/runner/work/benchmarks/benchmarks/.ci/llgo/ltoplugin/build/LLGOLTOPlugin.so GOPATH=/home/runner/work/benchmarks/benchmarks/.ci/bent-run/gopath GOOS=linux GOARCH=amd64 GO111MODULE=auto ROOT=/home/runner/work/benchmarks/benchmarks/.ci/bent-run GOROOT=/home/runner/work/benchmarks/benchmarks/.ci/bent-run/goroots/Go BENT_BENCH=toml BENT_CONFIG=Go BENT_I=0 GOCACHE=/home/runner/work/benchmarks/benchmarks/.ci/bent-run/build-cache/runs/cache-2011521474/go-build XDG_CACHE_HOME=/home/runner/work/benchmarks/benchmarks/.ci/bent-run/build-cache/runs/cache-2011521474/xdg LocalAppData=/home/runner/work/benchmarks/benchmarks/.ci/bent-run/build-cache/runs/cache-2011521474/local-app-data /home/runner/work/benchmarks/benchmarks/.ci/bent-run/benchsize /home/runner/work/benchmarks/benchmarks/.ci/bent-run/testbin/toml_Go Toml )
goos: linux
goarch: amd64
pkg:
Unit total-bytes assume=exact
BenchmarkToml 1 7324958 total-bytes
Unit text-bytes assume=exact
BenchmarkToml 1 2270513 text-bytes
Unit data-bytes assume=exact
BenchmarkToml 1 1054996 data-bytes
Unit rodata-bytes assume=exact
BenchmarkToml 1 905569 rodata-bytes
Unit pclntab-bytes assume=exact
BenchmarkToml 1 1818042 pclntab-bytes
Unit debug-bytes assume=exact
BenchmarkToml 1 1575478 debug-bytes

rm -rf /home/runner/work/benchmarks/benchmarks/.ci/bent-run/gopath/bin
(cd /home/runner/work/benchmarks/benchmarks/.ci/bent-run/build/iXGo; LLGO_BUILD_TIMEOUT_SECONDS=1200 LLGO_COMMITTED_AT=2026-10-10T13:17:56+08:00 LLGO_BUILD_GO_VERSION=1.27.0 LLGO_BIN=/home/runner/work/benchmarks/benchmarks/ci/llgo-size/bin/llgo-build-timeout BENT_TIMING_LOG=/home/runner/work/benchmarks/benchmarks/.ci/bent-run/download-timings.log GOROOT_1_25_X64=/opt/hostedtoolcache/go/1.25.14/x64 LLGO_MAIN_INDEX=1760 LLGO_BUILD_KILL_GRACE_SECONDS=30 LLGO_COMMIT=3b2679a4d26ba28a060a7585da1d079d94e2d3aa GO_VERSION=1.26.2 LLGO_REPOSITORY=xgo-dev/llgo GOROOT_1_24_X64=/opt/hostedtoolcache/go/1.24.13/x64 GOROOT_1_26_X64=/opt/hostedtoolcache/go/1.26.8/x64 BENT_REAL_GO=/opt/hostedtoolcache/go/1.26.2/x64/bin/go LLGO_ROOT=/home/runner/work/benchmarks/benchmarks/.ci/llgo LLGO_REAL_BIN=/home/runner/work/benchmarks/benchmarks/.ci/llgo/llgo LLGO_LTO_PLUGIN=/home/runner/work/benchmarks/benchmarks/.ci/llgo/ltoplugin/build/LLGOLTOPlugin.so GOPATH=/home/runner/work/benchmarks/benchmarks/.ci/bent-run/gopath GOOS=linux GOARCH=amd64 GO111MODULE=auto ROOT=/home/runner/work/benchmarks/benchmarks/.ci/bent-run GOROOT=/home/runner/work/benchmarks/benchmarks/.ci/bent-run/goroots/Go BENT_BENCH=iXGo BENT_CONFIG=Go BENT_I=0 GOCACHE=/home/runner/work/benchmarks/benchmarks/.ci/bent-run/build-cache/runs/cache-745342428/go-build XDG_CACHE_HOME=/home/runner/work/benchmarks/benchmarks/.ci/bent-run/build-cache/runs/cache-745342428/xdg LocalAppData=/home/runner/work/benchmarks/benchmarks/.ci/bent-run/build-cache/runs/cache-745342428/local-app-data /home/runner/work/benchmarks/benchmarks/.ci/bent-run/goroots/Go/bin/go build -o /home/runner/work/benchmarks/benchmarks/.ci/bent-run/testbin/iXGo_Go github.com/goplus/ixgo/cmd/ixgo )
goarch: amd64
toolchain: Go
BenchmarkIXGo 1 21962044674 build-real-ns/op 74169318000 build-user-ns/op 5656961000 build-sys-ns/op
toolchain: Go
( LLGO_BUILD_TIMEOUT_SECONDS=1200 LLGO_COMMITTED_AT=2026-10-10T13:17:56+08:00 LLGO_BUILD_GO_VERSION=1.27.0 LLGO_BIN=/home/runner/work/benchmarks/benchmarks/ci/llgo-size/bin/llgo-build-timeout BENT_TIMING_LOG=/home/runner/work/benchmarks/benchmarks/.ci/bent-run/download-timings.log GOROOT_1_25_X64=/opt/hostedtoolcache/go/1.25.14/x64 LLGO_MAIN_INDEX=1760 LLGO_BUILD_KILL_GRACE_SECONDS=30 LLGO_COMMIT=3b2679a4d26ba28a060a7585da1d079d94e2d3aa GO_VERSION=1.26.2 LLGO_REPOSITORY=xgo-dev/llgo GOROOT_1_24_X64=/opt/hostedtoolcache/go/1.24.13/x64 GOROOT_1_26_X64=/opt/hostedtoolcache/go/1.26.8/x64 BENT_REAL_GO=/opt/hostedtoolcache/go/1.26.2/x64/bin/go LLGO_ROOT=/home/runner/work/benchmarks/benchmarks/.ci/llgo LLGO_REAL_BIN=/home/runner/work/benchmarks/benchmarks/.ci/llgo/llgo LLGO_LTO_PLUGIN=/home/runner/work/benchmarks/benchmarks/.ci/llgo/ltoplugin/build/LLGOLTOPlugin.so GOPATH=/home/runner/work/benchmarks/benchmarks/.ci/bent-run/gopath GOOS=linux GOARCH=amd64 GO111MODULE=auto ROOT=/home/runner/work/benchmarks/benchmarks/.ci/bent-run GOROOT=/home/runner/work/benchmarks/benchmarks/.ci/bent-run/goroots/Go BENT_BENCH=iXGo BENT_CONFIG=Go BENT_I=0 GOCACHE=/home/runner/work/benchmarks/benchmarks/.ci/bent-run/build-cache/runs/cache-745342428/go-build XDG_CACHE_HOME=/home/runner/work/benchmarks/benchmarks/.ci/bent-run/build-cache/runs/cache-745342428/xdg LocalAppData=/home/runner/work/benchmarks/benchmarks/.ci/bent-run/build-cache/runs/cache-745342428/local-app-data /home/runner/work/benchmarks/benchmarks/.ci/bent-run/benchsize /home/runner/work/benchmarks/benchmarks/.ci/bent-run/testbin/iXGo_Go IXGo )
goos: linux
goarch: amd64
pkg:
Unit total-bytes assume=exact
BenchmarkIXGo 1 47404136 total-bytes
Unit text-bytes assume=exact
BenchmarkIXGo 1 16239697 text-bytes
Unit data-bytes assume=exact
BenchmarkIXGo 1 4330556 data-bytes
Unit rodata-bytes assume=exact
BenchmarkIXGo 1 3648921 rodata-bytes
Unit pclntab-bytes assume=exact
BenchmarkIXGo 1 13082153 pclntab-bytes
Unit debug-bytes assume=exact
BenchmarkIXGo 1 8717939 debug-bytes

rm -rf /home/runner/work/benchmarks/benchmarks/.ci/bent-run/gopath/bin
(cd /home/runner/work/benchmarks/benchmarks/.ci/bent-run/build/etcdctl; LLGO_BUILD_TIMEOUT_SECONDS=1200 LLGO_COMMITTED_AT=2026-10-10T13:17:56+08:00 LLGO_BUILD_GO_VERSION=1.27.0 LLGO_BIN=/home/runner/work/benchmarks/benchmarks/ci/llgo-size/bin/llgo-build-timeout BENT_TIMING_LOG=/home/runner/work/benchmarks/benchmarks/.ci/bent-run/download-timings.log GOROOT_1_25_X64=/opt/hostedtoolcache/go/1.25.14/x64 LLGO_MAIN_INDEX=1760 LLGO_BUILD_KILL_GRACE_SECONDS=30 LLGO_COMMIT=3b2679a4d26ba28a060a7585da1d079d94e2d3aa GO_VERSION=1.26.2 LLGO_REPOSITORY=xgo-dev/llgo GOROOT_1_24_X64=/opt/hostedtoolcache/go/1.24.13/x64 GOROOT_1_26_X64=/opt/hostedtoolcache/go/1.26.8/x64 BENT_REAL_GO=/opt/hostedtoolcache/go/1.26.2/x64/bin/go LLGO_ROOT=/home/runner/work/benchmarks/benchmarks/.ci/llgo LLGO_REAL_BIN=/home/runner/work/benchmarks/benchmarks/.ci/llgo/llgo LLGO_LTO_PLUGIN=/home/runner/work/benchmarks/benchmarks/.ci/llgo/ltoplugin/build/LLGOLTOPlugin.so GOPATH=/home/runner/work/benchmarks/benchmarks/.ci/bent-run/gopath GOOS=linux GOARCH=amd64 GO111MODULE=auto ROOT=/home/runner/work/benchmarks/benchmarks/.ci/bent-run GOROOT=/opt/hostedtoolcache/go/1.26.2/x64/ BENT_BENCH=etcdctl BENT_CONFIG=LLGoFullLTOGlobalDCE BENT_I=0 GOCACHE=/home/runner/work/benchmarks/benchmarks/.ci/bent-run/build-cache/runs/cache-3065957571/go-build XDG_CACHE_HOME=/home/runner/work/benchmarks/benchmarks/.ci/bent-run/build-cache/runs/cache-3065957571/xdg LocalAppData=/home/runner/work/benchmarks/benchmarks/.ci/bent-run/build-cache/runs/cache-3065957571/local-app-data /home/runner/work/benchmarks/benchmarks/ci/llgo-size/bin/llgo-build-timeout build -o /home/runner/work/benchmarks/benchmarks/.ci/bent-run/testbin/etcdctl_LLGoFullLTOGlobalDCE -lto=full go.etcd.io/etcd/etcdctl/v3 )
goarch: amd64
toolchain: LLGoFullLTOGlobalDCE
BenchmarkEtcdctl 1 183584874319 build-real-ns/op 283069120000 build-user-ns/op 5016867000 build-sys-ns/op
toolchain: LLGoFullLTOGlobalDCE
( LLGO_BUILD_TIMEOUT_SECONDS=1200 LLGO_COMMITTED_AT=2026-10-10T13:17:56+08:00 LLGO_BUILD_GO_VERSION=1.27.0 LLGO_BIN=/home/runner/work/benchmarks/benchmarks/ci/llgo-size/bin/llgo-build-timeout BENT_TIMING_LOG=/home/runner/work/benchmarks/benchmarks/.ci/bent-run/download-timings.log GOROOT_1_25_X64=/opt/hostedtoolcache/go/1.25.14/x64 LLGO_MAIN_INDEX=1760 LLGO_BUILD_KILL_GRACE_SECONDS=30 LLGO_COMMIT=3b2679a4d26ba28a060a7585da1d079d94e2d3aa GO_VERSION=1.26.2 LLGO_REPOSITORY=xgo-dev/llgo GOROOT_1_24_X64=/opt/hostedtoolcache/go/1.24.13/x64 GOROOT_1_26_X64=/opt/hostedtoolcache/go/1.26.8/x64 BENT_REAL_GO=/opt/hostedtoolcache/go/1.26.2/x64/bin/go LLGO_ROOT=/home/runner/work/benchmarks/benchmarks/.ci/llgo LLGO_REAL_BIN=/home/runner/work/benchmarks/benchmarks/.ci/llgo/llgo LLGO_LTO_PLUGIN=/home/runner/work/benchmarks/benchmarks/.ci/llgo/ltoplugin/build/LLGOLTOPlugin.so GOPATH=/home/runner/work/benchmarks/benchmarks/.ci/bent-run/gopath GOOS=linux GOARCH=amd64 GO111MODULE=auto ROOT=/home/runner/work/benchmarks/benchmarks/.ci/bent-run GOROOT=/opt/hostedtoolcache/go/1.26.2/x64/ BENT_BENCH=etcdctl BENT_CONFIG=LLGoFullLTOGlobalDCE BENT_I=0 GOCACHE=/home/runner/work/benchmarks/benchmarks/.ci/bent-run/build-cache/runs/cache-3065957571/go-build XDG_CACHE_HOME=/home/runner/work/benchmarks/benchmarks/.ci/bent-run/build-cache/runs/cache-3065957571/xdg LocalAppData=/home/runner/work/benchmarks/benchmarks/.ci/bent-run/build-cache/runs/cache-3065957571/local-app-data /home/runner/work/benchmarks/benchmarks/.ci/bent-run/benchsize /home/runner/work/benchmarks/benchmarks/.ci/bent-run/testbin/etcdctl_LLGoFullLTOGlobalDCE Etcdctl )
goos: linux
goarch: amd64
pkg:
Unit total-bytes assume=exact
BenchmarkEtcdctl 1 49071176 total-bytes
Unit text-bytes assume=exact
BenchmarkEtcdctl 1 6725237 text-bytes
Unit data-bytes assume=exact
BenchmarkEtcdctl 1 7552432 data-bytes
Unit rodata-bytes assume=exact
BenchmarkEtcdctl 1 7018464 rodata-bytes
Unit pclntab-bytes assume=exact
BenchmarkEtcdctl 1 0 pclntab-bytes
Unit debug-bytes assume=exact
BenchmarkEtcdctl 1 25960857 debug-bytes

rm -rf /home/runner/work/benchmarks/benchmarks/.ci/bent-run/gopath/bin
[timing] Bent dependency acquisition and six-configuration build | real=1:23:31 user=10136.83 sys=232.84 maxrss=8406328KB
::endgroup::
