
shortname: benhoyt_goawk-BuiltinGsubAmpersand
toolchain: LLGoFullLTO
goos: linux
goarch: amd64
pkg: github.com/benhoyt/goawk/interp
cpu: INTEL(R) XEON(R) PLATINUM 8573C @ 3099.997MHz
BenchmarkBuiltinGsubAmpersand-4   	   17785	     33148 ns/op
PASS

shortname: benhoyt_goawk-BuiltinGsubAmpersand
toolchain: LLGoFullLTO
goos: linux
goarch: amd64
pkg: github.com/benhoyt/goawk/interp
cpu: INTEL(R) XEON(R) PLATINUM 8573C @ 3100.276MHz
BenchmarkBuiltinGsubAmpersand-4   	   17937	     32687 ns/op
PASS

shortname: benhoyt_goawk-BuiltinGsubAmpersand
toolchain: LLGoFullLTO
goos: linux
goarch: amd64
pkg: github.com/benhoyt/goawk/interp
cpu: INTEL(R) XEON(R) PLATINUM 8573C @ 3099.899MHz
BenchmarkBuiltinGsubAmpersand-4   	   18206	     32659 ns/op
PASS

shortname: benhoyt_goawk-BuiltinGsubAmpersand
toolchain: LLGoFullLTO
goos: linux
goarch: amd64
pkg: github.com/benhoyt/goawk/interp
cpu: INTEL(R) XEON(R) PLATINUM 8573C @ 3099.997MHz
BenchmarkBuiltinGsubAmpersand-4   	   18124	     32741 ns/op
PASS

shortname: benhoyt_goawk-BuiltinGsubAmpersand
toolchain: LLGoFullLTO
goos: linux
goarch: amd64
pkg: github.com/benhoyt/goawk/interp
cpu: INTEL(R) XEON(R) PLATINUM 8573C @ 3100.152MHz
BenchmarkBuiltinGsubAmpersand-4   	   18120	     32550 ns/op
PASS

shortname: benhoyt_goawk-NativeFunc
toolchain: LLGoFullLTO
goos: linux
goarch: amd64
pkg: github.com/benhoyt/goawk/interp
cpu: INTEL(R) XEON(R) PLATINUM 8573C @ 3100.152MHz
BenchmarkNativeFunc-4   	   23926	     24446 ns/op
PASS

shortname: benhoyt_goawk-NativeFunc
toolchain: LLGoFullLTO
goos: linux
goarch: amd64
pkg: github.com/benhoyt/goawk/interp
cpu: INTEL(R) XEON(R) PLATINUM 8573C @ 3100.385MHz
BenchmarkNativeFunc-4   	   23862	     24374 ns/op
PASS

shortname: benhoyt_goawk-NativeFunc
toolchain: LLGoFullLTO
goos: linux
goarch: amd64
pkg: github.com/benhoyt/goawk/interp
cpu: INTEL(R) XEON(R) PLATINUM 8573C @ 3100.121MHz
BenchmarkNativeFunc-4   	   24114	     25202 ns/op
PASS

shortname: benhoyt_goawk-NativeFunc
toolchain: LLGoFullLTO
goos: linux
goarch: amd64
pkg: github.com/benhoyt/goawk/interp
cpu: INTEL(R) XEON(R) PLATINUM 8573C @ 3100.422MHz
BenchmarkNativeFunc-4   	   23797	     25051 ns/op
PASS

shortname: benhoyt_goawk-NativeFunc
toolchain: LLGoFullLTO
goos: linux
goarch: amd64
pkg: github.com/benhoyt/goawk/interp
cpu: INTEL(R) XEON(R) PLATINUM 8573C @ 3100.556MHz
BenchmarkNativeFunc-4   	   23738	     24908 ns/op
PASS

shortname: benhoyt_goawk-RecursiveFunc
toolchain: LLGoFullLTO
goos: linux
goarch: amd64
pkg: github.com/benhoyt/goawk/interp
cpu: INTEL(R) XEON(R) PLATINUM 8573C @ 3100.709MHz
BenchmarkRecursiveFunc-4   	   23492	     25290 ns/op
PASS

shortname: benhoyt_goawk-RecursiveFunc
toolchain: LLGoFullLTO
goos: linux
goarch: amd64
pkg: github.com/benhoyt/goawk/interp
cpu: INTEL(R) XEON(R) PLATINUM 8573C @ 3101.430MHz
BenchmarkRecursiveFunc-4   	   23606	     25302 ns/op
PASS

shortname: benhoyt_goawk-RecursiveFunc
toolchain: LLGoFullLTO
goos: linux
goarch: amd64
pkg: github.com/benhoyt/goawk/interp
cpu: INTEL(R) XEON(R) PLATINUM 8573C @ 3100.821MHz
BenchmarkRecursiveFunc-4   	   23622	     25420 ns/op
PASS

shortname: benhoyt_goawk-RecursiveFunc
toolchain: LLGoFullLTO
goos: linux
goarch: amd64
pkg: github.com/benhoyt/goawk/interp
cpu: INTEL(R) XEON(R) PLATINUM 8573C @ 3099.828MHz
BenchmarkRecursiveFunc-4   	   23256	     25418 ns/op
PASS

shortname: benhoyt_goawk-RecursiveFunc
toolchain: LLGoFullLTO
goos: linux
goarch: amd64
pkg: github.com/benhoyt/goawk/interp
cpu: INTEL(R) XEON(R) PLATINUM 8573C @ 3100.338MHz
BenchmarkRecursiveFunc-4   	   23486	     25356 ns/op
PASS

shortname: benhoyt_goawk-SimpleBuiltins
toolchain: LLGoFullLTO
goos: linux
goarch: amd64
pkg: github.com/benhoyt/goawk/interp
cpu: INTEL(R) XEON(R) PLATINUM 8573C @ 3100.214MHz
BenchmarkSimpleBuiltins-4   	  372980	      1521 ns/op
PASS

shortname: benhoyt_goawk-SimpleBuiltins
toolchain: LLGoFullLTO
goos: linux
goarch: amd64
pkg: github.com/benhoyt/goawk/interp
cpu: INTEL(R) XEON(R) PLATINUM 8573C @ 3100.339MHz
BenchmarkSimpleBuiltins-4   	  377264	      1521 ns/op
PASS

shortname: benhoyt_goawk-SimpleBuiltins
toolchain: LLGoFullLTO
goos: linux
goarch: amd64
pkg: github.com/benhoyt/goawk/interp
cpu: INTEL(R) XEON(R) PLATINUM 8573C @ 3100.183MHz
BenchmarkSimpleBuiltins-4   	  374367	      1536 ns/op
PASS

shortname: benhoyt_goawk-SimpleBuiltins
toolchain: LLGoFullLTO
goos: linux
goarch: amd64
pkg: github.com/benhoyt/goawk/interp
cpu: INTEL(R) XEON(R) PLATINUM 8573C @ 3100.737MHz
BenchmarkSimpleBuiltins-4   	  373704	      1529 ns/op
PASS

shortname: benhoyt_goawk-SimpleBuiltins
toolchain: LLGoFullLTO
goos: linux
goarch: amd64
pkg: github.com/benhoyt/goawk/interp
cpu: INTEL(R) XEON(R) PLATINUM 8573C @ 3100.121MHz
BenchmarkSimpleBuiltins-4   	  370952	      1531 ns/op
PASS

shortname: bloom_bits-BitSetExtractDeposit%2Fsize%3D64%2Ffn%3DDepositTo
toolchain: LLGoFullLTO
goos: linux
goarch: amd64
pkg: github.com/bits-and-blooms/bitset
cpu: INTEL(R) XEON(R) PLATINUM 8573C @ 3099.873MHz
BenchmarkBitSetExtractDeposit/size=64/fn=DepositTo-4         	30483402	        19.56 ns/op	       0 B/op	       0 allocs/op
PASS

shortname: bloom_bits-BitSetExtractDeposit%2Fsize%3D64%2Ffn%3DDepositTo
toolchain: LLGoFullLTO
goos: linux
goarch: amd64
pkg: github.com/bits-and-blooms/bitset
cpu: INTEL(R) XEON(R) PLATINUM 8573C @ 3099.810MHz
BenchmarkBitSetExtractDeposit/size=64/fn=DepositTo-4         	30711752	        19.65 ns/op	       0 B/op	       0 allocs/op
PASS

shortname: bloom_bits-BitSetExtractDeposit%2Fsize%3D64%2Ffn%3DDepositTo
toolchain: LLGoFullLTO
goos: linux
goarch: amd64
pkg: github.com/bits-and-blooms/bitset
cpu: INTEL(R) XEON(R) PLATINUM 8573C @ 3100.339MHz
BenchmarkBitSetExtractDeposit/size=64/fn=DepositTo-4         	30801628	        19.63 ns/op	       0 B/op	       0 allocs/op
PASS

shortname: bloom_bits-BitSetExtractDeposit%2Fsize%3D64%2Ffn%3DDepositTo
toolchain: LLGoFullLTO
goos: linux
goarch: amd64
pkg: github.com/bits-and-blooms/bitset
cpu: INTEL(R) XEON(R) PLATINUM 8573C @ 3099.997MHz
BenchmarkBitSetExtractDeposit/size=64/fn=DepositTo-4         	30723338	        19.52 ns/op	       0 B/op	       0 allocs/op
PASS

shortname: bloom_bits-BitSetExtractDeposit%2Fsize%3D64%2Ffn%3DDepositTo
toolchain: LLGoFullLTO
goos: linux
goarch: amd64
pkg: github.com/bits-and-blooms/bitset
cpu: INTEL(R) XEON(R) PLATINUM 8573C @ 3099.904MHz
BenchmarkBitSetExtractDeposit/size=64/fn=DepositTo-4         	30457408	        19.57 ns/op	       0 B/op	       0 allocs/op
PASS

shortname: capnproto2-Growth_MultiSegment
toolchain: LLGoFullLTO
goos: linux
goarch: amd64
pkg: zombiezen.com/go/capnproto2
cpu: INTEL(R) XEON(R) PLATINUM 8573C @ 3107.134MHz
BenchmarkGrowth_MultiSegment-4   	      30	  19629958 ns/op	  53.42 MB/s	 8310440 B/op	       0 allocs/op
PASS

shortname: capnproto2-Growth_MultiSegment
toolchain: LLGoFullLTO
goos: linux
goarch: amd64
pkg: zombiezen.com/go/capnproto2
cpu: INTEL(R) XEON(R) PLATINUM 8573C @ 3100.028MHz
BenchmarkGrowth_MultiSegment-4   	      28	  19648945 ns/op	  53.37 MB/s	 8310362 B/op	       0 allocs/op
PASS

shortname: capnproto2-Growth_MultiSegment
toolchain: LLGoFullLTO
goos: linux
goarch: amd64
pkg: zombiezen.com/go/capnproto2
cpu: INTEL(R) XEON(R) PLATINUM 8573C @ 3100.431MHz
BenchmarkGrowth_MultiSegment-4   	      30	  19518829 ns/op	  53.72 MB/s	 8311397 B/op	       0 allocs/op
PASS

shortname: capnproto2-Growth_MultiSegment
toolchain: LLGoFullLTO
goos: linux
goarch: amd64
pkg: zombiezen.com/go/capnproto2
cpu: INTEL(R) XEON(R) PLATINUM 8573C @ 3100.059MHz
BenchmarkGrowth_MultiSegment-4   	      30	  19457855 ns/op	  53.89 MB/s	 8310548 B/op	       0 allocs/op
PASS

shortname: capnproto2-Growth_MultiSegment
toolchain: LLGoFullLTO
goos: linux
goarch: amd64
pkg: zombiezen.com/go/capnproto2
cpu: INTEL(R) XEON(R) PLATINUM 8573C @ 3100.311MHz
BenchmarkGrowth_MultiSegment-4   	      30	  19611453 ns/op	  53.47 MB/s	 8310440 B/op	       0 allocs/op
PASS

shortname: capnproto2-Unmarshal_Reuse
toolchain: LLGoFullLTO
goos: linux
goarch: amd64
pkg: zombiezen.com/go/capnproto2
cpu: INTEL(R) XEON(R) PLATINUM 8573C @ 3096.376MHz
BenchmarkUnmarshal_Reuse-4   	 1000000	       555.7 ns/op	     272 B/op	       0 allocs/op
PASS

shortname: capnproto2-Unmarshal_Reuse
toolchain: LLGoFullLTO
goos: linux
goarch: amd64
pkg: zombiezen.com/go/capnproto2
cpu: INTEL(R) XEON(R) PLATINUM 8573C @ 3108.202MHz
BenchmarkUnmarshal_Reuse-4   	 1000000	       554.2 ns/op	     272 B/op	       0 allocs/op
PASS

shortname: capnproto2-Unmarshal_Reuse
toolchain: LLGoFullLTO
goos: linux
goarch: amd64
pkg: zombiezen.com/go/capnproto2
cpu: INTEL(R) XEON(R) PLATINUM 8573C @ 3100.214MHz
BenchmarkUnmarshal_Reuse-4   	 1000000	       546.8 ns/op	     272 B/op	       0 allocs/op
PASS

shortname: capnproto2-Unmarshal_Reuse
toolchain: LLGoFullLTO
goos: linux
goarch: amd64
pkg: zombiezen.com/go/capnproto2
cpu: INTEL(R) XEON(R) PLATINUM 8573C @ 3099.904MHz
BenchmarkUnmarshal_Reuse-4   	 1000000	       542.5 ns/op	     272 B/op	       0 allocs/op
PASS

shortname: capnproto2-Unmarshal_Reuse
toolchain: LLGoFullLTO
goos: linux
goarch: amd64
pkg: zombiezen.com/go/capnproto2
cpu: INTEL(R) XEON(R) PLATINUM 8573C @ 3100.276MHz
BenchmarkUnmarshal_Reuse-4   	 1000000	       551.3 ns/op	     272 B/op	       0 allocs/op
PASS

shortname: commonmark_markdown-RenderSpecNoHTML
toolchain: LLGoFullLTO
goos: linux
goarch: amd64
pkg: gitlab.com/golang-commonmark/markdown
cpu: INTEL(R) XEON(R) PLATINUM 8573C @ 3100.090MHz
BenchmarkRenderSpecNoHTML-4   	      62	   8621108 ns/op
PASS

shortname: commonmark_markdown-RenderSpecNoHTML
toolchain: LLGoFullLTO
goos: linux
goarch: amd64
pkg: gitlab.com/golang-commonmark/markdown
cpu: INTEL(R) XEON(R) PLATINUM 8573C @ 3100.059MHz
BenchmarkRenderSpecNoHTML-4   	      62	   8596843 ns/op
PASS

shortname: commonmark_markdown-RenderSpecNoHTML
toolchain: LLGoFullLTO
goos: linux
goarch: amd64
pkg: gitlab.com/golang-commonmark/markdown
cpu: INTEL(R) XEON(R) PLATINUM 8573C @ 3097.370MHz
BenchmarkRenderSpecNoHTML-4   	      62	   8751946 ns/op
PASS

shortname: commonmark_markdown-RenderSpecNoHTML
toolchain: LLGoFullLTO
goos: linux
goarch: amd64
pkg: gitlab.com/golang-commonmark/markdown
cpu: INTEL(R) XEON(R) PLATINUM 8573C @ 3102.813MHz
BenchmarkRenderSpecNoHTML-4   	      62	   8547431 ns/op
PASS

shortname: commonmark_markdown-RenderSpecNoHTML
toolchain: LLGoFullLTO
goos: linux
goarch: amd64
pkg: gitlab.com/golang-commonmark/markdown
cpu: INTEL(R) XEON(R) PLATINUM 8573C @ 3100.245MHz
BenchmarkRenderSpecNoHTML-4   	      62	   8773488 ns/op
PASS

shortname: dustin_broadcast-ParallelBrodcast
toolchain: LLGoFullLTO
goos: linux
goarch: amd64
pkg: github.com/dustin/go-broadcast
cpu: INTEL(R) XEON(R) PLATINUM 8573C @ 3100.741MHz
BenchmarkParallelBrodcast-4   	   20438	     27572 ns/op
PASS

shortname: dustin_broadcast-ParallelBrodcast
toolchain: LLGoFullLTO
goos: linux
goarch: amd64
pkg: github.com/dustin/go-broadcast
cpu: INTEL(R) XEON(R) PLATINUM 8573C @ 3099.751MHz
BenchmarkParallelBrodcast-4   	   23224	     27713 ns/op
PASS

shortname: dustin_broadcast-ParallelBrodcast
toolchain: LLGoFullLTO
goos: linux
goarch: amd64
pkg: github.com/dustin/go-broadcast
cpu: INTEL(R) XEON(R) PLATINUM 8573C @ 3100.287MHz
BenchmarkParallelBrodcast-4   	   21796	     27180 ns/op
PASS

shortname: dustin_broadcast-ParallelBrodcast
toolchain: LLGoFullLTO
goos: linux
goarch: amd64
pkg: github.com/dustin/go-broadcast
cpu: INTEL(R) XEON(R) PLATINUM 8573C @ 3099.121MHz
BenchmarkParallelBrodcast-4   	   21296	     30614 ns/op
PASS

shortname: dustin_broadcast-ParallelBrodcast
toolchain: LLGoFullLTO
goos: linux
goarch: amd64
pkg: github.com/dustin/go-broadcast
cpu: INTEL(R) XEON(R) PLATINUM 8573C @ 3099.748MHz
BenchmarkParallelBrodcast-4   	   21702	     28079 ns/op
PASS

shortname: dustin_humanize-BigCommas
toolchain: LLGoFullLTO
goos: linux
goarch: amd64
pkg: github.com/dustin/go-humanize
cpu: INTEL(R) XEON(R) PLATINUM 8573C @ 3100.121MHz
BenchmarkBigCommas-4   	  303792	      1814 ns/op
PASS

shortname: dustin_humanize-BigCommas
toolchain: LLGoFullLTO
goos: linux
goarch: amd64
pkg: github.com/dustin/go-humanize
cpu: INTEL(R) XEON(R) PLATINUM 8573C @ 3099.796MHz
BenchmarkBigCommas-4   	  300253	      1846 ns/op
PASS

shortname: dustin_humanize-BigCommas
toolchain: LLGoFullLTO
goos: linux
goarch: amd64
pkg: github.com/dustin/go-humanize
cpu: INTEL(R) XEON(R) PLATINUM 8573C @ 3100.432MHz
BenchmarkBigCommas-4   	  304402	      1852 ns/op
PASS

shortname: dustin_humanize-BigCommas
toolchain: LLGoFullLTO
goos: linux
goarch: amd64
pkg: github.com/dustin/go-humanize
cpu: INTEL(R) XEON(R) PLATINUM 8573C @ 3100.837MHz
BenchmarkBigCommas-4   	  304080	      1853 ns/op
PASS

shortname: dustin_humanize-BigCommas
toolchain: LLGoFullLTO
goos: linux
goarch: amd64
pkg: github.com/dustin/go-humanize
cpu: INTEL(R) XEON(R) PLATINUM 8573C @ 3100.496MHz
BenchmarkBigCommas-4   	  306652	      1866 ns/op
PASS

shortname: dustin_humanize-Commaf
toolchain: LLGoFullLTO
goos: linux
goarch: amd64
pkg: github.com/dustin/go-humanize
cpu: INTEL(R) XEON(R) PLATINUM 8573C @ 3099.779MHz
BenchmarkCommaf-4   	  660994	       835.4 ns/op
PASS

shortname: dustin_humanize-Commaf
toolchain: LLGoFullLTO
goos: linux
goarch: amd64
pkg: github.com/dustin/go-humanize
cpu: INTEL(R) XEON(R) PLATINUM 8573C @ 3100.092MHz
BenchmarkCommaf-4   	  662204	       818.4 ns/op
PASS

shortname: dustin_humanize-Commaf
toolchain: LLGoFullLTO
goos: linux
goarch: amd64
pkg: github.com/dustin/go-humanize
cpu: INTEL(R) XEON(R) PLATINUM 8573C @ 3099.873MHz
BenchmarkCommaf-4   	  607884	       894.2 ns/op
PASS

shortname: dustin_humanize-Commaf
toolchain: LLGoFullLTO
goos: linux
goarch: amd64
pkg: github.com/dustin/go-humanize
cpu: INTEL(R) XEON(R) PLATINUM 8573C @ 3100.059MHz
BenchmarkCommaf-4   	  646758	       830.2 ns/op
PASS

shortname: dustin_humanize-Commaf
toolchain: LLGoFullLTO
goos: linux
goarch: amd64
pkg: github.com/dustin/go-humanize
cpu: INTEL(R) XEON(R) PLATINUM 8573C @ 3099.780MHz
BenchmarkCommaf-4   	  660687	       825.7 ns/op
PASS

shortname: dustin_humanize-ParseBytes
toolchain: LLGoFullLTO
goos: linux
goarch: amd64
pkg: github.com/dustin/go-humanize
cpu: INTEL(R) XEON(R) PLATINUM 8573C @ 3099.931MHz
BenchmarkParseBytes-4   	 2402955	       245.6 ns/op
PASS

shortname: dustin_humanize-ParseBytes
toolchain: LLGoFullLTO
goos: linux
goarch: amd64
pkg: github.com/dustin/go-humanize
cpu: INTEL(R) XEON(R) PLATINUM 8573C @ 3100.059MHz
BenchmarkParseBytes-4   	 2443666	       241.4 ns/op
PASS

shortname: dustin_humanize-ParseBytes
toolchain: LLGoFullLTO
goos: linux
goarch: amd64
pkg: github.com/dustin/go-humanize
cpu: INTEL(R) XEON(R) PLATINUM 8573C @ 3100.090MHz
BenchmarkParseBytes-4   	 2432437	       251.3 ns/op
PASS

shortname: dustin_humanize-ParseBytes
toolchain: LLGoFullLTO
goos: linux
goarch: amd64
pkg: github.com/dustin/go-humanize
cpu: INTEL(R) XEON(R) PLATINUM 8573C @ 3099.935MHz
BenchmarkParseBytes-4   	 2454854	       242.0 ns/op
PASS

shortname: dustin_humanize-ParseBytes
toolchain: LLGoFullLTO
goos: linux
goarch: amd64
pkg: github.com/dustin/go-humanize
cpu: INTEL(R) XEON(R) PLATINUM 8573C @ 3131.492MHz
BenchmarkParseBytes-4   	 2410050	       245.4 ns/op
PASS

shortname: dustin_humanize-ParseSI
toolchain: LLGoFullLTO
goos: linux
goarch: amd64
pkg: github.com/dustin/go-humanize
cpu: INTEL(R) XEON(R) PLATINUM 8573C @ 3099.997MHz
BenchmarkParseSI-4   	  456336	      1170 ns/op
PASS

shortname: dustin_humanize-ParseSI
toolchain: LLGoFullLTO
goos: linux
goarch: amd64
pkg: github.com/dustin/go-humanize
cpu: INTEL(R) XEON(R) PLATINUM 8573C @ 3099.904MHz
BenchmarkParseSI-4   	  448194	      1183 ns/op
PASS

shortname: dustin_humanize-ParseSI
toolchain: LLGoFullLTO
goos: linux
goarch: amd64
pkg: github.com/dustin/go-humanize
cpu: INTEL(R) XEON(R) PLATINUM 8573C @ 3100.558MHz
BenchmarkParseSI-4   	  449743	      1181 ns/op
PASS

shortname: dustin_humanize-ParseSI
toolchain: LLGoFullLTO
goos: linux
goarch: amd64
pkg: github.com/dustin/go-humanize
cpu: INTEL(R) XEON(R) PLATINUM 8573C @ 3099.779MHz
BenchmarkParseSI-4   	  447758	      1189 ns/op
PASS

shortname: dustin_humanize-ParseSI
toolchain: LLGoFullLTO
goos: linux
goarch: amd64
pkg: github.com/dustin/go-humanize
cpu: INTEL(R) XEON(R) PLATINUM 8573C @ 3099.997MHz
BenchmarkParseSI-4   	  444158	      1203 ns/op
PASS

shortname: ericlagergren_decimal-Mandelbrot_decimal_GDA_9
toolchain: LLGoFullLTO
goos: linux
goarch: amd64
pkg: github.com/ericlagergren/decimal_benchmarks
cpu: INTEL(R) XEON(R) PLATINUM 8573C @ 3100.680MHz
BenchmarkMandelbrot_decimal_GDA_9-4   	       1	4803359864 ns/op
PASS

shortname: ericlagergren_decimal-Mandelbrot_decimal_GDA_9
toolchain: LLGoFullLTO
goos: linux
goarch: amd64
pkg: github.com/ericlagergren/decimal_benchmarks
cpu: INTEL(R) XEON(R) PLATINUM 8573C @ 3099.997MHz
BenchmarkMandelbrot_decimal_GDA_9-4   	       1	4785373945 ns/op
PASS

shortname: ericlagergren_decimal-Mandelbrot_decimal_GDA_9
toolchain: LLGoFullLTO
goos: linux
goarch: amd64
pkg: github.com/ericlagergren/decimal_benchmarks
cpu: INTEL(R) XEON(R) PLATINUM 8573C @ 2300.000MHz
BenchmarkMandelbrot_decimal_GDA_9-4   	       1	4795099553 ns/op
PASS

shortname: ericlagergren_decimal-Mandelbrot_decimal_GDA_9
toolchain: LLGoFullLTO
goos: linux
goarch: amd64
pkg: github.com/ericlagergren/decimal_benchmarks
cpu: INTEL(R) XEON(R) PLATINUM 8573C @ 2300.000MHz
BenchmarkMandelbrot_decimal_GDA_9-4   	       1	4782720752 ns/op
PASS

shortname: ericlagergren_decimal-Mandelbrot_decimal_GDA_9
toolchain: LLGoFullLTO
goos: linux
goarch: amd64
pkg: github.com/ericlagergren/decimal_benchmarks
cpu: INTEL(R) XEON(R) PLATINUM 8573C @ 3016.099MHz
BenchmarkMandelbrot_decimal_GDA_9-4   	       1	4813494078 ns/op
PASS

shortname: ericlagergren_decimal-Pi%2Ffoo%3Dapmckinlay%2Fprec%3D19
toolchain: LLGoFullLTO
goos: linux
goarch: amd64
pkg: github.com/ericlagergren/decimal_benchmarks
cpu: INTEL(R) XEON(R) PLATINUM 8573C @ 3100.867MHz
BenchmarkPi/foo=apmckinlay/prec=19-4 	   85410	      6440 ns/op
PASS

shortname: ericlagergren_decimal-Pi%2Ffoo%3Dapmckinlay%2Fprec%3D19
toolchain: LLGoFullLTO
goos: linux
goarch: amd64
pkg: github.com/ericlagergren/decimal_benchmarks
cpu: INTEL(R) XEON(R) PLATINUM 8573C @ 3000.346MHz
BenchmarkPi/foo=apmckinlay/prec=19-4 	   85359	      6387 ns/op
PASS

shortname: ericlagergren_decimal-Pi%2Ffoo%3Dapmckinlay%2Fprec%3D19
toolchain: LLGoFullLTO
goos: linux
goarch: amd64
pkg: github.com/ericlagergren/decimal_benchmarks
cpu: INTEL(R) XEON(R) PLATINUM 8573C @ 3100.031MHz
BenchmarkPi/foo=apmckinlay/prec=19-4 	   87132	      6383 ns/op
PASS

shortname: ericlagergren_decimal-Pi%2Ffoo%3Dapmckinlay%2Fprec%3D19
toolchain: LLGoFullLTO
goos: linux
goarch: amd64
pkg: github.com/ericlagergren/decimal_benchmarks
cpu: INTEL(R) XEON(R) PLATINUM 8573C @ 3100.185MHz
BenchmarkPi/foo=apmckinlay/prec=19-4 	   85348	      6357 ns/op
PASS

shortname: ericlagergren_decimal-Pi%2Ffoo%3Dapmckinlay%2Fprec%3D19
toolchain: LLGoFullLTO
goos: linux
goarch: amd64
pkg: github.com/ericlagergren/decimal_benchmarks
cpu: INTEL(R) XEON(R) PLATINUM 8573C @ 3100.324MHz
BenchmarkPi/foo=apmckinlay/prec=19-4 	   86262	      6377 ns/op
PASS

shortname: ericlagergren_decimal-Pi%2Ffoo%3Dcockroachdb%2Fapd%2Fprec%3D100
toolchain: LLGoFullLTO
goos: linux
goarch: amd64
pkg: github.com/ericlagergren/decimal_benchmarks
cpu: INTEL(R) XEON(R) PLATINUM 8573C @ 2300.000MHz
BenchmarkPi/foo=cockroachdb/apd/prec=100-4         	      21	  27843850 ns/op
PASS

shortname: ericlagergren_decimal-Pi%2Ffoo%3Dcockroachdb%2Fapd%2Fprec%3D100
toolchain: LLGoFullLTO
goos: linux
goarch: amd64
pkg: github.com/ericlagergren/decimal_benchmarks
cpu: INTEL(R) XEON(R) PLATINUM 8573C @ 3100.028MHz
BenchmarkPi/foo=cockroachdb/apd/prec=100-4         	      21	  26774373 ns/op
PASS

shortname: ericlagergren_decimal-Pi%2Ffoo%3Dcockroachdb%2Fapd%2Fprec%3D100
toolchain: LLGoFullLTO
goos: linux
goarch: amd64
pkg: github.com/ericlagergren/decimal_benchmarks
cpu: INTEL(R) XEON(R) PLATINUM 8573C @ 2300.000MHz
BenchmarkPi/foo=cockroachdb/apd/prec=100-4         	      21	  26695792 ns/op
PASS

shortname: ericlagergren_decimal-Pi%2Ffoo%3Dcockroachdb%2Fapd%2Fprec%3D100
toolchain: LLGoFullLTO
goos: linux
goarch: amd64
pkg: github.com/ericlagergren/decimal_benchmarks
cpu: INTEL(R) XEON(R) PLATINUM 8573C @ 2300.000MHz
BenchmarkPi/foo=cockroachdb/apd/prec=100-4         	      21	  26676665 ns/op
PASS

shortname: ericlagergren_decimal-Pi%2Ffoo%3Dcockroachdb%2Fapd%2Fprec%3D100
toolchain: LLGoFullLTO
goos: linux
goarch: amd64
pkg: github.com/ericlagergren/decimal_benchmarks
cpu: INTEL(R) XEON(R) PLATINUM 8573C @ 2300.000MHz
BenchmarkPi/foo=cockroachdb/apd/prec=100-4         	      21	  26495641 ns/op
PASS

shortname: ericlagergren_decimal-Pi%2Ffoo%3Dgo-inf%2Fprec%3D100
toolchain: LLGoFullLTO
goos: linux
goarch: amd64
pkg: github.com/ericlagergren/decimal_benchmarks
cpu: INTEL(R) XEON(R) PLATINUM 8573C @ 3101.654MHz
BenchmarkPi/foo=go-inf/prec=100-4         	    2365	    241660 ns/op
PASS

shortname: ericlagergren_decimal-Pi%2Ffoo%3Dgo-inf%2Fprec%3D100
toolchain: LLGoFullLTO
goos: linux
goarch: amd64
pkg: github.com/ericlagergren/decimal_benchmarks
cpu: INTEL(R) XEON(R) PLATINUM 8573C @ 3099.780MHz
BenchmarkPi/foo=go-inf/prec=100-4         	    2376	    239040 ns/op
PASS

shortname: ericlagergren_decimal-Pi%2Ffoo%3Dgo-inf%2Fprec%3D100
toolchain: LLGoFullLTO
goos: linux
goarch: amd64
pkg: github.com/ericlagergren/decimal_benchmarks
cpu: INTEL(R) XEON(R) PLATINUM 8573C @ 3099.900MHz
BenchmarkPi/foo=go-inf/prec=100-4         	    2343	    242565 ns/op
PASS

shortname: ericlagergren_decimal-Pi%2Ffoo%3Dgo-inf%2Fprec%3D100
toolchain: LLGoFullLTO
goos: linux
goarch: amd64
pkg: github.com/ericlagergren/decimal_benchmarks
cpu: INTEL(R) XEON(R) PLATINUM 8573C @ 3099.873MHz
BenchmarkPi/foo=go-inf/prec=100-4         	    2383	    247964 ns/op
PASS

shortname: ericlagergren_decimal-Pi%2Ffoo%3Dgo-inf%2Fprec%3D100
toolchain: LLGoFullLTO
goos: linux
goarch: amd64
pkg: github.com/ericlagergren/decimal_benchmarks
cpu: INTEL(R) XEON(R) PLATINUM 8573C @ 3099.935MHz
BenchmarkPi/foo=go-inf/prec=100-4         	    2401	    237527 ns/op
PASS

shortname: gonum_community-NewDirectedLayers%2FgraphSize%3D10%2CnumGraphs%3D1
toolchain: LLGoFullLTO
goos: linux
goarch: amd64
pkg: gonum.org/v1/gonum/graph/community
cpu: INTEL(R) XEON(R) PLATINUM 8573C @ 3100.029MHz
BenchmarkNewDirectedLayers/graphSize=10,numGraphs=1-4         	  487416	      1156 ns/op
PASS

shortname: gonum_community-NewDirectedLayers%2FgraphSize%3D10%2CnumGraphs%3D1
toolchain: LLGoFullLTO
goos: linux
goarch: amd64
pkg: gonum.org/v1/gonum/graph/community
cpu: INTEL(R) XEON(R) PLATINUM 8573C @ 3099.904MHz
BenchmarkNewDirectedLayers/graphSize=10,numGraphs=1-4         	  477520	      1152 ns/op
PASS

shortname: gonum_community-NewDirectedLayers%2FgraphSize%3D10%2CnumGraphs%3D1
toolchain: LLGoFullLTO
goos: linux
goarch: amd64
pkg: gonum.org/v1/gonum/graph/community
cpu: INTEL(R) XEON(R) PLATINUM 8573C @ 3100.152MHz
BenchmarkNewDirectedLayers/graphSize=10,numGraphs=1-4         	  474160	      1152 ns/op
PASS

shortname: gonum_community-NewDirectedLayers%2FgraphSize%3D10%2CnumGraphs%3D1
toolchain: LLGoFullLTO
goos: linux
goarch: amd64
pkg: gonum.org/v1/gonum/graph/community
cpu: INTEL(R) XEON(R) PLATINUM 8573C @ 3100.152MHz
BenchmarkNewDirectedLayers/graphSize=10,numGraphs=1-4         	  474919	      1220 ns/op
PASS

shortname: gonum_community-NewDirectedLayers%2FgraphSize%3D10%2CnumGraphs%3D1
toolchain: LLGoFullLTO
goos: linux
goarch: amd64
pkg: gonum.org/v1/gonum/graph/community
cpu: INTEL(R) XEON(R) PLATINUM 8573C @ 3099.997MHz
BenchmarkNewDirectedLayers/graphSize=10,numGraphs=1-4         	  478158	      1157 ns/op
PASS

shortname: gonum_community-NewDirectedLayers%2FgraphSize%3D1000%2CnumGraphs%3D1
toolchain: LLGoFullLTO
goos: linux
goarch: amd64
pkg: gonum.org/v1/gonum/graph/community
cpu: INTEL(R) XEON(R) PLATINUM 8573C @ 3100.308MHz
BenchmarkNewDirectedLayers/graphSize=1000,numGraphs=1-4         	    4134	    129231 ns/op
PASS

shortname: gonum_community-NewDirectedLayers%2FgraphSize%3D1000%2CnumGraphs%3D1
toolchain: LLGoFullLTO
goos: linux
goarch: amd64
pkg: gonum.org/v1/gonum/graph/community
cpu: INTEL(R) XEON(R) PLATINUM 8573C @ 3100.121MHz
BenchmarkNewDirectedLayers/graphSize=1000,numGraphs=1-4         	    4273	    126456 ns/op
PASS

shortname: gonum_community-NewDirectedLayers%2FgraphSize%3D1000%2CnumGraphs%3D1
toolchain: LLGoFullLTO
goos: linux
goarch: amd64
pkg: gonum.org/v1/gonum/graph/community
cpu: INTEL(R) XEON(R) PLATINUM 8573C @ 3100.214MHz
BenchmarkNewDirectedLayers/graphSize=1000,numGraphs=1-4         	    4255	    131040 ns/op
PASS

shortname: gonum_community-NewDirectedLayers%2FgraphSize%3D1000%2CnumGraphs%3D1
toolchain: LLGoFullLTO
goos: linux
goarch: amd64
pkg: gonum.org/v1/gonum/graph/community
cpu: INTEL(R) XEON(R) PLATINUM 8573C @ 3101.213MHz
BenchmarkNewDirectedLayers/graphSize=1000,numGraphs=1-4         	    4274	    130086 ns/op
PASS

shortname: gonum_community-NewDirectedLayers%2FgraphSize%3D1000%2CnumGraphs%3D1
toolchain: LLGoFullLTO
goos: linux
goarch: amd64
pkg: gonum.org/v1/gonum/graph/community
cpu: INTEL(R) XEON(R) PLATINUM 8573C @ 3100.183MHz
BenchmarkNewDirectedLayers/graphSize=1000,numGraphs=1-4         	    4227	    129556 ns/op
PASS

shortname: gonum_community-NewUndirectedLayers%2FgraphSize%3D1000%2CnumGraphs%3D10
toolchain: LLGoFullLTO
goos: linux
goarch: amd64
pkg: gonum.org/v1/gonum/graph/community
cpu: INTEL(R) XEON(R) PLATINUM 8573C @ 3099.655MHz
BenchmarkNewUndirectedLayers/graphSize=1000,numGraphs=10-4         	     326	   1798768 ns/op
PASS

shortname: gonum_community-NewUndirectedLayers%2FgraphSize%3D1000%2CnumGraphs%3D10
toolchain: LLGoFullLTO
goos: linux
goarch: amd64
pkg: gonum.org/v1/gonum/graph/community
cpu: INTEL(R) XEON(R) PLATINUM 8573C @ 3099.408MHz
BenchmarkNewUndirectedLayers/graphSize=1000,numGraphs=10-4         	     321	   1793201 ns/op
PASS

shortname: gonum_community-NewUndirectedLayers%2FgraphSize%3D1000%2CnumGraphs%3D10
toolchain: LLGoFullLTO
goos: linux
goarch: amd64
pkg: gonum.org/v1/gonum/graph/community
cpu: INTEL(R) XEON(R) PLATINUM 8573C @ 3096.900MHz
BenchmarkNewUndirectedLayers/graphSize=1000,numGraphs=10-4         	     321	   1802451 ns/op
PASS

shortname: gonum_community-NewUndirectedLayers%2FgraphSize%3D1000%2CnumGraphs%3D10
toolchain: LLGoFullLTO
goos: linux
goarch: amd64
pkg: gonum.org/v1/gonum/graph/community
cpu: INTEL(R) XEON(R) PLATINUM 8573C @ 3100.462MHz
BenchmarkNewUndirectedLayers/graphSize=1000,numGraphs=10-4         	     330	   1782948 ns/op
PASS

shortname: gonum_community-NewUndirectedLayers%2FgraphSize%3D1000%2CnumGraphs%3D10
toolchain: LLGoFullLTO
goos: linux
goarch: amd64
pkg: gonum.org/v1/gonum/graph/community
cpu: INTEL(R) XEON(R) PLATINUM 8573C @ 3094.071MHz
BenchmarkNewUndirectedLayers/graphSize=1000,numGraphs=10-4         	     330	   1816169 ns/op
PASS

shortname: gonum_lapack_native-Dgeev%2FCirculant5
toolchain: LLGoFullLTO
goos: linux
goarch: amd64
pkg: gonum.org/v1/gonum/lapack/gonum
cpu: INTEL(R) XEON(R) PLATINUM 8573C @ 3100.649MHz
BenchmarkDgeev/Circulant5-4         	   12129	     49663 ns/op
PASS

shortname: gonum_lapack_native-Dgeev%2FCirculant5
toolchain: LLGoFullLTO
goos: linux
goarch: amd64
pkg: gonum.org/v1/gonum/lapack/gonum
cpu: INTEL(R) XEON(R) PLATINUM 8573C @ 3099.576MHz
BenchmarkDgeev/Circulant5-4         	   12225	     49636 ns/op
PASS

shortname: gonum_lapack_native-Dgeev%2FCirculant5
toolchain: LLGoFullLTO
goos: linux
goarch: amd64
pkg: gonum.org/v1/gonum/lapack/gonum
cpu: INTEL(R) XEON(R) PLATINUM 8573C @ 3100.495MHz
BenchmarkDgeev/Circulant5-4         	   12310	     48862 ns/op
PASS

shortname: gonum_lapack_native-Dgeev%2FCirculant5
toolchain: LLGoFullLTO
goos: linux
goarch: amd64
pkg: gonum.org/v1/gonum/lapack/gonum
cpu: INTEL(R) XEON(R) PLATINUM 8573C @ 3099.957MHz
BenchmarkDgeev/Circulant5-4         	   12093	     49036 ns/op
PASS

shortname: gonum_lapack_native-Dgeev%2FCirculant5
toolchain: LLGoFullLTO
goos: linux
goarch: amd64
pkg: gonum.org/v1/gonum/lapack/gonum
cpu: INTEL(R) XEON(R) PLATINUM 8573C @ 3100.308MHz
BenchmarkDgeev/Circulant5-4         	   12235	     49259 ns/op
PASS

shortname: gonum_mat-AddScaledVec10Inc1
toolchain: LLGoFullLTO
goos: linux
goarch: amd64
pkg: gonum.org/v1/gonum/mat
cpu: INTEL(R) XEON(R) PLATINUM 8573C @ 3100.525MHz
BenchmarkAddScaledVec10Inc1-4   	  311859	      1947 ns/op
PASS

shortname: gonum_mat-AddScaledVec10Inc1
toolchain: LLGoFullLTO
goos: linux
goarch: amd64
pkg: gonum.org/v1/gonum/mat
cpu: INTEL(R) XEON(R) PLATINUM 8573C @ 3100.124MHz
BenchmarkAddScaledVec10Inc1-4   	  307138	      1953 ns/op
PASS

shortname: gonum_mat-AddScaledVec10Inc1
toolchain: LLGoFullLTO
goos: linux
goarch: amd64
pkg: gonum.org/v1/gonum/mat
cpu: INTEL(R) XEON(R) PLATINUM 8573C @ 3100.254MHz
BenchmarkAddScaledVec10Inc1-4   	  260102	      1940 ns/op
PASS

shortname: gonum_mat-AddScaledVec10Inc1
toolchain: LLGoFullLTO
goos: linux
goarch: amd64
pkg: gonum.org/v1/gonum/mat
cpu: INTEL(R) XEON(R) PLATINUM 8573C @ 3100.028MHz
BenchmarkAddScaledVec10Inc1-4   	  268328	      1918 ns/op
PASS

shortname: gonum_mat-AddScaledVec10Inc1
toolchain: LLGoFullLTO
goos: linux
goarch: amd64
pkg: gonum.org/v1/gonum/mat
cpu: INTEL(R) XEON(R) PLATINUM 8573C @ 3099.748MHz
BenchmarkAddScaledVec10Inc1-4   	  264631	      1922 ns/op
PASS

shortname: gonum_mat-CholeskyFactorize%2Fn%3D10
toolchain: LLGoFullLTO
goos: linux
goarch: amd64
pkg: gonum.org/v1/gonum/mat
cpu: INTEL(R) XEON(R) PLATINUM 8573C @ 3100.332MHz
BenchmarkCholeskyFactorize/n=10-4         	   27220	     21698 ns/op
PASS

shortname: gonum_mat-CholeskyFactorize%2Fn%3D10
toolchain: LLGoFullLTO
goos: linux
goarch: amd64
pkg: gonum.org/v1/gonum/mat
cpu: INTEL(R) XEON(R) PLATINUM 8573C @ 3100.028MHz
BenchmarkCholeskyFactorize/n=10-4         	   27409	     21580 ns/op
PASS

shortname: gonum_mat-CholeskyFactorize%2Fn%3D10
toolchain: LLGoFullLTO
goos: linux
goarch: amd64
pkg: gonum.org/v1/gonum/mat
cpu: INTEL(R) XEON(R) PLATINUM 8573C @ 3100.465MHz
BenchmarkCholeskyFactorize/n=10-4         	   26812	     21845 ns/op
PASS

shortname: gonum_mat-CholeskyFactorize%2Fn%3D10
toolchain: LLGoFullLTO
goos: linux
goarch: amd64
pkg: gonum.org/v1/gonum/mat
cpu: INTEL(R) XEON(R) PLATINUM 8573C @ 3100.028MHz
BenchmarkCholeskyFactorize/n=10-4         	   26988	     22340 ns/op
PASS

shortname: gonum_mat-CholeskyFactorize%2Fn%3D10
toolchain: LLGoFullLTO
goos: linux
goarch: amd64
pkg: gonum.org/v1/gonum/mat
cpu: INTEL(R) XEON(R) PLATINUM 8573C @ 3100.183MHz
BenchmarkCholeskyFactorize/n=10-4         	   26546	     22025 ns/op
PASS

shortname: gonum_mat-CholeskyInverseTo%2Fn%3D100
toolchain: LLGoFullLTO
goos: linux
goarch: amd64
pkg: gonum.org/v1/gonum/mat
cpu: INTEL(R) XEON(R) PLATINUM 8573C @ 3099.656MHz
BenchmarkCholeskyInverseTo/n=100-4         	    2096	    284135 ns/op
PASS

shortname: gonum_mat-CholeskyInverseTo%2Fn%3D100
toolchain: LLGoFullLTO
goos: linux
goarch: amd64
pkg: gonum.org/v1/gonum/mat
cpu: INTEL(R) XEON(R) PLATINUM 8573C @ 3100.121MHz
BenchmarkCholeskyInverseTo/n=100-4         	    2112	    290212 ns/op
PASS

shortname: gonum_mat-CholeskyInverseTo%2Fn%3D100
toolchain: LLGoFullLTO
goos: linux
goarch: amd64
pkg: gonum.org/v1/gonum/mat
cpu: INTEL(R) XEON(R) PLATINUM 8573C @ 3102.126MHz
BenchmarkCholeskyInverseTo/n=100-4         	    2101	    284437 ns/op
PASS

shortname: gonum_mat-CholeskyInverseTo%2Fn%3D100
toolchain: LLGoFullLTO
goos: linux
goarch: amd64
pkg: gonum.org/v1/gonum/mat
cpu: INTEL(R) XEON(R) PLATINUM 8573C @ 3099.904MHz
BenchmarkCholeskyInverseTo/n=100-4         	    2108	    283432 ns/op
PASS

shortname: gonum_mat-CholeskyInverseTo%2Fn%3D100
toolchain: LLGoFullLTO
goos: linux
goarch: amd64
pkg: gonum.org/v1/gonum/mat
cpu: INTEL(R) XEON(R) PLATINUM 8573C @ 3100.028MHz
BenchmarkCholeskyInverseTo/n=100-4         	    2121	    283354 ns/op
PASS

shortname: gonum_mat-MarshalToVecDense10
toolchain: LLGoFullLTO
goos: linux
goarch: amd64
pkg: gonum.org/v1/gonum/mat
cpu: INTEL(R) XEON(R) PLATINUM 8573C @ 3100.310MHz
BenchmarkMarshalToVecDense10-4   	  342003	      1675 ns/op
PASS

shortname: gonum_mat-MarshalToVecDense10
toolchain: LLGoFullLTO
goos: linux
goarch: amd64
pkg: gonum.org/v1/gonum/mat
cpu: INTEL(R) XEON(R) PLATINUM 8573C @ 3099.997MHz
BenchmarkMarshalToVecDense10-4   	  341965	      1677 ns/op
PASS

shortname: gonum_mat-MarshalToVecDense10
toolchain: LLGoFullLTO
goos: linux
goarch: amd64
pkg: gonum.org/v1/gonum/mat
cpu: INTEL(R) XEON(R) PLATINUM 8573C @ 3101.173MHz
BenchmarkMarshalToVecDense10-4   	  341756	      1683 ns/op
PASS

shortname: gonum_mat-MarshalToVecDense10
toolchain: LLGoFullLTO
goos: linux
goarch: amd64
pkg: gonum.org/v1/gonum/mat
cpu: INTEL(R) XEON(R) PLATINUM 8573C @ 3100.512MHz
BenchmarkMarshalToVecDense10-4   	  341377	      1687 ns/op
PASS

shortname: gonum_mat-MarshalToVecDense10
toolchain: LLGoFullLTO
goos: linux
goarch: amd64
pkg: gonum.org/v1/gonum/mat
cpu: INTEL(R) XEON(R) PLATINUM 8573C @ 3100.152MHz
BenchmarkMarshalToVecDense10-4   	  342974	      1693 ns/op
PASS

shortname: gonum_mat-Pool100by100Uncleared
toolchain: LLGoFullLTO
goos: linux
goarch: amd64
pkg: gonum.org/v1/gonum/mat
cpu: INTEL(R) XEON(R) PLATINUM 8573C @ 2999.408MHz
BenchmarkPool100by100Uncleared-4   	15288739	        32.93 ns/op
PASS

shortname: gonum_mat-Pool100by100Uncleared
toolchain: LLGoFullLTO
goos: linux
goarch: amd64
pkg: gonum.org/v1/gonum/mat
cpu: INTEL(R) XEON(R) PLATINUM 8573C @ 3099.501MHz
BenchmarkPool100by100Uncleared-4   	18202202	        32.93 ns/op
PASS

shortname: gonum_mat-Pool100by100Uncleared
toolchain: LLGoFullLTO
goos: linux
goarch: amd64
pkg: gonum.org/v1/gonum/mat
cpu: INTEL(R) XEON(R) PLATINUM 8573C @ 3100.588MHz
BenchmarkPool100by100Uncleared-4   	18223215	        33.00 ns/op
PASS

shortname: gonum_mat-Pool100by100Uncleared
toolchain: LLGoFullLTO
goos: linux
goarch: amd64
pkg: gonum.org/v1/gonum/mat
cpu: INTEL(R) XEON(R) PLATINUM 8573C @ 3099.963MHz
BenchmarkPool100by100Uncleared-4   	18155503	        32.93 ns/op
PASS

shortname: gonum_mat-Pool100by100Uncleared
toolchain: LLGoFullLTO
goos: linux
goarch: amd64
pkg: gonum.org/v1/gonum/mat
cpu: INTEL(R) XEON(R) PLATINUM 8573C @ 3087.918MHz
BenchmarkPool100by100Uncleared-4   	18170043	        32.95 ns/op
PASS

shortname: gonum_mat-TriMulDiag%2FBenchmarkTriMulDiag100
toolchain: LLGoFullLTO
goos: linux
goarch: amd64
pkg: gonum.org/v1/gonum/mat
cpu: INTEL(R) XEON(R) PLATINUM 8573C @ 3099.962MHz
BenchmarkTriMulDiag/BenchmarkTriMulDiag100-4         	    5820	    100604 ns/op
PASS

shortname: gonum_mat-TriMulDiag%2FBenchmarkTriMulDiag100
toolchain: LLGoFullLTO
goos: linux
goarch: amd64
pkg: gonum.org/v1/gonum/mat
cpu: INTEL(R) XEON(R) PLATINUM 8573C @ 3099.780MHz
BenchmarkTriMulDiag/BenchmarkTriMulDiag100-4         	    6172	     95710 ns/op
PASS

shortname: gonum_mat-TriMulDiag%2FBenchmarkTriMulDiag100
toolchain: LLGoFullLTO
goos: linux
goarch: amd64
pkg: gonum.org/v1/gonum/mat
cpu: INTEL(R) XEON(R) PLATINUM 8573C @ 3100.091MHz
BenchmarkTriMulDiag/BenchmarkTriMulDiag100-4         	    6141	     96119 ns/op
PASS

shortname: gonum_mat-TriMulDiag%2FBenchmarkTriMulDiag100
toolchain: LLGoFullLTO
goos: linux
goarch: amd64
pkg: gonum.org/v1/gonum/mat
cpu: INTEL(R) XEON(R) PLATINUM 8573C @ 3099.681MHz
BenchmarkTriMulDiag/BenchmarkTriMulDiag100-4         	    5943	     97559 ns/op
PASS

shortname: gonum_mat-TriMulDiag%2FBenchmarkTriMulDiag100
toolchain: LLGoFullLTO
goos: linux
goarch: amd64
pkg: gonum.org/v1/gonum/mat
cpu: INTEL(R) XEON(R) PLATINUM 8573C @ 3099.687MHz
BenchmarkTriMulDiag/BenchmarkTriMulDiag100-4         	    5980	     96988 ns/op
PASS

shortname: gonum_mat-UnmarshalVecDense10
toolchain: LLGoFullLTO
goos: linux
goarch: amd64
pkg: gonum.org/v1/gonum/mat
cpu: INTEL(R) XEON(R) PLATINUM 8573C @ 3100.121MHz
BenchmarkUnmarshalVecDense10-4   	  495847	      1131 ns/op
PASS

shortname: gonum_mat-UnmarshalVecDense10
toolchain: LLGoFullLTO
goos: linux
goarch: amd64
pkg: gonum.org/v1/gonum/mat
cpu: INTEL(R) XEON(R) PLATINUM 8573C @ 3100.183MHz
BenchmarkUnmarshalVecDense10-4   	  493940	      1143 ns/op
PASS

shortname: gonum_mat-UnmarshalVecDense10
toolchain: LLGoFullLTO
goos: linux
goarch: amd64
pkg: gonum.org/v1/gonum/mat
cpu: INTEL(R) XEON(R) PLATINUM 8573C @ 3099.966MHz
BenchmarkUnmarshalVecDense10-4   	  495772	      1152 ns/op
PASS

shortname: gonum_mat-UnmarshalVecDense10
toolchain: LLGoFullLTO
goos: linux
goarch: amd64
pkg: gonum.org/v1/gonum/mat
cpu: INTEL(R) XEON(R) PLATINUM 8573C @ 3100.806MHz
BenchmarkUnmarshalVecDense10-4   	  500796	      1140 ns/op
PASS

shortname: gonum_mat-UnmarshalVecDense10
toolchain: LLGoFullLTO
goos: linux
goarch: amd64
pkg: gonum.org/v1/gonum/mat
cpu: INTEL(R) XEON(R) PLATINUM 8573C @ 3100.307MHz
BenchmarkUnmarshalVecDense10-4   	  496540	      1139 ns/op
PASS

shortname: gonum_topo-SortStabilizedPath_100000
toolchain: LLGoFullLTO
goos: linux
goarch: amd64
pkg: gonum.org/v1/gonum/graph/topo
cpu: INTEL(R) XEON(R) PLATINUM 8573C @ 2300.000MHz
BenchmarkSortStabilizedPath_100000-4   	       2	 251757202 ns/op
PASS

shortname: gonum_topo-SortStabilizedPath_100000
toolchain: LLGoFullLTO
goos: linux
goarch: amd64
pkg: gonum.org/v1/gonum/graph/topo
cpu: INTEL(R) XEON(R) PLATINUM 8573C @ 2300.000MHz
BenchmarkSortStabilizedPath_100000-4   	       2	 251274790 ns/op
PASS

shortname: gonum_topo-SortStabilizedPath_100000
toolchain: LLGoFullLTO
goos: linux
goarch: amd64
pkg: gonum.org/v1/gonum/graph/topo
cpu: INTEL(R) XEON(R) PLATINUM 8573C @ 3100.090MHz
BenchmarkSortStabilizedPath_100000-4   	       2	 253887572 ns/op
PASS

shortname: gonum_topo-SortStabilizedPath_100000
toolchain: LLGoFullLTO
goos: linux
goarch: amd64
pkg: gonum.org/v1/gonum/graph/topo
cpu: INTEL(R) XEON(R) PLATINUM 8573C @ 3099.966MHz
BenchmarkSortStabilizedPath_100000-4   	       2	 251613488 ns/op
PASS

shortname: gonum_topo-SortStabilizedPath_100000
toolchain: LLGoFullLTO
goos: linux
goarch: amd64
pkg: gonum.org/v1/gonum/graph/topo
cpu: INTEL(R) XEON(R) PLATINUM 8573C @ 2300.000MHz
BenchmarkSortStabilizedPath_100000-4   	       2	 254773933 ns/op
PASS

shortname: gonum_traverse-WalkAllDepthFirstGnp_100_half
toolchain: LLGoFullLTO
goos: linux
goarch: amd64
pkg: gonum.org/v1/gonum/graph/traverse
cpu: INTEL(R) XEON(R) PLATINUM 8573C @ 3100.152MHz
BenchmarkWalkAllDepthFirstGnp_100_half-4   	     645	   1097486 ns/op
PASS

shortname: gonum_traverse-WalkAllDepthFirstGnp_100_half
toolchain: LLGoFullLTO
goos: linux
goarch: amd64
pkg: gonum.org/v1/gonum/graph/traverse
cpu: INTEL(R) XEON(R) PLATINUM 8573C @ 3100.183MHz
BenchmarkWalkAllDepthFirstGnp_100_half-4   	     655	   1084759 ns/op
PASS

shortname: gonum_traverse-WalkAllDepthFirstGnp_100_half
toolchain: LLGoFullLTO
goos: linux
goarch: amd64
pkg: gonum.org/v1/gonum/graph/traverse
cpu: INTEL(R) XEON(R) PLATINUM 8573C @ 3100.307MHz
BenchmarkWalkAllDepthFirstGnp_100_half-4   	     654	   1079594 ns/op
PASS

shortname: gonum_traverse-WalkAllDepthFirstGnp_100_half
toolchain: LLGoFullLTO
goos: linux
goarch: amd64
pkg: gonum.org/v1/gonum/graph/traverse
cpu: INTEL(R) XEON(R) PLATINUM 8573C @ 3099.904MHz
BenchmarkWalkAllDepthFirstGnp_100_half-4   	     652	   1080154 ns/op
PASS

shortname: gonum_traverse-WalkAllDepthFirstGnp_100_half
toolchain: LLGoFullLTO
goos: linux
goarch: amd64
pkg: gonum.org/v1/gonum/graph/traverse
cpu: INTEL(R) XEON(R) PLATINUM 8573C @ 3100.152MHz
BenchmarkWalkAllDepthFirstGnp_100_half-4   	     676	   1048292 ns/op
PASS

shortname: gproto_encoding-TextDecode
toolchain: LLGoFullLTO
goos: linux
goarch: amd64
pkg: google.golang.org/protobuf/encoding
cpu: INTEL(R) XEON(R) PLATINUM 8573C @ 3099.935MHz
BenchmarkTextDecode-4   	       5	 114121675 ns/op
PASS

shortname: gproto_encoding-TextDecode
toolchain: LLGoFullLTO
goos: linux
goarch: amd64
pkg: google.golang.org/protobuf/encoding
cpu: INTEL(R) XEON(R) PLATINUM 8573C @ 3100.094MHz
BenchmarkTextDecode-4   	       5	 112186263 ns/op
PASS

shortname: gproto_encoding-TextDecode
toolchain: LLGoFullLTO
goos: linux
goarch: amd64
pkg: google.golang.org/protobuf/encoding
cpu: INTEL(R) XEON(R) PLATINUM 8573C @ 3099.593MHz
BenchmarkTextDecode-4   	       5	 112153449 ns/op
PASS

shortname: gproto_encoding-TextDecode
toolchain: LLGoFullLTO
goos: linux
goarch: amd64
pkg: google.golang.org/protobuf/encoding
cpu: INTEL(R) XEON(R) PLATINUM 8573C @ 3100.184MHz
BenchmarkTextDecode-4   	       5	 112211404 ns/op
PASS

shortname: gproto_encoding-TextDecode
toolchain: LLGoFullLTO
goos: linux
goarch: amd64
pkg: google.golang.org/protobuf/encoding
cpu: INTEL(R) XEON(R) PLATINUM 8573C @ 3100.059MHz
BenchmarkTextDecode-4   	       5	 112564712 ns/op
PASS

shortname: gproto_json-Bool
toolchain: LLGoFullLTO
goos: linux
goarch: amd64
pkg: google.golang.org/protobuf/internal/encoding/json
cpu: INTEL(R) XEON(R) PLATINUM 8573C @ 3099.780MHz
BenchmarkBool-4   	 1899051	       311.9 ns/op
PASS

shortname: gproto_json-Bool
toolchain: LLGoFullLTO
goos: linux
goarch: amd64
pkg: google.golang.org/protobuf/internal/encoding/json
cpu: INTEL(R) XEON(R) PLATINUM 8573C @ 3100.069MHz
BenchmarkBool-4   	 1905970	       311.6 ns/op
PASS

shortname: gproto_json-Bool
toolchain: LLGoFullLTO
goos: linux
goarch: amd64
pkg: google.golang.org/protobuf/internal/encoding/json
cpu: INTEL(R) XEON(R) PLATINUM 8573C @ 3100.434MHz
BenchmarkBool-4   	 1909268	       313.7 ns/op
PASS

shortname: gproto_json-Bool
toolchain: LLGoFullLTO
goos: linux
goarch: amd64
pkg: google.golang.org/protobuf/internal/encoding/json
cpu: INTEL(R) XEON(R) PLATINUM 8573C @ 3099.855MHz
BenchmarkBool-4   	 1903748	       310.1 ns/op
PASS

shortname: gproto_json-Bool
toolchain: LLGoFullLTO
goos: linux
goarch: amd64
pkg: google.golang.org/protobuf/internal/encoding/json
cpu: INTEL(R) XEON(R) PLATINUM 8573C @ 3099.717MHz
BenchmarkBool-4   	 1870357	       310.6 ns/op
PASS

shortname: gproto_json-Int
toolchain: LLGoFullLTO
goos: linux
goarch: amd64
pkg: google.golang.org/protobuf/internal/encoding/json
cpu: INTEL(R) XEON(R) PLATINUM 8573C @ 3099.810MHz
BenchmarkInt-4   	  901402	       608.8 ns/op
PASS

shortname: gproto_json-Int
toolchain: LLGoFullLTO
goos: linux
goarch: amd64
pkg: google.golang.org/protobuf/internal/encoding/json
cpu: INTEL(R) XEON(R) PLATINUM 8573C @ 3100.327MHz
BenchmarkInt-4   	  878998	       607.6 ns/op
PASS

shortname: gproto_json-Int
toolchain: LLGoFullLTO
goos: linux
goarch: amd64
pkg: google.golang.org/protobuf/internal/encoding/json
cpu: INTEL(R) XEON(R) PLATINUM 8573C @ 3100.617MHz
BenchmarkInt-4   	  887041	       612.6 ns/op
PASS

shortname: gproto_json-Int
toolchain: LLGoFullLTO
goos: linux
goarch: amd64
pkg: google.golang.org/protobuf/internal/encoding/json
cpu: INTEL(R) XEON(R) PLATINUM 8573C @ 3099.873MHz
BenchmarkInt-4   	  891757	       604.7 ns/op
PASS

shortname: gproto_json-Int
toolchain: LLGoFullLTO
goos: linux
goarch: amd64
pkg: google.golang.org/protobuf/internal/encoding/json
cpu: INTEL(R) XEON(R) PLATINUM 8573C @ 3100.121MHz
BenchmarkInt-4   	  880065	       607.8 ns/op
PASS

shortname: gproto_proto-Decode%2Fbasic_scalar_types_%28%2Atest.TestAllTypes%29
toolchain: LLGoFullLTO
goos: linux
goarch: amd64
pkg: google.golang.org/protobuf/proto
cpu: INTEL(R) XEON(R) PLATINUM 8573C @ 3100.775MHz
BenchmarkDecode/basic_scalar_types_(*test.TestAllTypes)-4         	   66144	      8547 ns/op
PASS

shortname: gproto_proto-Decode%2Fbasic_scalar_types_%28%2Atest.TestAllTypes%29
toolchain: LLGoFullLTO
goos: linux
goarch: amd64
pkg: google.golang.org/protobuf/proto
cpu: INTEL(R) XEON(R) PLATINUM 8573C @ 3100.308MHz
BenchmarkDecode/basic_scalar_types_(*test.TestAllTypes)-4         	   67154	      8147 ns/op
PASS

shortname: gproto_proto-Decode%2Fbasic_scalar_types_%28%2Atest.TestAllTypes%29
toolchain: LLGoFullLTO
goos: linux
goarch: amd64
pkg: google.golang.org/protobuf/proto
cpu: INTEL(R) XEON(R) PLATINUM 8573C @ 3100.183MHz
BenchmarkDecode/basic_scalar_types_(*test.TestAllTypes)-4         	   66724	      7964 ns/op
PASS

shortname: gproto_proto-Decode%2Fbasic_scalar_types_%28%2Atest.TestAllTypes%29
toolchain: LLGoFullLTO
goos: linux
goarch: amd64
pkg: google.golang.org/protobuf/proto
cpu: INTEL(R) XEON(R) PLATINUM 8573C @ 3100.059MHz
BenchmarkDecode/basic_scalar_types_(*test.TestAllTypes)-4         	   66817	      8018 ns/op
PASS

shortname: gproto_proto-Decode%2Fbasic_scalar_types_%28%2Atest.TestAllTypes%29
toolchain: LLGoFullLTO
goos: linux
goarch: amd64
pkg: google.golang.org/protobuf/proto
cpu: INTEL(R) XEON(R) PLATINUM 8573C @ 3100.587MHz
BenchmarkDecode/basic_scalar_types_(*test.TestAllTypes)-4         	   68436	      7973 ns/op
PASS

shortname: gproto_proto-Decode%2Fjust_at_recursion_limit_%28%2Atest3.TestAllTypes%29
toolchain: LLGoFullLTO
goos: linux
goarch: amd64
pkg: google.golang.org/protobuf/proto
cpu: INTEL(R) XEON(R) PLATINUM 8573C @ 3100.059MHz
BenchmarkDecode/just_at_recursion_limit_(*test3.TestAllTypes)-4         	   60428	      8847 ns/op
PASS

shortname: gproto_proto-Decode%2Fjust_at_recursion_limit_%28%2Atest3.TestAllTypes%29
toolchain: LLGoFullLTO
goos: linux
goarch: amd64
pkg: google.golang.org/protobuf/proto
cpu: INTEL(R) XEON(R) PLATINUM 8573C @ 3092.097MHz
BenchmarkDecode/just_at_recursion_limit_(*test3.TestAllTypes)-4         	   60792	      8917 ns/op
PASS

shortname: gproto_proto-Decode%2Fjust_at_recursion_limit_%28%2Atest3.TestAllTypes%29
toolchain: LLGoFullLTO
goos: linux
goarch: amd64
pkg: google.golang.org/protobuf/proto
cpu: INTEL(R) XEON(R) PLATINUM 8573C @ 3100.619MHz
BenchmarkDecode/just_at_recursion_limit_(*test3.TestAllTypes)-4         	   62202	      8796 ns/op
PASS

shortname: gproto_proto-Decode%2Fjust_at_recursion_limit_%28%2Atest3.TestAllTypes%29
toolchain: LLGoFullLTO
goos: linux
goarch: amd64
pkg: google.golang.org/protobuf/proto
cpu: INTEL(R) XEON(R) PLATINUM 8573C @ 3099.222MHz
BenchmarkDecode/just_at_recursion_limit_(*test3.TestAllTypes)-4         	   62293	      8911 ns/op
PASS

shortname: gproto_proto-Decode%2Fjust_at_recursion_limit_%28%2Atest3.TestAllTypes%29
toolchain: LLGoFullLTO
goos: linux
goarch: amd64
pkg: google.golang.org/protobuf/proto
cpu: INTEL(R) XEON(R) PLATINUM 8573C @ 3099.717MHz
BenchmarkDecode/just_at_recursion_limit_(*test3.TestAllTypes)-4         	   62852	      8838 ns/op
PASS

shortname: gproto_proto-EqualWithDeeplyNestedEqual
toolchain: LLGoFullLTO
goos: linux
goarch: amd64
pkg: google.golang.org/protobuf/proto
cpu: INTEL(R) XEON(R) PLATINUM 8573C @ 3099.841MHz
BenchmarkEqualWithDeeplyNestedEqual-4   	    1909	    315561 ns/op	  278006 B/op	       0 allocs/op
PASS

shortname: gproto_proto-EqualWithDeeplyNestedEqual
toolchain: LLGoFullLTO
goos: linux
goarch: amd64
pkg: google.golang.org/protobuf/proto
cpu: INTEL(R) XEON(R) PLATINUM 8573C @ 3099.842MHz
BenchmarkEqualWithDeeplyNestedEqual-4   	    1890	    312291 ns/op	  277981 B/op	       0 allocs/op
PASS

shortname: gproto_proto-EqualWithDeeplyNestedEqual
toolchain: LLGoFullLTO
goos: linux
goarch: amd64
pkg: google.golang.org/protobuf/proto
cpu: INTEL(R) XEON(R) PLATINUM 8573C @ 3099.500MHz
BenchmarkEqualWithDeeplyNestedEqual-4   	    1911	    320774 ns/op	  277983 B/op	       0 allocs/op
PASS

shortname: gproto_proto-EqualWithDeeplyNestedEqual
toolchain: LLGoFullLTO
goos: linux
goarch: amd64
pkg: google.golang.org/protobuf/proto
cpu: INTEL(R) XEON(R) PLATINUM 8573C @ 3101.066MHz
BenchmarkEqualWithDeeplyNestedEqual-4   	    1900	    312112 ns/op	  277985 B/op	       0 allocs/op
PASS

shortname: gproto_proto-EqualWithDeeplyNestedEqual
toolchain: LLGoFullLTO
goos: linux
goarch: amd64
pkg: google.golang.org/protobuf/proto
cpu: INTEL(R) XEON(R) PLATINUM 8573C @ 3100.059MHz
BenchmarkEqualWithDeeplyNestedEqual-4   	    1888	    311315 ns/op	  277985 B/op	       0 allocs/op
PASS

shortname: gproto_reflect-Value%2FInterface
toolchain: LLGoFullLTO
goos: linux
goarch: amd64
pkg: google.golang.org/protobuf/reflect/protoreflect
cpu: INTEL(R) XEON(R) PLATINUM 8573C @ 3100.214MHz
BenchmarkValue/Interface-4         	28077574	        21.51 ns/op	      32 B/op	       0 allocs/op
PASS

shortname: gproto_reflect-Value%2FInterface
toolchain: LLGoFullLTO
goos: linux
goarch: amd64
pkg: google.golang.org/protobuf/reflect/protoreflect
cpu: INTEL(R) XEON(R) PLATINUM 8573C @ 3100.369MHz
BenchmarkValue/Interface-4         	22819147	        22.51 ns/op	      32 B/op	       0 allocs/op
PASS

shortname: gproto_reflect-Value%2FInterface
toolchain: LLGoFullLTO
goos: linux
goarch: amd64
pkg: google.golang.org/protobuf/reflect/protoreflect
cpu: INTEL(R) XEON(R) PLATINUM 8573C @ 3099.887MHz
BenchmarkValue/Interface-4         	27928682	        21.44 ns/op	      32 B/op	       0 allocs/op
PASS

shortname: gproto_reflect-Value%2FInterface
toolchain: LLGoFullLTO
goos: linux
goarch: amd64
pkg: google.golang.org/protobuf/reflect/protoreflect
cpu: INTEL(R) XEON(R) PLATINUM 8573C @ 3099.752MHz
BenchmarkValue/Interface-4         	27595560	        21.84 ns/op	      32 B/op	       0 allocs/op
PASS

shortname: gproto_reflect-Value%2FInterface
toolchain: LLGoFullLTO
goos: linux
goarch: amd64
pkg: google.golang.org/protobuf/reflect/protoreflect
cpu: INTEL(R) XEON(R) PLATINUM 8573C @ 3099.935MHz
BenchmarkValue/Interface-4         	23447319	        21.34 ns/op	      32 B/op	       0 allocs/op
PASS

shortname: k8s_cache-EachListItemWithAlloc%2FPodList
toolchain: LLGoFullLTO
goos: linux
goarch: amd64
pkg: k8s.io/client-go/tools/cache
cpu: INTEL(R) XEON(R) PLATINUM 8573C @ 3100.463MHz
BenchmarkEachListItemWithAlloc/PodList-4         	    3338	    150899 ns/op
PASS
goleak: Errors on successful test run: found unexpected goroutines:
[Goroutine 6 in state running, with github.com/xgo-dev/llgo/runtime/abi.(*UncommonType).Methods on top of the stack:
github.com/xgo-dev/llgo/runtime/abi.(*UncommonType).Methods(...)
	/home/runner/work/benchmarks/benchmarks/.ci/llgo/runtime/abi/type.go:339 +0x7f354ceff842
github.com/xgo-dev/llgo/runtime/abi.(*UncommonType).Methods(...)
	/home/runner/work/benchmarks/benchmarks/.ci/llgo/runtime/abi/type.go:339 +0x7f354d210076
github.com/xgo-dev/llgo/runtime/abi.(*UncommonType).Methods(...)
	/home/runner/work/benchmarks/benchmarks/.ci/llgo/runtime/abi/type.go:339 +0x7f354cf03576
github.com/xgo-dev/llgo/runtime/abi.(*UncommonType).Methods(...)
	/home/runner/work/benchmarks/benchmarks/.ci/llgo/runtime/abi/type.go:339 +0x7f354cf908be
created by github.com/xgo-dev/llgo/runtime/abi.(*UncommonType).Methods in goroutine 1
	/home/runner/work/benchmarks/benchmarks/.ci/llgo/runtime/abi/type.go:339 +0x7f354cf089a5
 Goroutine 2 in state chan receive, with github.com/xgo-dev/llgo/runtime/abi.(*UncommonType).Methods on top of the stack:
github.com/xgo-dev/llgo/runtime/abi.(*UncommonType).Methods(...)
	/home/runner/work/benchmarks/benchmarks/.ci/llgo/runtime/abi/type.go:339 +0x7f354ceff842
github.com/xgo-dev/llgo/runtime/abi.(*UncommonType).Methods(...)
	/home/runner/work/benchmarks/benchmarks/.ci/llgo/runtime/abi/type.go:339 +0x7f354d210076
github.com/xgo-dev/llgo/runtime/abi.(*UncommonType).Methods(...)
	/home/runner/work/benchmarks/benchmarks/.ci/llgo/runtime/abi/type.go:339 +0x7f354cf03576
github.com/xgo-dev/llgo/runtime/abi.(*UncommonType).Methods(...)
	/home/runner/work/benchmarks/benchmarks/.ci/llgo/runtime/abi/type.go:339 +0x7f354cf908be
created by unique.Make[net/netip.addrDetail] in goroutine 1
	/home/runner/work/benchmarks/benchmarks/.ci/llgo/runtime/_patch/unique/handle.go:40 +0x15e
]

shortname: k8s_cache-EachListItemWithAlloc%2FPodList
toolchain: LLGoFullLTO
goos: linux
goarch: amd64
pkg: k8s.io/client-go/tools/cache
cpu: INTEL(R) XEON(R) PLATINUM 8573C @ 3100.838MHz
BenchmarkEachListItemWithAlloc/PodList-4         	    4402	    137032 ns/op
PASS
goleak: Errors on successful test run: found unexpected goroutines:
[Goroutine 6 in state running, with github.com/xgo-dev/llgo/runtime/abi.(*UncommonType).Methods on top of the stack:
github.com/xgo-dev/llgo/runtime/abi.(*UncommonType).Methods(...)
	/home/runner/work/benchmarks/benchmarks/.ci/llgo/runtime/abi/type.go:339 +0x7f947deff842
github.com/xgo-dev/llgo/runtime/abi.(*UncommonType).Methods(...)
	/home/runner/work/benchmarks/benchmarks/.ci/llgo/runtime/abi/type.go:339 +0x7f947e19c076
github.com/xgo-dev/llgo/runtime/abi.(*UncommonType).Methods(...)
	/home/runner/work/benchmarks/benchmarks/.ci/llgo/runtime/abi/type.go:339 +0x7f947df03576
github.com/xgo-dev/llgo/runtime/abi.(*UncommonType).Methods(...)
	/home/runner/work/benchmarks/benchmarks/.ci/llgo/runtime/abi/type.go:339 +0x7f947df908be
created by github.com/xgo-dev/llgo/runtime/abi.(*UncommonType).Methods in goroutine 1
	/home/runner/work/benchmarks/benchmarks/.ci/llgo/runtime/abi/type.go:339 +0x7f947df089a5
 Goroutine 2 in state chan receive, with github.com/xgo-dev/llgo/runtime/abi.(*UncommonType).Methods on top of the stack:
github.com/xgo-dev/llgo/runtime/abi.(*UncommonType).Methods(...)
	/home/runner/work/benchmarks/benchmarks/.ci/llgo/runtime/abi/type.go:339 +0x7f947deff842
github.com/xgo-dev/llgo/runtime/abi.(*UncommonType).Methods(...)
	/home/runner/work/benchmarks/benchmarks/.ci/llgo/runtime/abi/type.go:339 +0x7f947e19c076
github.com/xgo-dev/llgo/runtime/abi.(*UncommonType).Methods(...)
	/home/runner/work/benchmarks/benchmarks/.ci/llgo/runtime/abi/type.go:339 +0x7f947df03576
github.com/xgo-dev/llgo/runtime/abi.(*UncommonType).Methods(...)
	/home/runner/work/benchmarks/benchmarks/.ci/llgo/runtime/abi/type.go:339 +0x7f947df908be
created by unique.Make[net/netip.addrDetail] in goroutine 1
	/home/runner/work/benchmarks/benchmarks/.ci/llgo/runtime/_patch/unique/handle.go:40 +0x15e
]

shortname: k8s_cache-EachListItemWithAlloc%2FPodList
toolchain: LLGoFullLTO
goos: linux
goarch: amd64
pkg: k8s.io/client-go/tools/cache
cpu: INTEL(R) XEON(R) PLATINUM 8573C @ 3100.289MHz
BenchmarkEachListItemWithAlloc/PodList-4         	    4491	    130510 ns/op
PASS
goleak: Errors on successful test run: found unexpected goroutines:
[Goroutine 6 in state running, with github.com/xgo-dev/llgo/runtime/abi.(*UncommonType).Methods on top of the stack:
github.com/xgo-dev/llgo/runtime/abi.(*UncommonType).Methods(...)
	/home/runner/work/benchmarks/benchmarks/.ci/llgo/runtime/abi/type.go:339 +0x7ffa876ff842
github.com/xgo-dev/llgo/runtime/abi.(*UncommonType).Methods(...)
	/home/runner/work/benchmarks/benchmarks/.ci/llgo/runtime/abi/type.go:339 +0x7ffa87969076
github.com/xgo-dev/llgo/runtime/abi.(*UncommonType).Methods(...)
	/home/runner/work/benchmarks/benchmarks/.ci/llgo/runtime/abi/type.go:339 +0x7ffa87703576
github.com/xgo-dev/llgo/runtime/abi.(*UncommonType).Methods(...)
	/home/runner/work/benchmarks/benchmarks/.ci/llgo/runtime/abi/type.go:339 +0x7ffa877908be
created by github.com/xgo-dev/llgo/runtime/abi.(*UncommonType).Methods in goroutine 1
	/home/runner/work/benchmarks/benchmarks/.ci/llgo/runtime/abi/type.go:339 +0x7ffa877089a5
 Goroutine 2 in state chan receive, with github.com/xgo-dev/llgo/runtime/abi.(*UncommonType).Methods on top of the stack:
github.com/xgo-dev/llgo/runtime/abi.(*UncommonType).Methods(...)
	/home/runner/work/benchmarks/benchmarks/.ci/llgo/runtime/abi/type.go:339 +0x7ffa876ff842
github.com/xgo-dev/llgo/runtime/abi.(*UncommonType).Methods(...)
	/home/runner/work/benchmarks/benchmarks/.ci/llgo/runtime/abi/type.go:339 +0x7ffa87969076
github.com/xgo-dev/llgo/runtime/abi.(*UncommonType).Methods(...)
	/home/runner/work/benchmarks/benchmarks/.ci/llgo/runtime/abi/type.go:339 +0x7ffa87703576
github.com/xgo-dev/llgo/runtime/abi.(*UncommonType).Methods(...)
	/home/runner/work/benchmarks/benchmarks/.ci/llgo/runtime/abi/type.go:339 +0x7ffa877908be
created by unique.Make[net/netip.addrDetail] in goroutine 1
	/home/runner/work/benchmarks/benchmarks/.ci/llgo/runtime/_patch/unique/handle.go:40 +0x15e
]

shortname: k8s_cache-EachListItemWithAlloc%2FPodList
toolchain: LLGoFullLTO
goos: linux
goarch: amd64
pkg: k8s.io/client-go/tools/cache
cpu: INTEL(R) XEON(R) PLATINUM 8573C @ 3099.377MHz
BenchmarkEachListItemWithAlloc/PodList-4         	    4563	    132934 ns/op
PASS
goleak: Errors on successful test run: found unexpected goroutines:
[Goroutine 6 in state running, with github.com/xgo-dev/llgo/runtime/abi.(*UncommonType).Methods on top of the stack:
github.com/xgo-dev/llgo/runtime/abi.(*UncommonType).Methods(...)
	/home/runner/work/benchmarks/benchmarks/.ci/llgo/runtime/abi/type.go:339 +0x7fbdf0cff842
github.com/xgo-dev/llgo/runtime/abi.(*UncommonType).Methods(...)
	/home/runner/work/benchmarks/benchmarks/.ci/llgo/runtime/abi/type.go:339 +0x7fbdf0f99076
github.com/xgo-dev/llgo/runtime/abi.(*UncommonType).Methods(...)
	/home/runner/work/benchmarks/benchmarks/.ci/llgo/runtime/abi/type.go:339 +0x7fbdf0d03576
github.com/xgo-dev/llgo/runtime/abi.(*UncommonType).Methods(...)
	/home/runner/work/benchmarks/benchmarks/.ci/llgo/runtime/abi/type.go:339 +0x7fbdf0d908be
created by github.com/xgo-dev/llgo/runtime/abi.(*UncommonType).Methods in goroutine 1
	/home/runner/work/benchmarks/benchmarks/.ci/llgo/runtime/abi/type.go:339 +0x7fbdf0d089a5
 Goroutine 2 in state chan receive, with github.com/xgo-dev/llgo/runtime/abi.(*UncommonType).Methods on top of the stack:
github.com/xgo-dev/llgo/runtime/abi.(*UncommonType).Methods(...)
	/home/runner/work/benchmarks/benchmarks/.ci/llgo/runtime/abi/type.go:339 +0x7fbdf0cff842
github.com/xgo-dev/llgo/runtime/abi.(*UncommonType).Methods(...)
	/home/runner/work/benchmarks/benchmarks/.ci/llgo/runtime/abi/type.go:339 +0x7fbdf0f99076
github.com/xgo-dev/llgo/runtime/abi.(*UncommonType).Methods(...)
	/home/runner/work/benchmarks/benchmarks/.ci/llgo/runtime/abi/type.go:339 +0x7fbdf0d03576
github.com/xgo-dev/llgo/runtime/abi.(*UncommonType).Methods(...)
	/home/runner/work/benchmarks/benchmarks/.ci/llgo/runtime/abi/type.go:339 +0x7fbdf0d908be
created by unique.Make[net/netip.addrDetail] in goroutine 1
	/home/runner/work/benchmarks/benchmarks/.ci/llgo/runtime/_patch/unique/handle.go:40 +0x15e
]

shortname: k8s_cache-EachListItemWithAlloc%2FPodList
toolchain: LLGoFullLTO
goos: linux
goarch: amd64
pkg: k8s.io/client-go/tools/cache
cpu: INTEL(R) XEON(R) PLATINUM 8573C @ 3005.145MHz
BenchmarkEachListItemWithAlloc/PodList-4         	    4510	    132871 ns/op
PASS
goleak: Errors on successful test run: found unexpected goroutines:
[Goroutine 6 in state running, with github.com/xgo-dev/llgo/runtime/abi.(*UncommonType).Methods on top of the stack:
github.com/xgo-dev/llgo/runtime/abi.(*UncommonType).Methods(...)
	/home/runner/work/benchmarks/benchmarks/.ci/llgo/runtime/abi/type.go:339 +0x7f5311cff842
github.com/xgo-dev/llgo/runtime/abi.(*UncommonType).Methods(...)
	/home/runner/work/benchmarks/benchmarks/.ci/llgo/runtime/abi/type.go:339 +0x7f5311fc3076
github.com/xgo-dev/llgo/runtime/abi.(*UncommonType).Methods(...)
	/home/runner/work/benchmarks/benchmarks/.ci/llgo/runtime/abi/type.go:339 +0x7f5311d03576
github.com/xgo-dev/llgo/runtime/abi.(*UncommonType).Methods(...)
	/home/runner/work/benchmarks/benchmarks/.ci/llgo/runtime/abi/type.go:339 +0x7f5311d908be
created by github.com/xgo-dev/llgo/runtime/abi.(*UncommonType).Methods in goroutine 1
	/home/runner/work/benchmarks/benchmarks/.ci/llgo/runtime/abi/type.go:339 +0x7f5311d089a5
 Goroutine 2 in state chan receive, with github.com/xgo-dev/llgo/runtime/abi.(*UncommonType).Methods on top of the stack:
github.com/xgo-dev/llgo/runtime/abi.(*UncommonType).Methods(...)
	/home/runner/work/benchmarks/benchmarks/.ci/llgo/runtime/abi/type.go:339 +0x7f5311cff842
github.com/xgo-dev/llgo/runtime/abi.(*UncommonType).Methods(...)
	/home/runner/work/benchmarks/benchmarks/.ci/llgo/runtime/abi/type.go:339 +0x7f5311fc3076
github.com/xgo-dev/llgo/runtime/abi.(*UncommonType).Methods(...)
	/home/runner/work/benchmarks/benchmarks/.ci/llgo/runtime/abi/type.go:339 +0x7f5311d03576
github.com/xgo-dev/llgo/runtime/abi.(*UncommonType).Methods(...)
	/home/runner/work/benchmarks/benchmarks/.ci/llgo/runtime/abi/type.go:339 +0x7f5311d908be
created by unique.Make[net/netip.addrDetail] in goroutine 1
	/home/runner/work/benchmarks/benchmarks/.ci/llgo/runtime/_patch/unique/handle.go:40 +0x15e
]

shortname: k8s_workqueue-DelayingQueue_AddAfter
toolchain: LLGoFullLTO
goos: linux
goarch: amd64
pkg: k8s.io/client-go/util/workqueue
cpu: INTEL(R) XEON(R) PLATINUM 8573C @ 3099.562MHz
BenchmarkDelayingQueue_AddAfter-4   	   83574	      9136 ns/op
PASS

shortname: k8s_workqueue-DelayingQueue_AddAfter
toolchain: LLGoFullLTO
goos: linux
goarch: amd64
pkg: k8s.io/client-go/util/workqueue
cpu: INTEL(R) XEON(R) PLATINUM 8573C @ 3106.522MHz
BenchmarkDelayingQueue_AddAfter-4   	   79881	      8711 ns/op
PASS

shortname: k8s_workqueue-DelayingQueue_AddAfter
toolchain: LLGoFullLTO
goos: linux
goarch: amd64
pkg: k8s.io/client-go/util/workqueue
cpu: INTEL(R) XEON(R) PLATINUM 8573C @ 3099.469MHz
BenchmarkDelayingQueue_AddAfter-4   	   88220	      8931 ns/op
PASS

shortname: k8s_workqueue-DelayingQueue_AddAfter
toolchain: LLGoFullLTO
goos: linux
goarch: amd64
pkg: k8s.io/client-go/util/workqueue
cpu: INTEL(R) XEON(R) PLATINUM 8573C @ 3100.028MHz
BenchmarkDelayingQueue_AddAfter-4   	   83647	      9112 ns/op
PASS

shortname: k8s_workqueue-DelayingQueue_AddAfter
toolchain: LLGoFullLTO
goos: linux
goarch: amd64
pkg: k8s.io/client-go/util/workqueue
cpu: INTEL(R) XEON(R) PLATINUM 8573C @ 3098.520MHz
BenchmarkDelayingQueue_AddAfter-4   	   79164	      9029 ns/op
PASS

shortname: kanzi-ANS0
toolchain: LLGoFullLTO
goos: linux
goarch: amd64
pkg: github.com/flanglet/kanzi-go/v2/benchmark
cpu: INTEL(R) XEON(R) PLATINUM 8573C @ 3099.252MHz
BenchmarkANS0-4   	     174	   3412307 ns/op
PASS

shortname: kanzi-ANS0
toolchain: LLGoFullLTO
goos: linux
goarch: amd64
pkg: github.com/flanglet/kanzi-go/v2/benchmark
cpu: INTEL(R) XEON(R) PLATINUM 8573C @ 3100.183MHz
BenchmarkANS0-4   	     175	   3398532 ns/op
PASS

shortname: kanzi-ANS0
toolchain: LLGoFullLTO
goos: linux
goarch: amd64
pkg: github.com/flanglet/kanzi-go/v2/benchmark
cpu: INTEL(R) XEON(R) PLATINUM 8573C @ 3098.869MHz
BenchmarkANS0-4   	     175	   3374496 ns/op
PASS

shortname: kanzi-ANS0
toolchain: LLGoFullLTO
goos: linux
goarch: amd64
pkg: github.com/flanglet/kanzi-go/v2/benchmark
cpu: INTEL(R) XEON(R) PLATINUM 8573C @ 3102.277MHz
BenchmarkANS0-4   	     174	   3403409 ns/op
PASS

shortname: kanzi-ANS0
toolchain: LLGoFullLTO
goos: linux
goarch: amd64
pkg: github.com/flanglet/kanzi-go/v2/benchmark
cpu: INTEL(R) XEON(R) PLATINUM 8573C @ 3100.280MHz
BenchmarkANS0-4   	     176	   3361420 ns/op
PASS

shortname: kanzi-BWTSmallBlock
toolchain: LLGoFullLTO
goos: linux
goarch: amd64
pkg: github.com/flanglet/kanzi-go/v2/benchmark
cpu: INTEL(R) XEON(R) PLATINUM 8573C @ 2300.000MHz
BenchmarkBWTSmallBlock-4   	      15	  34660145 ns/op
PASS

shortname: kanzi-BWTSmallBlock
toolchain: LLGoFullLTO
goos: linux
goarch: amd64
pkg: github.com/flanglet/kanzi-go/v2/benchmark
cpu: INTEL(R) XEON(R) PLATINUM 8573C @ 2300.000MHz
BenchmarkBWTSmallBlock-4   	      16	  34967298 ns/op
PASS

shortname: kanzi-BWTSmallBlock
toolchain: LLGoFullLTO
goos: linux
goarch: amd64
pkg: github.com/flanglet/kanzi-go/v2/benchmark
cpu: INTEL(R) XEON(R) PLATINUM 8573C @ 2300.000MHz
BenchmarkBWTSmallBlock-4   	      16	  34748295 ns/op
PASS

shortname: kanzi-BWTSmallBlock
toolchain: LLGoFullLTO
goos: linux
goarch: amd64
pkg: github.com/flanglet/kanzi-go/v2/benchmark
cpu: INTEL(R) XEON(R) PLATINUM 8573C @ 2300.000MHz
BenchmarkBWTSmallBlock-4   	      15	  34790852 ns/op
PASS

shortname: kanzi-BWTSmallBlock
toolchain: LLGoFullLTO
goos: linux
goarch: amd64
pkg: github.com/flanglet/kanzi-go/v2/benchmark
cpu: INTEL(R) XEON(R) PLATINUM 8573C @ 3100.028MHz
BenchmarkBWTSmallBlock-4   	      15	  34786681 ns/op
PASS

shortname: kanzi-CM
toolchain: LLGoFullLTO
goos: linux
goarch: amd64
pkg: github.com/flanglet/kanzi-go/v2/benchmark
cpu: INTEL(R) XEON(R) PLATINUM 8573C @ 2300.000MHz
BenchmarkCM-4   	      12	  47125198 ns/op
PASS

shortname: kanzi-CM
toolchain: LLGoFullLTO
goos: linux
goarch: amd64
pkg: github.com/flanglet/kanzi-go/v2/benchmark
cpu: INTEL(R) XEON(R) PLATINUM 8573C @ 3099.997MHz
BenchmarkCM-4   	      12	  47388300 ns/op
PASS

shortname: kanzi-CM
toolchain: LLGoFullLTO
goos: linux
goarch: amd64
pkg: github.com/flanglet/kanzi-go/v2/benchmark
cpu: INTEL(R) XEON(R) PLATINUM 8573C @ 3100.059MHz
BenchmarkCM-4   	      12	  47202803 ns/op
PASS

shortname: kanzi-CM
toolchain: LLGoFullLTO
goos: linux
goarch: amd64
pkg: github.com/flanglet/kanzi-go/v2/benchmark
cpu: INTEL(R) XEON(R) PLATINUM 8573C @ 3099.860MHz
BenchmarkCM-4   	      12	  47432173 ns/op
PASS

shortname: kanzi-CM
toolchain: LLGoFullLTO
goos: linux
goarch: amd64
pkg: github.com/flanglet/kanzi-go/v2/benchmark
cpu: INTEL(R) XEON(R) PLATINUM 8573C @ 2300.000MHz
BenchmarkCM-4   	      12	  47246032 ns/op
PASS

shortname: kanzi-Huffman
toolchain: LLGoFullLTO
goos: linux
goarch: amd64
pkg: github.com/flanglet/kanzi-go/v2/benchmark
cpu: INTEL(R) XEON(R) PLATINUM 8573C @ 3099.997MHz
BenchmarkHuffman-4   	     147	   3996986 ns/op
PASS

shortname: kanzi-Huffman
toolchain: LLGoFullLTO
goos: linux
goarch: amd64
pkg: github.com/flanglet/kanzi-go/v2/benchmark
cpu: INTEL(R) XEON(R) PLATINUM 8573C @ 3071.991MHz
BenchmarkHuffman-4   	     147	   3976346 ns/op
PASS

shortname: kanzi-Huffman
toolchain: LLGoFullLTO
goos: linux
goarch: amd64
pkg: github.com/flanglet/kanzi-go/v2/benchmark
cpu: INTEL(R) XEON(R) PLATINUM 8573C @ 3096.345MHz
BenchmarkHuffman-4   	     147	   4017708 ns/op
PASS

shortname: kanzi-Huffman
toolchain: LLGoFullLTO
goos: linux
goarch: amd64
pkg: github.com/flanglet/kanzi-go/v2/benchmark
cpu: INTEL(R) XEON(R) PLATINUM 8573C @ 3081.576MHz
BenchmarkHuffman-4   	     147	   4008628 ns/op
PASS

shortname: kanzi-Huffman
toolchain: LLGoFullLTO
goos: linux
goarch: amd64
pkg: github.com/flanglet/kanzi-go/v2/benchmark
cpu: INTEL(R) XEON(R) PLATINUM 8573C @ 3099.686MHz
BenchmarkHuffman-4   	     148	   3981214 ns/op
PASS

shortname: nelsam_gxui_interval-General
toolchain: LLGoFullLTO
goos: linux
goarch: amd64
pkg: git.sr.ht/~nelsam/gxui/interval
cpu: INTEL(R) XEON(R) PLATINUM 8573C @ 3091.828MHz
BenchmarkGeneral-4   	  469617	      1081 ns/op
PASS

shortname: nelsam_gxui_interval-General
toolchain: LLGoFullLTO
goos: linux
goarch: amd64
pkg: git.sr.ht/~nelsam/gxui/interval
cpu: INTEL(R) XEON(R) PLATINUM 8573C @ 3099.997MHz
BenchmarkGeneral-4   	  552246	      1094 ns/op
PASS

shortname: nelsam_gxui_interval-General
toolchain: LLGoFullLTO
goos: linux
goarch: amd64
pkg: git.sr.ht/~nelsam/gxui/interval
cpu: INTEL(R) XEON(R) PLATINUM 8573C @ 3100.276MHz
BenchmarkGeneral-4   	  458637	      1093 ns/op
PASS

shortname: nelsam_gxui_interval-General
toolchain: LLGoFullLTO
goos: linux
goarch: amd64
pkg: git.sr.ht/~nelsam/gxui/interval
cpu: INTEL(R) XEON(R) PLATINUM 8573C @ 3099.935MHz
BenchmarkGeneral-4   	  464815	      1103 ns/op
PASS

shortname: nelsam_gxui_interval-General
toolchain: LLGoFullLTO
goos: linux
goarch: amd64
pkg: git.sr.ht/~nelsam/gxui/interval
cpu: INTEL(R) XEON(R) PLATINUM 8573C @ 3099.935MHz
BenchmarkGeneral-4   	  454004	      1126 ns/op
PASS

shortname: rcrowley_metrics-Histogram
toolchain: LLGoFullLTO
goos: linux
goarch: amd64
pkg: github.com/rcrowley/go-metrics
cpu: INTEL(R) XEON(R) PLATINUM 8573C @ 3100.183MHz
BenchmarkHistogram-4   	 4970066	       115.5 ns/op
PASS

shortname: rcrowley_metrics-Histogram
toolchain: LLGoFullLTO
goos: linux
goarch: amd64
pkg: github.com/rcrowley/go-metrics
cpu: INTEL(R) XEON(R) PLATINUM 8573C @ 3100.741MHz
BenchmarkHistogram-4   	 5053306	       114.3 ns/op
PASS

shortname: rcrowley_metrics-Histogram
toolchain: LLGoFullLTO
goos: linux
goarch: amd64
pkg: github.com/rcrowley/go-metrics
cpu: INTEL(R) XEON(R) PLATINUM 8573C @ 3100.525MHz
BenchmarkHistogram-4   	 5062215	       114.8 ns/op
PASS

shortname: rcrowley_metrics-Histogram
toolchain: LLGoFullLTO
goos: linux
goarch: amd64
pkg: github.com/rcrowley/go-metrics
cpu: INTEL(R) XEON(R) PLATINUM 8573C @ 3099.966MHz
BenchmarkHistogram-4   	 4946016	       116.8 ns/op
PASS

shortname: rcrowley_metrics-Histogram
toolchain: LLGoFullLTO
goos: linux
goarch: amd64
pkg: github.com/rcrowley/go-metrics
cpu: INTEL(R) XEON(R) PLATINUM 8573C @ 3100.401MHz
BenchmarkHistogram-4   	 5023921	       117.2 ns/op
PASS

shortname: rcrowley_metrics-Timer
toolchain: LLGoFullLTO
goos: linux
goarch: amd64
pkg: github.com/rcrowley/go-metrics
cpu: INTEL(R) XEON(R) PLATINUM 8573C @ 3101.009MHz
BenchmarkTimer-4   	  797116	       692.5 ns/op
PASS

shortname: rcrowley_metrics-Timer
toolchain: LLGoFullLTO
goos: linux
goarch: amd64
pkg: github.com/rcrowley/go-metrics
cpu: INTEL(R) XEON(R) PLATINUM 8573C @ 3099.686MHz
BenchmarkTimer-4   	  787506	       701.4 ns/op
PASS

shortname: rcrowley_metrics-Timer
toolchain: LLGoFullLTO
goos: linux
goarch: amd64
pkg: github.com/rcrowley/go-metrics
cpu: INTEL(R) XEON(R) PLATINUM 8573C @ 3100.463MHz
BenchmarkTimer-4   	  787959	       682.6 ns/op
PASS

shortname: rcrowley_metrics-Timer
toolchain: LLGoFullLTO
goos: linux
goarch: amd64
pkg: github.com/rcrowley/go-metrics
cpu: INTEL(R) XEON(R) PLATINUM 8573C @ 3099.811MHz
BenchmarkTimer-4   	  797050	       688.1 ns/op
PASS

shortname: rcrowley_metrics-Timer
toolchain: LLGoFullLTO
goos: linux
goarch: amd64
pkg: github.com/rcrowley/go-metrics
cpu: INTEL(R) XEON(R) PLATINUM 8573C @ 3099.749MHz
BenchmarkTimer-4   	  801265	       690.7 ns/op
PASS

shortname: semver-CheckVersionRange
toolchain: LLGoFullLTO
goos: linux
goarch: amd64
pkg: github.com/Masterminds/semver/v3
cpu: INTEL(R) XEON(R) PLATINUM 8573C @ 3100.245MHz
BenchmarkCheckVersionRange-4   	 7048806	        80.79 ns/op	      64 B/op	       0 allocs/op
PASS

shortname: semver-CheckVersionRange
toolchain: LLGoFullLTO
goos: linux
goarch: amd64
pkg: github.com/Masterminds/semver/v3
cpu: INTEL(R) XEON(R) PLATINUM 8573C @ 3101.773MHz
BenchmarkCheckVersionRange-4   	 7053213	        80.44 ns/op	      64 B/op	       0 allocs/op
PASS

shortname: semver-CheckVersionRange
toolchain: LLGoFullLTO
goos: linux
goarch: amd64
pkg: github.com/Masterminds/semver/v3
cpu: INTEL(R) XEON(R) PLATINUM 8573C @ 3100.618MHz
BenchmarkCheckVersionRange-4   	 7055581	        80.07 ns/op	      64 B/op	       0 allocs/op
PASS

shortname: semver-CheckVersionRange
toolchain: LLGoFullLTO
goos: linux
goarch: amd64
pkg: github.com/Masterminds/semver/v3
cpu: INTEL(R) XEON(R) PLATINUM 8573C @ 3100.123MHz
BenchmarkCheckVersionRange-4   	 6933362	        81.18 ns/op	      64 B/op	       0 allocs/op
PASS

shortname: semver-CheckVersionRange
toolchain: LLGoFullLTO
goos: linux
goarch: amd64
pkg: github.com/Masterminds/semver/v3
cpu: INTEL(R) XEON(R) PLATINUM 8573C @ 3100.226MHz
BenchmarkCheckVersionRange-4   	 6880845	        81.04 ns/op	      64 B/op	       0 allocs/op
PASS

shortname: semver-CoerceNewVersionSimple
toolchain: LLGoFullLTO
goos: linux
goarch: amd64
pkg: github.com/Masterminds/semver/v3
cpu: INTEL(R) XEON(R) PLATINUM 8573C @ 3099.829MHz
BenchmarkCoerceNewVersionSimple-4   	 1483820	       402.8 ns/op	     432 B/op	       0 allocs/op
PASS

shortname: semver-CoerceNewVersionSimple
toolchain: LLGoFullLTO
goos: linux
goarch: amd64
pkg: github.com/Masterminds/semver/v3
cpu: INTEL(R) XEON(R) PLATINUM 8573C @ 3100.774MHz
BenchmarkCoerceNewVersionSimple-4   	 1445941	       402.1 ns/op	     432 B/op	       0 allocs/op
PASS

shortname: semver-CoerceNewVersionSimple
toolchain: LLGoFullLTO
goos: linux
goarch: amd64
pkg: github.com/Masterminds/semver/v3
cpu: INTEL(R) XEON(R) PLATINUM 8573C @ 3100.183MHz
BenchmarkCoerceNewVersionSimple-4   	 1464296	       405.1 ns/op	     432 B/op	       0 allocs/op
PASS

shortname: semver-CoerceNewVersionSimple
toolchain: LLGoFullLTO
goos: linux
goarch: amd64
pkg: github.com/Masterminds/semver/v3
cpu: INTEL(R) XEON(R) PLATINUM 8573C @ 3100.245MHz
BenchmarkCoerceNewVersionSimple-4   	 1481838	       401.7 ns/op	     432 B/op	       0 allocs/op
PASS

shortname: semver-CoerceNewVersionSimple
toolchain: LLGoFullLTO
goos: linux
goarch: amd64
pkg: github.com/Masterminds/semver/v3
cpu: INTEL(R) XEON(R) PLATINUM 8573C @ 3100.028MHz
BenchmarkCoerceNewVersionSimple-4   	 1473603	       400.9 ns/op	     432 B/op	       0 allocs/op
PASS

shortname: semver-ValidateVersionRangeFail
toolchain: LLGoFullLTO
goos: linux
goarch: amd64
pkg: github.com/Masterminds/semver/v3
cpu: INTEL(R) XEON(R) PLATINUM 8573C @ 3100.059MHz
BenchmarkValidateVersionRangeFail-4   	  231642	      2179 ns/op	    3744 B/op	       0 allocs/op
PASS

shortname: semver-ValidateVersionRangeFail
toolchain: LLGoFullLTO
goos: linux
goarch: amd64
pkg: github.com/Masterminds/semver/v3
cpu: INTEL(R) XEON(R) PLATINUM 8573C @ 3100.347MHz
BenchmarkValidateVersionRangeFail-4   	  237024	      2181 ns/op	    3744 B/op	       0 allocs/op
PASS

shortname: semver-ValidateVersionRangeFail
toolchain: LLGoFullLTO
goos: linux
goarch: amd64
pkg: github.com/Masterminds/semver/v3
cpu: INTEL(R) XEON(R) PLATINUM 8573C @ 3099.935MHz
BenchmarkValidateVersionRangeFail-4   	  242842	      2170 ns/op	    3744 B/op	       0 allocs/op
PASS

shortname: semver-ValidateVersionRangeFail
toolchain: LLGoFullLTO
goos: linux
goarch: amd64
pkg: github.com/Masterminds/semver/v3
cpu: INTEL(R) XEON(R) PLATINUM 8573C @ 3099.935MHz
BenchmarkValidateVersionRangeFail-4   	  243888	      2176 ns/op	    3744 B/op	       0 allocs/op
PASS

shortname: semver-ValidateVersionRangeFail
toolchain: LLGoFullLTO
goos: linux
goarch: amd64
pkg: github.com/Masterminds/semver/v3
cpu: INTEL(R) XEON(R) PLATINUM 8573C @ 3100.117MHz
BenchmarkValidateVersionRangeFail-4   	  231058	      2169 ns/op	    3744 B/op	       0 allocs/op
PASS

shortname: shopify_sarama-ZstdMemoryConsumption%2Fno_drain
toolchain: LLGoFullLTO
goos: linux
goarch: amd64
pkg: github.com/IBM/sarama
cpu: INTEL(R) XEON(R) PLATINUM 8573C @ 2300.000MHz
BenchmarkZstdMemoryConsumption/no_drain-4         	     298	   1952779 ns/op	  113789 B/op	       0 allocs/op
PASS

shortname: shopify_sarama-ZstdMemoryConsumption%2Fno_drain
toolchain: LLGoFullLTO
goos: linux
goarch: amd64
pkg: github.com/IBM/sarama
cpu: INTEL(R) XEON(R) PLATINUM 8573C @ 3100.059MHz
BenchmarkZstdMemoryConsumption/no_drain-4         	     306	   1921672 ns/op	  111891 B/op	       0 allocs/op
PASS

shortname: shopify_sarama-ZstdMemoryConsumption%2Fno_drain
toolchain: LLGoFullLTO
goos: linux
goarch: amd64
pkg: github.com/IBM/sarama
cpu: INTEL(R) XEON(R) PLATINUM 8573C @ 2300.000MHz
BenchmarkZstdMemoryConsumption/no_drain-4         	     295	   1976267 ns/op	  114497 B/op	       0 allocs/op
PASS

shortname: shopify_sarama-ZstdMemoryConsumption%2Fno_drain
toolchain: LLGoFullLTO
goos: linux
goarch: amd64
pkg: github.com/IBM/sarama
cpu: INTEL(R) XEON(R) PLATINUM 8573C @ 2300.000MHz
BenchmarkZstdMemoryConsumption/no_drain-4         	     309	   1898588 ns/op	  111208 B/op	       0 allocs/op
PASS

shortname: shopify_sarama-ZstdMemoryConsumption%2Fno_drain
toolchain: LLGoFullLTO
goos: linux
goarch: amd64
pkg: github.com/IBM/sarama
cpu: INTEL(R) XEON(R) PLATINUM 8573C @ 2300.000MHz
BenchmarkZstdMemoryConsumption/no_drain-4         	     288	   2020335 ns/op	  116272 B/op	       0 allocs/op
PASS

shortname: shopify_sarama-_getMetricNameForTopic
toolchain: LLGoFullLTO
goos: linux
goarch: amd64
pkg: github.com/IBM/sarama
cpu: INTEL(R) XEON(R) PLATINUM 8573C @ 3100.028MHz
Benchmark_getMetricNameForTopic-4   	 2997528	       200.8 ns/op	     128 B/op	       0 allocs/op
PASS

shortname: shopify_sarama-_getMetricNameForTopic
toolchain: LLGoFullLTO
goos: linux
goarch: amd64
pkg: github.com/IBM/sarama
cpu: INTEL(R) XEON(R) PLATINUM 8573C @ 3100.744MHz
Benchmark_getMetricNameForTopic-4   	 2948878	       201.2 ns/op	     128 B/op	       0 allocs/op
PASS

shortname: shopify_sarama-_getMetricNameForTopic
toolchain: LLGoFullLTO
goos: linux
goarch: amd64
pkg: github.com/IBM/sarama
cpu: INTEL(R) XEON(R) PLATINUM 8573C @ 3099.904MHz
Benchmark_getMetricNameForTopic-4   	 2994176	       202.0 ns/op	     128 B/op	       0 allocs/op
PASS

shortname: shopify_sarama-_getMetricNameForTopic
toolchain: LLGoFullLTO
goos: linux
goarch: amd64
pkg: github.com/IBM/sarama
cpu: INTEL(R) XEON(R) PLATINUM 8573C @ 3073.209MHz
Benchmark_getMetricNameForTopic-4   	 3006738	       201.0 ns/op	     128 B/op	       0 allocs/op
PASS

shortname: shopify_sarama-_getMetricNameForTopic
toolchain: LLGoFullLTO
goos: linux
goarch: amd64
pkg: github.com/IBM/sarama
cpu: INTEL(R) XEON(R) PLATINUM 8573C @ 3099.935MHz
Benchmark_getMetricNameForTopic-4   	 2995374	       200.2 ns/op	     128 B/op	       0 allocs/op
PASS

shortname: thriftrw_gen-RoundTrip%2FContainersOfContainers%2FDecode
toolchain: LLGoFullLTO
goos: linux
goarch: amd64
pkg: go.uber.org/thriftrw/gen
cpu: INTEL(R) XEON(R) PLATINUM 8573C @ 3100.183MHz
BenchmarkRoundTrip/ContainersOfContainers/Decode-4  	    3494	    152405 ns/op
PASS

shortname: thriftrw_gen-RoundTrip%2FContainersOfContainers%2FDecode
toolchain: LLGoFullLTO
goos: linux
goarch: amd64
pkg: go.uber.org/thriftrw/gen
cpu: INTEL(R) XEON(R) PLATINUM 8573C @ 3099.997MHz
BenchmarkRoundTrip/ContainersOfContainers/Decode-4  	    3471	    153561 ns/op
PASS

shortname: thriftrw_gen-RoundTrip%2FContainersOfContainers%2FDecode
toolchain: LLGoFullLTO
goos: linux
goarch: amd64
pkg: go.uber.org/thriftrw/gen
cpu: INTEL(R) XEON(R) PLATINUM 8573C @ 3100.277MHz
BenchmarkRoundTrip/ContainersOfContainers/Decode-4  	    3495	    153949 ns/op
PASS

shortname: thriftrw_gen-RoundTrip%2FContainersOfContainers%2FDecode
toolchain: LLGoFullLTO
goos: linux
goarch: amd64
pkg: go.uber.org/thriftrw/gen
cpu: INTEL(R) XEON(R) PLATINUM 8573C @ 3099.904MHz
BenchmarkRoundTrip/ContainersOfContainers/Decode-4  	    3465	    154168 ns/op
PASS

shortname: thriftrw_gen-RoundTrip%2FContainersOfContainers%2FDecode
toolchain: LLGoFullLTO
goos: linux
goarch: amd64
pkg: go.uber.org/thriftrw/gen
cpu: INTEL(R) XEON(R) PLATINUM 8573C @ 3100.557MHz
BenchmarkRoundTrip/ContainersOfContainers/Decode-4  	    3428	    152614 ns/op
PASS

shortname: thriftrw_gen-RoundTrip%2FContainersOfContainers%2FEncode
toolchain: LLGoFullLTO
goos: linux
goarch: amd64
pkg: go.uber.org/thriftrw/gen
cpu: INTEL(R) XEON(R) PLATINUM 8573C @ 3099.904MHz
BenchmarkRoundTrip/ContainersOfContainers/Encode-4  	    5869	     86207 ns/op
PASS

shortname: thriftrw_gen-RoundTrip%2FContainersOfContainers%2FEncode
toolchain: LLGoFullLTO
goos: linux
goarch: amd64
pkg: go.uber.org/thriftrw/gen
cpu: INTEL(R) XEON(R) PLATINUM 8573C @ 3100.418MHz
BenchmarkRoundTrip/ContainersOfContainers/Encode-4  	    6027	     85125 ns/op
PASS

shortname: thriftrw_gen-RoundTrip%2FContainersOfContainers%2FEncode
toolchain: LLGoFullLTO
goos: linux
goarch: amd64
pkg: go.uber.org/thriftrw/gen
cpu: INTEL(R) XEON(R) PLATINUM 8573C @ 3100.588MHz
BenchmarkRoundTrip/ContainersOfContainers/Encode-4  	    5878	     91383 ns/op
PASS

shortname: thriftrw_gen-RoundTrip%2FContainersOfContainers%2FEncode
toolchain: LLGoFullLTO
goos: linux
goarch: amd64
pkg: go.uber.org/thriftrw/gen
cpu: INTEL(R) XEON(R) PLATINUM 8573C @ 3100.059MHz
BenchmarkRoundTrip/ContainersOfContainers/Encode-4  	    6024	     88988 ns/op
PASS

shortname: thriftrw_gen-RoundTrip%2FContainersOfContainers%2FEncode
toolchain: LLGoFullLTO
goos: linux
goarch: amd64
pkg: go.uber.org/thriftrw/gen
cpu: INTEL(R) XEON(R) PLATINUM 8573C @ 3100.090MHz
BenchmarkRoundTrip/ContainersOfContainers/Encode-4  	    5901	     84909 ns/op
PASS

shortname: thriftrw_gen-RoundTrip%2FPrimitiveOptionalStruct%2FStreaming_Decode
toolchain: LLGoFullLTO
goos: linux
goarch: amd64
pkg: go.uber.org/thriftrw/gen
cpu: INTEL(R) XEON(R) PLATINUM 8573C @ 3100.557MHz
BenchmarkRoundTrip/PrimitiveOptionalStruct/Streaming_Decode-4         	  103429	      5152 ns/op
PASS

shortname: thriftrw_gen-RoundTrip%2FPrimitiveOptionalStruct%2FStreaming_Decode
toolchain: LLGoFullLTO
goos: linux
goarch: amd64
pkg: go.uber.org/thriftrw/gen
cpu: INTEL(R) XEON(R) PLATINUM 8573C @ 3099.780MHz
BenchmarkRoundTrip/PrimitiveOptionalStruct/Streaming_Decode-4         	  104518	      5052 ns/op
PASS

shortname: thriftrw_gen-RoundTrip%2FPrimitiveOptionalStruct%2FStreaming_Decode
toolchain: LLGoFullLTO
goos: linux
goarch: amd64
pkg: go.uber.org/thriftrw/gen
cpu: INTEL(R) XEON(R) PLATINUM 8573C @ 3100.401MHz
BenchmarkRoundTrip/PrimitiveOptionalStruct/Streaming_Decode-4         	  102952	      5036 ns/op
PASS

shortname: thriftrw_gen-RoundTrip%2FPrimitiveOptionalStruct%2FStreaming_Decode
toolchain: LLGoFullLTO
goos: linux
goarch: amd64
pkg: go.uber.org/thriftrw/gen
cpu: INTEL(R) XEON(R) PLATINUM 8573C @ 3099.903MHz
BenchmarkRoundTrip/PrimitiveOptionalStruct/Streaming_Decode-4         	  102654	      5429 ns/op
PASS

shortname: thriftrw_gen-RoundTrip%2FPrimitiveOptionalStruct%2FStreaming_Decode
toolchain: LLGoFullLTO
goos: linux
goarch: amd64
pkg: go.uber.org/thriftrw/gen
cpu: INTEL(R) XEON(R) PLATINUM 8573C @ 3099.801MHz
BenchmarkRoundTrip/PrimitiveOptionalStruct/Streaming_Decode-4         	  103860	      5111 ns/op
PASS

shortname: uber_zap-JSONLogMarshalerFunc
toolchain: LLGoFullLTO
goos: linux
goarch: amd64
pkg: go.uber.org/zap/zapcore
cpu: INTEL(R) XEON(R) PLATINUM 8573C @ 3099.997MHz
BenchmarkJSONLogMarshalerFunc-4   	  508292	      1183 ns/op
PASS
goleak: Errors on successful test run: found unexpected goroutines:
[Goroutine 5 in state running, with github.com/xgo-dev/llgo/runtime/abi.(*UncommonType).Methods on top of the stack:
github.com/xgo-dev/llgo/runtime/abi.(*UncommonType).Methods(...)
	/home/runner/work/benchmarks/benchmarks/.ci/llgo/runtime/abi/type.go:339 +0x7fb3a95d10e6
github.com/xgo-dev/llgo/runtime/abi.(*UncommonType).Methods(...)
	/home/runner/work/benchmarks/benchmarks/.ci/llgo/runtime/abi/type.go:339 +0x7fb3a97ae91a
github.com/xgo-dev/llgo/runtime/abi.(*UncommonType).Methods(...)
	/home/runner/work/benchmarks/benchmarks/.ci/llgo/runtime/abi/type.go:339 +0x7fb3a95d4e1a
github.com/xgo-dev/llgo/runtime/abi.(*UncommonType).Methods(...)
	/home/runner/work/benchmarks/benchmarks/.ci/llgo/runtime/abi/type.go:339 +0x7fb3a9662162
created by github.com/xgo-dev/llgo/runtime/abi.(*UncommonType).Methods in goroutine 1
	/home/runner/work/benchmarks/benchmarks/.ci/llgo/runtime/abi/type.go:339 +0x7fb3a95da249
 Goroutine 2 in state chan receive, with github.com/xgo-dev/llgo/runtime/abi.(*UncommonType).Methods on top of the stack:
github.com/xgo-dev/llgo/runtime/abi.(*UncommonType).Methods(...)
	/home/runner/work/benchmarks/benchmarks/.ci/llgo/runtime/abi/type.go:339 +0x7fb3a95d10e6
github.com/xgo-dev/llgo/runtime/abi.(*UncommonType).Methods(...)
	/home/runner/work/benchmarks/benchmarks/.ci/llgo/runtime/abi/type.go:339 +0x7fb3a97ae91a
github.com/xgo-dev/llgo/runtime/abi.(*UncommonType).Methods(...)
	/home/runner/work/benchmarks/benchmarks/.ci/llgo/runtime/abi/type.go:339 +0x7fb3a95d4e1a
github.com/xgo-dev/llgo/runtime/abi.(*UncommonType).Methods(...)
	/home/runner/work/benchmarks/benchmarks/.ci/llgo/runtime/abi/type.go:339 +0x7fb3a9662162
created by unique.Make[net/netip.addrDetail] in goroutine 1
	/home/runner/work/benchmarks/benchmarks/.ci/llgo/runtime/_patch/unique/handle.go:40 +0x15e
]

shortname: uber_zap-JSONLogMarshalerFunc
toolchain: LLGoFullLTO
goos: linux
goarch: amd64
pkg: go.uber.org/zap/zapcore
cpu: INTEL(R) XEON(R) PLATINUM 8573C @ 3099.655MHz
BenchmarkJSONLogMarshalerFunc-4   	  505704	      1173 ns/op
PASS
goleak: Errors on successful test run: found unexpected goroutines:
[Goroutine 5 in state running, with github.com/xgo-dev/llgo/runtime/abi.(*UncommonType).Methods on top of the stack:
github.com/xgo-dev/llgo/runtime/abi.(*UncommonType).Methods(...)
	/home/runner/work/benchmarks/benchmarks/.ci/llgo/runtime/abi/type.go:339 +0x7ff546bd10e6
github.com/xgo-dev/llgo/runtime/abi.(*UncommonType).Methods(...)
	/home/runner/work/benchmarks/benchmarks/.ci/llgo/runtime/abi/type.go:339 +0x7ff546d7091a
github.com/xgo-dev/llgo/runtime/abi.(*UncommonType).Methods(...)
	/home/runner/work/benchmarks/benchmarks/.ci/llgo/runtime/abi/type.go:339 +0x7ff546bd4e1a
github.com/xgo-dev/llgo/runtime/abi.(*UncommonType).Methods(...)
	/home/runner/work/benchmarks/benchmarks/.ci/llgo/runtime/abi/type.go:339 +0x7ff546c62162
created by github.com/xgo-dev/llgo/runtime/abi.(*UncommonType).Methods in goroutine 1
	/home/runner/work/benchmarks/benchmarks/.ci/llgo/runtime/abi/type.go:339 +0x7ff546bda249
 Goroutine 2 in state chan receive, with github.com/xgo-dev/llgo/runtime/abi.(*UncommonType).Methods on top of the stack:
github.com/xgo-dev/llgo/runtime/abi.(*UncommonType).Methods(...)
	/home/runner/work/benchmarks/benchmarks/.ci/llgo/runtime/abi/type.go:339 +0x7ff546bd10e6
github.com/xgo-dev/llgo/runtime/abi.(*UncommonType).Methods(...)
	/home/runner/work/benchmarks/benchmarks/.ci/llgo/runtime/abi/type.go:339 +0x7ff546d7091a
github.com/xgo-dev/llgo/runtime/abi.(*UncommonType).Methods(...)
	/home/runner/work/benchmarks/benchmarks/.ci/llgo/runtime/abi/type.go:339 +0x7ff546bd4e1a
github.com/xgo-dev/llgo/runtime/abi.(*UncommonType).Methods(...)
	/home/runner/work/benchmarks/benchmarks/.ci/llgo/runtime/abi/type.go:339 +0x7ff546c62162
created by unique.Make[net/netip.addrDetail] in goroutine 1
	/home/runner/work/benchmarks/benchmarks/.ci/llgo/runtime/_patch/unique/handle.go:40 +0x15e
]

shortname: uber_zap-JSONLogMarshalerFunc
toolchain: LLGoFullLTO
goos: linux
goarch: amd64
pkg: go.uber.org/zap/zapcore
cpu: INTEL(R) XEON(R) PLATINUM 8573C @ 3099.686MHz
BenchmarkJSONLogMarshalerFunc-4   	  509496	      1186 ns/op
PASS
goleak: Errors on successful test run: found unexpected goroutines:
[Goroutine 5 in state running, with github.com/xgo-dev/llgo/runtime/abi.(*UncommonType).Methods on top of the stack:
github.com/xgo-dev/llgo/runtime/abi.(*UncommonType).Methods(...)
	/home/runner/work/benchmarks/benchmarks/.ci/llgo/runtime/abi/type.go:339 +0x7f0f463d10e6
github.com/xgo-dev/llgo/runtime/abi.(*UncommonType).Methods(...)
	/home/runner/work/benchmarks/benchmarks/.ci/llgo/runtime/abi/type.go:339 +0x7f0f4661191a
github.com/xgo-dev/llgo/runtime/abi.(*UncommonType).Methods(...)
	/home/runner/work/benchmarks/benchmarks/.ci/llgo/runtime/abi/type.go:339 +0x7f0f463d4e1a
github.com/xgo-dev/llgo/runtime/abi.(*UncommonType).Methods(...)
	/home/runner/work/benchmarks/benchmarks/.ci/llgo/runtime/abi/type.go:339 +0x7f0f46462162
created by github.com/xgo-dev/llgo/runtime/abi.(*UncommonType).Methods in goroutine 1
	/home/runner/work/benchmarks/benchmarks/.ci/llgo/runtime/abi/type.go:339 +0x7f0f463da249
 Goroutine 2 in state chan receive, with github.com/xgo-dev/llgo/runtime/abi.(*UncommonType).Methods on top of the stack:
github.com/xgo-dev/llgo/runtime/abi.(*UncommonType).Methods(...)
	/home/runner/work/benchmarks/benchmarks/.ci/llgo/runtime/abi/type.go:339 +0x7f0f463d10e6
github.com/xgo-dev/llgo/runtime/abi.(*UncommonType).Methods(...)
	/home/runner/work/benchmarks/benchmarks/.ci/llgo/runtime/abi/type.go:339 +0x7f0f4661191a
github.com/xgo-dev/llgo/runtime/abi.(*UncommonType).Methods(...)
	/home/runner/work/benchmarks/benchmarks/.ci/llgo/runtime/abi/type.go:339 +0x7f0f463d4e1a
github.com/xgo-dev/llgo/runtime/abi.(*UncommonType).Methods(...)
	/home/runner/work/benchmarks/benchmarks/.ci/llgo/runtime/abi/type.go:339 +0x7f0f46462162
created by unique.Make[net/netip.addrDetail] in goroutine 1
	/home/runner/work/benchmarks/benchmarks/.ci/llgo/runtime/_patch/unique/handle.go:40 +0x15e
]

shortname: uber_zap-JSONLogMarshalerFunc
toolchain: LLGoFullLTO
goos: linux
goarch: amd64
pkg: go.uber.org/zap/zapcore
cpu: INTEL(R) XEON(R) PLATINUM 8573C @ 3099.966MHz
BenchmarkJSONLogMarshalerFunc-4   	  493305	      1219 ns/op
PASS
goleak: Errors on successful test run: found unexpected goroutines:
[Goroutine 5 in state running, with github.com/xgo-dev/llgo/runtime/abi.(*UncommonType).Methods on top of the stack:
github.com/xgo-dev/llgo/runtime/abi.(*UncommonType).Methods(...)
	/home/runner/work/benchmarks/benchmarks/.ci/llgo/runtime/abi/type.go:339 +0x7fc98a5d10e6
github.com/xgo-dev/llgo/runtime/abi.(*UncommonType).Methods(...)
	/home/runner/work/benchmarks/benchmarks/.ci/llgo/runtime/abi/type.go:339 +0x7fc98a89f91a
github.com/xgo-dev/llgo/runtime/abi.(*UncommonType).Methods(...)
	/home/runner/work/benchmarks/benchmarks/.ci/llgo/runtime/abi/type.go:339 +0x7fc98a5d4e1a
github.com/xgo-dev/llgo/runtime/abi.(*UncommonType).Methods(...)
	/home/runner/work/benchmarks/benchmarks/.ci/llgo/runtime/abi/type.go:339 +0x7fc98a662162
created by github.com/xgo-dev/llgo/runtime/abi.(*UncommonType).Methods in goroutine 1
	/home/runner/work/benchmarks/benchmarks/.ci/llgo/runtime/abi/type.go:339 +0x7fc98a5da249
 Goroutine 2 in state chan receive, with github.com/xgo-dev/llgo/runtime/abi.(*UncommonType).Methods on top of the stack:
github.com/xgo-dev/llgo/runtime/abi.(*UncommonType).Methods(...)
	/home/runner/work/benchmarks/benchmarks/.ci/llgo/runtime/abi/type.go:339 +0x7fc98a5d10e6
github.com/xgo-dev/llgo/runtime/abi.(*UncommonType).Methods(...)
	/home/runner/work/benchmarks/benchmarks/.ci/llgo/runtime/abi/type.go:339 +0x7fc98a89f91a
github.com/xgo-dev/llgo/runtime/abi.(*UncommonType).Methods(...)
	/home/runner/work/benchmarks/benchmarks/.ci/llgo/runtime/abi/type.go:339 +0x7fc98a5d4e1a
github.com/xgo-dev/llgo/runtime/abi.(*UncommonType).Methods(...)
	/home/runner/work/benchmarks/benchmarks/.ci/llgo/runtime/abi/type.go:339 +0x7fc98a662162
created by unique.Make[net/netip.addrDetail] in goroutine 1
	/home/runner/work/benchmarks/benchmarks/.ci/llgo/runtime/_patch/unique/handle.go:40 +0x15e
]

shortname: uber_zap-JSONLogMarshalerFunc
toolchain: LLGoFullLTO
goos: linux
goarch: amd64
pkg: go.uber.org/zap/zapcore
cpu: INTEL(R) XEON(R) PLATINUM 8573C @ 3100.670MHz
BenchmarkJSONLogMarshalerFunc-4   	  513570	      1170 ns/op
PASS
goleak: Errors on successful test run: found unexpected goroutines:
[Goroutine 5 in state running, with github.com/xgo-dev/llgo/runtime/abi.(*UncommonType).Methods on top of the stack:
github.com/xgo-dev/llgo/runtime/abi.(*UncommonType).Methods(...)
	/home/runner/work/benchmarks/benchmarks/.ci/llgo/runtime/abi/type.go:339 +0x7fae38fd10e6
github.com/xgo-dev/llgo/runtime/abi.(*UncommonType).Methods(...)
	/home/runner/work/benchmarks/benchmarks/.ci/llgo/runtime/abi/type.go:339 +0x7fae392aa91a
github.com/xgo-dev/llgo/runtime/abi.(*UncommonType).Methods(...)
	/home/runner/work/benchmarks/benchmarks/.ci/llgo/runtime/abi/type.go:339 +0x7fae38fd4e1a
github.com/xgo-dev/llgo/runtime/abi.(*UncommonType).Methods(...)
	/home/runner/work/benchmarks/benchmarks/.ci/llgo/runtime/abi/type.go:339 +0x7fae39062162
created by github.com/xgo-dev/llgo/runtime/abi.(*UncommonType).Methods in goroutine 1
	/home/runner/work/benchmarks/benchmarks/.ci/llgo/runtime/abi/type.go:339 +0x7fae38fda249
 Goroutine 2 in state chan receive, with github.com/xgo-dev/llgo/runtime/abi.(*UncommonType).Methods on top of the stack:
github.com/xgo-dev/llgo/runtime/abi.(*UncommonType).Methods(...)
	/home/runner/work/benchmarks/benchmarks/.ci/llgo/runtime/abi/type.go:339 +0x7fae38fd10e6
github.com/xgo-dev/llgo/runtime/abi.(*UncommonType).Methods(...)
	/home/runner/work/benchmarks/benchmarks/.ci/llgo/runtime/abi/type.go:339 +0x7fae392aa91a
github.com/xgo-dev/llgo/runtime/abi.(*UncommonType).Methods(...)
	/home/runner/work/benchmarks/benchmarks/.ci/llgo/runtime/abi/type.go:339 +0x7fae38fd4e1a
github.com/xgo-dev/llgo/runtime/abi.(*UncommonType).Methods(...)
	/home/runner/work/benchmarks/benchmarks/.ci/llgo/runtime/abi/type.go:339 +0x7fae39062162
created by unique.Make[net/netip.addrDetail] in goroutine 1
	/home/runner/work/benchmarks/benchmarks/.ci/llgo/runtime/_patch/unique/handle.go:40 +0x15e
]

shortname: uuid-New
toolchain: LLGoFullLTO
goos: linux
goarch: amd64
pkg: github.com/google/uuid
cpu: INTEL(R) XEON(R) PLATINUM 8573C @ 3099.873MHz
BenchmarkNew-4   	  923521	       636.0 ns/op
PASS

shortname: uuid-New
toolchain: LLGoFullLTO
goos: linux
goarch: amd64
pkg: github.com/google/uuid
cpu: INTEL(R) XEON(R) PLATINUM 8573C @ 3099.780MHz
BenchmarkNew-4   	  911964	       634.7 ns/op
PASS

shortname: uuid-New
toolchain: LLGoFullLTO
goos: linux
goarch: amd64
pkg: github.com/google/uuid
cpu: INTEL(R) XEON(R) PLATINUM 8573C @ 3099.779MHz
BenchmarkNew-4   	  918871	       628.8 ns/op
PASS

shortname: uuid-New
toolchain: LLGoFullLTO
goos: linux
goarch: amd64
pkg: github.com/google/uuid
cpu: INTEL(R) XEON(R) PLATINUM 8573C @ 3099.980MHz
BenchmarkNew-4   	  928130	       624.6 ns/op
PASS

shortname: uuid-New
toolchain: LLGoFullLTO
goos: linux
goarch: amd64
pkg: github.com/google/uuid
cpu: INTEL(R) XEON(R) PLATINUM 8573C @ 3100.504MHz
BenchmarkNew-4   	  932098	       618.8 ns/op
PASS

shortname: uuid-UUID_MarshalJSON
toolchain: LLGoFullLTO
goos: linux
goarch: amd64
pkg: github.com/google/uuid
cpu: INTEL(R) XEON(R) PLATINUM 8573C @ 3030.004MHz
BenchmarkUUID_MarshalJSON-4   	  467935	      1291 ns/op
PASS

shortname: uuid-UUID_MarshalJSON
toolchain: LLGoFullLTO
goos: linux
goarch: amd64
pkg: github.com/google/uuid
cpu: INTEL(R) XEON(R) PLATINUM 8573C @ 3100.121MHz
BenchmarkUUID_MarshalJSON-4   	  463776	      1290 ns/op
PASS

shortname: uuid-UUID_MarshalJSON
toolchain: LLGoFullLTO
goos: linux
goarch: amd64
pkg: github.com/google/uuid
cpu: INTEL(R) XEON(R) PLATINUM 8573C @ 3100.028MHz
BenchmarkUUID_MarshalJSON-4   	  462726	      1317 ns/op
PASS

shortname: uuid-UUID_MarshalJSON
toolchain: LLGoFullLTO
goos: linux
goarch: amd64
pkg: github.com/google/uuid
cpu: INTEL(R) XEON(R) PLATINUM 8573C @ 3100.114MHz
BenchmarkUUID_MarshalJSON-4   	  458005	      1310 ns/op
PASS

shortname: uuid-UUID_MarshalJSON
toolchain: LLGoFullLTO
goos: linux
goarch: amd64
pkg: github.com/google/uuid
cpu: INTEL(R) XEON(R) PLATINUM 8573C @ 3100.059MHz
BenchmarkUUID_MarshalJSON-4   	  439441	      1343 ns/op
PASS

shortname: uuid-UUID_UnmarshalJSON
toolchain: LLGoFullLTO
goos: linux
goarch: amd64
pkg: github.com/google/uuid
cpu: INTEL(R) XEON(R) PLATINUM 8573C @ 3099.511MHz
BenchmarkUUID_UnmarshalJSON-4   	  207015	      2423 ns/op
PASS

shortname: uuid-UUID_UnmarshalJSON
toolchain: LLGoFullLTO
goos: linux
goarch: amd64
pkg: github.com/google/uuid
cpu: INTEL(R) XEON(R) PLATINUM 8573C @ 3099.935MHz
BenchmarkUUID_UnmarshalJSON-4   	  209361	      2396 ns/op
PASS

shortname: uuid-UUID_UnmarshalJSON
toolchain: LLGoFullLTO
goos: linux
goarch: amd64
pkg: github.com/google/uuid
cpu: INTEL(R) XEON(R) PLATINUM 8573C @ 3100.028MHz
BenchmarkUUID_UnmarshalJSON-4   	  250222	      2427 ns/op
PASS

shortname: uuid-UUID_UnmarshalJSON
toolchain: LLGoFullLTO
goos: linux
goarch: amd64
pkg: github.com/google/uuid
cpu: INTEL(R) XEON(R) PLATINUM 8573C @ 3100.059MHz
BenchmarkUUID_UnmarshalJSON-4   	  246314	      2418 ns/op
PASS

shortname: uuid-UUID_UnmarshalJSON
toolchain: LLGoFullLTO
goos: linux
goarch: amd64
pkg: github.com/google/uuid
cpu: INTEL(R) XEON(R) PLATINUM 8573C @ 3100.249MHz
BenchmarkUUID_UnmarshalJSON-4   	  216176	      2425 ns/op
PASS

shortname: workiva_augmentedtree-AddItems
toolchain: LLGoFullLTO
goos: linux
goarch: amd64
pkg: github.com/Workiva/go-datastructures/augmentedtree
cpu: INTEL(R) XEON(R) PLATINUM 8573C @ 3100.680MHz
BenchmarkAddItems-4   	    2359	    223432 ns/op
PASS

shortname: workiva_augmentedtree-AddItems
toolchain: LLGoFullLTO
goos: linux
goarch: amd64
pkg: github.com/Workiva/go-datastructures/augmentedtree
cpu: INTEL(R) XEON(R) PLATINUM 8573C @ 3101.548MHz
BenchmarkAddItems-4   	    2328	    228337 ns/op
PASS

shortname: workiva_augmentedtree-AddItems
toolchain: LLGoFullLTO
goos: linux
goarch: amd64
pkg: github.com/Workiva/go-datastructures/augmentedtree
cpu: INTEL(R) XEON(R) PLATINUM 8573C @ 3098.567MHz
BenchmarkAddItems-4   	    2380	    223645 ns/op
PASS

shortname: workiva_augmentedtree-AddItems
toolchain: LLGoFullLTO
goos: linux
goarch: amd64
pkg: github.com/Workiva/go-datastructures/augmentedtree
cpu: INTEL(R) XEON(R) PLATINUM 8573C @ 3099.935MHz
BenchmarkAddItems-4   	    2392	    225982 ns/op
PASS

shortname: workiva_augmentedtree-AddItems
toolchain: LLGoFullLTO
goos: linux
goarch: amd64
pkg: github.com/Workiva/go-datastructures/augmentedtree
cpu: INTEL(R) XEON(R) PLATINUM 8573C @ 3099.544MHz
BenchmarkAddItems-4   	    2409	    226397 ns/op
PASS

shortname: workiva_avl-ImmutableInsert
toolchain: LLGoFullLTO
goos: linux
goarch: amd64
pkg: github.com/Workiva/go-datastructures/tree/avl
cpu: INTEL(R) XEON(R) PLATINUM 8573C @ 3100.183MHz
BenchmarkImmutableInsert-4   	  621940	      1387 ns/op
PASS

shortname: workiva_avl-ImmutableInsert
toolchain: LLGoFullLTO
goos: linux
goarch: amd64
pkg: github.com/Workiva/go-datastructures/tree/avl
cpu: INTEL(R) XEON(R) PLATINUM 8573C @ 3100.166MHz
BenchmarkImmutableInsert-4   	  642468	      1348 ns/op
PASS

shortname: workiva_avl-ImmutableInsert
toolchain: LLGoFullLTO
goos: linux
goarch: amd64
pkg: github.com/Workiva/go-datastructures/tree/avl
cpu: INTEL(R) XEON(R) PLATINUM 8573C @ 3099.624MHz
BenchmarkImmutableInsert-4   	  639568	      1406 ns/op
PASS

shortname: workiva_avl-ImmutableInsert
toolchain: LLGoFullLTO
goos: linux
goarch: amd64
pkg: github.com/Workiva/go-datastructures/tree/avl
cpu: INTEL(R) XEON(R) PLATINUM 8573C @ 3100.337MHz
BenchmarkImmutableInsert-4   	  592276	      1360 ns/op
PASS

shortname: workiva_avl-ImmutableInsert
toolchain: LLGoFullLTO
goos: linux
goarch: amd64
pkg: github.com/Workiva/go-datastructures/tree/avl
cpu: INTEL(R) XEON(R) PLATINUM 8573C @ 3088.069MHz
BenchmarkImmutableInsert-4   	  631348	      1335 ns/op
PASS

shortname: workiva_bitarray-CompressedIntersects
toolchain: LLGoFullLTO
goos: linux
goarch: amd64
pkg: github.com/Workiva/go-datastructures/bitarray
cpu: INTEL(R) XEON(R) PLATINUM 8573C @ 3100.152MHz
BenchmarkCompressedIntersects-4   	 1571862	       367.9 ns/op
PASS

shortname: workiva_bitarray-CompressedIntersects
toolchain: LLGoFullLTO
goos: linux
goarch: amd64
pkg: github.com/Workiva/go-datastructures/bitarray
cpu: INTEL(R) XEON(R) PLATINUM 8573C @ 3100.152MHz
BenchmarkCompressedIntersects-4   	 1607959	       369.1 ns/op
PASS

shortname: workiva_bitarray-CompressedIntersects
toolchain: LLGoFullLTO
goos: linux
goarch: amd64
pkg: github.com/Workiva/go-datastructures/bitarray
cpu: INTEL(R) XEON(R) PLATINUM 8573C @ 3100.245MHz
BenchmarkCompressedIntersects-4   	 1586400	       374.5 ns/op
PASS

shortname: workiva_bitarray-CompressedIntersects
toolchain: LLGoFullLTO
goos: linux
goarch: amd64
pkg: github.com/Workiva/go-datastructures/bitarray
cpu: INTEL(R) XEON(R) PLATINUM 8573C @ 3099.810MHz
BenchmarkCompressedIntersects-4   	 1560781	       391.5 ns/op
PASS

shortname: workiva_bitarray-CompressedIntersects
toolchain: LLGoFullLTO
goos: linux
goarch: amd64
pkg: github.com/Workiva/go-datastructures/bitarray
cpu: INTEL(R) XEON(R) PLATINUM 8573C @ 3100.090MHz
BenchmarkCompressedIntersects-4   	 1544847	       376.4 ns/op
PASS

shortname: workiva_hilbert-BulkUpdatePoints
toolchain: LLGoFullLTO
goos: linux
goarch: amd64
pkg: github.com/Workiva/go-datastructures/rtree/hilbert
cpu: INTEL(R) XEON(R) PLATINUM 8573C @ 3100.368MHz
BenchmarkBulkUpdatePoints-4   	     670	    852049 ns/op
PASS

shortname: workiva_hilbert-BulkUpdatePoints
toolchain: LLGoFullLTO
goos: linux
goarch: amd64
pkg: github.com/Workiva/go-datastructures/rtree/hilbert
cpu: INTEL(R) XEON(R) PLATINUM 8573C @ 3099.457MHz
BenchmarkBulkUpdatePoints-4   	     679	    864526 ns/op
PASS

shortname: workiva_hilbert-BulkUpdatePoints
toolchain: LLGoFullLTO
goos: linux
goarch: amd64
pkg: github.com/Workiva/go-datastructures/rtree/hilbert
cpu: INTEL(R) XEON(R) PLATINUM 8573C @ 3099.900MHz
BenchmarkBulkUpdatePoints-4   	     684	    851130 ns/op
PASS

shortname: workiva_hilbert-BulkUpdatePoints
toolchain: LLGoFullLTO
goos: linux
goarch: amd64
pkg: github.com/Workiva/go-datastructures/rtree/hilbert
cpu: INTEL(R) XEON(R) PLATINUM 8573C @ 3100.214MHz
BenchmarkBulkUpdatePoints-4   	     686	    859818 ns/op
PASS

shortname: workiva_hilbert-BulkUpdatePoints
toolchain: LLGoFullLTO
goos: linux
goarch: amd64
pkg: github.com/Workiva/go-datastructures/rtree/hilbert
cpu: INTEL(R) XEON(R) PLATINUM 8573C @ 3097.146MHz
BenchmarkBulkUpdatePoints-4   	     667	    866552 ns/op
PASS

shortname: workiva_queue-PriorityQueue
toolchain: LLGoFullLTO
goos: linux
goarch: amd64
pkg: github.com/Workiva/go-datastructures/queue
cpu: INTEL(R) XEON(R) PLATINUM 8573C @ 3100.361MHz
BenchmarkPriorityQueue-4   	  398401	      1503 ns/op
PASS

shortname: workiva_queue-PriorityQueue
toolchain: LLGoFullLTO
goos: linux
goarch: amd64
pkg: github.com/Workiva/go-datastructures/queue
cpu: INTEL(R) XEON(R) PLATINUM 8573C @ 3100.712MHz
BenchmarkPriorityQueue-4   	  369454	      1469 ns/op
PASS

shortname: workiva_queue-PriorityQueue
toolchain: LLGoFullLTO
goos: linux
goarch: amd64
pkg: github.com/Workiva/go-datastructures/queue
cpu: INTEL(R) XEON(R) PLATINUM 8573C @ 3000.147MHz
BenchmarkPriorityQueue-4   	  393546	      1493 ns/op
PASS

shortname: workiva_queue-PriorityQueue
toolchain: LLGoFullLTO
goos: linux
goarch: amd64
pkg: github.com/Workiva/go-datastructures/queue
cpu: INTEL(R) XEON(R) PLATINUM 8573C @ 3010.705MHz
BenchmarkPriorityQueue-4   	  348082	      1446 ns/op
PASS

shortname: workiva_queue-PriorityQueue
toolchain: LLGoFullLTO
goos: linux
goarch: amd64
pkg: github.com/Workiva/go-datastructures/queue
cpu: INTEL(R) XEON(R) PLATINUM 8573C @ 3100.059MHz
BenchmarkPriorityQueue-4   	  377787	      1427 ns/op
PASS

shortname: workiva_rangetree-Apply
toolchain: LLGoFullLTO
goos: linux
goarch: amd64
pkg: github.com/Workiva/go-datastructures/rangetree
cpu: INTEL(R) XEON(R) PLATINUM 8573C @ 3100.436MHz
BenchmarkApply-4   	    3231	    161608 ns/op
PASS

shortname: workiva_rangetree-Apply
toolchain: LLGoFullLTO
goos: linux
goarch: amd64
pkg: github.com/Workiva/go-datastructures/rangetree
cpu: INTEL(R) XEON(R) PLATINUM 8573C @ 2999.937MHz
BenchmarkApply-4   	    3153	    166803 ns/op
PASS

shortname: workiva_rangetree-Apply
toolchain: LLGoFullLTO
goos: linux
goarch: amd64
pkg: github.com/Workiva/go-datastructures/rangetree
cpu: INTEL(R) XEON(R) PLATINUM 8573C @ 3099.613MHz
BenchmarkApply-4   	    3222	    184133 ns/op
PASS

shortname: workiva_rangetree-Apply
toolchain: LLGoFullLTO
goos: linux
goarch: amd64
pkg: github.com/Workiva/go-datastructures/rangetree
cpu: INTEL(R) XEON(R) PLATINUM 8573C @ 3000.968MHz
BenchmarkApply-4   	    3133	    183770 ns/op
PASS

shortname: workiva_rangetree-Apply
toolchain: LLGoFullLTO
goos: linux
goarch: amd64
pkg: github.com/Workiva/go-datastructures/rangetree
cpu: INTEL(R) XEON(R) PLATINUM 8573C @ 3100.305MHz
BenchmarkApply-4   	    3042	    176584 ns/op
PASS

shortname: workiva_rangetree-ImmutableInsertSecondDimension
toolchain: LLGoFullLTO
goos: linux
goarch: amd64
pkg: github.com/Workiva/go-datastructures/rangetree
cpu: INTEL(R) XEON(R) PLATINUM 8573C @ 3000.483MHz
BenchmarkImmutableInsertSecondDimension-4   	      13	  45849094 ns/op
PASS

shortname: workiva_rangetree-ImmutableInsertSecondDimension
toolchain: LLGoFullLTO
goos: linux
goarch: amd64
pkg: github.com/Workiva/go-datastructures/rangetree
cpu: INTEL(R) XEON(R) PLATINUM 8573C @ 3095.606MHz
BenchmarkImmutableInsertSecondDimension-4   	      14	  44098087 ns/op
PASS

shortname: workiva_rangetree-ImmutableInsertSecondDimension
toolchain: LLGoFullLTO
goos: linux
goarch: amd64
pkg: github.com/Workiva/go-datastructures/rangetree
cpu: INTEL(R) XEON(R) PLATINUM 8573C @ 3100.339MHz
BenchmarkImmutableInsertSecondDimension-4   	      14	  41396008 ns/op
PASS

shortname: workiva_rangetree-ImmutableInsertSecondDimension
toolchain: LLGoFullLTO
goos: linux
goarch: amd64
pkg: github.com/Workiva/go-datastructures/rangetree
cpu: INTEL(R) XEON(R) PLATINUM 8573C @ 2999.937MHz
BenchmarkImmutableInsertSecondDimension-4   	      14	  42399377 ns/op
PASS

shortname: workiva_rangetree-ImmutableInsertSecondDimension
toolchain: LLGoFullLTO
goos: linux
goarch: amd64
pkg: github.com/Workiva/go-datastructures/rangetree
cpu: INTEL(R) XEON(R) PLATINUM 8573C @ 3039.278MHz
BenchmarkImmutableInsertSecondDimension-4   	      14	  42387522 ns/op
PASS

shortname: workiva_set-Clear
toolchain: LLGoFullLTO
goos: linux
goarch: amd64
pkg: github.com/Workiva/go-datastructures/set
cpu: INTEL(R) XEON(R) PLATINUM 8573C @ 3100.245MHz
BenchmarkClear-4   	 7057489	        83.58 ns/op
PASS

shortname: workiva_set-Clear
toolchain: LLGoFullLTO
goos: linux
goarch: amd64
pkg: github.com/Workiva/go-datastructures/set
cpu: INTEL(R) XEON(R) PLATINUM 8573C @ 3099.718MHz
BenchmarkClear-4   	 6786838	        86.46 ns/op
PASS

shortname: workiva_set-Clear
toolchain: LLGoFullLTO
goos: linux
goarch: amd64
pkg: github.com/Workiva/go-datastructures/set
cpu: INTEL(R) XEON(R) PLATINUM 8573C @ 2999.877MHz
BenchmarkClear-4   	 6975645	        83.51 ns/op
PASS

shortname: workiva_set-Clear
toolchain: LLGoFullLTO
goos: linux
goarch: amd64
pkg: github.com/Workiva/go-datastructures/set
cpu: INTEL(R) XEON(R) PLATINUM 8573C @ 3027.505MHz
BenchmarkClear-4   	 6954369	        82.25 ns/op
PASS

shortname: workiva_set-Clear
toolchain: LLGoFullLTO
goos: linux
goarch: amd64
pkg: github.com/Workiva/go-datastructures/set
cpu: INTEL(R) XEON(R) PLATINUM 8573C @ 3100.276MHz
BenchmarkClear-4   	 6969930	        83.76 ns/op
PASS

shortname: workiva_set-Exists
toolchain: LLGoFullLTO
goos: linux
goarch: amd64
pkg: github.com/Workiva/go-datastructures/set
cpu: INTEL(R) XEON(R) PLATINUM 8573C @ 3000.117MHz
BenchmarkExists-4   	 9143332	        60.23 ns/op
PASS

shortname: workiva_set-Exists
toolchain: LLGoFullLTO
goos: linux
goarch: amd64
pkg: github.com/Workiva/go-datastructures/set
cpu: INTEL(R) XEON(R) PLATINUM 8573C @ 3000.147MHz
BenchmarkExists-4   	 9205746	        61.45 ns/op
PASS

shortname: workiva_set-Exists
toolchain: LLGoFullLTO
goos: linux
goarch: amd64
pkg: github.com/Workiva/go-datastructures/set
cpu: INTEL(R) XEON(R) PLATINUM 8573C @ 3099.810MHz
BenchmarkExists-4   	 9048266	        61.57 ns/op
PASS

shortname: workiva_set-Exists
toolchain: LLGoFullLTO
goos: linux
goarch: amd64
pkg: github.com/Workiva/go-datastructures/set
cpu: INTEL(R) XEON(R) PLATINUM 8573C @ 3000.177MHz
BenchmarkExists-4   	 8948767	        62.10 ns/op
PASS

shortname: workiva_set-Exists
toolchain: LLGoFullLTO
goos: linux
goarch: amd64
pkg: github.com/Workiva/go-datastructures/set
cpu: INTEL(R) XEON(R) PLATINUM 8573C @ 3101.035MHz
BenchmarkExists-4   	 9133327	        62.09 ns/op
PASS

shortname: workiva_triey-Iterator
toolchain: LLGoFullLTO
goos: linux
goarch: amd64
pkg: github.com/Workiva/go-datastructures/trie/yfast
cpu: INTEL(R) XEON(R) PLATINUM 8573C @ 3100.308MHz
BenchmarkIterator-4   	  332481	      1678 ns/op
PASS

shortname: workiva_triey-Iterator
toolchain: LLGoFullLTO
goos: linux
goarch: amd64
pkg: github.com/Workiva/go-datastructures/trie/yfast
cpu: INTEL(R) XEON(R) PLATINUM 8573C @ 3100.547MHz
BenchmarkIterator-4   	  337174	      1690 ns/op
PASS

shortname: workiva_triey-Iterator
toolchain: LLGoFullLTO
goos: linux
goarch: amd64
pkg: github.com/Workiva/go-datastructures/trie/yfast
cpu: INTEL(R) XEON(R) PLATINUM 8573C @ 2999.215MHz
BenchmarkIterator-4   	  334028	      1690 ns/op
PASS

shortname: workiva_triey-Iterator
toolchain: LLGoFullLTO
goos: linux
goarch: amd64
pkg: github.com/Workiva/go-datastructures/trie/yfast
cpu: INTEL(R) XEON(R) PLATINUM 8573C @ 3008.953MHz
BenchmarkIterator-4   	  331581	      1689 ns/op
PASS

shortname: workiva_triey-Iterator
toolchain: LLGoFullLTO
goos: linux
goarch: amd64
pkg: github.com/Workiva/go-datastructures/trie/yfast
cpu: INTEL(R) XEON(R) PLATINUM 8573C @ 2998.591MHz
BenchmarkIterator-4   	  332215	      1678 ns/op
PASS
